fold_id,protocol,model,date,horizon,actual,forecast,lower_95,upper_95,error,absolute_error,year,month,regime,comparable_to_seasonal_naive
one_step_201501,one_step_ex_ante,naive_last,2015-01-01,1,1762004.0,1740546.0,8193.52072598692,3472898.479274013,-21458.0,21458.0,2015,1,pre_pandemic,True
one_step_201501,one_step_ex_ante,seasonal_naive,2015-01-01,1,1762004.0,1575399.0,1218225.6995084041,1932572.3004915959,-186605.0,186605.0,2015,1,pre_pandemic,True
one_step_201501,one_step_ex_ante,drift,2015-01-01,1,1762004.0,1747387.0843373493,-1125663.7542234042,4620437.922898103,-14616.915662650717,14616.915662650717,2015,1,pre_pandemic,True
one_step_201501,one_step_ex_ante,same_month_historical_mean,2015-01-01,1,1762004.0,1315074.7142857143,627930.8066103298,2002218.6219610989,-446929.2857142857,446929.2857142857,2015,1,pre_pandemic,True
one_step_201501,one_step_ex_ante,seasonal_moving_average_3,2015-01-01,1,1762004.0,1471976.0,1005028.1936771839,1938923.806322816,-290028.0,290028.0,2015,1,pre_pandemic,True
one_step_201502,one_step_ex_ante,naive_last,2015-02-01,1,1564925.0,1762004.0,40116.16591263702,3483891.834087363,197079.0,197079.0,2015,2,pre_pandemic,True
one_step_201502,one_step_ex_ante,seasonal_naive,2015-02-01,1,1564925.0,1523245.0,1168431.9363638875,1878058.0636361125,-41680.0,41680.0,2015,2,pre_pandemic,True
one_step_201502,one_step_ex_ante,drift,2015-02-01,1,1564925.0,1769019.0952380951,-1103587.3721424616,4641625.562618652,204094.09523809515,204094.09523809515,2015,2,pre_pandemic,True
one_step_201502,one_step_ex_ante,same_month_historical_mean,2015-02-01,1,1564925.0,1235293.857142857,546426.2472765457,1924161.4670091684,-329631.14285714296,329631.14285714296,2015,2,pre_pandemic,True
one_step_201502,one_step_ex_ante,seasonal_moving_average_3,2015-02-01,1,1564925.0,1382545.6666666667,918723.184350314,1846368.1489830194,-182379.33333333326,182379.33333333326,2015,2,pre_pandemic,True
one_step_201503,one_step_ex_ante,naive_last,2015-03-01,1,2017645.0,1564925.0,-147232.65205537644,3277082.652055376,-452720.0,452720.0,2015,3,pre_pandemic,True
one_step_201503,one_step_ex_ante,seasonal_naive,2015-03-01,1,2017645.0,1967114.0,1613946.4466131893,2320281.5533868107,-50531.0,50531.0,2015,3,pre_pandemic,True
one_step_201503,one_step_ex_ante,drift,2015-03-01,1,2017645.0,1569538.9882352941,-1320613.2486954432,4459691.225166031,-448106.0117647059,448106.0117647059,2015,3,pre_pandemic,True
one_step_201503,one_step_ex_ante,same_month_historical_mean,2015-03-01,1,2017645.0,1674150.0,986216.4684478655,2362083.5315521345,-343495.0,343495.0,2015,3,pre_pandemic,True
one_step_201503,one_step_ex_ante,seasonal_moving_average_3,2015-03-01,1,2017645.0,1831726.6666666667,1370884.632692804,2292568.7006405294,-185918.33333333326,185918.33333333326,2015,3,pre_pandemic,True
one_step_201504,one_step_ex_ante,naive_last,2015-04-01,1,2626663.0,2017645.0,312955.85080482974,3722334.14919517,-609018.0,609018.0,2015,4,pre_pandemic,True
one_step_201504,one_step_ex_ante,seasonal_naive,2015-04-01,1,2626663.0,2573139.0,2221727.2079869984,2924550.7920130016,-53524.0,53524.0,2015,4,pre_pandemic,True
one_step_201504,one_step_ex_ante,drift,2015-04-01,1,2626663.0,2027469.5232558139,-839394.9947426082,4894334.041254235,-599193.4767441861,599193.4767441861,2015,4,pre_pandemic,True
one_step_201504,one_step_ex_ante,same_month_historical_mean,2015-04-01,1,2626663.0,2125932.4285714286,1438647.0772737875,2813217.77986907,-500730.57142857136,500730.57142857136,2015,4,pre_pandemic,True
one_step_201504,one_step_ex_ante,seasonal_moving_average_3,2015-04-01,1,2626663.0,2408014.6666666665,1950119.6283164192,2865909.705016914,-218648.3333333335,218648.3333333335,2015,4,pre_pandemic,True
one_step_201505,one_step_ex_ante,naive_last,2015-05-01,1,3775013.0,2626663.0,927243.1608135381,4326082.839186462,-1148350.0,1148350.0,2015,5,pre_pandemic,True
one_step_201505,one_step_ex_ante,seasonal_naive,2015-05-01,1,3775013.0,3863883.0,3514244.559418839,4213521.4405811615,88870.0,88870.0,2015,5,pre_pandemic,True
one_step_201505,one_step_ex_ante,drift,2015-05-01,1,3775013.0,2643374.804597701,-229331.86391574377,5516081.473111145,-1131638.195402299,1131638.195402299,2015,5,pre_pandemic,True
one_step_201505,one_step_ex_ante,same_month_historical_mean,2015-05-01,1,3775013.0,3202865.714285714,2512489.872809949,3893241.5557614793,-572147.2857142859,572147.2857142859,2015,5,pre_pandemic,True
one_step_201505,one_step_ex_ante,seasonal_moving_average_3,2015-05-01,1,3775013.0,3592054.6666666665,3137193.540794833,4046915.7925385,-182958.3333333335,182958.3333333335,2015,5,pre_pandemic,True
one_step_201506,one_step_ex_ante,naive_last,2015-06-01,1,4349675.0,3775013.0,2068925.5922088372,5481100.407791163,-574662.0,574662.0,2015,6,pre_pandemic,True
one_step_201506,one_step_ex_ante,seasonal_naive,2015-06-01,1,4349675.0,4530079.0,4178951.930528461,4881206.069471539,180404.0,180404.0,2015,6,pre_pandemic,True
one_step_201506,one_step_ex_ante,drift,2015-06-01,1,4349675.0,3804584.3295454546,806165.9364342173,6803002.722656691,-545090.6704545454,545090.6704545454,2015,6,pre_pandemic,True
one_step_201506,one_step_ex_ante,same_month_historical_mean,2015-06-01,1,4349675.0,3761816.8571428573,3066326.8555189264,4457306.858766788,-587858.1428571427,587858.1428571427,2015,6,pre_pandemic,True
one_step_201506,one_step_ex_ante,seasonal_moving_average_3,2015-06-01,1,4349675.0,4186043.6666666665,3733997.86757436,4638089.465758973,-163631.3333333335,163631.3333333335,2015,6,pre_pandemic,True
one_step_201507,one_step_ex_ante,naive_last,2015-07-01,1,5244965.0,4349675.0,2649533.1491672625,6049816.850832738,-895290.0,895290.0,2015,7,pre_pandemic,True
one_step_201507,one_step_ex_ante,seasonal_naive,2015-07-01,1,5244965.0,4952404.0,4596449.727475842,5308358.272524158,-292561.0,292561.0,2015,7,pre_pandemic,True
one_step_201507,one_step_ex_ante,drift,2015-07-01,1,5244965.0,4385370.943820225,1290649.7842510464,7480092.103389404,-859594.0561797749,859594.0561797749,2015,7,pre_pandemic,True
one_step_201507,one_step_ex_ante,same_month_historical_mean,2015-07-01,1,5244965.0,4643002.0,3942057.704141268,5343946.2958587315,-601963.0,601963.0,2015,7,pre_pandemic,True
one_step_201507,one_step_ex_ante,seasonal_moving_average_3,2015-07-01,1,5244965.0,4908784.0,4459359.9288893165,5358208.0711106835,-336181.0,336181.0,2015,7,pre_pandemic,True
one_step_201508,one_step_ex_ante,naive_last,2015-08-01,1,6748708.0,5244965.0,3545099.286663439,6944830.713336561,-1503743.0,1503743.0,2015,8,pre_pandemic,True
one_step_201508,one_step_ex_ante,seasonal_naive,2015-08-01,1,6748708.0,6635627.0,6280250.481880532,6991003.518119468,-113081.0,113081.0,2015,8,pre_pandemic,True
one_step_201508,one_step_ex_ante,drift,2015-08-01,1,6748708.0,5290211.988888889,1985422.2426894451,8595001.735088332,-1458496.0111111114,1458496.0111111114,2015,8,pre_pandemic,True
one_step_201508,one_step_ex_ante,same_month_historical_mean,2015-08-01,1,6748708.0,5579593.285714285,4872913.026973704,6286273.544454867,-1169114.7142857146,1169114.7142857146,2015,8,pre_pandemic,True
one_step_201508,one_step_ex_ante,seasonal_moving_average_3,2015-08-01,1,6748708.0,5994200.0,5547156.855536551,6441243.144463449,-754508.0,754508.0,2015,8,pre_pandemic,True
one_step_201509,one_step_ex_ante,naive_last,2015-09-01,1,5415322.0,6748708.0,5031956.672881149,8465459.327118851,1333386.0,1333386.0,2015,9,pre_pandemic,True
one_step_201509,one_step_ex_ante,seasonal_naive,2015-09-01,1,5415322.0,5495982.0,5142824.2842147285,5849139.7157852715,80660.0,80660.0,2015,9,pre_pandemic,True
one_step_201509,one_step_ex_ante,drift,2015-09-01,1,5415322.0,6809982.417582418,3028118.8021069765,10591846.03305786,1394660.4175824178,1394660.4175824178,2015,9,pre_pandemic,True
one_step_201509,one_step_ex_ante,same_month_historical_mean,2015-09-01,1,5415322.0,4720234.714285715,3982402.8756965357,5458066.552874894,-695087.2857142854,695087.2857142854,2015,9,pre_pandemic,True
one_step_201509,one_step_ex_ante,seasonal_moving_average_3,2015-09-01,1,5415322.0,5328277.0,4870023.365230502,5786530.634769498,-87045.0,87045.0,2015,9,pre_pandemic,True
one_step_201510,one_step_ex_ante,naive_last,2015-10-01,1,4161806.0,5415322.0,3684407.6134217735,7146236.386578226,1253516.0,1253516.0,2015,10,pre_pandemic,True
one_step_201510,one_step_ex_ante,seasonal_naive,2015-10-01,1,4161806.0,4293279.0,3939169.260142675,4647388.739857325,131473.0,131473.0,2015,10,pre_pandemic,True
one_step_201510,one_step_ex_ante,drift,2015-10-01,1,4161806.0,5461437.065217392,2152215.166877625,8770658.963557158,1299631.0652173916,1299631.0652173916,2015,10,pre_pandemic,True
one_step_201510,one_step_ex_ante,same_month_historical_mean,2015-10-01,1,4161806.0,3782654.285714286,3036912.6923777657,4528395.879050806,-379151.7142857141,379151.7142857141,2015,10,pre_pandemic,True
one_step_201510,one_step_ex_ante,seasonal_moving_average_3,2015-10-01,1,4161806.0,4092065.3333333335,3635352.989991569,4548777.676675098,-69740.66666666651,69740.66666666651,2015,10,pre_pandemic,True
one_step_201511,one_step_ex_ante,naive_last,2015-11-01,1,2236998.0,4161806.0,2420178.533374342,5903433.466625658,1924808.0,1924808.0,2015,11,pre_pandemic,True
one_step_201511,one_step_ex_ante,seasonal_naive,2015-11-01,1,2236998.0,2264373.0,1907809.1817986714,2620936.8182013286,27375.0,27375.0,2015,11,pre_pandemic,True
one_step_201511,one_step_ex_ante,drift,2015-11-01,1,2236998.0,4193946.5376344086,1186569.1281858538,7201323.947082963,1956948.5376344086,1956948.5376344086,2015,11,pre_pandemic,True
one_step_201511,one_step_ex_ante,same_month_historical_mean,2015-11-01,1,2236998.0,2067827.2857142857,1322611.6357078613,2813042.93572071,-169170.71428571432,169170.71428571432,2015,11,pre_pandemic,True
one_step_201511,one_step_ex_ante,seasonal_moving_average_3,2015-11-01,1,2236998.0,2204387.6666666665,1748918.9007897573,2659856.4325435758,-32610.33333333349,32610.33333333349,2015,11,pre_pandemic,True
one_step_201512,one_step_ex_ante,naive_last,2015-12-01,1,1713807.0,2236998.0,460159.4935589961,4013836.5064410036,523191.0,523191.0,2015,12,pre_pandemic,True
one_step_201512,one_step_ex_ante,seasonal_naive,2015-12-01,1,1713807.0,1740546.0,1384541.498273193,2096550.501726807,26739.0,26739.0,2015,12,pre_pandemic,True
one_step_201512,one_step_ex_ante,drift,2015-12-01,1,1713807.0,2248319.936170213,-644472.7818580163,5141112.654198442,534512.9361702129,534512.9361702129,2015,12,pre_pandemic,True
one_step_201512,one_step_ex_ante,same_month_historical_mean,2015-12-01,1,1713807.0,1494657.0,752725.8839397754,2236588.1160602244,-219150.0,219150.0,2015,12,pre_pandemic,True
one_step_201512,one_step_ex_ante,seasonal_moving_average_3,2015-12-01,1,1713807.0,1618695.3333333333,1163755.7723051682,2073634.8943614983,-95111.66666666674,95111.66666666674,2015,12,pre_pandemic,True
one_step_201601,one_step_ex_ante,naive_last,2016-01-01,1,1691287.0,1713807.0,-56820.3376146683,3484434.3376146685,22520.0,22520.0,2016,1,pre_pandemic,True
one_step_201601,one_step_ex_ante,seasonal_naive,2016-01-01,1,1691287.0,1762004.0,1406597.0308575374,2117410.9691424626,70717.0,70717.0,2016,1,pre_pandemic,True
one_step_201601,one_step_ex_ante,drift,2016-01-01,1,1691287.0,1719502.4842105263,-1212809.962769353,4651814.931190406,28215.484210526338,28215.484210526338,2016,1,pre_pandemic,True
one_step_201601,one_step_ex_ante,same_month_historical_mean,2016-01-01,1,1691287.0,1370940.875,631774.6412634489,2110107.1087365514,-320346.125,320346.125,2016,1,pre_pandemic,True
one_step_201601,one_step_ex_ante,seasonal_moving_average_3,2016-01-01,1,1691287.0,1601177.0,1147919.6463074347,2054434.3536925653,-90110.0,90110.0,2016,1,pre_pandemic,True
one_step_201602,one_step_ex_ante,naive_last,2016-02-01,1,1517504.0,1691287.0,-70005.63607387757,3452579.6360738776,173783.0,173783.0,2016,2,pre_pandemic,True
one_step_201602,one_step_ex_ante,seasonal_naive,2016-02-01,1,1517504.0,1564925.0,1209157.3620697216,1920692.6379302784,47421.0,47421.0,2016,2,pre_pandemic,True
one_step_201602,one_step_ex_ante,drift,2016-02-01,1,1517504.0,1696688.5729166667,-1240084.3012866394,4633461.447119973,179184.57291666674,179184.57291666674,2016,2,pre_pandemic,True
one_step_201602,one_step_ex_ante,same_month_historical_mean,2016-02-01,1,1517504.0,1276497.75,538713.5290573045,2014281.9709426956,-241006.25,241006.25,2016,2,pre_pandemic,True
one_step_201602,one_step_ex_ante,seasonal_moving_average_3,2016-02-01,1,1517504.0,1501166.0,1049508.5831179295,1952823.4168820705,-16338.0,16338.0,2016,2,pre_pandemic,True
one_step_201603,one_step_ex_ante,naive_last,2016-03-01,1,1898762.0,1517504.0,-234954.0441289884,3269962.0441289884,-381258.0,381258.0,2016,3,pre_pandemic,True
one_step_201603,one_step_ex_ante,seasonal_naive,2016-03-01,1,1898762.0,2017645.0,1662118.678627071,2373171.321372929,118883.0,118883.0,2016,3,pre_pandemic,True
one_step_201603,one_step_ex_ante,drift,2016-03-01,1,1898762.0,1521058.3092783506,-1434465.0857781928,4476581.704334894,-377703.69072164944,377703.69072164944,2016,3,pre_pandemic,True
one_step_201603,one_step_ex_ante,same_month_historical_mean,2016-03-01,1,1898762.0,1717086.875,981723.93875765,2452449.81124235,-181675.125,181675.125,2016,3,pre_pandemic,True
one_step_201603,one_step_ex_ante,seasonal_moving_average_3,2016-03-01,1,1898762.0,1959043.0,1507635.5798169272,2410450.420183073,60281.0,60281.0,2016,3,pre_pandemic,True
one_step_201604,one_step_ex_ante,naive_last,2016-04-01,1,2049238.0,1898762.0,153757.6027500371,3643766.397249963,-150476.0,150476.0,2016,4,pre_pandemic,True
one_step_201604,one_step_ex_ante,seasonal_naive,2016-04-01,1,2049238.0,2626663.0,2269594.302777602,2983731.697222398,577425.0,577425.0,2016,4,pre_pandemic,True
one_step_201604,one_step_ex_ante,drift,2016-04-01,1,2049238.0,1906170.4285714286,-1025253.5776209421,4837594.434763799,-143067.57142857136,143067.57142857136,2016,4,pre_pandemic,True
one_step_201604,one_step_ex_ante,same_month_historical_mean,2016-04-01,1,2049238.0,2188523.75,1456136.7410429744,2920910.7589570256,139285.75,139285.75,2016,4,pre_pandemic,True
one_step_201604,one_step_ex_ante,seasonal_moving_average_3,2016-04-01,1,2049238.0,2539588.0,2086561.1108184357,2992614.8891815646,490350.0,490350.0,2016,4,pre_pandemic,True
one_step_201605,one_step_ex_ante,naive_last,2016-05-01,1,2749648.0,2049238.0,312930.78902975493,3785545.2109702453,-700410.0,700410.0,2016,5,pre_pandemic,True
one_step_201605,one_step_ex_ante,seasonal_naive,2016-05-01,1,2749648.0,3775013.0,3391297.21162605,4158728.78837395,1025365.0,1025365.0,2016,5,pre_pandemic,True
one_step_201605,one_step_ex_ante,drift,2016-05-01,1,2749648.0,2058091.5555555555,-867799.7009506659,4983982.812061777,-691556.4444444445,691556.4444444445,2016,5,pre_pandemic,True
one_step_201605,one_step_ex_ante,same_month_historical_mean,2016-05-01,1,2749648.0,3274384.125,2545246.421842088,4003521.828157912,524736.125,524736.125,2016,5,pre_pandemic,True
one_step_201605,one_step_ex_ante,seasonal_moving_average_3,2016-05-01,1,2749648.0,3785543.3333333335,3310580.7729779924,4260505.893688674,1035895.3333333335,1035895.3333333335,2016,5,pre_pandemic,True
one_step_201606,one_step_ex_ante,naive_last,2016-06-01,1,2696149.0,2749648.0,1016823.0316278476,4482472.968372152,53499.0,53499.0,2016,6,pre_pandemic,True
one_step_201606,one_step_ex_ante,seasonal_naive,2016-06-01,1,2696149.0,4349675.0,3900940.252650778,4798409.747349222,1653526.0,1653526.0,2016,6,pre_pandemic,True
one_step_201606,one_step_ex_ante,drift,2016-06-01,1,2696149.0,2765417.12,-174907.4552544807,5705741.6952544805,69268.12000000011,69268.12000000011,2016,6,pre_pandemic,True
one_step_201606,one_step_ex_ante,same_month_historical_mean,2016-06-01,1,2696149.0,3835299.125,3103365.051547884,4567233.198452116,1139150.125,1139150.125,2016,6,pre_pandemic,True
one_step_201606,one_step_ex_ante,seasonal_moving_average_3,2016-06-01,1,2696149.0,4336945.0,3797121.0668873624,4876768.933112638,1640796.0,1640796.0,2016,6,pre_pandemic,True
one_step_201607,one_step_ex_ante,naive_last,2016-07-01,1,3482544.0,2696149.0,971957.0042030017,4420340.995796998,-786395.0,786395.0,2016,7,pre_pandemic,True
one_step_201607,one_step_ex_ante,seasonal_naive,2016-07-01,1,3482544.0,5244965.0,4670359.031178828,5819570.968821172,1762421.0,1762421.0,2016,7,pre_pandemic,True
one_step_201607,one_step_ex_ante,drift,2016-07-01,1,3482544.0,2711232.297029703,-216657.12432336342,5639121.718382769,-771311.7029702971,771311.7029702971,2016,7,pre_pandemic,True
one_step_201607,one_step_ex_ante,same_month_historical_mean,2016-07-01,1,3482544.0,4718247.375,3960424.88276059,5476069.86723941,1235703.375,1235703.375,2016,7,pre_pandemic,True
one_step_201607,one_step_ex_ante,seasonal_moving_average_3,2016-07-01,1,3482544.0,4996318.0,4337430.314433313,5655205.685566687,1513774.0,1513774.0,2016,7,pre_pandemic,True
one_step_201608,one_step_ex_ante,naive_last,2016-08-01,1,4565837.0,3482544.0,1760391.404869691,5204696.595130309,-1083293.0,1083293.0,2016,8,pre_pandemic,True
one_step_201608,one_step_ex_ante,seasonal_naive,2016-08-01,1,4565837.0,6748708.0,6063359.522241294,7434056.477758706,2182871.0,2182871.0,2016,8,pre_pandemic,True
one_step_201608,one_step_ex_ante,drift,2016-08-01,1,4565837.0,3505189.1764705884,501075.79341719067,6509302.559523987,-1060647.8235294116,1060647.8235294116,2016,8,pre_pandemic,True
one_step_201608,one_step_ex_ante,same_month_historical_mean,2016-08-01,1,4565837.0,5725732.625,4938470.048953255,6512995.201046745,1159895.625,1159895.625,2016,8,pre_pandemic,True
one_step_201608,one_step_ex_ante,seasonal_moving_average_3,2016-08-01,1,4565837.0,6438405.333333333,5695721.7524927845,7181088.9141738815,1872568.333333333,1872568.333333333,2016,8,pre_pandemic,True
one_step_201609,one_step_ex_ante,naive_last,2016-09-01,1,4014930.0,4565837.0,2839948.9094956187,6291725.090504382,550907.0,550907.0,2016,9,pre_pandemic,True
one_step_201609,one_step_ex_ante,seasonal_naive,2016-09-01,1,4014930.0,5415322.0,4594086.800073746,6236557.199926254,1400392.0,1400392.0,2016,9,pre_pandemic,True
one_step_201609,one_step_ex_ante,drift,2016-09-01,1,4014930.0,4598779.72815534,1392277.574256362,7805281.882054318,583849.7281553401,583849.7281553401,2016,9,pre_pandemic,True
one_step_201609,one_step_ex_ante,same_month_historical_mean,2016-09-01,1,4014930.0,4807120.625,3995723.0503409333,5618518.199659067,792190.625,792190.625,2016,9,pre_pandemic,True
one_step_201609,one_step_ex_ante,seasonal_moving_average_3,2016-09-01,1,4014930.0,5415496.0,4567189.880514507,6263802.119485493,1400566.0,1400566.0,2016,9,pre_pandemic,True
one_step_201610,one_step_ex_ante,naive_last,2016-10-01,1,3190334.0,4014930.0,2293778.779989806,5736081.220010194,824596.0,824596.0,2016,10,pre_pandemic,True
one_step_201610,one_step_ex_ante,seasonal_naive,2016-10-01,1,3190334.0,4161806.0,3294526.229581694,5029085.770418306,971472.0,971472.0,2016,10,pre_pandemic,True
one_step_201610,one_step_ex_ante,drift,2016-10-01,1,3190334.0,4042258.7884615385,980329.5447575529,7104188.032165524,851924.7884615385,851924.7884615385,2016,10,pre_pandemic,True
one_step_201610,one_step_ex_ante,same_month_historical_mean,2016-10-01,1,3190334.0,3830048.25,3009901.6509321043,4650194.849067896,639714.25,639714.25,2016,10,pre_pandemic,True
one_step_201610,one_step_ex_ante,seasonal_moving_average_3,2016-10-01,1,3190334.0,4180570.0,3280150.283145721,5080989.716854279,990236.0,990236.0,2016,10,pre_pandemic,True
one_step_201611,one_step_ex_ante,naive_last,2016-11-01,1,1879625.0,3190334.0,1469743.9791619238,4910924.020838076,1310709.0,1310709.0,2016,11,pre_pandemic,True
one_step_201611,one_step_ex_ante,seasonal_naive,2016-11-01,1,1879625.0,2236998.0,1351444.3336547054,3122551.6663452946,357373.0,357373.0,2016,11,pre_pandemic,True
one_step_201611,one_step_ex_ante,drift,2016-11-01,1,1879625.0,3209549.219047619,290271.3057658109,6128827.132329427,1329924.219047619,1329924.219047619,2016,11,pre_pandemic,True
one_step_201611,one_step_ex_ante,same_month_historical_mean,2016-11-01,1,1879625.0,2088973.625,1264629.7878752912,2913317.462124709,209348.625,209348.625,2016,11,pre_pandemic,True
one_step_201611,one_step_ex_ante,seasonal_moving_average_3,2016-11-01,1,1879625.0,2210955.3333333335,1287172.1518465392,3134738.5148201277,331330.3333333335,331330.3333333335,2016,11,pre_pandemic,True
one_step_201612,one_step_ex_ante,naive_last,2016-12-01,1,1629471.0,1879625.0,148632.9742312804,3610617.0257687196,250154.0,250154.0,2016,12,pre_pandemic,True
one_step_201612,one_step_ex_ante,seasonal_naive,2016-12-01,1,1629471.0,1713807.0,829904.0284122211,2597709.971587779,84336.0,84336.0,2016,12,pre_pandemic,True
one_step_201612,one_step_ex_ante,drift,2016-12-01,1,1629471.0,1886293.7641509434,-976288.1496822459,4748875.677984132,256822.76415094337,256822.76415094337,2016,12,pre_pandemic,True
one_step_201612,one_step_ex_ante,same_month_historical_mean,2016-12-01,1,1629471.0,1522050.75,700744.5971097946,2343356.9028902054,-107420.25,107420.25,2016,12,pre_pandemic,True
one_step_201612,one_step_ex_ante,seasonal_moving_average_3,2016-12-01,1,1629471.0,1667192.0,743891.0240591072,2590492.975940893,37721.0,37721.0,2016,12,pre_pandemic,True
one_step_201701,one_step_ex_ante,naive_last,2017-01-01,1,1568344.0,1629471.0,-94023.73012804217,3352965.7301280424,61127.0,61127.0,2017,1,pre_pandemic,True
one_step_201701,one_step_ex_ante,seasonal_naive,2017-01-01,1,1568344.0,1691287.0,811867.0920837814,2570706.9079162185,122943.0,122943.0,2017,1,pre_pandemic,True
one_step_201701,one_step_ex_ante,drift,2017-01-01,1,1568344.0,1633739.5514018692,-1240543.522940993,4508022.625744731,65395.55140186916,65395.55140186916,2017,1,pre_pandemic,True
one_step_201701,one_step_ex_ante,same_month_historical_mean,2017-01-01,1,1568344.0,1406534.888888889,588850.4202879234,2224219.3574898546,-161809.111111111,161809.111111111,2017,1,pre_pandemic,True
one_step_201701,one_step_ex_ante,seasonal_moving_average_3,2017-01-01,1,1568344.0,1676230.0,757300.57907226,2595159.42092774,107886.0,107886.0,2017,1,pre_pandemic,True
one_step_201702,one_step_ex_ante,naive_last,2017-02-01,1,1432342.0,1568344.0,-147122.4474842702,3283810.44748427,136002.0,136002.0,2017,2,pre_pandemic,True
one_step_201702,one_step_ex_ante,seasonal_naive,2017-02-01,1,1432342.0,1517504.0,642311.644696405,2392696.355303595,85162.0,85162.0,2017,2,pre_pandemic,True
one_step_201702,one_step_ex_ante,drift,2017-02-01,1,1432342.0,1572007.037037037,-1307767.2889301574,4451781.363004232,139665.03703703708,139665.03703703708,2017,2,pre_pandemic,True
one_step_201702,one_step_ex_ante,same_month_historical_mean,2017-02-01,1,1432342.0,1303276.2222222222,488871.3937027303,2117681.0507417144,-129065.77777777775,129065.77777777775,2017,2,pre_pandemic,True
one_step_201702,one_step_ex_ante,seasonal_moving_average_3,2017-02-01,1,1432342.0,1535224.6666666667,620043.9280497878,2450405.4052835456,102882.66666666674,102882.66666666674,2017,2,pre_pandemic,True
one_step_201703,one_step_ex_ante,naive_last,2017-03-01,1,1844076.0,1432342.0,-275365.2957248278,3140049.295724828,-411734.0,411734.0,2017,3,pre_pandemic,True
one_step_201703,one_step_ex_ante,seasonal_naive,2017-03-01,1,1844076.0,1898762.0,1027918.8539028174,2769605.1460971828,54686.0,54686.0,2017,3,pre_pandemic,True
one_step_201703,one_step_ex_ante,drift,2017-03-01,1,1844076.0,1434723.7064220184,-1454830.824309355,4324278.237153392,-409352.29357798165,409352.29357798165,2017,3,pre_pandemic,True
one_step_201703,one_step_ex_ante,same_month_historical_mean,2017-03-01,1,1844076.0,1737273.0,926286.7610089012,2548259.238991099,-106803.0,106803.0,2017,3,pre_pandemic,True
one_step_201703,one_step_ex_ante,seasonal_moving_average_3,2017-03-01,1,1844076.0,1961173.6666666667,1049746.9018587912,2872600.4314745422,117097.66666666674,117097.66666666674,2017,3,pre_pandemic,True
one_step_201704,one_step_ex_ante,naive_last,2017-04-01,1,2278538.0,1844076.0,142499.846955484,3545652.153044516,-434462.0,434462.0,2017,4,pre_pandemic,True
one_step_201704,one_step_ex_ante,seasonal_naive,2017-04-01,1,2278538.0,2049238.0,1182777.8553073658,2915698.144692634,-229300.0,229300.0,2017,4,pre_pandemic,True
one_step_201704,one_step_ex_ante,drift,2017-04-01,1,2278538.0,1850179.0909090908,-1031561.153500034,4731919.335318215,-428358.9090909092,428358.9090909092,2017,4,pre_pandemic,True
one_step_201704,one_step_ex_ante,same_month_historical_mean,2017-04-01,1,2278538.0,2173047.5555555555,1365534.0135447085,2980561.0975664025,-105490.4444444445,105490.4444444445,2017,4,pre_pandemic,True
one_step_201704,one_step_ex_ante,seasonal_moving_average_3,2017-04-01,1,2278538.0,2416346.6666666665,1508499.5058887792,3324193.827444554,137808.6666666665,137808.6666666665,2017,4,pre_pandemic,True
one_step_201705,one_step_ex_ante,naive_last,2017-05-01,1,3095282.0,2278538.0,582840.4568416374,3974235.5431583626,-816744.0,816744.0,2017,5,pre_pandemic,True
one_step_201705,one_step_ex_ante,seasonal_naive,2017-05-01,1,3095282.0,2749648.0,1886416.9488156743,3612879.0511843255,-345634.0,345634.0,2017,5,pre_pandemic,True
one_step_201705,one_step_ex_ante,drift,2017-05-01,1,3095282.0,2288500.1801801804,-605129.2585772043,5182129.618937565,-806781.8198198196,806781.8198198196,2017,5,pre_pandemic,True
one_step_201705,one_step_ex_ante,same_month_historical_mean,2017-05-01,1,3095282.0,3216080.111111111,2411996.6866074014,4020163.5356148207,120798.11111111101,120798.11111111101,2017,5,pre_pandemic,True
one_step_201705,one_step_ex_ante,seasonal_moving_average_3,2017-05-01,1,3095282.0,3462848.0,2558338.336867637,4367357.663132363,367566.0,367566.0,2017,5,pre_pandemic,True
one_step_201706,one_step_ex_ante,naive_last,2017-06-01,1,3489572.0,3095282.0,1400640.2427556533,4789923.757244347,-394290.0,394290.0,2017,6,pre_pandemic,True
one_step_201706,one_step_ex_ante,seasonal_naive,2017-06-01,1,3489572.0,2696149.0,1834657.380784654,3557640.619215346,-793423.0,793423.0,2017,6,pre_pandemic,True
one_step_201706,one_step_ex_ante,drift,2017-06-01,1,3489572.0,3112447.589285714,138959.56286400603,6085935.615707422,-377124.4107142859,377124.4107142859,2017,6,pre_pandemic,True
one_step_201706,one_step_ex_ante,same_month_historical_mean,2017-06-01,1,3489572.0,3708726.888888889,2907959.8637885116,4509493.913989266,219154.888888889,219154.888888889,2017,6,pre_pandemic,True
one_step_201706,one_step_ex_ante,seasonal_moving_average_3,2017-06-01,1,3489572.0,3858634.3333333335,2953987.9578329152,4763280.708833751,369062.3333333335,369062.3333333335,2017,6,pre_pandemic,True
one_step_201707,one_step_ex_ante,naive_last,2017-07-01,1,5032488.0,3489572.0,1801080.243032122,5178063.756967878,-1542916.0,1542916.0,2017,7,pre_pandemic,True
one_step_201707,one_step_ex_ante,seasonal_naive,2017-07-01,1,5032488.0,3482544.0,2611844.6956574577,4353243.304342542,-1549944.0,1549944.0,2017,7,pre_pandemic,True
one_step_201707,one_step_ex_ante,drift,2017-07-01,1,5032488.0,3510074.9734513275,482361.14472043887,6537788.802182216,-1522413.0265486725,1522413.0265486725,2017,7,pre_pandemic,True
one_step_201707,one_step_ex_ante,same_month_historical_mean,2017-07-01,1,5032488.0,4580947.0,3782809.9677829235,5379084.032217076,-451541.0,451541.0,2017,7,pre_pandemic,True
one_step_201707,one_step_ex_ante,seasonal_moving_average_3,2017-07-01,1,5032488.0,4559971.0,3655251.9910919825,5464690.008908018,-472517.0,472517.0,2017,7,pre_pandemic,True
one_step_201708,one_step_ex_ante,naive_last,2017-08-01,1,6323888.0,5032488.0,3328411.93502321,6736564.06497679,-1291400.0,1291400.0,2017,8,pre_pandemic,True
one_step_201708,one_step_ex_ante,seasonal_naive,2017-08-01,1,6323888.0,4565837.0,3650086.312063483,5481587.6879365165,-1758051.0,1758051.0,2017,8,pre_pandemic,True
one_step_201708,one_step_ex_ante,drift,2017-08-01,1,6323888.0,5066345.47368421,1661805.4069939973,8470885.540374424,-1257542.5263157897,1257542.5263157897,2017,8,pre_pandemic,True
one_step_201708,one_step_ex_ante,same_month_historical_mean,2017-08-01,1,6323888.0,5596855.333333333,4798345.335837002,6395365.330829664,-727032.666666667,727032.666666667,2017,8,pre_pandemic,True
one_step_201708,one_step_ex_ante,seasonal_moving_average_3,2017-08-01,1,6323888.0,5983390.666666667,5080153.709738889,6886627.623594445,-340497.333333333,340497.333333333,2017,8,pre_pandemic,True
one_step_201709,one_step_ex_ante,naive_last,2017-09-01,1,5306888.0,6323888.0,4611805.012541962,8035970.987458038,1017000.0,1017000.0,2017,9,pre_pandemic,True
one_step_201709,one_step_ex_ante,seasonal_naive,2017-09-01,1,5306888.0,4014930.0,3044971.9558109827,4984888.044189017,-1291958.0,1291958.0,2017,9,pre_pandemic,True
one_step_201709,one_step_ex_ante,drift,2017-09-01,1,5306888.0,6368680.626086957,2541914.6528029097,10195446.599371005,1061792.6260869568,1061792.6260869568,2017,9,pre_pandemic,True
one_step_201709,one_step_ex_ante,same_month_historical_mean,2017-09-01,1,5306888.0,4719099.444444444,3914136.950030254,5524061.938858634,-587788.555555556,587788.555555556,2017,9,pre_pandemic,True
one_step_201709,one_step_ex_ante,seasonal_moving_average_3,2017-09-01,1,5306888.0,4975411.333333333,4075358.448256021,5875464.218410645,-331476.666666667,331476.666666667,2017,9,pre_pandemic,True
one_step_201710,one_step_ex_ante,naive_last,2017-10-01,1,3913759.0,5306888.0,3591348.9185876045,7022427.081412395,1393129.0,1393129.0,2017,10,pre_pandemic,True
one_step_201710,one_step_ex_ante,seasonal_naive,2017-10-01,1,3913759.0,3190334.0,2196073.131801666,4184594.868198334,-723425.0,723425.0,2017,10,pre_pandemic,True
one_step_201710,one_step_ex_ante,drift,2017-10-01,1,3913759.0,5342527.24137931,1894990.321414541,8790064.16134408,1428768.2413793104,1428768.2413793104,2017,10,pre_pandemic,True
one_step_201710,one_step_ex_ante,same_month_historical_mean,2017-10-01,1,3913759.0,3758968.888888889,2951085.230319121,4566852.547458657,-154790.111111111,154790.111111111,2017,10,pre_pandemic,True
one_step_201710,one_step_ex_ante,seasonal_moving_average_3,2017-10-01,1,3913759.0,3881806.3333333335,2984997.0379136065,4778615.6287530605,-31952.66666666651,31952.66666666651,2017,10,pre_pandemic,True
one_step_201711,one_step_ex_ante,naive_last,2017-11-01,1,2293847.0,3913759.0,2186122.592140234,5641395.407859766,1619912.0,1619912.0,2017,11,pre_pandemic,True
one_step_201711,one_step_ex_ante,seasonal_naive,2017-11-01,1,2293847.0,1879625.0,882034.767121159,2877215.232878841,-414222.0,414222.0,2017,11,pre_pandemic,True
one_step_201711,one_step_ex_ante,drift,2017-11-01,1,2293847.0,3937186.547008547,863308.1579155815,7011064.936101513,1643339.547008547,1643339.547008547,2017,11,pre_pandemic,True
one_step_201711,one_step_ex_ante,same_month_historical_mean,2017-11-01,1,2293847.0,2065712.6666666667,1260848.9588507635,2870576.37448257,-228134.33333333326,228134.33333333326,2017,11,pre_pandemic,True
one_step_201711,one_step_ex_ante,seasonal_moving_average_3,2017-11-01,1,2293847.0,2126998.6666666665,1234370.0502769616,3019627.2830563714,-166848.3333333335,166848.3333333335,2017,11,pre_pandemic,True
one_step_201712,one_step_ex_ante,naive_last,2017-12-01,1,2041323.0,2293847.0,548243.0238704483,4039450.9761295514,252524.0,252524.0,2017,12,pre_pandemic,True
one_step_201712,one_step_ex_ante,seasonal_naive,2017-12-01,1,2041323.0,1629471.0,634386.0528560757,2624555.9471439244,-411852.0,411852.0,2017,12,pre_pandemic,True
one_step_201712,one_step_ex_ante,drift,2017-12-01,1,2041323.0,2303347.940677966,-586504.2251772173,5193200.106533149,262024.940677966,262024.940677966,2017,12,pre_pandemic,True
one_step_201712,one_step_ex_ante,same_month_historical_mean,2017-12-01,1,2041323.0,1533986.3333333333,731589.5496760792,2336383.116990587,-507336.66666666674,507336.66666666674,2017,12,pre_pandemic,True
one_step_201712,one_step_ex_ante,seasonal_moving_average_3,2017-12-01,1,2041323.0,1694608.0,806113.5801639351,2583102.419836065,-346715.0,346715.0,2017,12,pre_pandemic,True
one_step_201801,one_step_ex_ante,naive_last,2018-01-01,1,2045341.0,2041323.0,302493.9662208874,3780152.0337791126,-4018.0,4018.0,2018,1,pre_pandemic,True
one_step_201801,one_step_ex_ante,seasonal_naive,2018-01-01,1,2045341.0,1568344.0,575793.6264213452,2560894.3735786546,-476997.0,476997.0,2018,1,pre_pandemic,True
one_step_201801,one_step_ex_ante,drift,2018-01-01,1,2045341.0,2048622.050420168,-836435.1438428673,4933679.244683203,3281.0504201680887,3281.0504201680887,2018,1,pre_pandemic,True
one_step_201801,one_step_ex_ante,same_month_historical_mean,2018-01-01,1,2045341.0,1422715.8,619031.687879618,2226399.9121203823,-622625.2,622625.2,2018,1,pre_pandemic,True
one_step_201801,one_step_ex_ante,seasonal_moving_average_3,2018-01-01,1,2045341.0,1673878.3333333333,788343.0297243226,2559413.636942344,-371462.66666666674,371462.66666666674,2018,1,pre_pandemic,True
one_step_201802,one_step_ex_ante,naive_last,2018-02-01,1,1806822.0,2045341.0,313833.2846298823,3776848.7153701177,238519.0,238519.0,2018,2,pre_pandemic,True
one_step_201802,one_step_ex_ante,seasonal_naive,2018-02-01,1,1806822.0,1432342.0,441458.0825018523,2423225.9174981476,-374480.0,374480.0,2018,2,pre_pandemic,True
one_step_201802,one_step_ex_ante,drift,2018-02-01,1,1806822.0,2052612.7083333333,-831206.4568347784,4936431.873501445,245790.70833333326,245790.70833333326,2018,2,pre_pandemic,True
one_step_201802,one_step_ex_ante,same_month_historical_mean,2018-02-01,1,1806822.0,1316182.8,508836.95556972735,2123528.6444302727,-490639.19999999995,490639.19999999995,2018,2,pre_pandemic,True
one_step_201802,one_step_ex_ante,seasonal_moving_average_3,2018-02-01,1,1806822.0,1504923.6666666667,622072.5712939342,2387774.7620393992,-301898.33333333326,301898.33333333326,2018,2,pre_pandemic,True
one_step_201803,one_step_ex_ante,naive_last,2018-03-01,1,2270019.0,1806822.0,81987.91716337949,3531656.0828366205,-463197.0,463197.0,2018,3,pre_pandemic,True
one_step_201803,one_step_ex_ante,seasonal_naive,2018-03-01,1,2270019.0,1844076.0,856155.797389393,2831996.2026106073,-425943.0,425943.0,2018,3,pre_pandemic,True
one_step_201803,one_step_ex_ante,drift,2018-03-01,1,2270019.0,1812062.3801652892,-1072105.7688460448,4696230.529176623,-457956.61983471084,457956.61983471084,2018,3,pre_pandemic,True
one_step_201803,one_step_ex_ante,same_month_historical_mean,2018-03-01,1,2270019.0,1747953.3,939641.3551908126,2556265.2448091875,-522065.69999999995,522065.69999999995,2018,3,pre_pandemic,True
one_step_201803,one_step_ex_ante,seasonal_moving_average_3,2018-03-01,1,2270019.0,1920161.0,1040613.2031063802,2799708.79689362,-349858.0,349858.0,2018,3,pre_pandemic,True
one_step_201804,one_step_ex_ante,naive_last,2018-04-01,1,2870569.0,2270019.0,550405.9427582938,3989632.057241706,-600550.0,600550.0,2018,4,pre_pandemic,True
one_step_201804,one_step_ex_ante,seasonal_naive,2018-04-01,1,2870569.0,2278538.0,1292980.8940338818,3264095.105966118,-592031.0,592031.0,2018,4,pre_pandemic,True
one_step_201804,one_step_ex_ante,drift,2018-04-01,1,2870569.0,2279013.12295082,-611720.5234172088,5169746.769318849,-591555.8770491802,591555.8770491802,2018,4,pre_pandemic,True
one_step_201804,one_step_ex_ante,same_month_historical_mean,2018-04-01,1,2870569.0,2183596.6,1373772.848652219,2993420.3513477813,-686972.3999999999,686972.3999999999,2018,4,pre_pandemic,True
one_step_201804,one_step_ex_ante,seasonal_moving_average_3,2018-04-01,1,2870569.0,2318146.3333333335,1441455.964976067,3194836.7016906003,-552422.6666666665,552422.6666666665,2018,4,pre_pandemic,True
one_step_201805,one_step_ex_ante,naive_last,2018-05-01,1,3790524.0,2870569.0,1154830.1356196227,4586307.864380377,-919955.0,919955.0,2018,5,pre_pandemic,True
one_step_201805,one_step_ex_ante,seasonal_naive,2018-05-01,1,3790524.0,3095282.0,2109608.3736487054,4080955.6263512946,-695242.0,695242.0,2018,5,pre_pandemic,True
one_step_201805,one_step_ex_ante,drift,2018-05-01,1,3790524.0,2884372.5203252034,-49685.32952239085,5818430.370172798,-906151.4796747966,906151.4796747966,2018,5,pre_pandemic,True
one_step_201805,one_step_ex_ante,same_month_historical_mean,2018-05-01,1,3790524.0,3204000.3,2389210.8645186266,4018789.735481373,-586523.7000000002,586523.7000000002,2018,5,pre_pandemic,True
one_step_201805,one_step_ex_ante,seasonal_moving_average_3,2018-05-01,1,3790524.0,3206647.6666666665,2330090.7318062196,4083204.6015271135,-583876.3333333335,583876.3333333335,2018,5,pre_pandemic,True
one_step_201806,one_step_ex_ante,naive_last,2018-06-01,1,4406894.0,3790524.0,2074346.7241553846,5506701.275844615,-616370.0,616370.0,2018,6,pre_pandemic,True
one_step_201806,one_step_ex_ante,seasonal_naive,2018-06-01,1,4406894.0,3489572.0,2501877.031545193,4477266.968454807,-917322.0,917322.0,2018,6,pre_pandemic,True
one_step_201806,one_step_ex_ante,drift,2018-06-01,1,4406894.0,3811635.193548387,738381.738545435,6884888.648551339,-595258.8064516131,595258.8064516131,2018,6,pre_pandemic,True
one_step_201806,one_step_ex_ante,same_month_historical_mean,2018-06-01,1,4406894.0,3686811.4,2869366.381563187,4504256.418436812,-720082.6000000001,720082.6000000001,2018,6,pre_pandemic,True
one_step_201806,one_step_ex_ante,seasonal_moving_average_3,2018-06-01,1,4406894.0,3511798.6666666665,2634886.675956847,4388710.657376486,-895095.3333333335,895095.3333333335,2018,6,pre_pandemic,True
one_step_201807,one_step_ex_ante,naive_last,2018-07-01,1,5712975.0,4406894.0,2694468.3648298043,6119319.635170195,-1306081.0,1306081.0,2018,7,pre_pandemic,True
one_step_201807,one_step_ex_ante,seasonal_naive,2018-07-01,1,5712975.0,5032488.0,4037523.0479161367,6027452.952083863,-680487.0,680487.0,2018,7,pre_pandemic,True
one_step_201807,one_step_ex_ante,drift,2018-07-01,1,5712975.0,4432767.264,1232214.0323141632,7633320.495685838,-1280207.7359999996,1280207.7359999996,2018,7,pre_pandemic,True
one_step_201807,one_step_ex_ante,same_month_historical_mean,2018-07-01,1,5712975.0,4626101.1,3803084.120383547,5449118.079616453,-1086873.9000000004,1086873.9000000004,2018,7,pre_pandemic,True
one_step_201807,one_step_ex_ante,seasonal_moving_average_3,2018-07-01,1,5712975.0,4586665.666666667,3702090.517200774,5471240.81613256,-1126309.333333333,1126309.333333333,2018,7,pre_pandemic,True
one_step_201808,one_step_ex_ante,naive_last,2018-08-01,1,7052433.0,5712975.0,3992826.832499803,7433123.167500197,-1339458.0,1339458.0,2018,8,pre_pandemic,True
one_step_201808,one_step_ex_ante,seasonal_naive,2018-08-01,1,7052433.0,6323888.0,5327583.800343052,7320192.199656948,-728545.0,728545.0,2018,8,pre_pandemic,True
one_step_201808,one_step_ex_ante,drift,2018-08-01,1,7052433.0,5749008.642857143,2172958.7606545044,9325058.525059782,-1303424.3571428573,1303424.3571428573,2018,8,pre_pandemic,True
one_step_201808,one_step_ex_ante,same_month_historical_mean,2018-08-01,1,7052433.0,5669558.6,4830081.352217653,6509035.847782346,-1382874.4000000004,1382874.4000000004,2018,8,pre_pandemic,True
one_step_201808,one_step_ex_ante,seasonal_moving_average_3,2018-08-01,1,7052433.0,5879477.666666667,4980002.307118098,6778953.026215236,-1172955.333333333,1172955.333333333,2018,8,pre_pandemic,True
one_step_201809,one_step_ex_ante,naive_last,2018-09-01,1,6021357.0,7052433.0,5324192.683113486,8780673.316886514,1031076.0,1031076.0,2018,9,pre_pandemic,True
one_step_201809,one_step_ex_ante,seasonal_naive,2018-09-01,1,6021357.0,5306888.0,4308407.022599816,6305368.977400184,-714469.0,714469.0,2018,9,pre_pandemic,True
one_step_201809,one_step_ex_ante,drift,2018-09-01,1,6021357.0,7098729.826771653,3048946.4021186726,11148513.251424633,1077372.8267716533,1077372.8267716533,2018,9,pre_pandemic,True
one_step_201809,one_step_ex_ante,same_month_historical_mean,2018-09-01,1,6021357.0,4777878.3,3910838.240216829,5644918.359783171,-1243478.7000000002,1243478.7000000002,2018,9,pre_pandemic,True
one_step_201809,one_step_ex_ante,seasonal_moving_average_3,2018-09-01,1,6021357.0,4912380.0,3997097.9167880304,5827662.08321197,-1108977.0,1108977.0,2018,9,pre_pandemic,True
one_step_201810,one_step_ex_ante,naive_last,2018-10-01,1,4791439.0,6021357.0,4289845.647766212,7752868.352233788,1229918.0,1229918.0,2018,10,pre_pandemic,True
one_step_201810,one_step_ex_ante,seasonal_naive,2018-10-01,1,4791439.0,3913759.0,2913536.6777937682,4913981.322206232,-877680.0,877680.0,2018,10,pre_pandemic,True
one_step_201810,one_step_ex_ante,drift,2018-10-01,1,4791439.0,6059236.8515625,2419121.8671642896,9699351.83596071,1267797.8515625,1267797.8515625,2018,10,pre_pandemic,True
one_step_201810,one_step_ex_ante,same_month_historical_mean,2018-10-01,1,4791439.0,3774447.9,2886713.967526607,4662181.832473393,-1016991.1000000001,1016991.1000000001,2018,10,pre_pandemic,True
one_step_201810,one_step_ex_ante,seasonal_moving_average_3,2018-10-01,1,4791439.0,3755299.6666666665,2827325.8193417247,4683273.513991608,-1036139.3333333335,1036139.3333333335,2018,10,pre_pandemic,True
one_step_201811,one_step_ex_ante,naive_last,2018-11-01,1,2679420.0,4791439.0,3052884.3171995813,6529993.682800419,2112019.0,2112019.0,2018,11,pre_pandemic,True
one_step_201811,one_step_ex_ante,seasonal_naive,2018-11-01,1,2679420.0,2293847.0,1288402.2192767384,3299291.7807232616,-385573.0,385573.0,2018,11,pre_pandemic,True
one_step_201811,one_step_ex_ante,drift,2018-11-01,1,2679420.0,4819490.96124031,1563454.102128148,8075527.820352472,2140070.96124031,2140070.96124031,2018,11,pre_pandemic,True
one_step_201811,one_step_ex_ante,same_month_historical_mean,2018-11-01,1,2679420.0,2088526.1,1188547.315616689,2988504.8843833115,-590893.8999999999,590893.8999999999,2018,11,pre_pandemic,True
one_step_201811,one_step_ex_ante,seasonal_moving_average_3,2018-11-01,1,2679420.0,2136823.3333333335,1199141.3054840656,3074505.361182601,-542596.6666666665,542596.6666666665,2018,11,pre_pandemic,True
one_step_201812,one_step_ex_ante,naive_last,2018-12-01,1,2180881.0,2679420.0,908974.7747651162,4449865.225234884,498539.0,498539.0,2018,12,pre_pandemic,True
one_step_201812,one_step_ex_ante,seasonal_naive,2018-12-01,1,2180881.0,2041323.0,1039008.6023629723,3043637.397637028,-139558.0,139558.0,2018,12,pre_pandemic,True
one_step_201812,one_step_ex_ante,drift,2018-12-01,1,2180881.0,2691009.876923077,-248789.60845878022,5630809.362304933,510128.8769230768,510128.8769230768,2018,12,pre_pandemic,True
one_step_201812,one_step_ex_ante,same_month_historical_mean,2018-12-01,1,2180881.0,1584720.0,682993.4198126909,2486446.580187309,-596161.0,596161.0,2018,12,pre_pandemic,True
one_step_201812,one_step_ex_ante,seasonal_moving_average_3,2018-12-01,1,2180881.0,1794867.0,858627.4547559998,2731106.545244,-386014.0,386014.0,2018,12,pre_pandemic,True
one_step_201901,one_step_ex_ante,naive_last,2019-01-01,1,2226288.0,2180881.0,415096.18962917896,3946665.810370821,-45407.0,45407.0,2019,1,pre_pandemic,True
one_step_201901,one_step_ex_ante,seasonal_naive,2019-01-01,1,2226288.0,2045341.0,1047241.9064016821,3043440.093598318,-180947.0,180947.0,2019,1,pre_pandemic,True
one_step_201901,one_step_ex_ante,drift,2019-01-01,1,2226288.0,2188576.763358779,-743051.441836156,5120204.9685537135,-37711.236641221214,37711.236641221214,2019,1,pre_pandemic,True
one_step_201901,one_step_ex_ante,same_month_historical_mean,2019-01-01,1,2226288.0,1479318.0909090908,575781.4626903017,2382854.71912788,-746969.9090909092,746969.9090909092,2019,1,pre_pandemic,True
one_step_201901,one_step_ex_ante,seasonal_moving_average_3,2019-01-01,1,2226288.0,1768324.0,835167.6832655006,2701480.3167344993,-457964.0,457964.0,2019,1,pre_pandemic,True
one_step_201902,one_step_ex_ante,naive_last,2019-02-01,1,1944957.0,2226288.0,467243.97344311443,3985332.026556886,281331.0,281331.0,2019,2,pre_pandemic,True
one_step_201902,one_step_ex_ante,seasonal_naive,2019-02-01,1,1944957.0,1806822.0,812834.9966243113,2800809.0033756886,-138135.0,138135.0,2019,2,pre_pandemic,True
one_step_201902,one_step_ex_ante,drift,2019-02-01,1,1944957.0,2234269.4545454546,-695488.6915671397,5164027.600658049,289312.4545454546,289312.4545454546,2019,2,pre_pandemic,True
one_step_201902,one_step_ex_ante,same_month_historical_mean,2019-02-01,1,1944957.0,1360786.3636363635,452448.07469284127,2269124.652579886,-584170.6363636365,584170.6363636365,2019,2,pre_pandemic,True
one_step_201902,one_step_ex_ante,seasonal_moving_average_3,2019-02-01,1,1944957.0,1585556.0,654822.6299043034,2516289.3700956968,-359401.0,359401.0,2019,2,pre_pandemic,True
one_step_201903,one_step_ex_ante,naive_last,2019-03-01,1,2473147.0,1944957.0,191899.0217887049,3698014.978211295,-528190.0,528190.0,2019,3,pre_pandemic,True
one_step_201903,one_step_ex_ante,seasonal_naive,2019-03-01,1,2473147.0,2270019.0,1280144.043845057,3259893.956154943,-203128.0,203128.0,2019,3,pre_pandemic,True
one_step_201903,one_step_ex_ante,drift,2019-03-01,1,2473147.0,1950763.1729323308,-982745.1936913428,4884271.539556004,-522383.82706766925,522383.82706766925,2019,3,pre_pandemic,True
one_step_201903,one_step_ex_ante,same_month_historical_mean,2019-03-01,1,2473147.0,1795413.8181818181,885518.21919777,2705309.417165866,-677733.1818181819,677733.1818181819,2019,3,pre_pandemic,True
one_step_201903,one_step_ex_ante,seasonal_moving_average_3,2019-03-01,1,2473147.0,2004285.6666666667,1076775.0496359705,2931796.283697363,-468861.33333333326,468861.33333333326,2019,3,pre_pandemic,True
one_step_201904,one_step_ex_ante,naive_last,2019-04-01,1,3266256.0,2473147.0,724453.6676203683,4221840.332379632,-793109.0,793109.0,2019,4,pre_pandemic,True
one_step_201904,one_step_ex_ante,seasonal_naive,2019-04-01,1,3266256.0,2870569.0,1884656.7606774173,3856481.2393225827,-395687.0,395687.0,2019,4,pre_pandemic,True
one_step_201904,one_step_ex_ante,drift,2019-04-01,1,3266256.0,2482851.5597014925,-451616.37275089603,5417319.492153881,-783404.4402985075,783404.4402985075,2019,4,pre_pandemic,True
one_step_201904,one_step_ex_ante,same_month_historical_mean,2019-04-01,1,3266256.0,2246048.6363636362,1332921.081784374,3159176.1909428984,-1020207.3636363638,1020207.3636363638,2019,4,pre_pandemic,True
one_step_201904,one_step_ex_ante,seasonal_moving_average_3,2019-04-01,1,3266256.0,2399448.3333333335,1474219.5795892067,3324677.0870774603,-866807.6666666665,866807.6666666665,2019,4,pre_pandemic,True
one_step_201905,one_step_ex_ante,naive_last,2019-05-01,1,4219837.0,3266256.0,1519094.9777387297,5013417.02226127,-953581.0,953581.0,2019,5,pre_pandemic,True
one_step_201905,one_step_ex_ante,seasonal_naive,2019-05-01,1,4219837.0,3790524.0,2807458.3124432536,4773589.687556746,-429313.0,429313.0,2019,5,pre_pandemic,True
one_step_201905,one_step_ex_ante,drift,2019-05-01,1,4219837.0,3281763.5555555555,288664.77033370594,6274862.340777405,-938073.4444444445,938073.4444444445,2019,5,pre_pandemic,True
one_step_201905,one_step_ex_ante,same_month_historical_mean,2019-05-01,1,4219837.0,3257320.6363636362,2332780.5193481976,4181860.753379075,-962516.3636363638,962516.3636363638,2019,5,pre_pandemic,True
one_step_201905,one_step_ex_ante,seasonal_moving_average_3,2019-05-01,1,4219837.0,3211818.0,2282246.2239270667,4141389.7760729333,-1008019.0,1008019.0,2019,5,pre_pandemic,True
one_step_201906,one_step_ex_ante,naive_last,2019-06-01,1,5276253.0,4219837.0,2472033.8132081153,5967640.186791885,-1056416.0,1056416.0,2019,6,pre_pandemic,True
one_step_201906,one_step_ex_ante,seasonal_naive,2019-06-01,1,5276253.0,4406894.0,3426353.1466569183,5387434.853343082,-869359.0,869359.0,2019,6,pre_pandemic,True
one_step_201906,one_step_ex_ante,drift,2019-06-01,1,5276253.0,4242242.154411765,1096790.0362795768,7387694.272543953,-1034010.8455882352,1034010.8455882352,2019,6,pre_pandemic,True
one_step_201906,one_step_ex_ante,same_month_historical_mean,2019-06-01,1,5276253.0,3752273.4545454546,2818208.7779129487,4686338.131177961,-1523979.5454545454,1523979.5454545454,2019,6,pre_pandemic,True
one_step_201906,one_step_ex_ante,seasonal_moving_average_3,2019-06-01,1,5276253.0,3530871.6666666665,2593643.074192856,4468100.2591404775,-1745381.3333333335,1745381.3333333335,2019,6,pre_pandemic,True
one_step_201907,one_step_ex_ante,naive_last,2019-07-01,1,6703045.0,5276253.0,3526300.5162419034,7026205.483758097,-1426792.0,1426792.0,2019,7,pre_pandemic,True
one_step_201907,one_step_ex_ante,seasonal_naive,2019-07-01,1,6703045.0,5712975.0,4727821.89392559,6698128.10607441,-990070.0,990070.0,2019,7,pre_pandemic,True
one_step_201907,one_step_ex_ante,drift,2019-07-01,1,6703045.0,5306205.678832117,1905562.768090331,8706848.589573901,-1396839.3211678835,1396839.3211678835,2019,7,pre_pandemic,True
one_step_201907,one_step_ex_ante,same_month_historical_mean,2019-07-01,1,6703045.0,4724907.818181818,3762720.523675302,5687095.112688335,-1978137.1818181816,1978137.1818181816,2019,7,pre_pandemic,True
one_step_201907,one_step_ex_ante,seasonal_moving_average_3,2019-07-01,1,6703045.0,4742669.0,3770145.045734153,5715192.954265847,-1960376.0,1960376.0,2019,7,pre_pandemic,True
one_step_201908,one_step_ex_ante,naive_last,2019-08-01,1,8167150.0,6703045.0,4943984.264534635,8462105.735465366,-1464105.0,1464105.0,2019,8,pre_pandemic,True
one_step_201908,one_step_ex_ante,seasonal_naive,2019-08-01,1,8167150.0,7052433.0,6059961.861386903,8044904.138613097,-1114717.0,1114717.0,2019,8,pre_pandemic,True
one_step_201908,one_step_ex_ante,drift,2019-08-01,1,8167150.0,6743119.702898551,2883836.437482164,10602402.968314938,-1424030.2971014492,1424030.2971014492,2019,8,pre_pandemic,True
one_step_201908,one_step_ex_ante,same_month_historical_mean,2019-08-01,1,8167150.0,5795274.454545454,4785846.83615658,6804702.072934329,-2371875.545454546,2371875.545454546,2019,8,pre_pandemic,True
one_step_201908,one_step_ex_ante,seasonal_moving_average_3,2019-08-01,1,8167150.0,5980719.333333333,4964582.326854209,6996856.339812457,-2186430.666666667,2186430.666666667,2019,8,pre_pandemic,True
one_step_201909,one_step_ex_ante,naive_last,2019-09-01,1,6741769.0,8167150.0,6398558.739181291,9935741.260818709,1425381.0,1425381.0,2019,9,pre_pandemic,True
one_step_201909,one_step_ex_ante,seasonal_naive,2019-09-01,1,6741769.0,6021357.0,5018500.38243674,7024213.61756326,-720412.0,720412.0,2019,9,pre_pandemic,True
one_step_201909,one_step_ex_ante,drift,2019-09-01,1,6741769.0,8217469.525179856,3800859.2792015,12634079.771158213,1475700.5251798565,1475700.5251798565,2019,9,pre_pandemic,True
one_step_201909,one_step_ex_ante,same_month_historical_mean,2019-09-01,1,6741769.0,4890921.818181818,3816615.6016967944,5965228.034666842,-1850847.1818181816,1850847.1818181816,2019,9,pre_pandemic,True
one_step_201909,one_step_ex_ante,seasonal_moving_average_3,2019-09-01,1,6741769.0,5114391.666666667,4045872.230672965,6182911.102660369,-1627377.333333333,1627377.333333333,2019,9,pre_pandemic,True
one_step_201910,one_step_ex_ante,naive_last,2019-10-01,1,5437494.0,6741769.0,4962677.733248752,8520860.266751248,1304275.0,1304275.0,2019,10,pre_pandemic,True
one_step_201910,one_step_ex_ante,seasonal_naive,2019-10-01,1,5437494.0,4791439.0,3787639.0042752577,5795238.995724742,-646055.0,646055.0,2019,10,pre_pandemic,True
one_step_201910,one_step_ex_ante,drift,2019-10-01,1,5437494.0,6781547.807142857,2944310.091778685,10618785.52250703,1344053.8071428575,1344053.8071428575,2019,10,pre_pandemic,True
one_step_201910,one_step_ex_ante,same_month_historical_mean,2019-10-01,1,5437494.0,3866901.6363636362,2756922.8017416224,4976880.47098565,-1570592.3636363638,1570592.3636363638,2019,10,pre_pandemic,True
one_step_201910,one_step_ex_ante,seasonal_moving_average_3,2019-10-01,1,5437494.0,3965177.3333333335,2873660.293767299,5056694.372899368,-1472316.6666666665,1472316.6666666665,2019,10,pre_pandemic,True
one_step_201911,one_step_ex_ante,naive_last,2019-11-01,1,3005517.0,5437494.0,3650940.3709230814,7224047.629076919,2431977.0,2431977.0,2019,11,pre_pandemic,True
one_step_201911,one_step_ex_ante,seasonal_naive,2019-11-01,1,3005517.0,2679420.0,1675927.2962545962,3682912.703745404,-326097.0,326097.0,2019,11,pre_pandemic,True
one_step_201911,one_step_ex_ante,drift,2019-11-01,1,3005517.0,5467740.510638298,2051718.8608553149,8883762.16042128,2462223.5106382975,2462223.5106382975,2019,11,pre_pandemic,True
one_step_201911,one_step_ex_ante,same_month_historical_mean,2019-11-01,1,3005517.0,2142243.727272727,1008700.618643055,3275786.8359023994,-863273.2727272729,863273.2727272729,2019,11,pre_pandemic,True
one_step_201911,one_step_ex_ante,seasonal_moving_average_3,2019-11-01,1,3005517.0,2284297.3333333335,1176427.3666459832,3392167.3000206836,-721219.6666666665,721219.6666666665,2019,11,pre_pandemic,True
one_step_201912,one_step_ex_ante,naive_last,2019-12-01,1,2398329.0,3005517.0,1179826.9039509313,4831207.0960490685,607188.0,607188.0,2019,12,pre_pandemic,True
one_step_201912,one_step_ex_ante,seasonal_naive,2019-12-01,1,2398329.0,2180881.0,1180833.2142145573,3180928.7857854427,-217448.0,217448.0,2019,12,pre_pandemic,True
one_step_201912,one_step_ex_ante,drift,2019-12-01,1,2398329.0,3018423.908450704,-28272.92111674929,6065120.738018157,620094.9084507041,620094.9084507041,2019,12,pre_pandemic,True
one_step_201912,one_step_ex_ante,same_month_historical_mean,2019-12-01,1,2398329.0,1638916.4545454546,501220.6083874244,2776612.3007034846,-759412.5454545454,759412.5454545454,2019,12,pre_pandemic,True
one_step_201912,one_step_ex_ante,seasonal_moving_average_3,2019-12-01,1,2398329.0,1950558.3333333333,843948.9986355407,3057167.668031126,-447770.66666666674,447770.66666666674,2019,12,pre_pandemic,True
one_step_202001,one_step_ex_ante,naive_last,2020-01-01,1,2529423.0,2398329.0,576242.0338377908,4220415.966162209,-131094.0,131094.0,2020,1,pre_pandemic,True
one_step_202001,one_step_ex_ante,seasonal_naive,2020-01-01,1,2529423.0,2226288.0,1230012.4148911778,3222563.585108822,-303135.0,303135.0,2020,1,pre_pandemic,True
one_step_202001,one_step_ex_ante,drift,2020-01-01,1,2529423.0,2406899.5804195805,-638829.8910390828,5452629.051878244,-122523.41958041955,122523.41958041955,2020,1,pre_pandemic,True
one_step_202001,one_step_ex_ante,same_month_historical_mean,2020-01-01,1,2529423.0,1541565.5833333333,401608.70048676967,2681522.466179897,-987857.4166666667,987857.4166666667,2020,1,pre_pandemic,True
one_step_202001,one_step_ex_ante,seasonal_moving_average_3,2020-01-01,1,2529423.0,1946657.6666666667,843756.9224698655,3049558.410863468,-582765.3333333333,582765.3333333333,2020,1,pre_pandemic,True
one_step_202002,one_step_ex_ante,naive_last,2020-02-01,1,2051923.0,2529423.0,713607.8677706341,4345238.132229365,477500.0,477500.0,2020,2,pre_pandemic,True
one_step_202002,one_step_ex_ante,seasonal_naive,2020-02-01,1,2051923.0,1944957.0,952156.6769059038,2937757.323094096,-106966.0,106966.0,2020,2,pre_pandemic,True
one_step_202002,one_step_ex_ante,drift,2020-02-01,1,2051923.0,2538844.4375,-501474.5153819029,5579163.390381902,486921.4375,486921.4375,2020,2,pre_pandemic,True
one_step_202002,one_step_ex_ante,same_month_historical_mean,2020-02-01,1,2051923.0,1409467.25,262947.41660655197,2555987.083393448,-642455.75,642455.75,2020,2,pre_pandemic,True
one_step_202002,one_step_ex_ante,seasonal_moving_average_3,2020-02-01,1,2051923.0,1728040.3333333333,627872.1012198234,2828208.5654468434,-323882.66666666674,323882.66666666674,2020,2,pre_pandemic,True
one_step_202003,one_step_ex_ante,naive_last,2020-03-01,1,1058068.0,2051923.0,240688.9655287019,3863157.034471298,993855.0,993855.0,2020,3,pandemic_shock,True
one_step_202003,one_step_ex_ante,seasonal_naive,2020-03-01,1,1058068.0,2473147.0,1484046.40183191,3462247.59816809,1415079.0,1415079.0,2020,3,pandemic_shock,True
one_step_202003,one_step_ex_ante,drift,2020-03-01,1,1058068.0,2057986.3586206897,-999219.7796134786,5115192.4968548585,999918.3586206897,999918.3586206897,2020,3,pandemic_shock,True
one_step_202003,one_step_ex_ante,same_month_historical_mean,2020-03-01,1,1058068.0,1851891.5833333333,704923.4464020878,2998859.7202645787,793823.5833333333,793823.5833333333,2020,3,pandemic_shock,True
one_step_202003,one_step_ex_ante,seasonal_moving_average_3,2020-03-01,1,1058068.0,2195747.3333333335,1099656.5459041777,3291838.1207624893,1137679.3333333335,1137679.3333333335,2020,3,pandemic_shock,True
one_step_202004,one_step_ex_ante,naive_last,2020-04-01,1,,1058068.0,-754182.3087271692,2870318.3087271694,,,2020,4,pandemic_shock,False
one_step_202004,one_step_ex_ante,seasonal_naive,2020-04-01,1,,3266256.0,2245710.661519639,4286801.338480361,,,2020,4,pandemic_shock,False
one_step_202004,one_step_ex_ante,drift,2020-04-01,1,,1057282.602739726,-2110068.2218849733,4224633.427364425,,,2020,4,pandemic_shock,False
one_step_202004,one_step_ex_ante,same_month_historical_mean,2020-04-01,1,,2331065.9166666665,1181357.152659718,3480774.680673615,,,2020,4,pandemic_shock,False
one_step_202004,one_step_ex_ante,seasonal_moving_average_3,2020-04-01,1,,2805121.0,1688206.9982619802,3922035.0017380198,,,2020,4,pandemic_shock,False
one_step_202005,one_step_ex_ante,naive_last,2020-05-01,1,,1058068.0,-754182.3087271692,2870318.3087271694,,,2020,5,pandemic_shock,False
one_step_202005,one_step_ex_ante,seasonal_naive,2020-05-01,1,,4219837.0,3199291.661519639,5240382.338480361,,,2020,5,pandemic_shock,False
one_step_202005,one_step_ex_ante,drift,2020-05-01,1,,1057282.602739726,-2110068.2218849733,4224633.427364425,,,2020,5,pandemic_shock,False
one_step_202005,one_step_ex_ante,same_month_historical_mean,2020-05-01,1,,3337530.3333333335,2187821.569326385,4487239.097340282,,,2020,5,pandemic_shock,False
one_step_202005,one_step_ex_ante,seasonal_moving_average_3,2020-05-01,1,,3701881.0,2584966.9982619802,4818795.001738019,,,2020,5,pandemic_shock,False
one_step_202006,one_step_ex_ante,naive_last,2020-06-01,1,,1058068.0,-754182.3087271692,2870318.3087271694,,,2020,6,pandemic_shock,False
one_step_202006,one_step_ex_ante,seasonal_naive,2020-06-01,1,,5276253.0,4255707.661519639,6296798.338480361,,,2020,6,pandemic_shock,False
one_step_202006,one_step_ex_ante,drift,2020-06-01,1,,1057282.602739726,-2110068.2218849733,4224633.427364425,,,2020,6,pandemic_shock,False
one_step_202006,one_step_ex_ante,same_month_historical_mean,2020-06-01,1,,3879271.75,2729562.9859930514,5028980.514006948,,,2020,6,pandemic_shock,False
one_step_202006,one_step_ex_ante,seasonal_moving_average_3,2020-06-01,1,,4390906.333333333,3273992.3315953133,5507820.335071353,,,2020,6,pandemic_shock,False
one_step_202007,one_step_ex_ante,naive_last,2020-07-01,1,777043.0,1058068.0,-754182.3087271692,2870318.3087271694,281025.0,281025.0,2020,7,pandemic_shock,True
one_step_202007,one_step_ex_ante,seasonal_naive,2020-07-01,1,777043.0,6703045.0,5682499.661519639,7723590.338480361,5926002.0,5926002.0,2020,7,pandemic_shock,True
one_step_202007,one_step_ex_ante,drift,2020-07-01,1,777043.0,1057282.602739726,-2110068.2218849733,4224633.427364425,280239.60273972596,280239.60273972596,2020,7,pandemic_shock,True
one_step_202007,one_step_ex_ante,same_month_historical_mean,2020-07-01,1,777043.0,4889752.583333333,3740043.8193263845,6039461.347340282,4112709.583333333,4112709.583333333,2020,7,pandemic_shock,True
one_step_202007,one_step_ex_ante,seasonal_moving_average_3,2020-07-01,1,777043.0,5816169.333333333,4699255.331595313,6933083.335071353,5039126.333333333,5039126.333333333,2020,7,pandemic_shock,True
one_step_202008,one_step_ex_ante,naive_last,2020-08-01,1,2192917.0,777043.0,-1029558.3938583669,2583644.3938583666,-1415874.0,1415874.0,2020,8,pandemic_shock,True
one_step_202008,one_step_ex_ante,seasonal_naive,2020-08-01,1,2192917.0,8167150.0,6726446.768095583,9607853.231904417,5974233.0,5974233.0,2020,8,pandemic_shock,True
one_step_202008,one_step_ex_ante,drift,2020-08-01,1,2192917.0,774351.2108843537,-2444751.904243313,3993454.32601202,-1418565.7891156464,1418565.7891156464,2020,8,pandemic_shock,True
one_step_202008,one_step_ex_ante,same_month_historical_mean,2020-08-01,1,2192917.0,5992930.75,4681118.988658356,7304742.511341644,3800013.75,3800013.75,2020,8,pandemic_shock,True
one_step_202008,one_step_ex_ante,seasonal_moving_average_3,2020-08-01,1,2192917.0,7181157.0,5757670.946849013,8604643.053150987,4988240.0,4988240.0,2020,8,pandemic_shock,True
one_step_202009,one_step_ex_ante,naive_last,2020-09-01,1,2634195.0,2192917.0,378023.77205063193,4007810.227949368,-441278.0,441278.0,2020,9,pandemic_shock,True
one_step_202009,one_step_ex_ante,seasonal_naive,2020-09-01,1,2634195.0,6741769.0,4982278.984479457,8501259.015520543,4107574.0,4107574.0,2020,9,pandemic_shock,True
one_step_202009,one_step_ex_ante,drift,2020-09-01,1,2634195.0,2199810.114864865,-893824.8321620324,5293445.061891763,-434384.88513513515,434384.88513513515,2020,9,pandemic_shock,True
one_step_202009,one_step_ex_ante,same_month_historical_mean,2020-09-01,1,2634195.0,5045159.083333333,3611563.561122623,6478754.605544044,2410964.083333333,2410964.083333333,2020,9,pandemic_shock,True
one_step_202009,one_step_ex_ante,seasonal_moving_average_3,2020-09-01,1,2634195.0,6023338.0,4359797.997042318,7686878.002957682,3389143.0,3389143.0,2020,9,pandemic_shock,True
one_step_202010,one_step_ex_ante,naive_last,2020-10-01,1,2355124.0,2634195.0,824099.2823431848,4444290.717656815,279071.0,279071.0,2020,10,pandemic_shock,True
one_step_202010,one_step_ex_ante,seasonal_naive,2020-10-01,1,2355124.0,5437494.0,3551684.17050236,7323303.82949764,3082370.0,3082370.0,2020,10,pandemic_shock,True
one_step_202010,one_step_ex_ante,drift,2020-10-01,1,2355124.0,2644003.4496644298,-451464.26536307577,5739471.164691935,288879.44966442976,288879.44966442976,2020,10,pandemic_shock,True
one_step_202010,one_step_ex_ante,same_month_historical_mean,2020-10-01,1,2355124.0,3997784.3333333335,2521391.102719855,5474177.5639468115,1642660.3333333335,1642660.3333333335,2020,10,pandemic_shock,True
one_step_202010,one_step_ex_ante,seasonal_moving_average_3,2020-10-01,1,2355124.0,4714230.666666667,2953825.901372199,6474635.431961135,2359106.666666667,2359106.666666667,2020,10,pandemic_shock,True
one_step_202011,one_step_ex_ante,naive_last,2020-11-01,1,1262757.0,2355124.0,550520.4149922221,4159727.585007778,1092367.0,1092367.0,2020,11,pandemic_shock,True
one_step_202011,one_step_ex_ante,seasonal_naive,2020-11-01,1,1262757.0,3005517.0,1056702.4285755912,4954331.571424409,1742760.0,1742760.0,2020,11,pandemic_shock,True
one_step_202011,one_step_ex_ante,drift,2020-11-01,1,1262757.0,2363006.5866666664,-722421.1158154826,5448434.289148815,1100249.5866666664,1100249.5866666664,2020,11,pandemic_shock,True
one_step_202011,one_step_ex_ante,same_month_historical_mean,2020-11-01,1,1262757.0,2214183.1666666665,721201.8207577809,3707164.512575552,951426.1666666665,951426.1666666665,2020,11,pandemic_shock,True
one_step_202011,one_step_ex_ante,seasonal_moving_average_3,2020-11-01,1,1262757.0,2659594.6666666665,857033.5958895604,4462155.737443773,1396837.6666666665,1396837.6666666665,2020,11,pandemic_shock,True
one_step_202012,one_step_ex_ante,naive_last,2020-12-01,1,964816.0,1262757.0,-544362.2525759588,3069876.252575959,297941.0,297941.0,2020,12,pandemic_shock,True
one_step_202012,one_step_ex_ante,seasonal_naive,2020-12-01,1,964816.0,2398329.0,435057.66248381813,4361600.337516182,1433513.0,1433513.0,2020,12,pandemic_shock,True
one_step_202012,one_step_ex_ante,drift,2020-12-01,1,964816.0,1263353.165562914,-1871275.4460988136,4397981.777224641,298537.165562914,298537.165562914,2020,12,pandemic_shock,True
one_step_202012,one_step_ex_ante,same_month_historical_mean,2020-12-01,1,964816.0,1702200.8333333333,207045.65224933694,3197356.01441733,737384.8333333333,737384.8333333333,2020,12,pandemic_shock,True
one_step_202012,one_step_ex_ante,seasonal_moving_average_3,2020-12-01,1,964816.0,2206844.3333333335,393233.8516635711,4020454.815003096,1242028.3333333335,1242028.3333333335,2020,12,pandemic_shock,True
one_step_202101,one_step_ex_ante,naive_last,2021-01-01,1,829932.0,964816.0,-836934.6468326475,2766566.6468326477,134884.0,134884.0,2021,1,recovery,True
one_step_202101,one_step_ex_ante,seasonal_naive,2021-01-01,1,829932.0,2529423.0,559053.5815667829,4499792.418433217,1699491.0,1699491.0,2021,1,recovery,True
one_step_202101,one_step_ex_ante,drift,2021-01-01,1,829932.0,963448.1052631579,-2208033.7301474246,4134929.94067374,133516.10526315786,133516.10526315786,2021,1,recovery,True
one_step_202101,one_step_ex_ante,same_month_historical_mean,2021-01-01,1,829932.0,1617554.6153846155,123075.93950731307,3112033.291261918,787622.6153846155,787622.6153846155,2021,1,recovery,True
one_step_202101,one_step_ex_ante,seasonal_moving_average_3,2021-01-01,1,829932.0,2267017.3333333335,446136.80967880855,4087897.856987858,1437085.3333333335,1437085.3333333335,2021,1,recovery,True
one_step_202102,one_step_ex_ante,naive_last,2021-02-01,1,727126.0,829932.0,-966006.6689053185,2625870.6689053187,102806.0,102806.0,2021,2,recovery,True
one_step_202102,one_step_ex_ante,seasonal_naive,2021-02-01,1,727126.0,2051923.0,69146.03649968049,4034699.9635003195,1324797.0,1324797.0,2021,2,recovery,True
one_step_202102,one_step_ex_ante,drift,2021-02-01,1,727126.0,827691.4509803922,-2365821.5670517776,4021204.469012562,100565.45098039217,100565.45098039217,2021,2,recovery,True
one_step_202102,one_step_ex_ante,same_month_historical_mean,2021-02-01,1,727126.0,1458886.923076923,-35546.62410426908,2953320.470258115,731760.923076923,731760.923076923,2021,2,recovery,True
one_step_202102,one_step_ex_ante,seasonal_moving_average_3,2021-02-01,1,727126.0,1934567.3333333333,102582.33103807108,3766552.335628595,1207441.3333333333,1207441.3333333333,2021,2,recovery,True
one_step_202103,one_step_ex_ante,naive_last,2021-03-01,1,1043411.0,727126.0,-1063004.4307626537,2517256.4307626537,-316285.0,316285.0,2021,3,recovery,True
one_step_202103,one_step_ex_ante,seasonal_naive,2021-03-01,1,1043411.0,1058068.0,-929100.2926816277,3045236.292681628,14657.0,14657.0,2021,3,recovery,True
one_step_202103,one_step_ex_ante,drift,2021-03-01,1,1043411.0,724232.4285714285,-2488074.2623456004,3936539.1194884577,-319178.5714285715,319178.5714285715,2021,3,recovery,True
one_step_202103,one_step_ex_ante,same_month_historical_mean,2021-03-01,1,1043411.0,1790828.2307692308,297097.14927221346,3284559.3122662483,747417.2307692308,747417.2307692308,2021,3,recovery,True
one_step_202103,one_step_ex_ante,seasonal_moving_average_3,2021-03-01,1,1043411.0,1933744.6666666667,95856.56434684293,3771632.7689864906,890333.6666666667,890333.6666666667,2021,3,recovery,True
one_step_202104,one_step_ex_ante,naive_last,2021-04-01,1,1179562.0,1043411.0,-741605.2216612652,2828427.221661265,-136151.0,136151.0,2021,4,recovery,False
one_step_202104,one_step_ex_ante,seasonal_naive,2021-04-01,1,1179562.0,,,,,,2021,4,recovery,False
one_step_202104,one_step_ex_ante,drift,2021-04-01,1,1179562.0,1042576.6451612903,-2144079.565088004,4229232.855410584,-136985.3548387097,136985.3548387097,2021,4,recovery,False
one_step_202104,one_step_ex_ante,same_month_historical_mean,2021-04-01,1,1179562.0,2331065.9166666665,837850.0918280787,3824281.741505254,1151503.9166666665,1151503.9166666665,2021,4,recovery,False
one_step_202104,one_step_ex_ante,seasonal_moving_average_3,2021-04-01,1,1179562.0,2805121.0,966797.1408469959,4643444.859153004,1625559.0,1625559.0,2021,4,recovery,False
one_step_202105,one_step_ex_ante,naive_last,2021-05-01,1,1025559.0,1179562.0,-599816.6360722715,2958940.6360722715,154003.0,154003.0,2021,5,recovery,False
one_step_202105,one_step_ex_ante,seasonal_naive,2021-05-01,1,1025559.0,,,,,,2021,5,recovery,False
one_step_202105,one_step_ex_ante,drift,2021-05-01,1,1025559.0,1179605.7564102565,-2001763.2604294186,4360974.773249932,154046.7564102565,154046.7564102565,2021,5,recovery,False
one_step_202105,one_step_ex_ante,same_month_historical_mean,2021-05-01,1,1025559.0,3337530.3333333335,1839017.6076450208,4836043.059021646,2311971.3333333335,2311971.3333333335,2021,5,recovery,False
one_step_202105,one_step_ex_ante,seasonal_moving_average_3,2021-05-01,1,1025559.0,3701881.0,1849151.4637744,5554610.5362256,2676322.0,2676322.0,2021,5,recovery,False
one_step_202106,one_step_ex_ante,naive_last,2021-06-01,1,1861089.0,1025559.0,-748271.0043624754,2799389.004362475,-835530.0,835530.0,2021,6,recovery,False
one_step_202106,one_step_ex_ante,seasonal_naive,2021-06-01,1,1861089.0,,,,,,2021,6,recovery,False
one_step_202106,one_step_ex_ante,drift,2021-06-01,1,1861089.0,1024621.5668789808,-2169681.1041804343,4218924.237938396,-836467.4331210192,836467.4331210192,2021,6,recovery,False
one_step_202106,one_step_ex_ante,same_month_historical_mean,2021-06-01,1,1861089.0,3879271.75,2345660.597356555,5412882.902643445,2018182.75,2018182.75,2021,6,recovery,False
one_step_202106,one_step_ex_ante,seasonal_moving_average_3,2021-06-01,1,1861089.0,4390906.333333333,2491840.447286732,6289972.219379934,2529817.333333333,2529817.333333333,2021,6,recovery,False
one_step_202107,one_step_ex_ante,naive_last,2021-07-01,1,3735532.0,1861089.0,88113.26900353679,3634064.7309964634,-1874443.0,1874443.0,2021,7,recovery,True
one_step_202107,one_step_ex_ante,seasonal_naive,2021-07-01,1,3735532.0,777043.0,-1203168.592146572,2757254.5921465717,-2958489.0,2958489.0,2021,7,recovery,True
one_step_202107,one_step_ex_ante,drift,2021-07-01,1,3735532.0,1865445.664556962,-1316097.1745506572,5046988.503664581,-1870086.335443038,1870086.335443038,2021,7,recovery,True
one_step_202107,one_step_ex_ante,same_month_historical_mean,2021-07-01,1,3735532.0,4573390.307692308,3015029.559591148,6131751.055793468,837858.307692308,837858.307692308,2021,7,recovery,True
one_step_202107,one_step_ex_ante,seasonal_moving_average_3,2021-07-01,1,3735532.0,4397687.666666667,2459912.998554111,6335462.334779223,662155.666666667,662155.666666667,2021,7,recovery,True
one_step_202108,one_step_ex_ante,naive_last,2021-08-01,1,5499057.0,3735532.0,1944431.485377721,5526632.5146222785,-1763525.0,1763525.0,2021,8,recovery,True
one_step_202108,one_step_ex_ante,seasonal_naive,2021-08-01,1,5499057.0,2192917.0,160224.50637196517,4225609.493628034,-3306140.0,3306140.0,2021,8,recovery,True
one_step_202108,one_step_ex_ante,drift,2021-08-01,1,5499057.0,3751650.213836478,347402.7797328904,7155897.647940066,-1747406.786163522,1747406.786163522,2021,8,recovery,True
one_step_202108,one_step_ex_ante,same_month_historical_mean,2021-08-01,1,5499057.0,5700622.0,4142108.668990665,7259135.331009335,201565.0,201565.0,2021,8,recovery,True
one_step_202108,one_step_ex_ante,seasonal_moving_average_3,2021-08-01,1,5499057.0,5804166.666666667,3869802.7275210754,7738530.605812259,305109.666666667,305109.666666667,2021,8,recovery,True
one_step_202109,one_step_ex_ante,naive_last,2021-09-01,1,4406083.0,5499057.0,3693184.671696447,7304929.328303553,1092974.0,1092974.0,2021,9,recovery,True
one_step_202109,one_step_ex_ante,seasonal_naive,2021-09-01,1,4406083.0,2634195.0,538028.3180075395,4730361.68199246,-1771888.0,1771888.0,2021,9,recovery,True
one_step_202109,one_step_ex_ante,drift,2021-09-01,1,4406083.0,5526096.50625,1658563.5550761963,9393629.457423802,1120013.5062499996,1120013.5062499996,2021,9,recovery,True
one_step_202109,one_step_ex_ante,same_month_historical_mean,2021-09-01,1,4406083.0,4859700.307692308,3305773.4892248926,6413627.126159724,453617.307692308,453617.307692308,2021,9,recovery,True
one_step_202109,one_step_ex_ante,seasonal_moving_average_3,2021-09-01,1,4406083.0,5132440.333333333,3203904.428422032,7060976.238244634,726357.333333333,726357.333333333,2021,9,recovery,True
one_step_202110,one_step_ex_ante,naive_last,2021-10-01,1,4406796.0,4406083.0,2597568.908295043,6214597.091704957,-713.0,713.0,2021,10,recovery,True
one_step_202110,one_step_ex_ante,seasonal_naive,2021-10-01,1,4406796.0,2355124.0,246727.4617777653,4463520.538222235,-2051672.0,2051672.0,2021,10,recovery,True
one_step_202110,one_step_ex_ante,drift,2021-10-01,1,4406796.0,4426165.900621118,893453.1632003845,7958878.638041852,19369.900621118024,19369.900621118024,2021,10,recovery,True
one_step_202110,one_step_ex_ante,same_month_historical_mean,2021-10-01,1,4406796.0,3871425.846153846,2320861.6127662202,5421990.079541472,-535370.153846154,535370.153846154,2021,10,recovery,True
one_step_202110,one_step_ex_ante,seasonal_moving_average_3,2021-10-01,1,4406796.0,4194685.666666667,2268920.5759405517,6120450.757392783,-212110.33333333302,212110.33333333302,2021,10,recovery,True
one_step_202111,one_step_ex_ante,naive_last,2021-11-01,1,2466682.0,4406796.0,2603904.6927705035,6209687.307229497,1940114.0,1940114.0,2021,11,recovery,True
one_step_202111,one_step_ex_ante,seasonal_naive,2021-11-01,1,2466682.0,1262757.0,-863853.6223903373,3389367.6223903373,-1203925.0,1203925.0,2021,11,recovery,True
one_step_202111,one_step_ex_ante,drift,2021-11-01,1,2466682.0,4426759.333333333,909535.4815235971,7943983.185143068,1960077.333333333,1960077.333333333,2021,11,recovery,True
one_step_202111,one_step_ex_ante,same_month_historical_mean,2021-11-01,1,2466682.0,2140996.5384615385,593185.344526499,3688807.732396578,-325685.4615384615,325685.4615384615,2021,11,recovery,True
one_step_202111,one_step_ex_ante,seasonal_moving_average_3,2021-11-01,1,2466682.0,2315898.0,396306.5366907355,4235489.463309265,-150784.0,150784.0,2021,11,recovery,True
one_step_202112,one_step_ex_ante,naive_last,2021-12-01,1,2176634.0,2466682.0,644349.4875754153,4289014.5124245845,290048.0,290048.0,2021,12,recovery,True
one_step_202112,one_step_ex_ante,seasonal_naive,2021-12-01,1,2176634.0,964816.0,-1162942.4592734324,3092574.4592734324,-1211818.0,1211818.0,2021,12,recovery,True
one_step_202112,one_step_ex_ante,drift,2021-12-01,1,2176634.0,2474620.319018405,-714658.4846086507,5663899.12264546,297986.31901840493,297986.31901840493,2021,12,recovery,True
one_step_202112,one_step_ex_ante,same_month_historical_mean,2021-12-01,1,2176634.0,1645478.923076923,101670.94614303391,3189286.900010812,-531155.076923077,531155.076923077,2021,12,recovery,True
one_step_202112,one_step_ex_ante,seasonal_moving_average_3,2021-12-01,1,2176634.0,1848008.6666666667,-65334.64063693187,3761351.973970265,-328625.33333333326,328625.33333333326,2021,12,recovery,True
one_step_202201,one_step_ex_ante,naive_last,2022-01-01,1,2158066.0,2176634.0,359327.7230675793,3993940.2769324207,18568.0,18568.0,2022,1,recovery,True
one_step_202201,one_step_ex_ante,seasonal_naive,2022-01-01,1,2158066.0,829932.0,-1298958.9960664217,2958822.9960664217,-1328134.0,1328134.0,2022,1,recovery,True
one_step_202201,one_step_ex_ante,drift,2022-01-01,1,2158066.0,2182755.3292682925,-984938.4256459828,5350449.084182568,24689.329268292524,24689.329268292524,2022,1,recovery,True
one_step_202201,one_step_ex_ante,same_month_historical_mean,2022-01-01,1,2158066.0,1561295.857142857,20209.602968611056,3102382.111317103,-596770.142857143,596770.142857143,2022,1,recovery,True
one_step_202201,one_step_ex_ante,seasonal_moving_average_3,2022-01-01,1,2158066.0,1861881.0,-45794.63047663774,3769556.6304766377,-296185.0,296185.0,2022,1,recovery,True
one_step_202202,one_step_ex_ante,naive_last,2022-02-01,1,1851394.0,2158066.0,346304.8463012271,3969827.153698773,306672.0,306672.0,2022,2,recovery,True
one_step_202202,one_step_ex_ante,seasonal_naive,2022-02-01,1,1851394.0,727126.0,-1404471.308114884,2858723.308114884,-1124268.0,1124268.0,2022,2,recovery,True
one_step_202202,one_step_ex_ante,drift,2022-02-01,1,1851394.0,2164037.696969697,-999827.2216906473,5327902.615630041,312643.6969696968,312643.6969696968,2022,2,recovery,True
one_step_202202,one_step_ex_ante,same_month_historical_mean,2022-02-01,1,1851394.0,1406618.2857142857,-132307.26142321574,2945543.832851787,-444775.7142857143,444775.7142857143,2022,2,recovery,True
one_step_202202,one_step_ex_ante,seasonal_moving_average_3,2022-02-01,1,1851394.0,1574668.6666666667,-327264.0286474698,3476601.3619808033,-276725.33333333326,276725.33333333326,2022,2,recovery,True
one_step_202203,one_step_ex_ante,naive_last,2022-03-01,1,2442196.0,1851394.0,44505.33650608058,3658282.663493919,-590802.0,590802.0,2022,3,recovery,True
one_step_202203,one_step_ex_ante,seasonal_naive,2022-03-01,1,2442196.0,1043411.0,-1087897.7271788754,3174719.7271788754,-1398785.0,1398785.0,2022,3,recovery,True
one_step_202203,one_step_ex_ante,drift,2022-03-01,1,2442196.0,1855482.3012048192,-1295177.2379095857,5006141.840319224,-586713.6987951808,586713.6987951808,2022,3,recovery,True
one_step_202203,one_step_ex_ante,same_month_historical_mean,2022-03-01,1,2442196.0,1737441.2857142857,201766.2658637485,3273116.3055648226,-704754.7142857143,704754.7142857143,2022,3,recovery,True
one_step_202203,one_step_ex_ante,seasonal_moving_average_3,2022-03-01,1,2442196.0,1524875.3333333333,-371298.10647804965,3421048.7731447164,-917320.6666666667,917320.6666666667,2022,3,recovery,True
one_step_202204,one_step_ex_ante,naive_last,2022-04-01,1,2921440.0,2442196.0,638561.5593935584,4245830.440606441,-479244.0,479244.0,2022,4,recovery,True
one_step_202204,one_step_ex_ante,seasonal_naive,2022-04-01,1,2921440.0,1179562.0,-955248.1128775473,3314372.1128775473,-1741878.0,1741878.0,2022,4,recovery,True
one_step_202204,one_step_ex_ante,drift,2022-04-01,1,2921440.0,2449797.5568862273,-731135.2248933921,5630730.338665847,-471642.44311377266,471642.44311377266,2022,4,recovery,True
one_step_202204,one_step_ex_ante,same_month_historical_mean,2022-04-01,1,2921440.0,2242488.6923076925,707940.0473693069,3777037.337246078,-678951.3076923075,678951.3076923075,2022,4,recovery,True
one_step_202204,one_step_ex_ante,seasonal_moving_average_3,2022-04-01,1,2921440.0,2438795.6666666665,543546.9117041149,4334044.421629218,-482644.3333333335,482644.3333333335,2022,4,recovery,True
one_step_202205,one_step_ex_ante,naive_last,2022-05-01,1,4078425.0,2921440.0,1121800.0369509116,4721079.963049089,-1156985.0,1156985.0,2022,5,recovery,True
one_step_202205,one_step_ex_ante,seasonal_naive,2022-05-01,1,4078425.0,1025559.0,-1118557.2558358647,3169675.2558358647,-3052866.0,3052866.0,2022,5,recovery,True
one_step_202205,one_step_ex_ante,drift,2022-05-01,1,4078425.0,2931848.9523809524,-296815.94631236326,6160513.851074268,-1146576.0476190476,1146576.0476190476,2022,5,recovery,True
one_step_202205,one_step_ex_ante,same_month_historical_mean,2022-05-01,1,4078425.0,3159686.3846153845,1626516.3630024935,4692856.406228276,-918738.6153846155,918738.6153846155,2022,5,recovery,True
one_step_202205,one_step_ex_ante,seasonal_moving_average_3,2022-05-01,1,4078425.0,3011973.3333333335,1121475.6527653441,4902471.013901323,-1066451.6666666665,1066451.6666666665,2022,5,recovery,True
one_step_202206,one_step_ex_ante,naive_last,2022-06-01,1,4939265.0,4078425.0,2275841.193842943,5881008.806157057,-860840.0,860840.0,2022,6,recovery,True
one_step_202206,one_step_ex_ante,seasonal_naive,2022-06-01,1,4939265.0,1861089.0,-326623.6337717157,4048801.6337717157,-3078176.0,3078176.0,2022,6,recovery,True
one_step_202206,one_step_ex_ante,drift,2022-06-01,1,4939265.0,4095618.426035503,659058.950326365,7532177.901744641,-843646.5739644971,843646.5739644971,2022,6,recovery,True
one_step_202206,one_step_ex_ante,same_month_historical_mean,2022-06-01,1,4939265.0,3724026.923076923,2189583.272062702,5258470.574091144,-1215238.076923077,1215238.076923077,2022,6,recovery,True
one_step_202206,one_step_ex_ante,seasonal_moving_average_3,2022-06-01,1,4939265.0,3848078.6666666665,1956717.1462912934,5739440.18704204,-1091186.3333333335,1091186.3333333335,2022,6,recovery,True
one_step_202207,one_step_ex_ante,naive_last,2022-07-01,1,6359123.0,4939265.0,3137553.3834219854,6740976.616578015,-1419858.0,1419858.0,2022,7,recovery,True
one_step_202207,one_step_ex_ante,seasonal_naive,2022-07-01,1,6359123.0,3735532.0,1505417.479456725,5965646.520543275,-2623591.0,2623591.0,2022,7,recovery,True
one_step_202207,one_step_ex_ante,drift,2022-07-01,1,6359123.0,4961421.052941176,1310143.4380045808,8612698.667877771,-1397701.947058824,1397701.947058824,2022,7,recovery,True
one_step_202207,one_step_ex_ante,same_month_historical_mean,2022-07-01,1,6359123.0,4513543.285714285,2973525.5491719255,6053561.022256645,-1845579.7142857146,1845579.7142857146,2022,7,recovery,True
one_step_202207,one_step_ex_ante,seasonal_moving_average_3,2022-07-01,1,6359123.0,3738540.0,1846083.3288302547,5630996.671169745,-2620583.0,2620583.0,2022,7,recovery,True
one_step_202208,one_step_ex_ante,naive_last,2022-08-01,1,7992422.0,6359123.0,4550544.5562354475,8167701.4437645525,-1633299.0,1633299.0,2022,8,recovery,True
one_step_202208,one_step_ex_ante,seasonal_naive,2022-08-01,1,7992422.0,5499057.0,3241883.3574295407,7756230.642570459,-2493365.0,2493365.0,2022,8,recovery,True
one_step_202208,one_step_ex_ante,drift,2022-08-01,1,7992422.0,6389452.748538012,2282290.5371053093,10496614.959970715,-1602969.2514619883,1602969.2514619883,2022,8,recovery,True
one_step_202208,one_step_ex_ante,same_month_historical_mean,2022-08-01,1,7992422.0,5686224.5,4127634.6100065517,7244814.389993448,-2306197.5,2306197.5,2022,8,recovery,True
one_step_202208,one_step_ex_ante,seasonal_moving_average_3,2022-08-01,1,7992422.0,5286374.666666667,3358124.5326259406,7214624.800707393,-2706047.333333333,2706047.333333333,2022,8,recovery,True
one_step_202209,one_step_ex_ante,naive_last,2022-09-01,1,6648582.0,7992422.0,6173297.156274416,9811546.843725584,1343840.0,1343840.0,2022,9,recovery,True
one_step_202209,one_step_ex_ante,seasonal_naive,2022-09-01,1,6648582.0,4406083.0,2126292.9394147024,6685873.060585298,-2242499.0,2242499.0,2022,9,recovery,True
one_step_202209,one_step_ex_ante,drift,2022-09-01,1,6648582.0,8032071.337209302,3297937.44549869,12766205.228919914,1383489.337209302,1383489.337209302,2022,9,recovery,True
one_step_202209,one_step_ex_ante,same_month_historical_mean,2022-09-01,1,6648582.0,4827299.071428572,3237976.9038563482,6416621.239000795,-1821282.9285714282,1821282.9285714282,2022,9,recovery,True
one_step_202209,one_step_ex_ante,seasonal_moving_average_3,2022-09-01,1,6648582.0,4594015.666666667,2628858.5782199376,6559172.755113397,-2054566.333333333,2054566.333333333,2022,9,recovery,True
one_step_202210,one_step_ex_ante,naive_last,2022-10-01,1,5919814.0,6648582.0,4823074.721287351,8474089.278712649,728768.0,728768.0,2022,10,recovery,True
one_step_202210,one_step_ex_ante,seasonal_naive,2022-10-01,1,5919814.0,4406796.0,2111105.142964498,6702486.857035502,-1513018.0,1513018.0,2022,10,recovery,True
one_step_202210,one_step_ex_ante,drift,2022-10-01,1,5919814.0,6680234.289017341,2499045.494450424,10861423.083584258,760420.2890173411,760420.2890173411,2022,10,recovery,True
one_step_202210,one_step_ex_ante,same_month_historical_mean,2022-10-01,1,5919814.0,3909666.5714285714,2303400.9628977487,5515932.179959394,-2010147.4285714286,2010147.4285714286,2022,10,recovery,True
one_step_202210,one_step_ex_ante,seasonal_moving_average_3,2022-10-01,1,5919814.0,4066471.3333333335,2083909.5226264286,6049033.144040238,-1853342.6666666665,1853342.6666666665,2022,10,recovery,True
one_step_202211,one_step_ex_ante,naive_last,2022-11-01,1,3438085.0,5919814.0,4096087.063836203,7743540.936163797,2481729.0,2481729.0,2022,11,recovery,True
one_step_202211,one_step_ex_ante,seasonal_naive,2022-11-01,1,3438085.0,2466682.0,168702.33603306254,4764661.663966937,-971403.0,971403.0,2022,11,recovery,True
one_step_202211,one_step_ex_ante,drift,2022-11-01,1,3438085.0,5947096.057471264,2035421.9019935145,9858770.212949013,2509011.057471264,2509011.057471264,2022,11,recovery,True
one_step_202211,one_step_ex_ante,same_month_historical_mean,2022-11-01,1,3438085.0,2164259.785714286,536831.8440179394,3791687.727410632,-1273825.214285714,1273825.214285714,2022,11,recovery,True
one_step_202211,one_step_ex_ante,seasonal_moving_average_3,2022-11-01,1,3438085.0,2244985.3333333335,250092.02565732924,4239878.641009338,-1193099.6666666665,1193099.6666666665,2022,11,recovery,True
one_step_202212,one_step_ex_ante,naive_last,2022-12-01,1,2620212.0,3438085.0,1582000.1775627816,5294169.822437218,817873.0,817873.0,2022,12,recovery,True
one_step_202212,one_step_ex_ante,seasonal_naive,2022-12-01,1,2620212.0,2176634.0,-117471.03643713845,4470739.036437139,-443578.0,443578.0,2022,12,recovery,True
one_step_202212,one_step_ex_ante,drift,2022-12-01,1,2620212.0,3451029.8514285716,123654.05569572281,6778405.64716142,830817.8514285716,830817.8514285716,2022,12,recovery,True
one_step_202212,one_step_ex_ante,same_month_historical_mean,2022-12-01,1,2620212.0,1683418.5714285714,50436.20881623053,3316400.9340409124,-936793.4285714286,936793.4285714286,2022,12,recovery,True
one_step_202212,one_step_ex_ante,seasonal_moving_average_3,2022-12-01,1,2620212.0,1846593.0,-149190.00870506815,3842376.0087050684,-773619.0,773619.0,2022,12,recovery,True
one_step_202301,one_step_ex_ante,naive_last,2023-01-01,1,3077654.0,2620212.0,765372.1779014419,4475051.822098558,-457442.0,457442.0,2023,1,normalization,True
one_step_202301,one_step_ex_ante,seasonal_naive,2023-01-01,1,3077654.0,2158066.0,-129269.29836737132,4445401.298367372,-919588.0,919588.0,2023,1,normalization,True
one_step_202301,one_step_ex_ante,drift,2023-01-01,1,3077654.0,2628436.2954545454,-619123.2628493593,5875995.853758451,-449217.7045454546,449217.7045454546,2023,1,normalization,True
one_step_202301,one_step_ex_ante,same_month_historical_mean,2023-01-01,1,3077654.0,1601080.5333333334,-32736.356722023804,3234897.4233886907,-1476573.4666666666,1476573.4666666666,2023,1,normalization,True
one_step_202301,one_step_ex_ante,seasonal_moving_average_3,2023-01-01,1,3077654.0,1839140.3333333333,-153146.00980867026,3831426.676475337,-1238513.6666666667,1238513.6666666667,2023,1,normalization,True
one_step_202302,one_step_ex_ante,naive_last,2023-02-01,1,2314917.0,3077654.0,1226907.532835251,4928400.467164749,762737.0,762737.0,2023,2,normalization,True
one_step_202302,one_step_ex_ante,seasonal_naive,2023-02-01,1,2314917.0,1851394.0,-431699.12691996107,4134487.126919961,-463523.0,463523.0,2023,2,normalization,True
one_step_202302,one_step_ex_ante,drift,2023-02-01,1,2314917.0,3088416.2485875706,-187672.1872393638,6364504.684414505,773499.2485875706,773499.2485875706,2023,2,normalization,True
one_step_202302,one_step_ex_ante,same_month_historical_mean,2023-02-01,1,2314917.0,1436270.0,-206483.12160541187,3079023.121605412,-878647.0,878647.0,2023,2,normalization,True
one_step_202302,one_step_ex_ante,seasonal_moving_average_3,2023-02-01,1,2314917.0,1543481.0,-450149.02750992496,3537111.027509925,-771436.0,771436.0,2023,2,normalization,True
one_step_202303,one_step_ex_ante,naive_last,2023-03-01,1,2788995.0,2314917.0,465911.1067574383,4163922.8932425617,-474078.0,474078.0,2023,3,normalization,True
one_step_202303,one_step_ex_ante,seasonal_naive,2023-03-01,1,2788995.0,2442196.0,165715.22062710067,4718676.779372899,-346799.0,346799.0,2023,3,normalization,True
one_step_202303,one_step_ex_ante,drift,2023-03-01,1,2788995.0,2321333.7471910114,-903318.4609970525,5545985.955379075,-467661.25280898856,467661.25280898856,2023,3,normalization,True
one_step_202303,one_step_ex_ante,same_month_historical_mean,2023-03-01,1,2788995.0,1784424.9333333333,141532.1302451701,3427317.7364214966,-1004570.0666666667,1004570.0666666667,2023,3,normalization,True
one_step_202303,one_step_ex_ante,seasonal_moving_average_3,2023-03-01,1,2788995.0,1514558.3333333333,-475527.36610885593,3504644.032775522,-1274436.6666666667,1274436.6666666667,2023,3,normalization,True
one_step_202304,one_step_ex_ante,naive_last,2023-04-01,1,3541271.0,2788995.0,943917.8953683695,4634072.104631631,-752276.0,752276.0,2023,4,normalization,True
one_step_202304,one_step_ex_ante,seasonal_naive,2023-04-01,1,3541271.0,2921440.0,651777.3464575373,5191102.653542463,-619831.0,619831.0,2023,4,normalization,True
one_step_202304,one_step_ex_ante,drift,2023-04-01,1,3541271.0,2798024.379888268,-446493.8824846586,6042542.642261195,-743246.6201117318,743246.6201117318,2023,4,normalization,True
one_step_202304,one_step_ex_ante,same_month_historical_mean,2023-04-01,1,3541271.0,2290985.214285714,646503.0174103375,3935467.4111610907,-1250285.785714286,1250285.785714286,2023,4,normalization,True
one_step_202304,one_step_ex_ante,seasonal_moving_average_3,2023-04-01,1,3541271.0,2455752.6666666665,463994.1341207584,4447511.199212574,-1085518.3333333335,1085518.3333333335,2023,4,normalization,True
one_step_202305,one_step_ex_ante,naive_last,2023-05-01,1,4584458.0,3541271.0,1698153.9730622917,5384388.026937708,-1043187.0,1043187.0,2023,5,normalization,True
one_step_202305,one_step_ex_ante,seasonal_naive,2023-05-01,1,4584458.0,4078425.0,1814691.7231729897,6342158.27682701,-506033.0,506033.0,2023,5,normalization,True
one_step_202305,one_step_ex_ante,drift,2023-05-01,1,4584458.0,3554429.527777778,232537.5532997558,6876321.5022558,-1030028.472222222,1030028.472222222,2023,5,normalization,True
one_step_202305,one_step_ex_ante,same_month_historical_mean,2023-05-01,1,4584458.0,3225310.5714285714,1575936.4933347083,4874684.649522435,-1359147.4285714286,1359147.4285714286,2023,5,normalization,True
one_step_202305,one_step_ex_ante,seasonal_moving_average_3,2023-05-01,1,4584458.0,3107940.3333333335,1116885.924902304,5098994.741764363,-1476517.6666666665,1476517.6666666665,2023,5,normalization,True
one_step_202306,one_step_ex_ante,naive_last,2023-06-01,1,5869766.0,4584458.0,2740352.527579768,6428563.472420232,-1285308.0,1285308.0,2023,6,normalization,True
one_step_202306,one_step_ex_ante,seasonal_naive,2023-06-01,1,5869766.0,4939265.0,2681849.5327796196,7196680.467220381,-930501.0,930501.0,2023,6,normalization,True
one_step_202306,one_step_ex_ante,drift,2023-06-01,1,5869766.0,4603307.292817679,1091434.7964578224,8115179.789177536,-1266458.7071823208,1266458.7071823208,2023,6,normalization,True
one_step_202306,one_step_ex_ante,same_month_historical_mean,2023-06-01,1,5869766.0,3810829.6428571427,2154932.0197215383,5466727.265992748,-2058936.3571428573,2058936.3571428573,2023,6,normalization,True
one_step_202306,one_step_ex_ante,seasonal_moving_average_3,2023-06-01,1,5869766.0,4025535.6666666665,2030154.7324194151,6020916.600913918,-1844230.3333333335,1844230.3333333335,2023,6,normalization,True
one_step_202307,one_step_ex_ante,naive_last,2023-07-01,1,6926346.0,5869766.0,4021580.3454322247,7717951.654567775,-1056580.0,1056580.0,2023,7,normalization,True
one_step_202307,one_step_ex_ante,seasonal_naive,2023-07-01,1,6926346.0,6359123.0,4105702.1296221204,8612543.87037788,-567223.0,567223.0,2023,7,normalization,True
one_step_202307,one_step_ex_ante,drift,2023-07-01,1,6926346.0,5895573.857142857,2041625.072545581,9749522.641740134,-1030772.1428571427,1030772.1428571427,2023,7,normalization,True
one_step_202307,one_step_ex_ante,same_month_historical_mean,2023-07-01,1,6926346.0,4636581.933333334,2960144.4192517083,6313019.447414959,-2289764.0666666664,2289764.0666666664,2023,7,normalization,True
one_step_202307,one_step_ex_ante,seasonal_moving_average_3,2023-07-01,1,6926346.0,3623899.3333333335,1618108.453297245,5629690.213369422,-3302446.6666666665,3302446.6666666665,2023,7,normalization,True
one_step_202308,one_step_ex_ante,naive_last,2023-08-01,1,8488026.0,6926346.0,5077204.171193184,8775487.828806816,-1561680.0,1561680.0,2023,8,normalization,True
one_step_202308,one_step_ex_ante,seasonal_naive,2023-08-01,1,8488026.0,7992422.0,5745019.479841046,10239824.520158954,-495604.0,495604.0,2023,8,normalization,True
one_step_202308,one_step_ex_ante,drift,2023-08-01,1,8488026.0,6957786.491803279,2760873.1889092335,11154699.794697326,-1530239.5081967209,1530239.5081967209,2023,8,normalization,True
one_step_202308,one_step_ex_ante,same_month_historical_mean,2023-08-01,1,8488026.0,5839971.0,4137541.6539191487,7542400.346080851,-2648055.0,2648055.0,2023,8,normalization,True
one_step_202308,one_step_ex_ante,seasonal_moving_average_3,2023-08-01,1,8488026.0,5228132.0,3173549.070084044,7282714.929915956,-3259894.0,3259894.0,2023,8,normalization,True
one_step_202309,one_step_ex_ante,naive_last,2023-09-01,1,7013861.0,8488026.0,6630735.4758263845,10345316.524173616,1474165.0,1474165.0,2023,9,normalization,True
one_step_202309,one_step_ex_ante,seasonal_naive,2023-09-01,1,7013861.0,6648582.0,4407391.511756204,8889772.488243796,-365279.0,365279.0,2023,9,normalization,True
one_step_202309,one_step_ex_ante,drift,2023-09-01,1,7013861.0,8527783.010869564,3737677.467504166,13317888.554234963,1513922.0108695645,1513922.0108695645,2023,9,normalization,True
one_step_202309,one_step_ex_ante,same_month_historical_mean,2023-09-01,1,7013861.0,4948717.933333334,3210971.8413534546,6686464.025313213,-2065143.0666666664,2065143.0666666664,2023,9,normalization,True
one_step_202309,one_step_ex_ante,seasonal_moving_average_3,2023-09-01,1,7013861.0,4562953.333333333,2463263.9416625868,6662642.725004079,-2450907.666666667,2450907.666666667,2023,9,normalization,True
one_step_202310,one_step_ex_ante,naive_last,2023-10-01,1,6151397.0,7013861.0,5148821.48771016,8878900.51228984,862464.0,862464.0,2023,10,normalization,True
one_step_202310,one_step_ex_ante,seasonal_naive,2023-10-01,1,6151397.0,5919814.0,3685087.0202435516,8154540.979756448,-231583.0,231583.0,2023,10,normalization,True
one_step_202310,one_step_ex_ante,drift,2023-10-01,1,6151397.0,7045434.6486486485,2846435.3120942293,11244433.985203069,894037.6486486485,894037.6486486485,2023,10,normalization,True
one_step_202310,one_step_ex_ante,same_month_historical_mean,2023-10-01,1,6151397.0,4043676.4,2286843.7428063964,5800509.057193603,-2107720.6,2107720.6,2023,10,normalization,True
one_step_202310,one_step_ex_ante,seasonal_moving_average_3,2023-10-01,1,6151397.0,4227244.666666667,2106814.2921079136,6347675.04122542,-1924152.333333333,1924152.333333333,2023,10,normalization,True
one_step_202311,one_step_ex_ante,naive_last,2023-11-01,1,3520467.0,6151397.0,4286972.588965478,8015821.411034522,2630930.0,2630930.0,2023,11,normalization,True
one_step_202311,one_step_ex_ante,seasonal_naive,2023-11-01,1,3520467.0,3438085.0,1209897.0742498976,5666272.925750103,-82382.0,82382.0,2023,11,normalization,True
one_step_202311,one_step_ex_ante,drift,2023-11-01,1,3520467.0,6178163.994623655,2279434.318989053,10076893.670258258,2657696.9946236555,2657696.9946236555,2023,11,normalization,True
one_step_202311,one_step_ex_ante,same_month_historical_mean,2023-11-01,1,3520467.0,2249181.466666667,472700.8512748035,4025662.0820585303,-1271285.5333333332,1271285.5333333332,2023,11,normalization,True
one_step_202311,one_step_ex_ante,seasonal_moving_average_3,2023-11-01,1,3520467.0,2389174.6666666665,259495.5309193805,4518853.802413953,-1131292.3333333335,1131292.3333333335,2023,11,normalization,True
one_step_202312,one_step_ex_ante,naive_last,2023-12-01,1,2800281.0,3520467.0,1622444.5675510752,5418489.4324489245,720186.0,720186.0,2023,12,normalization,True
one_step_202312,one_step_ex_ante,seasonal_naive,2023-12-01,1,2800281.0,2620212.0,398440.7762940936,4841983.223705906,-180069.0,180069.0,2023,12,normalization,True
one_step_202312,one_step_ex_ante,drift,2023-12-01,1,2800281.0,3533021.7112299465,173138.49732251605,6892904.925137376,732740.7112299465,732740.7112299465,2023,12,normalization,True
one_step_202312,one_step_ex_ante,same_month_historical_mean,2023-12-01,1,2800281.0,1745871.4666666666,-34615.036734305555,3526357.970067639,-1054409.5333333334,1054409.5333333334,2023,12,normalization,True
one_step_202312,one_step_ex_ante,seasonal_moving_average_3,2023-12-01,1,2800281.0,1920554.0,-207377.35543817654,4048485.3554381765,-879727.0,879727.0,2023,12,normalization,True
one_step_202401,one_step_ex_ante,naive_last,2024-01-01,1,3245893.0,2800281.0,904444.6876217183,4696117.312378282,-445612.0,445612.0,2024,1,normalization,True
one_step_202401,one_step_ex_ante,seasonal_naive,2024-01-01,1,3245893.0,3077654.0,862311.3917023912,5292996.608297609,-168239.0,168239.0,2024,1,normalization,True
one_step_202401,one_step_ex_ante,drift,2024-01-01,1,3245893.0,2808938.154255319,-505719.46214107284,6123595.770651711,-436954.8457446811,436954.8457446811,2024,1,normalization,True
one_step_202401,one_step_ex_ante,same_month_historical_mean,2024-01-01,1,3245893.0,1693366.375,-88365.16072345781,3475097.910723458,-1552526.625,1552526.625,2024,1,normalization,True
one_step_202401,one_step_ex_ante,seasonal_moving_average_3,2024-01-01,1,3245893.0,2021884.0,-102242.0596949379,4146010.059694938,-1224009.0,1224009.0,2024,1,normalization,True
one_step_202402,one_step_ex_ante,naive_last,2024-02-01,1,2684623.0,3245893.0,1354079.600081403,5137706.399918597,561270.0,561270.0,2024,2,normalization,True
one_step_202402,one_step_ex_ante,seasonal_naive,2024-02-01,1,2684623.0,2314917.0,105944.49099365715,4523889.509006343,-369706.0,369706.0,2024,2,normalization,True
one_step_202402,one_step_ex_ante,drift,2024-02-01,1,2684623.0,3256862.084656085,-72239.24527330836,6585963.414585479,572239.0846560849,572239.0846560849,2024,2,normalization,True
one_step_202402,one_step_ex_ante,same_month_historical_mean,2024-02-01,1,2684623.0,1491185.4375,-298752.9370983667,3281123.8120983667,-1193437.5625,1193437.5625,2024,2,normalization,True
one_step_202402,one_step_ex_ante,seasonal_moving_average_3,2024-02-01,1,2684623.0,1631145.6666666667,-492098.486356694,3754389.8196900273,-1053477.3333333333,1053477.3333333333,2024,2,normalization,True
one_step_202403,one_step_ex_ante,naive_last,2024-03-01,1,3079574.0,2684623.0,796067.3988141315,4573178.6011858685,-394951.0,394951.0,2024,3,normalization,True
one_step_202403,one_step_ex_ante,seasonal_naive,2024-03-01,1,3079574.0,2788995.0,586199.8279627878,4991790.172037212,-290579.0,290579.0,2024,3,normalization,True
one_step_202403,one_step_ex_ante,drift,2024-03-01,1,3079574.0,2692580.3,-609133.668730042,5994294.268730042,-386993.7000000002,386993.7000000002,2024,3,normalization,True
one_step_202403,one_step_ex_ante,same_month_historical_mean,2024-03-01,1,3079574.0,1847210.5625,54413.97828756878,3640007.146712431,-1232363.4375,1232363.4375,2024,3,normalization,True
one_step_202403,one_step_ex_ante,seasonal_moving_average_3,2024-03-01,1,3079574.0,2091534.0,-29206.10836525634,4212274.108365256,-988040.0,988040.0,2024,3,normalization,True
one_step_202404,one_step_ex_ante,naive_last,2024-04-01,1,4040974.0,3079574.0,1195195.437751508,4963952.562248492,-961400.0,961400.0,2024,4,normalization,True
one_step_202404,one_step_ex_ante,seasonal_naive,2024-04-01,1,4040974.0,3541271.0,1344702.816529876,5737839.183470124,-499703.0,499703.0,2024,4,normalization,True
one_step_202404,one_step_ex_ante,drift,2024-04-01,1,4040974.0,3089557.445026178,-221442.62468844792,6400557.514740804,-951416.5549738221,951416.5549738221,2024,4,normalization,True
one_step_202404,one_step_ex_ante,same_month_historical_mean,2024-04-01,1,4040974.0,2374337.6,578219.5649231693,4170455.635076831,-1666636.4,1666636.4,2024,4,normalization,True
one_step_202404,one_step_ex_ante,seasonal_moving_average_3,2024-04-01,1,4040974.0,2547424.3333333335,429722.6286411276,4665126.038025539,-1493549.6666666665,1493549.6666666665,2024,4,normalization,True
one_step_202405,one_step_ex_ante,naive_last,2024-05-01,1,5585634.0,4040974.0,2156722.8743357277,5925225.125664272,-1544660.0,1544660.0,2024,5,normalization,True
one_step_202405,one_step_ex_ante,seasonal_naive,2024-05-01,1,5585634.0,4584458.0,2393664.8414919525,6775251.158508047,-1001176.0,1001176.0,2024,5,normalization,True
one_step_202405,one_step_ex_ante,drift,2024-05-01,1,5585634.0,4055912.7395833335,654587.9823817746,7457237.496784892,-1529721.2604166665,1529721.2604166665,2024,5,normalization,True
one_step_202405,one_step_ex_ante,same_month_historical_mean,2024-05-01,1,5585634.0,3315920.4,1510002.6466762223,5121838.153323777,-2269713.6,2269713.6,2024,5,normalization,True
one_step_202405,one_step_ex_ante,seasonal_moving_average_3,2024-05-01,1,5585634.0,3229480.6666666665,1109721.3977595652,5349239.935573768,-2356153.3333333335,2356153.3333333335,2024,5,normalization,True
one_step_202406,one_step_ex_ante,naive_last,2024-06-01,1,6471276.0,5585634.0,3693945.1343907034,7477322.865609297,-885642.0,885642.0,2024,6,normalization,True
one_step_202406,one_step_ex_ante,seasonal_naive,2024-06-01,1,6471276.0,5869766.0,3682007.9306208487,8057524.069379151,-601510.0,601510.0,2024,6,normalization,True
one_step_202406,one_step_ex_ante,drift,2024-06-01,1,6471276.0,5608498.756476684,1896139.2736257291,9320858.239327637,-862777.2435233165,862777.2435233165,2024,6,normalization,True
one_step_202406,one_step_ex_ante,same_month_historical_mean,2024-06-01,1,6471276.0,3948092.066666667,2120369.624514958,5775814.508818376,-2523183.933333333,2523183.933333333,2024,6,normalization,True
one_step_202406,one_step_ex_ante,seasonal_moving_average_3,2024-06-01,1,6471276.0,4223373.333333333,2087272.6004927536,6359474.066173913,-2247902.666666667,2247902.666666667,2024,6,normalization,True
one_step_202407,one_step_ex_ante,naive_last,2024-07-01,1,7395701.0,6471276.0,4580592.211075974,8361959.788924026,-924425.0,924425.0,2024,7,normalization,True
one_step_202407,one_step_ex_ante,seasonal_naive,2024-07-01,1,7395701.0,6926346.0,4743947.936891925,9108744.063108075,-469355.0,469355.0,2024,7,normalization,True
one_step_202407,one_step_ex_ante,drift,2024-07-01,1,7395701.0,6498588.06185567,2543931.393915942,10453244.729795398,-897112.9381443299,897112.9381443299,2024,7,normalization,True
one_step_202407,one_step_ex_ante,same_month_historical_mean,2024-07-01,1,7395701.0,4779692.1875,2924554.6670177085,6634829.7079822915,-2616008.8125,2616008.8125,2024,7,normalization,True
one_step_202407,one_step_ex_ante,seasonal_moving_average_3,2024-07-01,1,7395701.0,5673667.0,3523929.2703406634,7823404.729659337,-1722034.0,1722034.0,2024,7,normalization,True
one_step_202408,one_step_ex_ante,naive_last,2024-08-01,1,8661295.0,7395701.0,5505697.403068552,9285704.596931448,-1265594.0,1265594.0,2024,8,normalization,True
one_step_202408,one_step_ex_ante,seasonal_naive,2024-08-01,1,8661295.0,8488026.0,6311369.576224659,10664682.423775341,-173269.0,173269.0,2024,8,normalization,True
one_step_202408,one_step_ex_ante,drift,2024-08-01,1,8661295.0,7427613.641025641,3179027.856070935,11676199.425980348,-1233681.358974359,1233681.358974359,2024,8,normalization,True
one_step_202408,one_step_ex_ante,same_month_historical_mean,2024-08-01,1,8661295.0,6005474.4375,4121125.334650528,7889823.540349472,-2655820.5625,2655820.5625,2024,8,normalization,True
one_step_202408,one_step_ex_ante,seasonal_moving_average_3,2024-08-01,1,8661295.0,7326501.666666667,5172321.587571014,9480681.74576232,-1334793.333333333,1334793.333333333,2024,8,normalization,True
one_step_202409,one_step_ex_ante,naive_last,2024-09-01,1,7149583.0,8661295.0,6768248.625791783,10554341.374208217,1511712.0,1511712.0,2024,9,normalization,True
one_step_202409,one_step_ex_ante,seasonal_naive,2024-09-01,1,7149583.0,7013861.0,4843218.839991924,9184503.160008077,-135722.0,135722.0,2024,9,normalization,True
one_step_202409,one_step_ex_ante,drift,2024-09-01,1,7149583.0,8699501.93367347,3989177.1232085396,13409826.7441384,1549918.9336734693,1549918.9336734693,2024,9,normalization,True
one_step_202409,one_step_ex_ante,same_month_historical_mean,2024-09-01,1,7149583.0,5077789.375,3163954.2862606375,6991624.463739363,-2071793.625,2071793.625,2024,9,normalization,True
one_step_202409,one_step_ex_ante,seasonal_moving_average_3,2024-09-01,1,7149583.0,6022842.0,3869072.671198212,8176611.328801788,-1126741.0,1126741.0,2024,9,normalization,True
one_step_202410,one_step_ex_ante,naive_last,2024-10-01,1,6723819.0,7149583.0,5249008.317549145,9050157.682450855,425764.0,425764.0,2024,10,normalization,True
one_step_202410,one_step_ex_ante,seasonal_naive,2024-10-01,1,6723819.0,6151397.0,3986699.0200360515,8316094.979963949,-572422.0,572422.0,2024,10,normalization,True
one_step_202410,one_step_ex_ante,drift,2024-10-01,1,6723819.0,7179922.324873096,3044305.9448500066,11315538.704896186,456103.3248730963,456103.3248730963,2024,10,normalization,True
one_step_202410,one_step_ex_ante,same_month_historical_mean,2024-10-01,1,6723819.0,4175408.9375,2245914.6912243273,6104903.183775673,-2548410.0625,2548410.0625,2024,10,normalization,True
one_step_202410,one_step_ex_ante,seasonal_moving_average_3,2024-10-01,1,6723819.0,5492669.0,3341266.715516644,7644071.284483356,-1231150.0,1231150.0,2024,10,normalization,True
one_step_202411,one_step_ex_ante,naive_last,2024-11-01,1,4018247.0,6723819.0,4827010.042250053,8620627.957749946,2705572.0,2705572.0,2024,11,normalization,True
one_step_202411,one_step_ex_ante,seasonal_naive,2024-11-01,1,4018247.0,3520467.0,1361057.944228035,5679876.0557719655,-497780.0,497780.0,2024,11,normalization,True
one_step_202411,one_step_ex_ante,drift,2024-11-01,1,4018247.0,6751854.7727272725,2768170.725319752,10735538.820134792,2733607.7727272725,2733607.7727272725,2024,11,normalization,True
one_step_202411,one_step_ex_ante,same_month_historical_mean,2024-11-01,1,4018247.0,2328636.8125,373455.6803243221,4283817.944675678,-1689610.1875,1689610.1875,2024,11,normalization,True
one_step_202411,one_step_ex_ante,seasonal_moving_average_3,2024-11-01,1,4018247.0,3141744.6666666665,991828.7588976263,5291660.574435707,-876502.3333333335,876502.3333333335,2024,11,normalization,True
one_step_202412,one_step_ex_ante,naive_last,2024-12-01,1,3175828.0,4018247.0,2088489.7652210959,5948004.234778904,842419.0,842419.0,2024,12,normalization,True
one_step_202412,one_step_ex_ante,seasonal_naive,2024-12-01,1,3175828.0,2800281.0,646355.2034823671,4954206.796517633,-375547.0,375547.0,2024,12,normalization,True
one_step_202412,one_step_ex_ante,drift,2024-12-01,1,3175828.0,4032546.050251256,601515.8370564003,7463576.263446112,856718.0502512562,856718.0502512562,2024,12,normalization,True
one_step_202412,one_step_ex_ante,same_month_historical_mean,2024-12-01,1,3175828.0,1811772.0625,-151742.662731437,3775286.787731437,-1364055.9375,1364055.9375,2024,12,normalization,True
one_step_202412,one_step_ex_ante,seasonal_moving_average_3,2024-12-01,1,3175828.0,2532375.6666666665,386563.30165647436,4678188.031676859,-643452.3333333335,643452.3333333335,2024,12,normalization,True
one_step_202501,one_step_ex_ante,naive_last,2025-01-01,1,3355818.0,3175828.0,1247267.1114959626,5104388.888504038,-179990.0,179990.0,2025,1,normalization,True
one_step_202501,one_step_ex_ante,seasonal_naive,2025-01-01,1,3355818.0,3245893.0,1097670.9163677539,5394115.083632246,-109925.0,109925.0,2025,1,normalization,True
one_step_202501,one_step_ex_ante,drift,2025-01-01,1,3355818.0,3185843.46,-198602.01053917455,6570288.930539174,-169974.54000000004,169974.54000000004,2025,1,normalization,True
one_step_202501,one_step_ex_ante,same_month_historical_mean,2025-01-01,1,3355818.0,1784691.4705882352,-182476.26856280514,3751859.2097392753,-1571126.5294117648,1571126.5294117648,2025,1,normalization,True
one_step_202501,one_step_ex_ante,seasonal_moving_average_3,2025-01-01,1,3355818.0,2827204.3333333335,686515.3737919615,4967893.292874705,-528613.6666666665,528613.6666666665,2025,1,normalization,True
one_step_202502,one_step_ex_ante,naive_last,2025-02-01,1,2782758.0,3355818.0,1431941.0473620386,5279694.952637961,573060.0,573060.0,2025,2,normalization,True
one_step_202502,one_step_ex_ante,seasonal_naive,2025-02-01,1,2782758.0,2684623.0,542130.7827366916,4827115.217263308,-98135.0,98135.0,2025,2,normalization,True
one_step_202502,one_step_ex_ante,drift,2025-02-01,1,2782758.0,3366679.104477612,-16116.871149551589,6749475.080104776,583921.1044776118,583921.1044776118,2025,2,normalization,True
one_step_202502,one_step_ex_ante,same_month_historical_mean,2025-02-01,1,2782758.0,1561387.6470588236,-412200.88142230175,3534976.175539949,-1221370.3529411764,1221370.3529411764,2025,2,normalization,True
one_step_202502,one_step_ex_ante,seasonal_moving_average_3,2025-02-01,1,2782758.0,2283644.6666666665,148362.38764300523,4418926.945690328,-499113.3333333335,499113.3333333335,2025,2,normalization,True
one_step_202503,one_step_ex_ante,naive_last,2025-03-01,1,2982576.0,2782758.0,861984.1351217031,4703531.864878297,-199818.0,199818.0,2025,3,normalization,True
one_step_202503,one_step_ex_ante,seasonal_naive,2025-03-01,1,2982576.0,3079574.0,942753.6226489018,5216394.377351098,96998.0,96998.0,2025,3,normalization,True
one_step_202503,one_step_ex_ante,drift,2025-03-01,1,2982576.0,2790728.405940594,-587145.0578682255,6168601.869749414,-191847.59405940585,191847.59405940585,2025,3,normalization,True
one_step_202503,one_step_ex_ante,same_month_historical_mean,2025-03-01,1,2982576.0,1919702.5294117648,-55787.76784679596,3895192.8266703254,-1062873.4705882352,1062873.4705882352,2025,3,normalization,True
one_step_202503,one_step_ex_ante,seasonal_moving_average_3,2025-03-01,1,2982576.0,2770255.0,640400.0828620102,4900109.91713799,-212321.0,212321.0,2025,3,normalization,True
one_step_202504,one_step_ex_ante,naive_last,2025-04-01,1,4242307.0,2982576.0,1066380.6791261223,4898771.320873878,-1259731.0,1259731.0,2025,4,normalization,True
one_step_202504,one_step_ex_ante,seasonal_naive,2025-04-01,1,4242307.0,4040974.0,1909384.2487815092,6172563.75121849,-201333.0,201333.0,2025,4,normalization,True
one_step_202504,one_step_ex_ante,drift,2025-04-01,1,4242307.0,2991491.4679802954,-380447.242028282,6363430.177988873,-1250815.5320197046,1250815.5320197046,2025,4,normalization,True
one_step_202504,one_step_ex_ante,same_month_historical_mean,2025-04-01,1,4242307.0,2478502.375,502767.66898004385,4454237.081019957,-1763804.625,1763804.625,2025,4,normalization,True
one_step_202504,one_step_ex_ante,seasonal_moving_average_3,2025-04-01,1,4242307.0,3501228.3333333335,1376924.2457349622,5625532.420931704,-741078.6666666665,741078.6666666665,2025,4,normalization,True
one_step_202505,one_step_ex_ante,naive_last,2025-05-01,1,5618724.0,4242307.0,2323146.208362963,6161467.791637037,-1376417.0,1376417.0,2025,5,normalization,True
one_step_202505,one_step_ex_ante,seasonal_naive,2025-05-01,1,5618724.0,5585634.0,3459690.31747252,7711577.682527481,-33090.0,33090.0,2025,5,normalization,True
one_step_202505,one_step_ex_ante,drift,2025-05-01,1,5618724.0,4257353.916666667,817200.6929869237,7697507.14034641,-1361370.083333333,1361370.083333333,2025,5,normalization,True
one_step_202505,one_step_ex_ante,same_month_historical_mean,2025-05-01,1,5618724.0,3457777.5,1472952.812169074,5442602.187830926,-2160946.5,2160946.5,2025,5,normalization,True
one_step_202505,one_step_ex_ante,seasonal_moving_average_3,2025-05-01,1,5618724.0,4749505.666666667,2629803.694911537,6869207.638421796,-869218.333333333,869218.333333333,2025,5,normalization,True
one_step_202506,one_step_ex_ante,naive_last,2025-06-01,1,6551137.0,5618724.0,3695223.923295658,7542224.076704342,-932413.0,932413.0,2025,6,normalization,True
one_step_202506,one_step_ex_ante,seasonal_naive,2025-06-01,1,6551137.0,6471276.0,4350782.653407119,8591769.34659288,-79861.0,79861.0,2025,6,normalization,True
one_step_202506,one_step_ex_ante,drift,2025-06-01,1,6551137.0,5640411.746341463,1969051.9459236846,9311771.546759242,-910725.2536585368,910725.2536585368,2025,6,normalization,True
one_step_202506,one_step_ex_ante,same_month_historical_mean,2025-06-01,1,6551137.0,4105791.0625,2105123.9247491355,6106458.200250864,-2445345.9375,2445345.9375,2025,6,normalization,True
one_step_202506,one_step_ex_ante,seasonal_moving_average_3,2025-06-01,1,6551137.0,5760102.333333333,3644364.384795741,7875840.281870925,-791034.666666667,791034.666666667,2025,6,normalization,True
one_step_202507,one_step_ex_ante,naive_last,2025-07-01,1,7403653.0,6551137.0,4628307.990531193,8473966.009468807,-852516.0,852516.0,2025,7,normalization,True
one_step_202507,one_step_ex_ante,seasonal_naive,2025-07-01,1,7403653.0,7395701.0,5280684.669240719,9510717.330759281,-7952.0,7952.0,2025,7,normalization,True
one_step_202507,one_step_ex_ante,drift,2025-07-01,1,7403653.0,6577245.742718447,2678097.1047767634,10476394.380660132,-826407.257281553,826407.257281553,2025,7,normalization,True
one_step_202507,one_step_ex_ante,same_month_historical_mean,2025-07-01,1,7403653.0,4933575.05882353,2911648.223507956,6955501.894139104,-2470077.9411764704,2470077.9411764704,2025,7,normalization,True
one_step_202507,one_step_ex_ante,seasonal_moving_average_3,2025-07-01,1,7403653.0,6893723.333333333,4782318.500721393,9005128.165945273,-509929.666666667,509929.666666667,2025,7,normalization,True
one_step_202508,one_step_ex_ante,naive_last,2025-08-01,1,8912005.0,7403653.0,5482195.872899186,9325110.127100814,-1508352.0,1508352.0,2025,8,normalization,True
one_step_202508,one_step_ex_ante,seasonal_naive,2025-08-01,1,8912005.0,8661295.0,6551600.595512889,10770989.40448711,-250710.0,250710.0,2025,8,normalization,True
one_step_202508,one_step_ex_ante,drift,2025-08-01,1,8912005.0,7433754.048309179,3286573.224179642,11580934.872438716,-1478250.951690821,1478250.951690821,2025,8,normalization,True
one_step_202508,one_step_ex_ante,same_month_historical_mean,2025-08-01,1,8912005.0,6161699.176470588,4118325.9027532046,8205072.450187972,-2750305.823529412,2750305.823529412,2025,8,normalization,True
one_step_202508,one_step_ex_ante,seasonal_moving_average_3,2025-08-01,1,8912005.0,8380581.0,6274396.085283061,10486765.91471694,-531424.0,531424.0,2025,8,normalization,True
one_step_202509,one_step_ex_ante,naive_last,2025-09-01,1,7324078.0,8912005.0,6984696.0698103355,10839313.930189665,1587927.0,1587927.0,2025,9,normalization,True
one_step_202509,one_step_ex_ante,seasonal_naive,2025-09-01,1,7324078.0,7149583.0,5045353.128583424,9253812.871416576,-174495.0,174495.0,2025,9,normalization,True
one_step_202509,one_step_ex_ante,drift,2025-09-01,1,7324078.0,8949213.024038462,4272975.15442871,13625450.893648215,1625135.024038462,1625135.024038462,2025,9,normalization,True
one_step_202509,one_step_ex_ante,same_month_historical_mean,2025-09-01,1,7324078.0,5199659.588235294,3129094.7307926132,7270224.445677975,-2124418.4117647056,2124418.4117647056,2025,9,normalization,True
one_step_202509,one_step_ex_ante,seasonal_moving_average_3,2025-09-01,1,7324078.0,6937342.0,4836295.159339175,9038388.840660825,-386736.0,386736.0,2025,9,normalization,True
one_step_202510,one_step_ex_ante,naive_last,2025-10-01,1,7079267.0,7324078.0,5388824.867047852,9259331.132952148,244811.0,244811.0,2025,10,normalization,True
one_step_202510,one_step_ex_ante,seasonal_naive,2025-10-01,1,7079267.0,6723819.0,4625013.675160853,8822624.324839147,-355448.0,355448.0,2025,10,normalization,True
one_step_202510,one_step_ex_ante,drift,2025-10-01,1,7079267.0,7353510.258373206,3256393.377110109,11450627.139636302,274243.25837320555,274243.25837320555,2025,10,normalization,True
one_step_202510,one_step_ex_ante,same_month_historical_mean,2025-10-01,1,7079267.0,4325315.411764706,2240832.2988965334,6409798.524632878,-2753951.5882352944,2753951.5882352944,2025,10,normalization,True
one_step_202510,one_step_ex_ante,seasonal_moving_average_3,2025-10-01,1,7079267.0,6265010.0,4169271.1396275116,8360748.860372488,-814257.0,814257.0,2025,10,normalization,True
one_step_202511,one_step_ex_ante,naive_last,2025-11-01,1,4255110.0,7079267.0,5148292.937936971,9010241.062063029,2824157.0,2824157.0,2025,11,normalization,True
one_step_202511,one_step_ex_ante,seasonal_naive,2025-11-01,1,4255110.0,4018247.0,1924730.1157480436,6111763.884251956,-236863.0,236863.0,2025,11,normalization,True
one_step_202511,one_step_ex_ante,drift,2025-11-01,1,4255110.0,7107393.338095238,3101122.360822255,11113664.315368222,2852283.3380952384,2852283.3380952384,2025,11,normalization,True
one_step_202511,one_step_ex_ante,same_month_historical_mean,2025-11-01,1,4255110.0,2428025.6470588236,317242.0057387869,4538809.288378861,-1827084.3529411764,1827084.3529411764,2025,11,normalization,True
one_step_202511,one_step_ex_ante,seasonal_moving_average_3,2025-11-01,1,4255110.0,3658933.0,1567294.9681681935,5750571.0318318065,-596177.0,596177.0,2025,11,normalization,True
one_step_202512,one_step_ex_ante,naive_last,2025-12-01,1,3409623.0,4255110.0,2290671.07112046,6219548.92887954,845487.0,845487.0,2025,12,normalization,True
one_step_202512,one_step_ex_ante,seasonal_naive,2025-12-01,1,3409623.0,3175828.0,1087655.183416061,5264000.816583939,-233795.0,233795.0,2025,12,normalization,True
one_step_202512,one_step_ex_ante,drift,2025-12-01,1,3409623.0,4269718.407582939,801695.3942946172,7737741.42087126,860095.4075829387,860095.4075829387,2025,12,normalization,True
one_step_202512,one_step_ex_ante,same_month_historical_mean,2025-12-01,1,3409623.0,1892010.6470588236,-227350.4130274579,4011371.707145105,-1517612.3529411764,1517612.3529411764,2025,12,normalization,True
one_step_202512,one_step_ex_ante,seasonal_moving_average_3,2025-12-01,1,3409623.0,2865440.3333333335,778680.3004635393,4952200.366203127,-544182.6666666665,544182.6666666665,2025,12,normalization,True
fixed_12m_2015,fixed_origin_12m_ex_ante,naive_last,2015-01-01,1,1762004.0,1740546.0,8193.52072598692,3472898.479274013,-21458.0,21458.0,2015,1,pre_pandemic,True
fixed_12m_2015,fixed_origin_12m_ex_ante,naive_last,2015-02-01,2,1564925.0,1740546.0,-709370.3709999654,4190462.3709999654,175621.0,175621.0,2015,2,pre_pandemic,True
fixed_12m_2015,fixed_origin_12m_ex_ante,naive_last,2015-03-01,3,2017645.0,1740546.0,-1259976.5107205007,4741068.510720501,-277099.0,277099.0,2015,3,pre_pandemic,True
fixed_12m_2015,fixed_origin_12m_ex_ante,naive_last,2015-04-01,4,2626663.0,1740546.0,-1724158.9585480262,5205250.958548026,-886117.0,886117.0,2015,4,pre_pandemic,True
fixed_12m_2015,fixed_origin_12m_ex_ante,naive_last,2015-05-01,5,3775013.0,1740546.0,-2133111.904646989,5614203.904646989,-2034467.0,2034467.0,2015,5,pre_pandemic,True
fixed_12m_2015,fixed_origin_12m_ex_ante,naive_last,2015-06-01,6,4349675.0,1740546.0,-2502833.6288667032,5983925.628866703,-2609129.0,2609129.0,2015,6,pre_pandemic,True
fixed_12m_2015,fixed_origin_12m_ex_ante,naive_last,2015-07-01,7,5244965.0,1740546.0,-2842827.843265214,6323919.843265214,-3504419.0,3504419.0,2015,7,pre_pandemic,True
fixed_12m_2015,fixed_origin_12m_ex_ante,naive_last,2015-08-01,8,6748708.0,1740546.0,-3159286.7419999307,6640378.741999931,-5008162.0,5008162.0,2015,8,pre_pandemic,True
fixed_12m_2015,fixed_origin_12m_ex_ante,naive_last,2015-09-01,9,5415322.0,1740546.0,-3456511.4378220392,6937603.437822039,-3674776.0,3674776.0,2015,9,pre_pandemic,True
fixed_12m_2015,fixed_origin_12m_ex_ante,naive_last,2015-10-01,10,4161806.0,1740546.0,-3737633.544745517,7218725.544745517,-2421260.0,2421260.0,2015,10,pre_pandemic,True
fixed_12m_2015,fixed_origin_12m_ex_ante,naive_last,2015-11-01,11,2236998.0,1740546.0,-4005017.1783938305,7486109.178393831,-496452.0,496452.0,2015,11,pre_pandemic,True
fixed_12m_2015,fixed_origin_12m_ex_ante,naive_last,2015-12-01,12,1713807.0,1740546.0,-4260499.021441001,7741591.021441001,26739.0,26739.0,2015,12,pre_pandemic,True
fixed_12m_2015,fixed_origin_12m_ex_ante,seasonal_naive,2015-01-01,1,1762004.0,1575399.0,1218225.6995084041,1932572.3004915959,-186605.0,186605.0,2015,1,pre_pandemic,True
fixed_12m_2015,fixed_origin_12m_ex_ante,seasonal_naive,2015-02-01,2,1564925.0,1523245.0,1018125.6743272243,2028364.3256727757,-41680.0,41680.0,2015,2,pre_pandemic,True
fixed_12m_2015,fixed_origin_12m_ex_ante,seasonal_naive,2015-03-01,3,2017645.0,1967114.0,1348471.6964414902,2585756.30355851,-50531.0,50531.0,2015,3,pre_pandemic,True
fixed_12m_2015,fixed_origin_12m_ex_ante,seasonal_naive,2015-04-01,4,2626663.0,2573139.0,1858792.3990168083,3287485.6009831917,-53524.0,53524.0,2015,4,pre_pandemic,True
fixed_12m_2015,fixed_origin_12m_ex_ante,seasonal_naive,2015-05-01,5,3775013.0,3863883.0,3065219.2203528327,4662546.779647168,88870.0,88870.0,2015,5,pre_pandemic,True
fixed_12m_2015,fixed_origin_12m_ex_ante,seasonal_naive,2015-06-01,6,4349675.0,4530079.0,3655186.664049822,5404971.335950178,180404.0,180404.0,2015,6,pre_pandemic,True
fixed_12m_2015,fixed_origin_12m_ex_ante,seasonal_naive,2015-07-01,7,5244965.0,4952404.0,4007412.2719470933,5897395.728052907,-292561.0,292561.0,2015,7,pre_pandemic,True
fixed_12m_2015,fixed_origin_12m_ex_ante,seasonal_naive,2015-08-01,8,6748708.0,6635627.0,5625388.348654448,7645865.651345552,-113081.0,113081.0,2015,8,pre_pandemic,True
fixed_12m_2015,fixed_origin_12m_ex_ante,seasonal_naive,2015-09-01,9,5415322.0,5495982.0,4424462.098525212,6567501.901474788,80660.0,80660.0,2015,9,pre_pandemic,True
fixed_12m_2015,fixed_origin_12m_ex_ante,seasonal_naive,2015-10-01,10,4161806.0,4293279.0,3163797.851046819,5422760.148953181,131473.0,131473.0,2015,10,pre_pandemic,True
fixed_12m_2015,fixed_origin_12m_ex_ante,seasonal_naive,2015-11-01,11,2236998.0,2264373.0,1079763.1771365146,3448982.8228634857,27375.0,27375.0,2015,11,pre_pandemic,True
fixed_12m_2015,fixed_origin_12m_ex_ante,seasonal_naive,2015-12-01,12,1713807.0,1740546.0,503261.3928829802,2977830.6071170196,26739.0,26739.0,2015,12,pre_pandemic,True
fixed_12m_2015,fixed_origin_12m_ex_ante,drift,2015-01-01,1,1762004.0,1747387.0843373493,-1125663.7542234042,4620437.922898103,-14616.915662650717,14616.915662650717,2015,1,pre_pandemic,True
fixed_12m_2015,fixed_origin_12m_ex_ante,drift,2015-02-01,2,1564925.0,1754228.1686746988,-2308879.2926053125,5817335.629954711,189303.1686746988,189303.1686746988,2015,2,pre_pandemic,True
fixed_12m_2015,fixed_origin_12m_ex_ante,drift,2015-03-01,3,2017645.0,1761069.253012048,-3215200.7721035453,6737339.278127641,-256575.74698795192,256575.74698795192,2015,3,pre_pandemic,True
fixed_12m_2015,fixed_origin_12m_ex_ante,drift,2015-04-01,4,2626663.0,1767910.3373493976,-3978191.3397721094,7514012.014470905,-858752.6626506024,858752.6626506024,2015,4,pre_pandemic,True
fixed_12m_2015,fixed_origin_12m_ex_ante,drift,2015-05-01,5,3775013.0,1774751.4216867469,-4649585.5561478725,8199088.399521367,-2000261.5783132531,2000261.5783132531,2015,5,pre_pandemic,True
fixed_12m_2015,fixed_origin_12m_ex_ante,drift,2015-06-01,6,4349675.0,1781592.5060240964,-5255916.053525077,8819101.06557327,-2568082.493975904,2568082.493975904,2015,6,pre_pandemic,True
fixed_12m_2015,fixed_origin_12m_ex_ante,drift,2015-07-01,7,5244965.0,1788433.5903614457,-5812944.432515889,9389811.613238782,-3456531.4096385543,3456531.4096385543,2015,7,pre_pandemic,True
fixed_12m_2015,fixed_origin_12m_ex_ante,drift,2015-08-01,8,6748708.0,1795274.6746987952,-6330940.247861228,9921489.597258817,-4953433.325301205,4953433.325301205,2015,8,pre_pandemic,True
fixed_12m_2015,fixed_origin_12m_ex_ante,drift,2015-09-01,9,5415322.0,1802115.7590361445,-6817036.756646117,10421268.274718406,-3613206.2409638558,3613206.2409638558,2015,9,pre_pandemic,True
fixed_12m_2015,fixed_origin_12m_ex_ante,drift,2015-10-01,10,4161806.0,1808956.843373494,-7276427.639935207,10894341.326682195,-2352849.156626506,2352849.156626506,2015,10,pre_pandemic,True
fixed_12m_2015,fixed_origin_12m_ex_ante,drift,2015-11-01,11,2236998.0,1815797.9277108433,-7713033.707411121,11344629.562832806,-421200.0722891567,421200.0722891567,2015,11,pre_pandemic,True
fixed_12m_2015,fixed_origin_12m_ex_ante,drift,2015-12-01,12,1713807.0,1822639.0120481928,-8129901.038182994,11775179.062279379,108832.01204819279,108832.01204819279,2015,12,pre_pandemic,True
fixed_12m_2015,fixed_origin_12m_ex_ante,same_month_historical_mean,2015-01-01,1,1762004.0,1315074.7142857143,627930.8066103298,2002218.6219610989,-446929.2857142857,446929.2857142857,2015,1,pre_pandemic,True
fixed_12m_2015,fixed_origin_12m_ex_ante,same_month_historical_mean,2015-02-01,2,1564925.0,1235293.857142857,548149.9494674725,1922437.7648182416,-329631.14285714296,329631.14285714296,2015,2,pre_pandemic,True
fixed_12m_2015,fixed_origin_12m_ex_ante,same_month_historical_mean,2015-03-01,3,2017645.0,1674150.0,987006.0923246155,2361293.9076753845,-343495.0,343495.0,2015,3,pre_pandemic,True
fixed_12m_2015,fixed_origin_12m_ex_ante,same_month_historical_mean,2015-04-01,4,2626663.0,2125932.4285714286,1438788.520896044,2813076.336246813,-500730.57142857136,500730.57142857136,2015,4,pre_pandemic,True
fixed_12m_2015,fixed_origin_12m_ex_ante,same_month_historical_mean,2015-05-01,5,3775013.0,3202865.714285714,2515721.8066103295,3890009.6219610986,-572147.2857142859,572147.2857142859,2015,5,pre_pandemic,True
fixed_12m_2015,fixed_origin_12m_ex_ante,same_month_historical_mean,2015-06-01,6,4349675.0,3761816.8571428573,3074672.9494674727,4448960.764818242,-587858.1428571427,587858.1428571427,2015,6,pre_pandemic,True
fixed_12m_2015,fixed_origin_12m_ex_ante,same_month_historical_mean,2015-07-01,7,5244965.0,4643002.0,3955858.0923246155,5330145.907675385,-601963.0,601963.0,2015,7,pre_pandemic,True
fixed_12m_2015,fixed_origin_12m_ex_ante,same_month_historical_mean,2015-08-01,8,6748708.0,5579593.285714285,4892449.378038901,6266737.19338967,-1169114.7142857146,1169114.7142857146,2015,8,pre_pandemic,True
fixed_12m_2015,fixed_origin_12m_ex_ante,same_month_historical_mean,2015-09-01,9,5415322.0,4720234.714285715,4033090.80661033,5407378.621961099,-695087.2857142854,695087.2857142854,2015,9,pre_pandemic,True
fixed_12m_2015,fixed_origin_12m_ex_ante,same_month_historical_mean,2015-10-01,10,4161806.0,3782654.285714286,3095510.3780389014,4469798.193389671,-379151.7142857141,379151.7142857141,2015,10,pre_pandemic,True
fixed_12m_2015,fixed_origin_12m_ex_ante,same_month_historical_mean,2015-11-01,11,2236998.0,2067827.2857142857,1380683.3780389011,2754971.19338967,-169170.71428571432,169170.71428571432,2015,11,pre_pandemic,True
fixed_12m_2015,fixed_origin_12m_ex_ante,same_month_historical_mean,2015-12-01,12,1713807.0,1494657.0,807513.0923246155,2181800.9076753845,-219150.0,219150.0,2015,12,pre_pandemic,True
fixed_12m_2015,fixed_origin_12m_ex_ante,seasonal_moving_average_3,2015-01-01,1,1762004.0,1471976.0,1005028.1936771839,1938923.806322816,-290028.0,290028.0,2015,1,pre_pandemic,True
fixed_12m_2015,fixed_origin_12m_ex_ante,seasonal_moving_average_3,2015-02-01,2,1564925.0,1382545.6666666667,915597.8603438507,1849493.4729894828,-182379.33333333326,182379.33333333326,2015,2,pre_pandemic,True
fixed_12m_2015,fixed_origin_12m_ex_ante,seasonal_moving_average_3,2015-03-01,3,2017645.0,1831726.6666666667,1364778.8603438507,2298674.472989483,-185918.33333333326,185918.33333333326,2015,3,pre_pandemic,True
fixed_12m_2015,fixed_origin_12m_ex_ante,seasonal_moving_average_3,2015-04-01,4,2626663.0,2408014.6666666665,1941066.8603438505,2874962.4729894823,-218648.3333333335,218648.3333333335,2015,4,pre_pandemic,True
fixed_12m_2015,fixed_origin_12m_ex_ante,seasonal_moving_average_3,2015-05-01,5,3775013.0,3592054.6666666665,3125106.8603438507,4059002.4729894823,-182958.3333333335,182958.3333333335,2015,5,pre_pandemic,True
fixed_12m_2015,fixed_origin_12m_ex_ante,seasonal_moving_average_3,2015-06-01,6,4349675.0,4186043.6666666665,3719095.8603438507,4652991.472989483,-163631.3333333335,163631.3333333335,2015,6,pre_pandemic,True
fixed_12m_2015,fixed_origin_12m_ex_ante,seasonal_moving_average_3,2015-07-01,7,5244965.0,4908784.0,4441836.193677184,5375731.806322816,-336181.0,336181.0,2015,7,pre_pandemic,True
fixed_12m_2015,fixed_origin_12m_ex_ante,seasonal_moving_average_3,2015-08-01,8,6748708.0,5994200.0,5527252.193677184,6461147.806322816,-754508.0,754508.0,2015,8,pre_pandemic,True
fixed_12m_2015,fixed_origin_12m_ex_ante,seasonal_moving_average_3,2015-09-01,9,5415322.0,5328277.0,4861329.193677184,5795224.806322816,-87045.0,87045.0,2015,9,pre_pandemic,True
fixed_12m_2015,fixed_origin_12m_ex_ante,seasonal_moving_average_3,2015-10-01,10,4161806.0,4092065.3333333335,3625117.5270105177,4559013.13965615,-69740.66666666651,69740.66666666651,2015,10,pre_pandemic,True
fixed_12m_2015,fixed_origin_12m_ex_ante,seasonal_moving_average_3,2015-11-01,11,2236998.0,2204387.6666666665,1737439.8603438505,2671335.4729894823,-32610.33333333349,32610.33333333349,2015,11,pre_pandemic,True
fixed_12m_2015,fixed_origin_12m_ex_ante,seasonal_moving_average_3,2015-12-01,12,1713807.0,1618695.3333333333,1151747.5270105172,2085643.1396561493,-95111.66666666674,95111.66666666674,2015,12,pre_pandemic,True
fixed_12m_2015,fixed_origin_12m_ex_ante,ets_holt_winters,2015-01-01,1,1762004.0,1804863.1743246187,1448588.4962755295,2161137.8523737076,42859.17432461865,42859.17432461865,2015,1,pre_pandemic,True
fixed_12m_2015,fixed_origin_12m_ex_ante,ets_holt_winters,2015-02-01,2,1564925.0,1750123.4593688343,1246274.9777417043,2253971.940995964,185198.45936883427,185198.45936883427,2015,2,pre_pandemic,True
fixed_12m_2015,fixed_origin_12m_ex_ante,ets_holt_winters,2015-03-01,3,2017645.0,2195477.108198774,1578391.2643675075,2812562.9520300403,177832.10819877405,177832.10819877405,2015,3,pre_pandemic,True
fixed_12m_2015,fixed_origin_12m_ex_ante,ets_holt_winters,2015-04-01,4,2626663.0,2791846.169237835,2079296.8131396566,3504395.525336013,165183.16923783487,165183.16923783487,2015,4,pre_pandemic,True
fixed_12m_2015,fixed_origin_12m_ex_ante,ets_holt_winters,2015-05-01,5,3775013.0,4069146.5666851355,3272492.16790552,4865800.965464751,294133.5666851355,294133.5666851355,2015,5,pre_pandemic,True
fixed_12m_2015,fixed_origin_12m_ex_ante,ets_holt_winters,2015-06-01,6,4349675.0,4687083.992452864,3814392.8229582408,5559775.161947486,337408.9924528636,337408.9924528636,2015,6,pre_pandemic,True
fixed_12m_2015,fixed_origin_12m_ex_ante,ets_holt_winters,2015-07-01,7,5244965.0,5112622.944030502,4170008.7474830095,6055237.140577994,-132342.05596949812,132342.05596949812,2015,7,pre_pandemic,True
fixed_12m_2015,fixed_origin_12m_ex_ante,ets_holt_winters,2015-08-01,8,6748708.0,6710338.521635428,5702641.558381168,7718035.484889688,-38369.47836457193,38369.47836457193,2015,8,pre_pandemic,True
fixed_12m_2015,fixed_origin_12m_ex_ante,ets_holt_winters,2015-09-01,9,5415322.0,5577090.119014886,4508266.084867619,6645914.153162153,161768.1190148862,161768.1190148862,2015,9,pre_pandemic,True
fixed_12m_2015,fixed_origin_12m_ex_ante,ets_holt_winters,2015-10-01,10,4161806.0,4372263.851129595,3245624.3958512787,5498903.306407912,210457.8511295952,210457.8511295952,2015,10,pre_pandemic,True
fixed_12m_2015,fixed_origin_12m_ex_ante,ets_holt_winters,2015-11-01,11,2236998.0,2357602.0211386015,1175972.5917451037,3539231.450532099,120604.02113860147,120604.02113860147,2015,11,pre_pandemic,True
fixed_12m_2015,fixed_origin_12m_ex_ante,ets_holt_winters,2015-12-01,12,1713807.0,1877841.7696114993,643670.0819489663,3112013.4572740323,164034.76961149927,164034.76961149927,2015,12,pre_pandemic,True
fixed_12m_2015,fixed_origin_12m_ex_ante,theta,2015-01-01,1,1762004.0,1550666.1771258248,1101.9206539213192,3100230.4335977286,-211337.82287417515,211337.82287417515,2015,1,pre_pandemic,True
fixed_12m_2015,fixed_origin_12m_ex_ante,theta,2015-02-01,2,1564925.0,1456077.6390475044,-961827.6423261403,3873982.920421149,-108847.3609524956,108847.3609524956,2015,2,pre_pandemic,True
fixed_12m_2015,fixed_origin_12m_ex_ante,theta,2015-03-01,3,2017645.0,1962289.0182409775,-1085887.8982869666,5010465.934768922,-55355.981759022456,55355.981759022456,2015,3,pre_pandemic,True
fixed_12m_2015,fixed_origin_12m_ex_ante,theta,2015-04-01,4,2626663.0,2515977.187724139,-1052846.0187702714,6084800.394218549,-110685.81227586092,110685.81227586092,2015,4,pre_pandemic,True
fixed_12m_2015,fixed_origin_12m_ex_ante,theta,2015-05-01,5,3775013.0,3736235.9130506567,-286401.9831528147,7758873.8092541285,-38777.08694934333,38777.08694934333,2015,5,pre_pandemic,True
fixed_12m_2015,fixed_origin_12m_ex_ante,theta,2015-06-01,6,4349675.0,4409806.19444065,-20400.59630078543,8840012.985182084,60131.19444064982,60131.19444064982,2015,6,pre_pandemic,True
fixed_12m_2015,fixed_origin_12m_ex_ante,theta,2015-07-01,7,5244965.0,5522785.62322217,719469.1883523241,10326102.058092017,277820.6232221704,277820.6232221704,2015,7,pre_pandemic,True
fixed_12m_2015,fixed_origin_12m_ex_ante,theta,2015-08-01,8,6748708.0,6521763.109069232,1372300.482906186,11671225.735232279,-226944.8909307681,226944.8909307681,2015,8,pre_pandemic,True
fixed_12m_2015,fixed_origin_12m_ex_ante,theta,2015-09-01,9,5415322.0,5494541.341593596,20778.293834838085,10968304.389352355,79219.34159359615,79219.34159359615,2015,9,pre_pandemic,True
fixed_12m_2015,fixed_origin_12m_ex_ante,theta,2015-10-01,10,4161806.0,4434465.129882371,-1345430.9304087218,10214361.190173464,272659.12988237105,272659.12988237105,2015,10,pre_pandemic,True
fixed_12m_2015,fixed_origin_12m_ex_ante,theta,2015-11-01,11,2236998.0,2435388.531921363,-3635222.2308048834,8505999.29464761,198390.53192136297,198390.53192136297,2015,11,pre_pandemic,True
fixed_12m_2015,fixed_origin_12m_ex_ante,theta,2015-12-01,12,1713807.0,1736044.5315486814,-4611981.271587832,8084070.334685195,22237.531548681436,22237.531548681436,2015,12,pre_pandemic,True
fixed_12m_2015,fixed_origin_12m_ex_ante,sarima_111_111_12,2015-01-01,1,1762004.0,1814551.1249849054,1440889.7444887855,2188212.505481025,52547.12498490536,52547.12498490536,2015,1,pre_pandemic,True
fixed_12m_2015,fixed_origin_12m_ex_ante,sarima_111_111_12,2015-02-01,2,1564925.0,1763426.503167454,1386025.1906341873,2140827.8157007205,198501.50316745392,198501.50316745392,2015,2,pre_pandemic,True
fixed_12m_2015,fixed_origin_12m_ex_ante,sarima_111_111_12,2015-03-01,3,2017645.0,2222599.8542173156,1815126.8505164997,2630072.857918131,204954.85421731556,204954.85421731556,2015,3,pre_pandemic,True
fixed_12m_2015,fixed_origin_12m_ex_ante,sarima_111_111_12,2015-04-01,4,2626663.0,2847128.3107987093,2421769.0429453407,3272487.578652078,220465.31079870928,220465.31079870928,2015,4,pre_pandemic,True
fixed_12m_2015,fixed_origin_12m_ex_ante,sarima_111_111_12,2015-05-01,5,3775013.0,4165719.5931254476,3720361.04418663,4611078.142064266,390706.59312544763,390706.59312544763,2015,5,pre_pandemic,True
fixed_12m_2015,fixed_origin_12m_ex_ante,sarima_111_111_12,2015-06-01,6,4349675.0,4852339.969317507,4388716.448600776,5315963.490034238,502664.969317507,502664.969317507,2015,6,pre_pandemic,True
fixed_12m_2015,fixed_origin_12m_ex_ante,sarima_111_111_12,2015-07-01,7,5244965.0,5262305.571714466,4780847.585023375,5743763.558405558,17340.571714466438,17340.571714466438,2015,7,pre_pandemic,True
fixed_12m_2015,fixed_origin_12m_ex_ante,sarima_111_111_12,2015-08-01,8,6748708.0,7011587.412841267,6513012.068254454,7510162.75742808,262879.41284126695,262879.41284126695,2015,8,pre_pandemic,True
fixed_12m_2015,fixed_origin_12m_ex_ante,sarima_111_111_12,2015-09-01,9,5415322.0,5848180.631469884,5333032.237153224,6363329.025786544,432858.63146988396,432858.63146988396,2015,9,pre_pandemic,True
fixed_12m_2015,fixed_origin_12m_ex_ante,sarima_111_111_12,2015-10-01,10,4161806.0,4641145.012061485,4109947.736998195,5172342.287124775,479339.0120614851,479339.0120614851,2015,10,pre_pandemic,True
fixed_12m_2015,fixed_origin_12m_ex_ante,sarima_111_111_12,2015-11-01,11,2236998.0,2596615.001455456,2049837.4592268188,3143392.5436840933,359617.001455456,359617.001455456,2015,11,pre_pandemic,True
fixed_12m_2015,fixed_origin_12m_ex_ante,sarima_111_111_12,2015-12-01,12,1713807.0,2084253.588432913,1522328.2772810515,2646178.8995847744,370446.58843291295,370446.58843291295,2015,12,pre_pandemic,True
fixed_12m_2015,fixed_origin_12m_ex_ante,dynamic_harmonic_arima_k2,2015-01-01,1,1762004.0,1782449.5624898993,1176423.9857694656,2388475.139210333,20445.56248989934,20445.56248989934,2015,1,pre_pandemic,True
fixed_12m_2015,fixed_origin_12m_ex_ante,dynamic_harmonic_arima_k2,2015-02-01,2,1564925.0,1868220.455745469,1196783.5868201244,2539657.324670814,303295.4557454691,303295.4557454691,2015,2,pre_pandemic,True
fixed_12m_2015,fixed_origin_12m_ex_ante,dynamic_harmonic_arima_k2,2015-03-01,3,2017645.0,2323583.6428482044,1630615.8302471326,3016551.455449276,305938.64284820436,305938.64284820436,2015,3,pre_pandemic,True
fixed_12m_2015,fixed_origin_12m_ex_ante,dynamic_harmonic_arima_k2,2015-04-01,4,2626663.0,2766927.55709669,2070621.4880023778,3463233.6261910023,140264.55709668994,140264.55709668994,2015,4,pre_pandemic,True
fixed_12m_2015,fixed_origin_12m_ex_ante,dynamic_harmonic_arima_k2,2015-05-01,5,3775013.0,3501521.417103891,2802700.663647622,4200342.17056016,-273491.5828961092,273491.5828961092,2015,5,pre_pandemic,True
fixed_12m_2015,fixed_origin_12m_ex_ante,dynamic_harmonic_arima_k2,2015-06-01,6,4349675.0,4488719.169469835,3789574.5085019637,5187863.830437707,139044.16946983524,139044.16946983524,2015,6,pre_pandemic,True
fixed_12m_2015,fixed_origin_12m_ex_ante,dynamic_harmonic_arima_k2,2015-07-01,7,5244965.0,5473594.327080641,4773689.293892568,6173499.360268714,228629.32708064094,228629.32708064094,2015,7,pre_pandemic,True
fixed_12m_2015,fixed_origin_12m_ex_ante,dynamic_harmonic_arima_k2,2015-08-01,8,6748708.0,5908384.540902661,5208123.175999907,6608645.9058054155,-840323.4590973388,840323.4590973388,2015,8,pre_pandemic,True
fixed_12m_2015,fixed_origin_12m_ex_ante,dynamic_harmonic_arima_k2,2015-09-01,9,5415322.0,5457494.683624471,4756717.644419984,6158271.722828957,42172.68362447061,42172.68362447061,2015,9,pre_pandemic,True
fixed_12m_2015,fixed_origin_12m_ex_ante,dynamic_harmonic_arima_k2,2015-10-01,10,4161806.0,4273358.925895754,3572160.75372283,4974557.098068679,111552.92589575425,111552.92589575425,2015,10,pre_pandemic,True
fixed_12m_2015,fixed_origin_12m_ex_ante,dynamic_harmonic_arima_k2,2015-11-01,11,2236998.0,2945968.28945448,2244304.2323961607,3647632.3465127996,708970.2894544802,708970.2894544802,2015,11,pre_pandemic,True
fixed_12m_2015,fixed_origin_12m_ex_ante,dynamic_harmonic_arima_k2,2015-12-01,12,1713807.0,2065788.2131446805,1363682.504440677,2767893.921848684,351981.2131446805,351981.2131446805,2015,12,pre_pandemic,True
fixed_12m_2016,fixed_origin_12m_ex_ante,naive_last,2016-01-01,1,1691287.0,1713807.0,-56820.3376146683,3484434.3376146685,22520.0,22520.0,2016,1,pre_pandemic,True
fixed_12m_2016,fixed_origin_12m_ex_ante,naive_last,2016-02-01,2,1517504.0,1713807.0,-790238.1947632292,4217852.194763229,196303.0,196303.0,2016,2,pre_pandemic,True
fixed_12m_2016,fixed_origin_12m_ex_ante,naive_last,2016-03-01,3,1898762.0,1713807.0,-1353009.5100190174,4780623.510019017,-184955.0,184955.0,2016,3,pre_pandemic,True
fixed_12m_2016,fixed_origin_12m_ex_ante,naive_last,2016-04-01,4,2049238.0,1713807.0,-1827447.6752293366,5255061.675229337,-335431.0,335431.0,2016,4,pre_pandemic,True
fixed_12m_2016,fixed_origin_12m_ex_ante,naive_last,2016-05-01,5,2749648.0,1713807.0,-2245436.089725869,5673050.089725869,-1035841.0,1035841.0,2016,5,pre_pandemic,True
fixed_12m_2016,fixed_origin_12m_ex_ante,naive_last,2016-06-01,6,2696149.0,1713807.0,-2623326.5017786166,6050940.501778617,-982342.0,982342.0,2016,6,pre_pandemic,True
fixed_12m_2016,fixed_origin_12m_ex_ante,naive_last,2016-07-01,7,3482544.0,1713807.0,-2970832.5999008147,6398446.599900815,-1768737.0,1768737.0,2016,7,pre_pandemic,True
fixed_12m_2016,fixed_origin_12m_ex_ante,naive_last,2016-08-01,8,4565837.0,1713807.0,-3294283.3895264585,6721897.389526458,-2852030.0,2852030.0,2016,8,pre_pandemic,True
fixed_12m_2016,fixed_origin_12m_ex_ante,naive_last,2016-09-01,9,4014930.0,1713807.0,-3598075.0128440047,7025689.012844005,-2301123.0,2301123.0,2016,9,pre_pandemic,True
fixed_12m_2016,fixed_origin_12m_ex_ante,naive_last,2016-10-01,10,3190334.0,1713807.0,-3885408.274222281,7313022.274222281,-1476527.0,1476527.0,2016,10,pre_pandemic,True
fixed_12m_2016,fixed_origin_12m_ex_ante,naive_last,2016-11-01,11,1879625.0,1713807.0,-4158699.5224137893,7586313.522413789,-165818.0,165818.0,2016,11,pre_pandemic,True
fixed_12m_2016,fixed_origin_12m_ex_ante,naive_last,2016-12-01,12,1629471.0,1713807.0,-4419826.020038035,7847440.020038035,84336.0,84336.0,2016,12,pre_pandemic,True
fixed_12m_2016,fixed_origin_12m_ex_ante,seasonal_naive,2016-01-01,1,1691287.0,1762004.0,1406597.0308575374,2117410.9691424626,70717.0,70717.0,2016,1,pre_pandemic,True
fixed_12m_2016,fixed_origin_12m_ex_ante,seasonal_naive,2016-02-01,2,1517504.0,1564925.0,1062303.644076813,2067546.355923187,47421.0,47421.0,2016,2,pre_pandemic,True
fixed_12m_2016,fixed_origin_12m_ex_ante,seasonal_naive,2016-03-01,3,1898762.0,2017645.0,1402062.0720811905,2633227.9279188095,118883.0,118883.0,2016,3,pre_pandemic,True
fixed_12m_2016,fixed_origin_12m_ex_ante,seasonal_naive,2016-04-01,4,2049238.0,2626663.0,1915849.0617150746,3337476.938284925,577425.0,577425.0,2016,4,pre_pandemic,True
fixed_12m_2016,fixed_origin_12m_ex_ante,seasonal_naive,2016-05-01,5,2749648.0,3775013.0,2980298.857320283,4569727.142679716,1025365.0,1025365.0,2016,5,pre_pandemic,True
fixed_12m_2016,fixed_origin_12m_ex_ante,seasonal_naive,2016-06-01,6,2696149.0,4349675.0,3479109.27457188,5220240.725428119,1653526.0,1653526.0,2016,6,pre_pandemic,True
fixed_12m_2016,fixed_origin_12m_ex_ante,seasonal_naive,2016-07-01,7,3482544.0,5244965.0,4304646.545429837,6185283.454570163,1762421.0,1762421.0,2016,7,pre_pandemic,True
fixed_12m_2016,fixed_origin_12m_ex_ante,seasonal_naive,2016-08-01,8,4565837.0,6748708.0,5743465.288153626,7753950.711846374,2182871.0,2182871.0,2016,8,pre_pandemic,True
fixed_12m_2016,fixed_origin_12m_ex_ante,seasonal_naive,2016-09-01,9,4014930.0,5415322.0,4349101.092572612,6481542.907427388,1400392.0,1400392.0,2016,9,pre_pandemic,True
fixed_12m_2016,fixed_origin_12m_ex_ante,seasonal_naive,2016-10-01,10,3190334.0,4161806.0,3037910.4812126374,5285701.518787363,971472.0,971472.0,2016,10,pre_pandemic,True
fixed_12m_2016,fixed_origin_12m_ex_ante,seasonal_naive,2016-11-01,11,1879625.0,2236998.0,1058246.4354770316,3415749.5645229686,357373.0,357373.0,2016,11,pre_pandemic,True
fixed_12m_2016,fixed_origin_12m_ex_ante,seasonal_naive,2016-12-01,12,1629471.0,1713807.0,482641.14416238084,2944972.855837619,84336.0,84336.0,2016,12,pre_pandemic,True
fixed_12m_2016,fixed_origin_12m_ex_ante,drift,2016-01-01,1,1691287.0,1719502.4842105263,-1212809.962769353,4651814.931190406,28215.484210526338,28215.484210526338,2016,1,pre_pandemic,True
fixed_12m_2016,fixed_origin_12m_ex_ante,drift,2016-02-01,2,1517504.0,1725197.9684210527,-2421718.06321333,5872114.000055436,207693.96842105268,207693.96842105268,2016,2,pre_pandemic,True
fixed_12m_2016,fixed_origin_12m_ex_ante,drift,2016-03-01,3,1898762.0,1730893.452631579,-3348020.689204192,6809807.594467349,-167868.547368421,167868.547368421,2016,3,pre_pandemic,True
fixed_12m_2016,fixed_origin_12m_ex_ante,drift,2016-04-01,4,2049238.0,1736588.9368421054,-4128035.9571176535,7601213.830801864,-312649.06315789465,312649.06315789465,2016,4,pre_pandemic,True
fixed_12m_2016,fixed_origin_12m_ex_ante,drift,2016-05-01,5,2749648.0,1742284.4210526317,-4814565.541663127,8299134.383768391,-1007363.5789473683,1007363.5789473683,2016,5,pre_pandemic,True
fixed_12m_2016,fixed_origin_12m_ex_ante,drift,2016-06-01,6,2696149.0,1747979.9052631578,-5434689.356249498,8930649.166775813,-948169.0947368422,948169.0947368422,2016,6,pre_pandemic,True
fixed_12m_2016,fixed_origin_12m_ex_ante,drift,2016-07-01,7,3482544.0,1753675.3894736841,-6004494.11157435,9511844.890521718,-1728868.6105263159,1728868.6105263159,2016,7,pre_pandemic,True
fixed_12m_2016,fixed_origin_12m_ex_ante,drift,2016-08-01,8,4565837.0,1759370.8736842105,-6534461.189584555,10053202.936952977,-2806466.1263157893,2806466.1263157893,2016,8,pre_pandemic,True
fixed_12m_2016,fixed_origin_12m_ex_ante,drift,2016-09-01,9,4014930.0,1765066.3578947368,-7031870.9830449,10562003.698834375,-2249863.642105263,2249863.642105263,2016,9,pre_pandemic,True
fixed_12m_2016,fixed_origin_12m_ex_ante,drift,2016-10-01,10,3190334.0,1770761.8421052631,-7502024.301612885,11043547.985823411,-1419572.1578947369,1419572.1578947369,2016,10,pre_pandemic,True
fixed_12m_2016,fixed_origin_12m_ex_ante,drift,2016-11-01,11,1879625.0,1776457.3263157895,-7948922.828405383,11501837.481036961,-103167.67368421052,103167.67368421052,2016,11,pre_pandemic,True
fixed_12m_2016,fixed_origin_12m_ex_ante,drift,2016-12-01,12,1629471.0,1782152.8105263158,-8375675.473145225,11939981.094197856,152681.81052631582,152681.81052631582,2016,12,pre_pandemic,True
fixed_12m_2016,fixed_origin_12m_ex_ante,same_month_historical_mean,2016-01-01,1,1691287.0,1370940.875,631774.6412634489,2110107.1087365514,-320346.125,320346.125,2016,1,pre_pandemic,True
fixed_12m_2016,fixed_origin_12m_ex_ante,same_month_historical_mean,2016-02-01,2,1517504.0,1276497.75,537331.5162634489,2015663.9837365511,-241006.25,241006.25,2016,2,pre_pandemic,True
fixed_12m_2016,fixed_origin_12m_ex_ante,same_month_historical_mean,2016-03-01,3,1898762.0,1717086.875,977920.6412634489,2456253.1087365514,-181675.125,181675.125,2016,3,pre_pandemic,True
fixed_12m_2016,fixed_origin_12m_ex_ante,same_month_historical_mean,2016-04-01,4,2049238.0,2188523.75,1449357.5162634489,2927689.9837365514,139285.75,139285.75,2016,4,pre_pandemic,True
fixed_12m_2016,fixed_origin_12m_ex_ante,same_month_historical_mean,2016-05-01,5,2749648.0,3274384.125,2535217.8912634486,4013550.3587365514,524736.125,524736.125,2016,5,pre_pandemic,True
fixed_12m_2016,fixed_origin_12m_ex_ante,same_month_historical_mean,2016-06-01,6,2696149.0,3835299.125,3096132.8912634486,4574465.358736551,1139150.125,1139150.125,2016,6,pre_pandemic,True
fixed_12m_2016,fixed_origin_12m_ex_ante,same_month_historical_mean,2016-07-01,7,3482544.0,4718247.375,3979081.1412634486,5457413.608736551,1235703.375,1235703.375,2016,7,pre_pandemic,True
fixed_12m_2016,fixed_origin_12m_ex_ante,same_month_historical_mean,2016-08-01,8,4565837.0,5725732.625,4986566.391263449,6464898.858736551,1159895.625,1159895.625,2016,8,pre_pandemic,True
fixed_12m_2016,fixed_origin_12m_ex_ante,same_month_historical_mean,2016-09-01,9,4014930.0,4807120.625,4067954.3912634486,5546286.858736551,792190.625,792190.625,2016,9,pre_pandemic,True
fixed_12m_2016,fixed_origin_12m_ex_ante,same_month_historical_mean,2016-10-01,10,3190334.0,3830048.25,3090882.0162634486,4569214.483736551,639714.25,639714.25,2016,10,pre_pandemic,True
fixed_12m_2016,fixed_origin_12m_ex_ante,same_month_historical_mean,2016-11-01,11,1879625.0,2088973.625,1349807.3912634489,2828139.8587365514,209348.625,209348.625,2016,11,pre_pandemic,True
fixed_12m_2016,fixed_origin_12m_ex_ante,same_month_historical_mean,2016-12-01,12,1629471.0,1522050.75,782884.5162634489,2261216.9837365514,-107420.25,107420.25,2016,12,pre_pandemic,True
fixed_12m_2016,fixed_origin_12m_ex_ante,seasonal_moving_average_3,2016-01-01,1,1691287.0,1601177.0,1147919.6463074347,2054434.3536925653,-90110.0,90110.0,2016,1,pre_pandemic,True
fixed_12m_2016,fixed_origin_12m_ex_ante,seasonal_moving_average_3,2016-02-01,2,1517504.0,1501166.0,1047908.6463074347,1954423.3536925653,-16338.0,16338.0,2016,2,pre_pandemic,True
fixed_12m_2016,fixed_origin_12m_ex_ante,seasonal_moving_average_3,2016-03-01,3,1898762.0,1959043.0,1505785.6463074347,2412300.3536925656,60281.0,60281.0,2016,3,pre_pandemic,True
fixed_12m_2016,fixed_origin_12m_ex_ante,seasonal_moving_average_3,2016-04-01,4,2049238.0,2539588.0,2086330.6463074347,2992845.3536925656,490350.0,490350.0,2016,4,pre_pandemic,True
fixed_12m_2016,fixed_origin_12m_ex_ante,seasonal_moving_average_3,2016-05-01,5,2749648.0,3785543.3333333335,3332285.979640768,4238800.687025899,1035895.3333333335,1035895.3333333335,2016,5,pre_pandemic,True
fixed_12m_2016,fixed_origin_12m_ex_ante,seasonal_moving_average_3,2016-06-01,6,2696149.0,4336945.0,3883687.6463074344,4790202.353692565,1640796.0,1640796.0,2016,6,pre_pandemic,True
fixed_12m_2016,fixed_origin_12m_ex_ante,seasonal_moving_average_3,2016-07-01,7,3482544.0,4996318.0,4543060.646307435,5449575.353692565,1513774.0,1513774.0,2016,7,pre_pandemic,True
fixed_12m_2016,fixed_origin_12m_ex_ante,seasonal_moving_average_3,2016-08-01,8,4565837.0,6438405.333333333,5985147.979640768,6891662.687025898,1872568.333333333,1872568.333333333,2016,8,pre_pandemic,True
fixed_12m_2016,fixed_origin_12m_ex_ante,seasonal_moving_average_3,2016-09-01,9,4014930.0,5415496.0,4962238.646307435,5868753.353692565,1400566.0,1400566.0,2016,9,pre_pandemic,True
fixed_12m_2016,fixed_origin_12m_ex_ante,seasonal_moving_average_3,2016-10-01,10,3190334.0,4180570.0,3727312.6463074344,4633827.353692565,990236.0,990236.0,2016,10,pre_pandemic,True
fixed_12m_2016,fixed_origin_12m_ex_ante,seasonal_moving_average_3,2016-11-01,11,1879625.0,2210955.3333333335,1757697.9796407681,2664212.687025899,331330.3333333335,331330.3333333335,2016,11,pre_pandemic,True
fixed_12m_2016,fixed_origin_12m_ex_ante,seasonal_moving_average_3,2016-12-01,12,1629471.0,1667192.0,1213934.6463074347,2120449.3536925656,37721.0,37721.0,2016,12,pre_pandemic,True
fixed_12m_2016,fixed_origin_12m_ex_ante,ets_holt_winters,2016-01-01,1,1691287.0,1749774.624746406,1399501.0187517365,2100048.2307410752,58487.624746405985,58487.624746405985,2016,1,pre_pandemic,True
fixed_12m_2016,fixed_origin_12m_ex_ante,ets_holt_winters,2016-02-01,2,1517504.0,1577713.959981278,1082352.2758422866,2073075.6441202695,60209.95998127805,60209.95998127805,2016,2,pre_pandemic,True
fixed_12m_2016,fixed_origin_12m_ex_ante,ets_holt_winters,2016-03-01,3,1898762.0,2050525.643368493,1443833.961235363,2657217.325501623,151763.64336849307,151763.64336849307,2016,3,pre_pandemic,True
fixed_12m_2016,fixed_origin_12m_ex_ante,ets_holt_winters,2016-04-01,4,2049238.0,2674660.2950621536,1974113.0830728146,3375207.5070514926,625422.2950621536,625422.2950621536,2016,4,pre_pandemic,True
fixed_12m_2016,fixed_origin_12m_ex_ante,ets_holt_winters,2016-05-01,5,2749648.0,3854667.2979204883,3071431.7041924293,4637902.891648547,1105019.2979204883,1105019.2979204883,2016,5,pre_pandemic,True
fixed_12m_2016,fixed_origin_12m_ex_ante,ets_holt_winters,2016-06-01,6,2696149.0,4462537.578865358,3604545.9738137387,5320529.183916977,1766388.5788653577,1766388.5788653577,2016,6,pre_pandemic,True
fixed_12m_2016,fixed_origin_12m_ex_ante,ets_holt_winters,2016-07-01,7,3482544.0,5317040.923400826,4390304.071109107,6243777.775692545,1834496.9234008258,1834496.9234008258,2016,7,pre_pandemic,True
fixed_12m_2016,fixed_origin_12m_ex_ante,ets_holt_winters,2016-08-01,8,4565837.0,6799635.627411831,5808912.259133848,7790358.995689814,2233798.627411831,2233798.627411831,2016,8,pre_pandemic,True
fixed_12m_2016,fixed_origin_12m_ex_ante,ets_holt_winters,2016-09-01,9,4014930.0,5477401.09529262,4426580.277308612,6528221.913276629,1462471.0952926204,1462471.0952926204,2016,9,pre_pandemic,True
fixed_12m_2016,fixed_origin_12m_ex_ante,ets_holt_winters,2016-10-01,10,3190334.0,4240374.813747576,3132712.414564012,5348037.212931141,1050040.8137475764,1050040.8137475764,2016,10,pre_pandemic,True
fixed_12m_2016,fixed_origin_12m_ex_ante,ets_holt_winters,2016-11-01,11,1879625.0,2316271.5340976203,1154545.4090485198,3477997.6591467205,436646.5340976203,436646.5340976203,2016,11,pre_pandemic,True
fixed_12m_2016,fixed_origin_12m_ex_ante,ets_holt_winters,2016-12-01,12,1629471.0,1803774.7022984135,590391.3380321534,3017158.0665646736,174303.7022984135,174303.7022984135,2016,12,pre_pandemic,True
fixed_12m_2016,fixed_origin_12m_ex_ante,theta,2016-01-01,1,1691287.0,1564113.356837087,-21474.01496690046,3149700.7286410746,-127173.64316291292,127173.64316291292,2016,1,pre_pandemic,True
fixed_12m_2016,fixed_origin_12m_ex_ante,theta,2016-02-01,2,1517504.0,1455406.1420501973,-1013386.5204054401,3924198.804505835,-62097.85794980265,62097.85794980265,2016,2,pre_pandemic,True
fixed_12m_2016,fixed_origin_12m_ex_ante,theta,2016-03-01,3,1898762.0,1948926.2101574454,-1161666.5157977405,5059518.936112631,50164.2101574454,50164.2101574454,2016,3,pre_pandemic,True
fixed_12m_2016,fixed_origin_12m_ex_ante,theta,2016-04-01,4,2049238.0,2505872.4389165845,-1135094.054109111,6146838.93194228,456634.4389165845,456634.4389165845,2016,4,pre_pandemic,True
fixed_12m_2016,fixed_origin_12m_ex_ante,theta,2016-05-01,5,2749648.0,3705367.855154865,-397982.83664645255,7808718.546956182,955719.855154865,955719.855154865,2016,5,pre_pandemic,True
fixed_12m_2016,fixed_origin_12m_ex_ante,theta,2016-06-01,6,2696149.0,4359725.072401949,-158940.3053923482,8878390.450196248,1663576.0724019492,1663576.0724019492,2016,6,pre_pandemic,True
fixed_12m_2016,fixed_origin_12m_ex_ante,theta,2016-07-01,7,3482544.0,5393143.0538793225,494246.5768094724,10292039.530949172,1910599.0538793225,1910599.0538793225,2016,7,pre_pandemic,True
fixed_12m_2016,fixed_origin_12m_ex_ante,theta,2016-08-01,8,4565837.0,6479277.9509567795,1227608.0651378026,11730947.836775757,1913440.9509567795,1913440.9509567795,2016,8,pre_pandemic,True
fixed_12m_2016,fixed_origin_12m_ex_ante,theta,2016-09-01,9,4014930.0,5445604.255629165,-136589.44274680782,11027797.954005137,1430674.255629165,1430674.255629165,2016,9,pre_pandemic,True
fixed_12m_2016,fixed_origin_12m_ex_ante,theta,2016-10-01,10,3190334.0,4374873.050258234,-1519339.0584768215,10269085.158993289,1184539.0502582341,1184539.0502582341,2016,10,pre_pandemic,True
fixed_12m_2016,fixed_origin_12m_ex_ante,theta,2016-11-01,11,1879625.0,2389976.78687882,-3800547.1230442706,8580500.69680191,510351.78687882004,510351.78687882004,2016,11,pre_pandemic,True
fixed_12m_2016,fixed_origin_12m_ex_ante,theta,2016-12-01,12,1629471.0,1722826.8686606328,-4750459.481864885,8196113.2191861505,93355.86866063275,93355.86866063275,2016,12,pre_pandemic,True
fixed_12m_2016,fixed_origin_12m_ex_ante,sarima_111_111_12,2016-01-01,1,1691287.0,1730001.927326111,1365450.4005082517,2094553.45414397,38714.92732611089,38714.92732611089,2016,1,pre_pandemic,True
fixed_12m_2016,fixed_origin_12m_ex_ante,sarima_111_111_12,2016-02-01,2,1517504.0,1515304.8931954904,1147569.0622971212,1883040.7240938595,-2199.106804509647,2199.106804509647,2016,2,pre_pandemic,True
fixed_12m_2016,fixed_origin_12m_ex_ante,sarima_111_111_12,2016-03-01,3,1898762.0,1964072.2117033745,1578563.8409272772,2349580.582479472,65310.211703374516,65310.211703374516,2016,3,pre_pandemic,True
fixed_12m_2016,fixed_origin_12m_ex_ante,sarima_111_111_12,2016-04-01,4,2049238.0,2574839.3634598213,2176235.539446734,2973443.1874729088,525601.3634598213,525601.3634598213,2016,4,pre_pandemic,True
fixed_12m_2016,fixed_origin_12m_ex_ante,sarima_111_111_12,2016-05-01,5,2749648.0,3726869.348677355,3314821.444601361,4138917.2527533486,977221.3486773549,977221.3486773549,2016,5,pre_pandemic,True
fixed_12m_2016,fixed_origin_12m_ex_ante,sarima_111_111_12,2016-06-01,6,2696149.0,4298454.661764481,3873547.558361087,4723361.765167875,1602305.661764481,1602305.661764481,2016,6,pre_pandemic,True
fixed_12m_2016,fixed_origin_12m_ex_ante,sarima_111_111_12,2016-07-01,7,3482544.0,5198060.008300161,4760638.565283252,5635481.45131707,1715516.008300161,1715516.008300161,2016,7,pre_pandemic,True
fixed_12m_2016,fixed_origin_12m_ex_ante,sarima_111_111_12,2016-08-01,8,4565837.0,6729881.947690555,6280301.215127617,7179462.680253493,2164044.947690555,2164044.947690555,2016,8,pre_pandemic,True
fixed_12m_2016,fixed_origin_12m_ex_ante,sarima_111_111_12,2016-09-01,9,4014930.0,5349867.025017215,4888445.87756261,5811288.172471819,1334937.025017215,1334937.025017215,2016,9,pre_pandemic,True
fixed_12m_2016,fixed_origin_12m_ex_ante,sarima_111_111_12,2016-10-01,10,3190334.0,4065427.26282682,3592462.3048401885,4538392.220813451,875093.2628268199,875093.2628268199,2016,10,pre_pandemic,True
fixed_12m_2016,fixed_origin_12m_ex_ante,sarima_111_111_12,2016-11-01,11,1879625.0,2106151.1623008344,1621917.4256762152,2590384.8989254534,226526.16230083443,226526.16230083443,2016,11,pre_pandemic,True
fixed_12m_2016,fixed_origin_12m_ex_ante,sarima_111_111_12,2016-12-01,12,1629471.0,1571022.2645238633,1075776.0667737103,2066268.4622740163,-58448.73547613667,58448.73547613667,2016,12,pre_pandemic,True
fixed_12m_2016,fixed_origin_12m_ex_ante,dynamic_harmonic_arima_k2,2016-01-01,1,1691287.0,1808226.928479483,1200781.7701014974,2415672.0868574684,116939.92847948289,116939.92847948289,2016,1,pre_pandemic,True
fixed_12m_2016,fixed_origin_12m_ex_ante,dynamic_harmonic_arima_k2,2016-02-01,2,1517504.0,1934898.508910867,1301907.7407402666,2567889.277081467,417394.5089108669,417394.5089108669,2016,2,pre_pandemic,True
fixed_12m_2016,fixed_origin_12m_ex_ante,dynamic_harmonic_arima_k2,2016-03-01,3,1898762.0,2357849.7745067533,1717770.8792903367,2997928.66972317,459087.7745067533,459087.7745067533,2016,3,pre_pandemic,True
fixed_12m_2016,fixed_origin_12m_ex_ante,dynamic_harmonic_arima_k2,2016-04-01,4,2049238.0,2820242.7380144484,2180163.8342997422,3460321.6417291546,771004.7380144484,771004.7380144484,2016,4,pre_pandemic,True
fixed_12m_2016,fixed_origin_12m_ex_ante,dynamic_harmonic_arima_k2,2016-05-01,5,2749648.0,3545994.6012921087,2905061.197302284,4186928.005281933,796346.6012921087,796346.6012921087,2016,5,pre_pandemic,True
fixed_12m_2016,fixed_origin_12m_ex_ante,dynamic_harmonic_arima_k2,2016-06-01,6,2696149.0,4561430.355781334,3920132.348622392,5202728.362940277,1865281.3557813345,1865281.3557813345,2016,6,pre_pandemic,True
fixed_12m_2016,fixed_origin_12m_ex_ante,dynamic_harmonic_arima_k2,2016-07-01,7,3482544.0,5565273.127250347,4923464.11257771,6207082.141922984,2082729.1272503473,2082729.1272503473,2016,7,pre_pandemic,True
fixed_12m_2016,fixed_origin_12m_ex_ante,dynamic_harmonic_arima_k2,2016-08-01,8,4565837.0,6008361.68819667,5366095.7889692355,6650627.587424105,1442524.6881966703,1442524.6881966703,2016,8,pre_pandemic,True
fixed_12m_2016,fixed_origin_12m_ex_ante,dynamic_harmonic_arima_k2,2016-09-01,9,4014930.0,5535280.548462512,4892539.770125854,6178021.32679917,1520350.548462512,1520350.548462512,2016,9,pre_pandemic,True
fixed_12m_2016,fixed_origin_12m_ex_ante,dynamic_harmonic_arima_k2,2016-10-01,10,3190334.0,4315116.402617748,3671907.4991665124,4958325.306068983,1124782.402617748,1124782.402617748,2016,10,pre_pandemic,True
fixed_12m_2016,fixed_origin_12m_ex_ante,dynamic_harmonic_arima_k2,2016-11-01,11,1879625.0,2958035.4886167846,2314356.581393444,3601714.395840125,1078410.4886167846,1078410.4886167846,2016,11,pre_pandemic,True
fixed_12m_2016,fixed_origin_12m_ex_ante,dynamic_harmonic_arima_k2,2016-12-01,12,1629471.0,2070906.194139238,1426758.3974178385,2715053.9908606373,441435.194139238,441435.194139238,2016,12,pre_pandemic,True
fixed_12m_2017,fixed_origin_12m_ex_ante,naive_last,2017-01-01,1,1568344.0,1629471.0,-94023.73012804217,3352965.7301280424,61127.0,61127.0,2017,1,pre_pandemic,True
fixed_12m_2017,fixed_origin_12m_ex_ante,naive_last,2017-02-01,2,1432342.0,1629471.0,-807918.6220256346,4066860.6220256346,197129.0,197129.0,2017,2,pre_pandemic,True
fixed_12m_2017,fixed_origin_12m_ex_ante,naive_last,2017-03-01,3,1844076.0,1629471.0,-1355709.4391589793,4614651.43915898,-214605.0,214605.0,2017,3,pre_pandemic,True
fixed_12m_2017,fixed_origin_12m_ex_ante,naive_last,2017-04-01,4,2278538.0,1629471.0,-1817518.4602560843,5076460.460256085,-649067.0,649067.0,2017,4,pre_pandemic,True
fixed_12m_2017,fixed_origin_12m_ex_ante,naive_last,2017-05-01,5,3095282.0,1629471.0,-2224380.3754289574,5483322.375428958,-1465811.0,1465811.0,2017,5,pre_pandemic,True
fixed_12m_2017,fixed_origin_12m_ex_ante,naive_last,2017-06-01,6,3489572.0,1629471.0,-2592211.6631895006,5851153.663189501,-1860101.0,1860101.0,2017,6,pre_pandemic,True
fixed_12m_2017,fixed_origin_12m_ex_ante,naive_last,2017-07-01,7,5032488.0,1629471.0,-2930467.4418491805,6189409.4418491805,-3403017.0,3403017.0,2017,7,pre_pandemic,True
fixed_12m_2017,fixed_origin_12m_ex_ante,naive_last,2017-08-01,8,6323888.0,1629471.0,-3245308.2440512693,6504250.244051269,-4694417.0,4694417.0,2017,8,pre_pandemic,True
fixed_12m_2017,fixed_origin_12m_ex_ante,naive_last,2017-09-01,9,5306888.0,1629471.0,-3541013.1903841263,6799955.190384126,-3677417.0,3677417.0,2017,9,pre_pandemic,True
fixed_12m_2017,fixed_origin_12m_ex_ante,naive_last,2017-10-01,10,3913759.0,1629471.0,-3820697.882501838,7079639.882501838,-2284288.0,2284288.0,2017,10,pre_pandemic,True
fixed_12m_2017,fixed_origin_12m_ex_ante,naive_last,2017-11-01,11,2293847.0,1629471.0,-4086714.3479895545,7345656.3479895545,-664376.0,664376.0,2017,11,pre_pandemic,True
fixed_12m_2017,fixed_origin_12m_ex_ante,naive_last,2017-12-01,12,2041323.0,1629471.0,-4340889.878317959,7599831.878317959,-411852.0,411852.0,2017,12,pre_pandemic,True
fixed_12m_2017,fixed_origin_12m_ex_ante,seasonal_naive,2017-01-01,1,1568344.0,1691287.0,811867.0920837814,2570706.9079162185,122943.0,122943.0,2017,1,pre_pandemic,True
fixed_12m_2017,fixed_origin_12m_ex_ante,seasonal_naive,2017-02-01,2,1432342.0,1517504.0,273816.43920398527,2761191.560796015,85162.0,85162.0,2017,2,pre_pandemic,True
fixed_12m_2017,fixed_origin_12m_ex_ante,seasonal_naive,2017-03-01,3,1844076.0,1898762.0,375562.0383015659,3421961.9616984343,54686.0,54686.0,2017,3,pre_pandemic,True
fixed_12m_2017,fixed_origin_12m_ex_ante,seasonal_naive,2017-04-01,4,2278538.0,2049238.0,290398.18416756275,3808077.815832437,-229300.0,229300.0,2017,4,pre_pandemic,True
fixed_12m_2017,fixed_origin_12m_ex_ante,seasonal_naive,2017-05-01,5,3095282.0,2749648.0,783205.3051327297,4716090.69486727,-345634.0,345634.0,2017,5,pre_pandemic,True
fixed_12m_2017,fixed_origin_12m_ex_ante,seasonal_naive,2017-06-01,6,3489572.0,2696149.0,542018.9559598956,4850279.044040104,-793423.0,793423.0,2017,6,pre_pandemic,True
fixed_12m_2017,fixed_origin_12m_ex_ante,seasonal_naive,2017-07-01,7,5032488.0,3482544.0,1155817.625654363,5809270.374345637,-1549944.0,1549944.0,2017,7,pre_pandemic,True
fixed_12m_2017,fixed_origin_12m_ex_ante,seasonal_naive,2017-08-01,8,6323888.0,4565837.0,2078461.8784079705,7053212.12159203,-1758051.0,1758051.0,2017,8,pre_pandemic,True
fixed_12m_2017,fixed_origin_12m_ex_ante,seasonal_naive,2017-09-01,9,5306888.0,4014930.0,1376670.276251344,6653189.723748656,-1291958.0,1291958.0,2017,9,pre_pandemic,True
fixed_12m_2017,fixed_origin_12m_ex_ante,seasonal_naive,2017-10-01,10,3913759.0,3190334.0,409364.07128920825,5971303.928710792,-723425.0,723425.0,2017,10,pre_pandemic,True
fixed_12m_2017,fixed_origin_12m_ex_ante,seasonal_naive,2017-11-01,11,2293847.0,1879625.0,-1037080.8677269937,4796330.867726994,-414222.0,414222.0,2017,11,pre_pandemic,True
fixed_12m_2017,fixed_origin_12m_ex_ante,seasonal_naive,2017-12-01,12,2041323.0,1629471.0,-1416928.9233968682,4675870.923396869,-411852.0,411852.0,2017,12,pre_pandemic,True
fixed_12m_2017,fixed_origin_12m_ex_ante,drift,2017-01-01,1,1568344.0,1633739.5514018692,-1240543.522940993,4508022.625744731,65395.55140186916,65395.55140186916,2017,1,pre_pandemic,True
fixed_12m_2017,fixed_origin_12m_ex_ante,drift,2017-02-01,2,1432342.0,1638008.1028037383,-2426842.0030313726,5702858.208638849,205666.10280373832,205666.10280373832,2017,2,pre_pandemic,True
fixed_12m_2017,fixed_origin_12m_ex_ante,drift,2017-03-01,3,1844076.0,1642276.6542056075,-3336127.665891502,6620680.974302717,-201799.34579439252,201799.34579439252,2017,3,pre_pandemic,True
fixed_12m_2017,fixed_origin_12m_ex_ante,drift,2017-04-01,4,2278538.0,1646545.2056074766,-4102020.943078248,7395111.354293201,-631992.7943925234,631992.7943925234,2017,4,pre_pandemic,True
fixed_12m_2017,fixed_origin_12m_ex_ante,drift,2017-05-01,5,3095282.0,1650813.7570093458,-4776278.583798376,8077906.097817068,-1444468.2429906542,1444468.2429906542,2017,5,pre_pandemic,True
fixed_12m_2017,fixed_origin_12m_ex_ante,drift,2017-06-01,6,3489572.0,1655082.308411215,-5385444.600046925,8695609.216869354,-1834489.691588785,1834489.691588785,2017,6,pre_pandemic,True
fixed_12m_2017,fixed_origin_12m_ex_ante,drift,2017-07-01,7,5032488.0,1659350.8598130841,-5945287.352500306,9263989.072126474,-3373137.140186916,3373137.140186916,2017,7,pre_pandemic,True
fixed_12m_2017,fixed_origin_12m_ex_ante,drift,2017-08-01,8,6323888.0,1663619.4112149533,-6466080.8004552685,9793319.622885175,-4660268.588785047,4660268.588785047,2017,8,pre_pandemic,True
fixed_12m_2017,fixed_origin_12m_ex_ante,drift,2017-09-01,9,5306888.0,1667887.9626168224,-6954961.2604117645,10290737.185645409,-3639000.0373831773,3639000.0373831773,2017,9,pre_pandemic,True
fixed_12m_2017,fixed_origin_12m_ex_ante,drift,2017-10-01,10,3913759.0,1672156.5140186916,-7417124.640975831,10761437.669013215,-2241602.4859813084,2241602.4859813084,2017,10,pre_pandemic,True
fixed_12m_2017,fixed_origin_12m_ex_ante,drift,2017-11-01,11,2293847.0,1676425.0654205608,-7856493.4334439095,11209343.56428503,-617421.9345794392,617421.9345794392,2017,11,pre_pandemic,True
fixed_12m_2017,fixed_origin_12m_ex_ante,drift,2017-12-01,12,2041323.0,1680693.61682243,-8276115.023371789,11637502.257016648,-360629.38317757007,360629.38317757007,2017,12,pre_pandemic,True
fixed_12m_2017,fixed_origin_12m_ex_ante,same_month_historical_mean,2017-01-01,1,1568344.0,1406534.888888889,588850.4202879234,2224219.3574898546,-161809.111111111,161809.111111111,2017,1,pre_pandemic,True
fixed_12m_2017,fixed_origin_12m_ex_ante,same_month_historical_mean,2017-02-01,2,1432342.0,1303276.2222222222,485591.7536212567,2120960.690823188,-129065.77777777775,129065.77777777775,2017,2,pre_pandemic,True
fixed_12m_2017,fixed_origin_12m_ex_ante,same_month_historical_mean,2017-03-01,3,1844076.0,1737273.0,919588.5313990344,2554957.4686009656,-106803.0,106803.0,2017,3,pre_pandemic,True
fixed_12m_2017,fixed_origin_12m_ex_ante,same_month_historical_mean,2017-04-01,4,2278538.0,2173047.5555555555,1355363.08695459,2990732.024156521,-105490.4444444445,105490.4444444445,2017,4,pre_pandemic,True
fixed_12m_2017,fixed_origin_12m_ex_ante,same_month_historical_mean,2017-05-01,5,3095282.0,3216080.111111111,2398395.6425101454,4033764.5797120766,120798.11111111101,120798.11111111101,2017,5,pre_pandemic,True
fixed_12m_2017,fixed_origin_12m_ex_ante,same_month_historical_mean,2017-06-01,6,3489572.0,3708726.888888889,2891042.4202879234,4526411.357489854,219154.888888889,219154.888888889,2017,6,pre_pandemic,True
fixed_12m_2017,fixed_origin_12m_ex_ante,same_month_historical_mean,2017-07-01,7,5032488.0,4580947.0,3763262.5313990344,5398631.468600966,-451541.0,451541.0,2017,7,pre_pandemic,True
fixed_12m_2017,fixed_origin_12m_ex_ante,same_month_historical_mean,2017-08-01,8,6323888.0,5596855.333333333,4779170.864732368,6414539.801934298,-727032.666666667,727032.666666667,2017,8,pre_pandemic,True
fixed_12m_2017,fixed_origin_12m_ex_ante,same_month_historical_mean,2017-09-01,9,5306888.0,4719099.444444444,3901414.9758434785,5536783.91304541,-587788.555555556,587788.555555556,2017,9,pre_pandemic,True
fixed_12m_2017,fixed_origin_12m_ex_ante,same_month_historical_mean,2017-10-01,10,3913759.0,3758968.888888889,2941284.4202879234,4576653.357489854,-154790.111111111,154790.111111111,2017,10,pre_pandemic,True
fixed_12m_2017,fixed_origin_12m_ex_ante,same_month_historical_mean,2017-11-01,11,2293847.0,2065712.6666666667,1248028.1980657012,2883397.135267632,-228134.33333333326,228134.33333333326,2017,11,pre_pandemic,True
fixed_12m_2017,fixed_origin_12m_ex_ante,same_month_historical_mean,2017-12-01,12,2041323.0,1533986.3333333333,716301.8647323677,2351670.801934299,-507336.66666666674,507336.66666666674,2017,12,pre_pandemic,True
fixed_12m_2017,fixed_origin_12m_ex_ante,seasonal_moving_average_3,2017-01-01,1,1568344.0,1676230.0,757300.57907226,2595159.42092774,107886.0,107886.0,2017,1,pre_pandemic,True
fixed_12m_2017,fixed_origin_12m_ex_ante,seasonal_moving_average_3,2017-02-01,2,1432342.0,1535224.6666666667,616295.2457389267,2454154.0875944067,102882.66666666674,102882.66666666674,2017,2,pre_pandemic,True
fixed_12m_2017,fixed_origin_12m_ex_ante,seasonal_moving_average_3,2017-03-01,3,1844076.0,1961173.6666666667,1042244.2457389267,2880103.0875944067,117097.66666666674,117097.66666666674,2017,3,pre_pandemic,True
fixed_12m_2017,fixed_origin_12m_ex_ante,seasonal_moving_average_3,2017-04-01,4,2278538.0,2416346.6666666665,1497417.2457389263,3335276.0875944067,137808.6666666665,137808.6666666665,2017,4,pre_pandemic,True
fixed_12m_2017,fixed_origin_12m_ex_ante,seasonal_moving_average_3,2017-05-01,5,3095282.0,3462848.0,2543918.57907226,4381777.42092774,367566.0,367566.0,2017,5,pre_pandemic,True
fixed_12m_2017,fixed_origin_12m_ex_ante,seasonal_moving_average_3,2017-06-01,6,3489572.0,3858634.3333333335,2939704.9124055933,4777563.754261074,369062.3333333335,369062.3333333335,2017,6,pre_pandemic,True
fixed_12m_2017,fixed_origin_12m_ex_ante,seasonal_moving_average_3,2017-07-01,7,5032488.0,4559971.0,3641041.57907226,5478900.42092774,-472517.0,472517.0,2017,7,pre_pandemic,True
fixed_12m_2017,fixed_origin_12m_ex_ante,seasonal_moving_average_3,2017-08-01,8,6323888.0,5983390.666666667,5064461.245738927,6902320.087594407,-340497.333333333,340497.333333333,2017,8,pre_pandemic,True
fixed_12m_2017,fixed_origin_12m_ex_ante,seasonal_moving_average_3,2017-09-01,9,5306888.0,4975411.333333333,4056481.912405593,5894340.754261073,-331476.666666667,331476.666666667,2017,9,pre_pandemic,True
fixed_12m_2017,fixed_origin_12m_ex_ante,seasonal_moving_average_3,2017-10-01,10,3913759.0,3881806.3333333335,2962876.9124055933,4800735.754261074,-31952.66666666651,31952.66666666651,2017,10,pre_pandemic,True
fixed_12m_2017,fixed_origin_12m_ex_ante,seasonal_moving_average_3,2017-11-01,11,2293847.0,2126998.6666666665,1208069.2457389263,3045928.0875944067,-166848.3333333335,166848.3333333335,2017,11,pre_pandemic,True
fixed_12m_2017,fixed_origin_12m_ex_ante,seasonal_moving_average_3,2017-12-01,12,2041323.0,1694608.0,775678.57907226,2613537.42092774,-346715.0,346715.0,2017,12,pre_pandemic,True
fixed_12m_2017,fixed_origin_12m_ex_ante,ets_holt_winters,2017-01-01,1,1568344.0,1576055.1555666113,1096609.300599834,2055501.0105333887,7711.155566611327,7711.155566611327,2017,1,pre_pandemic,True
fixed_12m_2017,fixed_origin_12m_ex_ante,ets_holt_winters,2017-02-01,2,1432342.0,1441005.5925457182,762966.7620281377,2119044.4230632987,8663.592545718187,8663.592545718187,2017,2,pre_pandemic,True
fixed_12m_2017,fixed_origin_12m_ex_ante,ets_holt_winters,2017-03-01,3,1844076.0,1884092.1812821801,1053667.6010014229,2714516.7615629374,40016.18128218013,40016.18128218013,2017,3,pre_pandemic,True
fixed_12m_2017,fixed_origin_12m_ex_ante,ets_holt_winters,2017-04-01,4,2278538.0,2324407.2849788773,1365515.5750453225,3283298.994912432,45869.28497887729,45869.28497887729,2017,4,pre_pandemic,True
fixed_12m_2017,fixed_origin_12m_ex_ante,ets_holt_winters,2017-05-01,5,3095282.0,3360250.0199573915,2288176.4967211722,4432323.54319361,264968.01995739155,264968.01995739155,2017,5,pre_pandemic,True
fixed_12m_2017,fixed_origin_12m_ex_ante,ets_holt_winters,2017-06-01,6,3489572.0,3787479.196448058,2613081.4924870254,4961876.90040909,297907.1964480579,297907.1964480579,2017,6,pre_pandemic,True
fixed_12m_2017,fixed_origin_12m_ex_ante,ets_holt_winters,2017-07-01,7,5032488.0,4670641.1244278215,3402146.6250649868,5939135.623790656,-361846.8755721785,361846.8755721785,2017,7,pre_pandemic,True
fixed_12m_2017,fixed_origin_12m_ex_ante,ets_holt_winters,2017-08-01,8,6323888.0,5846041.574481063,4489963.913445901,7202119.235516224,-477846.4255189374,477846.4255189374,2017,8,pre_pandemic,True
fixed_12m_2017,fixed_origin_12m_ex_ante,ets_holt_winters,2017-09-01,9,5306888.0,4905833.069789444,3467495.504889112,6344170.634689776,-401054.9302105559,401054.9302105559,2017,9,pre_pandemic,True
fixed_12m_2017,fixed_origin_12m_ex_ante,ets_holt_winters,2017-10-01,10,3913759.0,3797420.8190549347,2281279.902633166,5313561.735476703,-116338.18094506534,116338.18094506534,2017,10,pre_pandemic,True
fixed_12m_2017,fixed_origin_12m_ex_ante,ets_holt_winters,2017-11-01,11,2293847.0,2098042.587679931,507900.5794639776,3688184.5958958846,-195804.41232006904,195804.41232006904,2017,11,pre_pandemic,True
fixed_12m_2017,fixed_origin_12m_ex_ante,ets_holt_winters,2017-12-01,12,2041323.0,1566173.0025860833,-94676.15797543153,3227022.163147598,-475149.99741391675,475149.99741391675,2017,12,pre_pandemic,True
fixed_12m_2017,fixed_origin_12m_ex_ante,theta,2017-01-01,1,1568344.0,1470509.7928366424,-75748.23231520131,3016767.817988486,-97834.20716335764,97834.20716335764,2017,1,pre_pandemic,True
fixed_12m_2017,fixed_origin_12m_ex_ante,theta,2017-02-01,2,1432342.0,1371433.1406713682,-845053.3006421607,3587919.581984897,-60908.85932863178,60908.85932863178,2017,2,pre_pandemic,True
fixed_12m_2017,fixed_origin_12m_ex_ante,theta,2017-03-01,3,1844076.0,1831611.9171573059,-895054.6207066379,4558278.455021249,-12464.08284269413,12464.08284269413,2017,3,pre_pandemic,True
fixed_12m_2017,fixed_origin_12m_ex_ante,theta,2017-04-01,4,2278538.0,2309663.3059221725,-845746.1243874943,5465072.736231839,31125.305922172498,31125.305922172498,2017,4,pre_pandemic,True
fixed_12m_2017,fixed_origin_12m_ex_ante,theta,2017-05-01,5,3095282.0,3381449.6859072847,-151043.3341944404,6913942.70600901,286167.68590728473,286167.68590728473,2017,5,pre_pandemic,True
fixed_12m_2017,fixed_origin_12m_ex_ante,theta,2017-06-01,6,3489572.0,3899480.747831464,26445.090721186716,7772516.404941741,409908.7478314638,409908.7478314638,2017,6,pre_pandemic,True
fixed_12m_2017,fixed_origin_12m_ex_ante,theta,2017-07-01,7,5032488.0,4915954.88683569,729989.8289992209,9101919.944672158,-116533.11316431034,116533.11316431034,2017,7,pre_pandemic,True
fixed_12m_2017,fixed_origin_12m_ex_ante,theta,2017-08-01,8,6323888.0,5955661.227933194,1478586.096822694,10432736.359043693,-368226.77206680644,368226.77206680644,2017,8,pre_pandemic,True
fixed_12m_2017,fixed_origin_12m_ex_ante,theta,2017-09-01,9,5306888.0,4975630.916497035,225251.9848971218,9726009.848096948,-331257.08350296505,331257.08350296505,2017,9,pre_pandemic,True
fixed_12m_2017,fixed_origin_12m_ex_ante,theta,2017-10-01,10,3913759.0,3978239.5891783494,-1030552.5065238238,8987031.684880523,64480.58917834936,64480.58917834936,2017,10,pre_pandemic,True
fixed_12m_2017,fixed_origin_12m_ex_ante,theta,2017-11-01,11,2293847.0,2173374.6789554204,-3081137.336650672,7427886.694561513,-120472.32104457961,120472.32104457961,2017,11,pre_pandemic,True
fixed_12m_2017,fixed_origin_12m_ex_ante,theta,2017-12-01,12,2041323.0,1584971.3144295712,-3904272.238768723,7074214.867627865,-456351.68557042885,456351.68557042885,2017,12,pre_pandemic,True
fixed_12m_2017,fixed_origin_12m_ex_ante,sarima_111_111_12,2017-01-01,1,1568344.0,1637314.0961696438,1124179.5296127107,2150448.662726577,68970.0961696438,68970.0961696438,2017,1,pre_pandemic,True
fixed_12m_2017,fixed_origin_12m_ex_ante,sarima_111_111_12,2017-02-01,2,1432342.0,1440191.1827100548,766825.0091460682,2113557.3562740413,7849.182710054796,7849.182710054796,2017,2,pre_pandemic,True
fixed_12m_2017,fixed_origin_12m_ex_ante,sarima_111_111_12,2017-03-01,3,1844076.0,1834280.7740039898,1001560.4253233102,2667001.122684669,-9795.225996010238,9795.225996010238,2017,3,pre_pandemic,True
fixed_12m_2017,fixed_origin_12m_ex_ante,sarima_111_111_12,2017-04-01,4,2278538.0,2005770.6468164613,1058163.8950408462,2953377.3985920763,-272767.35318353865,272767.35318353865,2017,4,pre_pandemic,True
fixed_12m_2017,fixed_origin_12m_ex_ante,sarima_111_111_12,2017-05-01,5,3095282.0,2747548.3042789944,1685957.526567286,3809139.081990703,-347733.69572100556,347733.69572100556,2017,5,pre_pandemic,True
fixed_12m_2017,fixed_origin_12m_ex_ante,sarima_111_111_12,2017-06-01,6,3489572.0,2747437.206881226,1590397.3293470824,3904477.0844153697,-742134.793118774,742134.793118774,2017,6,pre_pandemic,True
fixed_12m_2017,fixed_origin_12m_ex_ante,sarima_111_111_12,2017-07-01,7,5032488.0,3525273.9478398454,2275278.4022996984,4775269.493379992,-1507214.0521601546,1507214.0521601546,2017,7,pre_pandemic,True
fixed_12m_2017,fixed_origin_12m_ex_ante,sarima_111_111_12,2017-08-01,8,6323888.0,4599389.98718986,3266036.8379536667,5932743.136426054,-1724498.01281014,1724498.01281014,2017,8,pre_pandemic,True
fixed_12m_2017,fixed_origin_12m_ex_ante,sarima_111_111_12,2017-09-01,9,5306888.0,4005690.5669470225,2591820.5403155526,5419560.593578492,-1301197.4330529775,1301197.4330529775,2017,9,pre_pandemic,True
fixed_12m_2017,fixed_origin_12m_ex_ante,sarima_111_111_12,2017-10-01,10,3913759.0,3146408.6396071096,1657742.6369001572,4635074.6423140615,-767350.3603928904,767350.3603928904,2017,10,pre_pandemic,True
fixed_12m_2017,fixed_origin_12m_ex_ante,sarima_111_111_12,2017-11-01,11,2293847.0,1782661.8860929012,221865.63793351525,3343458.1342522874,-511185.11390709877,511185.11390709877,2017,11,pre_pandemic,True
fixed_12m_2017,fixed_origin_12m_ex_ante,sarima_111_111_12,2017-12-01,12,2041323.0,1493139.4212867795,-135983.91866548336,3122262.7612390425,-548183.5787132205,548183.5787132205,2017,12,pre_pandemic,True
fixed_12m_2017,fixed_origin_12m_ex_ante,dynamic_harmonic_arima_k2,2017-01-01,1,1568344.0,925946.214085253,234922.91342921136,1616969.5147412946,-642397.785914747,642397.785914747,2017,1,pre_pandemic,True
fixed_12m_2017,fixed_origin_12m_ex_ante,dynamic_harmonic_arima_k2,2017-02-01,2,1432342.0,1200884.350422687,472078.5522107484,1929690.1486346254,-231457.6495773131,231457.6495773131,2017,2,pre_pandemic,True
fixed_12m_2017,fixed_origin_12m_ex_ante,dynamic_harmonic_arima_k2,2017-03-01,3,1844076.0,1559641.711261311,781518.361952085,2337765.060570537,-284434.2887386889,284434.2887386889,2017,3,pre_pandemic,True
fixed_12m_2017,fixed_origin_12m_ex_ante,dynamic_harmonic_arima_k2,2017-04-01,4,2278538.0,1991322.178041972,1168028.5672380137,2814615.7888459302,-287215.821958028,287215.821958028,2017,4,pre_pandemic,True
fixed_12m_2017,fixed_origin_12m_ex_ante,dynamic_harmonic_arima_k2,2017-05-01,5,3095282.0,2654554.30020515,1788341.5345446048,3520767.0658656955,-440727.69979484985,440727.69979484985,2017,5,pre_pandemic,True
fixed_12m_2017,fixed_origin_12m_ex_ante,dynamic_harmonic_arima_k2,2017-06-01,6,3489572.0,3617781.634081901,2710686.795309897,4524876.472853905,128209.63408190105,128209.63408190105,2017,6,pre_pandemic,True
fixed_12m_2017,fixed_origin_12m_ex_ante,dynamic_harmonic_arima_k2,2017-07-01,7,5032488.0,4590368.899088329,3644155.9535706,5536581.844606057,-442119.1009116713,442119.1009116713,2017,7,pre_pandemic,True
fixed_12m_2017,fixed_origin_12m_ex_ante,dynamic_harmonic_arima_k2,2017-08-01,8,6323888.0,5034106.076742829,4050329.3210680336,6017882.832417624,-1289781.9232571712,1289781.9232571712,2017,8,pre_pandemic,True
fixed_12m_2017,fixed_origin_12m_ex_ante,dynamic_harmonic_arima_k2,2017-09-01,9,5306888.0,4585626.962075109,3565668.8830825603,5605585.041067657,-721261.0379248913,721261.0379248913,2017,9,pre_pandemic,True
fixed_12m_2017,fixed_origin_12m_ex_ante,dynamic_harmonic_arima_k2,2017-10-01,10,3913759.0,3398883.3046107297,2343984.1341670603,4453782.475054399,-514875.6953892703,514875.6953892703,2017,10,pre_pandemic,True
fixed_12m_2017,fixed_origin_12m_ex_ante,dynamic_harmonic_arima_k2,2017-11-01,11,2293847.0,2070750.8010036906,982031.3528481226,3159470.249159259,-223096.19899630942,223096.19899630942,2017,11,pre_pandemic,True
fixed_12m_2017,fixed_origin_12m_ex_ante,dynamic_harmonic_arima_k2,2017-12-01,12,2041323.0,1202847.7627627463,81327.4491822666,2324368.0763432262,-838475.2372372537,838475.2372372537,2017,12,pre_pandemic,True
fixed_12m_2018,fixed_origin_12m_ex_ante,naive_last,2018-01-01,1,2045341.0,2041323.0,302493.9662208874,3780152.0337791126,-4018.0,4018.0,2018,1,pre_pandemic,True
fixed_12m_2018,fixed_origin_12m_ex_ante,naive_last,2018-02-01,2,1806822.0,2041323.0,-417752.60221852595,4500398.6022185255,234501.0,234501.0,2018,2,pre_pandemic,True
fixed_12m_2018,fixed_origin_12m_ex_ante,naive_last,2018-03-01,3,2270019.0,2041323.0,-970417.2321813223,5053063.232181322,-228696.0,228696.0,2018,3,pre_pandemic,True
fixed_12m_2018,fixed_origin_12m_ex_ante,naive_last,2018-04-01,4,2870569.0,2041323.0,-1436335.0675582252,5518981.067558225,-829246.0,829246.0,2018,4,pre_pandemic,True
fixed_12m_2018,fixed_origin_12m_ex_ante,naive_last,2018-05-01,5,3790524.0,2041323.0,-1846816.9207803742,5929462.920780374,-1749201.0,1749201.0,2018,5,pre_pandemic,True
fixed_12m_2018,fixed_origin_12m_ex_ante,naive_last,2018-06-01,6,4406894.0,2041323.0,-2217920.8826955203,6300566.88269552,-2365571.0,2365571.0,2018,6,pre_pandemic,True
fixed_12m_2018,fixed_origin_12m_ex_ante,naive_last,2018-07-01,7,5712975.0,2041323.0,-2559186.1958382623,6641832.195838262,-3671652.0,3671652.0,2018,7,pre_pandemic,True
fixed_12m_2018,fixed_origin_12m_ex_ante,naive_last,2018-08-01,8,7052433.0,2041323.0,-2876828.204437052,6959474.204437052,-5011110.0,5011110.0,2018,8,pre_pandemic,True
fixed_12m_2018,fixed_origin_12m_ex_ante,naive_last,2018-09-01,9,6021357.0,2041323.0,-3175164.101337338,7257810.101337338,-3980034.0,3980034.0,2018,9,pre_pandemic,True
fixed_12m_2018,fixed_origin_12m_ex_ante,naive_last,2018-10-01,10,4791439.0,2041323.0,-3457337.2083718562,7539983.208371856,-2750116.0,2750116.0,2018,10,pre_pandemic,True
fixed_12m_2018,fixed_origin_12m_ex_ante,naive_last,2018-11-01,11,2679420.0,2041323.0,-3725720.4796215314,7808366.479621531,-638097.0,638097.0,2018,11,pre_pandemic,True
fixed_12m_2018,fixed_origin_12m_ex_ante,naive_last,2018-12-01,12,2180881.0,2041323.0,-3982157.4643626446,8064803.464362645,-139558.0,139558.0,2018,12,pre_pandemic,True
fixed_12m_2018,fixed_origin_12m_ex_ante,seasonal_naive,2018-01-01,1,2045341.0,1568344.0,575793.6264213452,2560894.3735786546,-476997.0,476997.0,2018,1,pre_pandemic,True
fixed_12m_2018,fixed_origin_12m_ex_ante,seasonal_naive,2018-02-01,2,1806822.0,1432342.0,28663.80034658406,2836020.199653416,-374480.0,374480.0,2018,2,pre_pandemic,True
fixed_12m_2018,fixed_origin_12m_ex_ante,seasonal_naive,2018-03-01,3,2270019.0,1844076.0,124928.32389030023,3563223.6761096995,-425943.0,425943.0,2018,3,pre_pandemic,True
fixed_12m_2018,fixed_origin_12m_ex_ante,seasonal_naive,2018-04-01,4,2870569.0,2278538.0,293437.25284269033,4263638.747157309,-592031.0,592031.0,2018,4,pre_pandemic,True
fixed_12m_2018,fixed_origin_12m_ex_ante,seasonal_naive,2018-05-01,5,3790524.0,3095282.0,875871.8935853164,5314692.106414683,-695242.0,695242.0,2018,5,pre_pandemic,True
fixed_12m_2018,fixed_origin_12m_ex_ante,seasonal_naive,2018-06-01,6,4406894.0,3489572.0,1058330.0407234738,5920813.959276526,-917322.0,917322.0,2018,6,pre_pandemic,True
fixed_12m_2018,fixed_origin_12m_ex_ante,seasonal_naive,2018-07-01,7,5712975.0,5032488.0,2406446.547806625,7658529.452193376,-680487.0,680487.0,2018,7,pre_pandemic,True
fixed_12m_2018,fixed_origin_12m_ex_ante,seasonal_naive,2018-08-01,8,7052433.0,6323888.0,3516531.600693168,9131244.399306832,-728545.0,728545.0,2018,8,pre_pandemic,True
fixed_12m_2018,fixed_origin_12m_ex_ante,seasonal_naive,2018-09-01,9,6021357.0,5306888.0,2329236.8792640353,8284539.120735965,-714469.0,714469.0,2018,9,pre_pandemic,True
fixed_12m_2018,fixed_origin_12m_ex_ante,seasonal_naive,2018-10-01,10,4791439.0,3913759.0,775039.1270404402,7052478.87295956,-877680.0,877680.0,2018,10,pre_pandemic,True
fixed_12m_2018,fixed_origin_12m_ex_ante,seasonal_naive,2018-11-01,11,2679420.0,2293847.0,-998070.1746874796,5585764.17468748,-385573.0,385573.0,2018,11,pre_pandemic,True
fixed_12m_2018,fixed_origin_12m_ex_ante,seasonal_naive,2018-12-01,12,2180881.0,2041323.0,-1396972.3522193995,5479618.352219399,-139558.0,139558.0,2018,12,pre_pandemic,True
fixed_12m_2018,fixed_origin_12m_ex_ante,drift,2018-01-01,1,2045341.0,2048622.050420168,-836435.1438428673,4933679.244683203,3281.0504201680887,3281.0504201680887,2018,1,pre_pandemic,True
fixed_12m_2018,fixed_origin_12m_ex_ante,drift,2018-02-01,2,1806822.0,2055921.1008403362,-2024165.9115085178,6136008.113189191,249099.10084033618,249099.10084033618,2018,2,pre_pandemic,True
fixed_12m_2018,fixed_origin_12m_ex_ante,drift,2018-03-01,3,2270019.0,2063220.1512605043,-2933845.491945185,7060285.794466194,-206798.84873949573,206798.84873949573,2018,3,pre_pandemic,True
fixed_12m_2018,fixed_origin_12m_ex_ante,drift,2018-04-01,4,2870569.0,2070519.2016806724,-3699595.1868453985,7840633.590206743,-800049.7983193276,800049.7983193276,2018,4,pre_pandemic,True
fixed_12m_2018,fixed_origin_12m_ex_ante,drift,2018-05-01,5,3790524.0,2077818.2521008404,-4373365.753246124,8529002.257447805,-1712705.7478991596,1712705.7478991596,2018,5,pre_pandemic,True
fixed_12m_2018,fixed_origin_12m_ex_ante,drift,2018-06-01,6,4406894.0,2085117.3025210083,-4981800.702169111,9152035.307211127,-2321776.697478992,2321776.697478992,2018,6,pre_pandemic,True
fixed_12m_2018,fixed_origin_12m_ex_ante,drift,2018-07-01,7,5712975.0,2092416.3529411764,-5540727.501276579,9725560.207158932,-3620558.6470588236,3620558.6470588236,2018,7,pre_pandemic,True
fixed_12m_2018,fixed_origin_12m_ex_ante,drift,2018-08-01,8,7052433.0,2099715.4033613447,-6060458.621336363,10259889.428059053,-4952717.596638655,4952717.596638655,2018,8,pre_pandemic,True
fixed_12m_2018,fixed_origin_12m_ex_ante,drift,2018-09-01,9,6021357.0,2107014.4537815126,-6548157.129007594,10762186.03657062,-3914342.5462184874,3914342.5462184874,2018,9,pre_pandemic,True
fixed_12m_2018,fixed_origin_12m_ex_ante,drift,2018-10-01,10,4791439.0,2114313.504201681,-7009038.409524381,11237665.417927742,-2677125.495798319,2677125.495798319,2018,10,pre_pandemic,True
fixed_12m_2018,fixed_origin_12m_ex_ante,drift,2018-11-01,11,2679420.0,2121612.5546218487,-7447039.657464128,11690264.766707826,-557807.4453781513,557807.4453781513,2018,11,pre_pandemic,True
fixed_12m_2018,fixed_origin_12m_ex_ante,drift,2018-12-01,12,2180881.0,2128911.6050420166,-7865219.681369362,12123042.891453395,-51969.3949579834,51969.3949579834,2018,12,pre_pandemic,True
fixed_12m_2018,fixed_origin_12m_ex_ante,same_month_historical_mean,2018-01-01,1,2045341.0,1422715.8,619031.687879618,2226399.9121203823,-622625.2,622625.2,2018,1,pre_pandemic,True
fixed_12m_2018,fixed_origin_12m_ex_ante,same_month_historical_mean,2018-02-01,2,1806822.0,1316182.8,512498.687879618,2119866.9121203823,-490639.19999999995,490639.19999999995,2018,2,pre_pandemic,True
fixed_12m_2018,fixed_origin_12m_ex_ante,same_month_historical_mean,2018-03-01,3,2270019.0,1747953.3,944269.187879618,2551637.4121203823,-522065.69999999995,522065.69999999995,2018,3,pre_pandemic,True
fixed_12m_2018,fixed_origin_12m_ex_ante,same_month_historical_mean,2018-04-01,4,2870569.0,2183596.6,1379912.487879618,2987280.712120382,-686972.3999999999,686972.3999999999,2018,4,pre_pandemic,True
fixed_12m_2018,fixed_origin_12m_ex_ante,same_month_historical_mean,2018-05-01,5,3790524.0,3204000.3,2400316.187879618,4007684.412120382,-586523.7000000002,586523.7000000002,2018,5,pre_pandemic,True
fixed_12m_2018,fixed_origin_12m_ex_ante,same_month_historical_mean,2018-06-01,6,4406894.0,3686811.4,2883127.287879618,4490495.512120382,-720082.6000000001,720082.6000000001,2018,6,pre_pandemic,True
fixed_12m_2018,fixed_origin_12m_ex_ante,same_month_historical_mean,2018-07-01,7,5712975.0,4626101.1,3822416.9878796176,5429785.212120382,-1086873.9000000004,1086873.9000000004,2018,7,pre_pandemic,True
fixed_12m_2018,fixed_origin_12m_ex_ante,same_month_historical_mean,2018-08-01,8,7052433.0,5669558.6,4865874.487879617,6473242.712120382,-1382874.4000000004,1382874.4000000004,2018,8,pre_pandemic,True
fixed_12m_2018,fixed_origin_12m_ex_ante,same_month_historical_mean,2018-09-01,9,6021357.0,4777878.3,3974194.187879618,5581562.412120381,-1243478.7000000002,1243478.7000000002,2018,9,pre_pandemic,True
fixed_12m_2018,fixed_origin_12m_ex_ante,same_month_historical_mean,2018-10-01,10,4791439.0,3774447.9,2970763.787879618,4578132.012120382,-1016991.1000000001,1016991.1000000001,2018,10,pre_pandemic,True
fixed_12m_2018,fixed_origin_12m_ex_ante,same_month_historical_mean,2018-11-01,11,2679420.0,2088526.1,1284841.987879618,2892210.212120382,-590893.8999999999,590893.8999999999,2018,11,pre_pandemic,True
fixed_12m_2018,fixed_origin_12m_ex_ante,same_month_historical_mean,2018-12-01,12,2180881.0,1584720.0,781035.887879618,2388404.112120382,-596161.0,596161.0,2018,12,pre_pandemic,True
fixed_12m_2018,fixed_origin_12m_ex_ante,seasonal_moving_average_3,2018-01-01,1,2045341.0,1673878.3333333333,788343.0297243226,2559413.636942344,-371462.66666666674,371462.66666666674,2018,1,pre_pandemic,True
fixed_12m_2018,fixed_origin_12m_ex_ante,seasonal_moving_average_3,2018-02-01,2,1806822.0,1504923.6666666667,619388.3630576561,2390458.9702756773,-301898.33333333326,301898.33333333326,2018,2,pre_pandemic,True
fixed_12m_2018,fixed_origin_12m_ex_ante,seasonal_moving_average_3,2018-03-01,3,2270019.0,1920161.0,1034625.6963909894,2805696.3036090108,-349858.0,349858.0,2018,3,pre_pandemic,True
fixed_12m_2018,fixed_origin_12m_ex_ante,seasonal_moving_average_3,2018-04-01,4,2870569.0,2318146.3333333335,1432611.0297243227,3203681.6369423443,-552422.6666666665,552422.6666666665,2018,4,pre_pandemic,True
fixed_12m_2018,fixed_origin_12m_ex_ante,seasonal_moving_average_3,2018-05-01,5,3790524.0,3206647.6666666665,2321112.3630576557,4092182.9702756773,-583876.3333333335,583876.3333333335,2018,5,pre_pandemic,True
fixed_12m_2018,fixed_origin_12m_ex_ante,seasonal_moving_average_3,2018-06-01,6,4406894.0,3511798.6666666665,2626263.3630576557,4397333.970275677,-895095.3333333335,895095.3333333335,2018,6,pre_pandemic,True
fixed_12m_2018,fixed_origin_12m_ex_ante,seasonal_moving_average_3,2018-07-01,7,5712975.0,4586665.666666667,3701130.363057656,5472200.970275678,-1126309.333333333,1126309.333333333,2018,7,pre_pandemic,True
fixed_12m_2018,fixed_origin_12m_ex_ante,seasonal_moving_average_3,2018-08-01,8,7052433.0,5879477.666666667,4993942.363057656,6765012.970275678,-1172955.333333333,1172955.333333333,2018,8,pre_pandemic,True
fixed_12m_2018,fixed_origin_12m_ex_ante,seasonal_moving_average_3,2018-09-01,9,6021357.0,4912380.0,4026844.6963909892,5797915.303609011,-1108977.0,1108977.0,2018,9,pre_pandemic,True
fixed_12m_2018,fixed_origin_12m_ex_ante,seasonal_moving_average_3,2018-10-01,10,4791439.0,3755299.6666666665,2869764.3630576557,4640834.970275677,-1036139.3333333335,1036139.3333333335,2018,10,pre_pandemic,True
fixed_12m_2018,fixed_origin_12m_ex_ante,seasonal_moving_average_3,2018-11-01,11,2679420.0,2136823.3333333335,1251288.0297243227,3022358.6369423443,-542596.6666666665,542596.6666666665,2018,11,pre_pandemic,True
fixed_12m_2018,fixed_origin_12m_ex_ante,seasonal_moving_average_3,2018-12-01,12,2180881.0,1794867.0,909331.6963909894,2680402.3036090108,-386014.0,386014.0,2018,12,pre_pandemic,True
fixed_12m_2018,fixed_origin_12m_ex_ante,ets_holt_winters,2018-01-01,1,2045341.0,1936843.3402175358,1459576.5831633215,2414110.09727175,-108497.65978246415,108497.65978246415,2018,1,pre_pandemic,True
fixed_12m_2018,fixed_origin_12m_ex_ante,ets_holt_winters,2018-02-01,2,1806822.0,1802494.269661134,1127537.1489652393,2477451.3903570287,-4327.730338865891,4327.730338865891,2018,2,pre_pandemic,True
fixed_12m_2018,fixed_origin_12m_ex_ante,ets_holt_winters,2018-03-01,3,2270019.0,2235739.9671031674,1409089.6951216366,3062390.2390846983,-34279.03289683256,34279.03289683256,2018,3,pre_pandemic,True
fixed_12m_2018,fixed_origin_12m_ex_ante,ets_holt_winters,2018-04-01,4,2870569.0,2674295.983075127,1719762.4689666985,3628829.4971835557,-196273.016924873,196273.016924873,2018,4,pre_pandemic,True
fixed_12m_2018,fixed_origin_12m_ex_ante,ets_holt_winters,2018-05-01,5,3790524.0,3656449.1892792424,2589248.2771051424,4723650.1014533425,-134074.81072075758,134074.81072075758,2018,5,pre_pandemic,True
fixed_12m_2018,fixed_origin_12m_ex_ante,ets_holt_winters,2018-06-01,6,4406894.0,4111971.3078992013,2942911.281923513,5281031.33387489,-294922.6921007987,294922.6921007987,2018,6,pre_pandemic,True
fixed_12m_2018,fixed_origin_12m_ex_ante,ets_holt_winters,2018-07-01,7,5712975.0,5159441.598659776,3896712.4504560432,6422170.746863509,-553533.4013402238,553533.4013402238,2018,7,pre_pandemic,True
fixed_12m_2018,fixed_origin_12m_ex_ante,ets_holt_winters,2018-08-01,8,7052433.0,6257261.4651112035,4907347.223719414,7607175.706502993,-795171.5348887965,795171.5348887965,2018,8,pre_pandemic,True
fixed_12m_2018,fixed_origin_12m_ex_ante,ets_holt_winters,2018-09-01,9,6021357.0,5260397.336594912,3828597.0654322696,6692197.607757555,-760959.6634050878,760959.6634050878,2018,9,pre_pandemic,True
fixed_12m_2018,fixed_origin_12m_ex_ante,ets_holt_winters,2018-10-01,10,4791439.0,4095927.1870608134,2586677.1832872625,5605177.190834364,-695511.8129391866,695511.8129391866,2018,10,pre_pandemic,True
fixed_12m_2018,fixed_origin_12m_ex_ante,ets_holt_winters,2018-11-01,11,2679420.0,2465243.2828205083,882328.5247619734,4048158.0408790433,-214176.71717949165,214176.71717949165,2018,11,pre_pandemic,True
fixed_12m_2018,fixed_origin_12m_ex_ante,ets_holt_winters,2018-12-01,12,2180881.0,1993114.139388583,339813.595425521,3646414.683351645,-187766.8606114171,187766.8606114171,2018,12,pre_pandemic,True
fixed_12m_2018,fixed_origin_12m_ex_ante,theta,2018-01-01,1,2045341.0,1857801.4649927877,306062.8123105725,3409540.1176750027,-187539.5350072123,187539.5350072123,2018,1,pre_pandemic,True
fixed_12m_2018,fixed_origin_12m_ex_ante,theta,2018-02-01,2,1806822.0,1717117.5604436395,-494745.6787438069,3928980.799631086,-89704.43955636048,89704.43955636048,2018,2,pre_pandemic,True
fixed_12m_2018,fixed_origin_12m_ex_ante,theta,2018-03-01,3,2270019.0,2271298.0238321493,-444725.74843302555,4987321.796097324,1279.023832149338,1279.023832149338,2018,3,pre_pandemic,True
fixed_12m_2018,fixed_origin_12m_ex_ante,theta,2018-04-01,4,2870569.0,2848252.2460152647,-292007.5002717073,5988511.992302237,-22316.753984735347,22316.753984735347,2018,4,pre_pandemic,True
fixed_12m_2018,fixed_origin_12m_ex_ante,theta,2018-05-01,5,3790524.0,4129579.179310435,615937.5617303089,7643220.796890561,339055.17931043496,339055.17931043496,2018,5,pre_pandemic,True
fixed_12m_2018,fixed_origin_12m_ex_ante,theta,2018-06-01,6,4406894.0,4745309.069413968,894319.1240321514,8596299.014795786,338415.06941396836,338415.06941396836,2018,6,pre_pandemic,True
fixed_12m_2018,fixed_origin_12m_ex_ante,theta,2018-07-01,7,5712975.0,5964151.602599438,1803073.6530684982,10125229.552130379,251176.60259943828,251176.60259943828,2018,7,pre_pandemic,True
fixed_12m_2018,fixed_origin_12m_ex_ante,theta,2018-08-01,8,7052433.0,7283997.089717606,2834388.585060889,11733605.594374323,231564.08971760608,231564.08971760608,2018,8,pre_pandemic,True
fixed_12m_2018,fixed_origin_12m_ex_ante,theta,2018-09-01,9,6021357.0,6119018.9708929295,1398482.7738752486,10839555.16791061,97661.97089292947,97661.97089292947,2018,9,pre_pandemic,True
fixed_12m_2018,fixed_origin_12m_ex_ante,theta,2018-10-01,10,4791439.0,4886736.932317431,-89999.76254547015,9863473.627180332,95297.93231743108,95297.93231743108,2018,10,pre_pandemic,True
fixed_12m_2018,fixed_origin_12m_ex_ante,theta,2018-11-01,11,2679420.0,2689091.824605323,-2531286.923400963,7909470.5726116095,9671.824605322909,9671.824605322909,2018,11,pre_pandemic,True
fixed_12m_2018,fixed_origin_12m_ex_ante,theta,2018-12-01,12,2180881.0,1998627.8252816722,-3454518.093843952,7451773.744407296,-182253.17471832782,182253.17471832782,2018,12,pre_pandemic,True
fixed_12m_2018,fixed_origin_12m_ex_ante,sarima_111_111_12,2018-01-01,1,2045341.0,2002447.5389178377,1457745.8797142734,2547149.198121402,-42893.461082162336,42893.461082162336,2018,1,pre_pandemic,True
fixed_12m_2018,fixed_origin_12m_ex_ante,sarima_111_111_12,2018-02-01,2,1806822.0,1864613.969811527,1100746.1920510055,2628481.7475720486,57791.96981152706,57791.96981152706,2018,2,pre_pandemic,True
fixed_12m_2018,fixed_origin_12m_ex_ante,sarima_111_111_12,2018-03-01,3,2270019.0,2288563.4312107395,1350858.3770560161,3226268.485365463,18544.431210739538,18544.431210739538,2018,3,pre_pandemic,True
fixed_12m_2018,fixed_origin_12m_ex_ante,sarima_111_111_12,2018-04-01,4,2870569.0,2714544.259565673,1634315.7584776497,3794772.760653696,-156024.74043432716,156024.74043432716,2018,4,pre_pandemic,True
fixed_12m_2018,fixed_origin_12m_ex_ante,sarima_111_111_12,2018-05-01,5,3790524.0,3573388.2669180445,2364279.3594439644,4782497.174392125,-217135.73308195546,217135.73308195546,2018,5,pre_pandemic,True
fixed_12m_2018,fixed_origin_12m_ex_ante,sarima_111_111_12,2018-06-01,6,4406894.0,3950627.717879986,2627670.009284219,5273585.426475753,-456266.2821200141,456266.2821200141,2018,6,pre_pandemic,True
fixed_12m_2018,fixed_origin_12m_ex_ante,sarima_111_111_12,2018-07-01,7,5712975.0,5334575.826698989,3904662.759031502,6764488.894366475,-378399.1733010113,378399.1733010113,2018,7,pre_pandemic,True
fixed_12m_2018,fixed_origin_12m_ex_ante,sarima_111_111_12,2018-08-01,8,7052433.0,6610398.944330012,5082826.068635199,8137971.820024826,-442034.0556699876,442034.0556699876,2018,8,pre_pandemic,True
fixed_12m_2018,fixed_origin_12m_ex_ante,sarima_111_111_12,2018-09-01,9,6021357.0,5644595.357871962,4023668.553894216,7265522.161849707,-376761.6421280382,376761.6421280382,2018,9,pre_pandemic,True
fixed_12m_2018,fixed_origin_12m_ex_ante,sarima_111_111_12,2018-10-01,10,4791439.0,4333835.821756413,2626003.7052667,6041667.938246126,-457603.1782435868,457603.1782435868,2018,10,pre_pandemic,True
fixed_12m_2018,fixed_origin_12m_ex_ante,sarima_111_111_12,2018-11-01,11,2679420.0,2717310.0796516226,925608.5893333028,4509011.569969943,37890.07965162257,37890.07965162257,2018,11,pre_pandemic,True
fixed_12m_2018,fixed_origin_12m_ex_ante,sarima_111_111_12,2018-12-01,12,2180881.0,2431467.1573859444,560675.5299124175,4302258.784859471,250586.1573859444,250586.1573859444,2018,12,pre_pandemic,True
fixed_12m_2018,fixed_origin_12m_ex_ante,dynamic_harmonic_arima_k2,2018-01-01,1,2045341.0,1628480.900361181,926366.7707359643,2330595.029986398,-416860.099638819,416860.099638819,2018,1,pre_pandemic,True
fixed_12m_2018,fixed_origin_12m_ex_ante,dynamic_harmonic_arima_k2,2018-02-01,2,1806822.0,1878636.9415286249,1129132.303985849,2628141.5790714007,71814.94152862485,71814.94152862485,2018,2,pre_pandemic,True
fixed_12m_2018,fixed_origin_12m_ex_ante,dynamic_harmonic_arima_k2,2018-03-01,3,2270019.0,2230868.5557210706,1433041.7481243843,3028695.363317757,-39150.44427892938,39150.44427892938,2018,3,pre_pandemic,True
fixed_12m_2018,fixed_origin_12m_ex_ante,dynamic_harmonic_arima_k2,2018-04-01,4,2870569.0,2641088.0597249116,1797794.9240283545,3484381.1954214685,-229480.94027508842,229480.94027508842,2018,4,pre_pandemic,True
fixed_12m_2018,fixed_origin_12m_ex_ante,dynamic_harmonic_arima_k2,2018-05-01,5,3790524.0,3298364.0159758483,2411931.314991576,4184796.7169601205,-492159.9840241517,492159.9840241517,2018,5,pre_pandemic,True
fixed_12m_2018,fixed_origin_12m_ex_ante,dynamic_harmonic_arima_k2,2018-06-01,6,4406894.0,4283700.881990476,3356132.849704812,5211268.91427614,-123193.11800952442,123193.11800952442,2018,6,pre_pandemic,True
fixed_12m_2018,fixed_origin_12m_ex_ante,dynamic_harmonic_arima_k2,2018-07-01,7,5712975.0,5293205.837504284,4326250.834318046,6260160.840690522,-419769.16249571554,419769.16249571554,2018,7,pre_pandemic,True
fixed_12m_2018,fixed_origin_12m_ex_ante,dynamic_harmonic_arima_k2,2018-08-01,8,7052433.0,5761545.368201239,4756746.13363174,6766344.602770738,-1290887.631798761,1290887.631798761,2018,8,pre_pandemic,True
fixed_12m_2018,fixed_origin_12m_ex_ante,dynamic_harmonic_arima_k2,2018-09-01,9,6021357.0,5310415.405678585,4269146.456080245,6351684.3552769255,-710941.5943214148,710941.5943214148,2018,9,pre_pandemic,True
fixed_12m_2018,fixed_origin_12m_ex_ante,dynamic_harmonic_arima_k2,2018-10-01,10,4791439.0,4104872.5760956076,3028368.7214792995,5181376.430711916,-686566.4239043924,686566.4239043924,2018,10,pre_pandemic,True
fixed_12m_2018,fixed_origin_12m_ex_ante,dynamic_harmonic_arima_k2,2018-11-01,11,2679420.0,2767082.80046233,1656461.3201145434,3877704.280810117,87662.80046233023,87662.80046233023,2018,11,pre_pandemic,True
fixed_12m_2018,fixed_origin_12m_ex_ante,dynamic_harmonic_arima_k2,2018-12-01,12,2180881.0,1912622.8522254517,768901.0345547171,3056344.6698961863,-268258.14777454827,268258.14777454827,2018,12,pre_pandemic,True
fixed_12m_2019,fixed_origin_12m_ex_ante,naive_last,2019-01-01,1,2226288.0,2180881.0,415096.18962917896,3946665.810370821,-45407.0,45407.0,2019,1,pre_pandemic,True
fixed_12m_2019,fixed_origin_12m_ex_ante,naive_last,2019-02-01,2,1944957.0,2180881.0,-316315.8270588191,4678077.827058819,235924.0,235924.0,2019,2,pre_pandemic,True
fixed_12m_2019,fixed_origin_12m_ex_ante,naive_last,2019-03-01,3,2473147.0,2180881.0,-877548.0067956373,5239310.006795637,-292266.0,292266.0,2019,3,pre_pandemic,True
fixed_12m_2019,fixed_origin_12m_ex_ante,naive_last,2019-04-01,4,3266256.0,2180881.0,-1350688.620741642,5712450.620741642,-1085375.0,1085375.0,2019,4,pre_pandemic,True
fixed_12m_2019,fixed_origin_12m_ex_ante,naive_last,2019-05-01,5,4219837.0,2180881.0,-1767533.8696257318,6129295.869625732,-2038956.0,2038956.0,2019,5,pre_pandemic,True
fixed_12m_2019,fixed_origin_12m_ex_ante,naive_last,2019-06-01,6,5276253.0,2180881.0,-2144390.7809656654,6506152.780965665,-3095372.0,3095372.0,2019,6,pre_pandemic,True
fixed_12m_2019,fixed_origin_12m_ex_ante,naive_last,2019-07-01,7,6703045.0,2180881.0,-2490946.47709654,6852708.47709654,-4522164.0,4522164.0,2019,7,pre_pandemic,True
fixed_12m_2019,fixed_origin_12m_ex_ante,naive_last,2019-08-01,8,8167150.0,2180881.0,-2813512.6541176382,7175274.654117638,-5986269.0,5986269.0,2019,8,pre_pandemic,True
fixed_12m_2019,fixed_origin_12m_ex_ante,naive_last,2019-09-01,9,6741769.0,2180881.0,-3116473.4311124627,7478235.431112463,-4560888.0,4560888.0,2019,9,pre_pandemic,True
fixed_12m_2019,fixed_origin_12m_ex_ante,naive_last,2019-10-01,10,5437494.0,2180881.0,-3403020.8585003056,7764782.858500306,-3256613.0,3256613.0,2019,10,pre_pandemic,True
fixed_12m_2019,fixed_origin_12m_ex_ante,naive_last,2019-11-01,11,3005517.0,2180881.0,-3675564.6765088737,8037326.676508874,-824636.0,824636.0,2019,11,pre_pandemic,True
fixed_12m_2019,fixed_origin_12m_ex_ante,naive_last,2019-12-01,12,2398329.0,2180881.0,-3935977.0135912746,8297739.013591275,-217448.0,217448.0,2019,12,pre_pandemic,True
fixed_12m_2019,fixed_origin_12m_ex_ante,seasonal_naive,2019-01-01,1,2226288.0,2045341.0,1047241.9064016821,3043440.093598318,-180947.0,180947.0,2019,1,pre_pandemic,True
fixed_12m_2019,fixed_origin_12m_ex_ante,seasonal_naive,2019-02-01,2,1944957.0,1806822.0,395296.7252409654,3218347.2747590346,-138135.0,138135.0,2019,2,pre_pandemic,True
fixed_12m_2019,fixed_origin_12m_ex_ante,seasonal_naive,2019-03-01,3,2473147.0,2270019.0,541260.6588992691,3998777.341100731,-203128.0,203128.0,2019,3,pre_pandemic,True
fixed_12m_2019,fixed_origin_12m_ex_ante,seasonal_naive,2019-04-01,4,3266256.0,2870569.0,874370.8128033641,4866767.187196636,-395687.0,395687.0,2019,4,pre_pandemic,True
fixed_12m_2019,fixed_origin_12m_ex_ante,seasonal_naive,2019-05-01,5,4219837.0,3790524.0,1558706.5784332356,6022341.421566764,-429313.0,429313.0,2019,5,pre_pandemic,True
fixed_12m_2019,fixed_origin_12m_ex_ante,seasonal_naive,2019-06-01,6,5276253.0,4406894.0,1962060.5079497332,6851727.492050267,-869359.0,869359.0,2019,6,pre_pandemic,True
fixed_12m_2019,fixed_origin_12m_ex_ante,seasonal_naive,2019-07-01,7,6703045.0,5712975.0,3072253.014539871,8353696.985460129,-990070.0,990070.0,2019,7,pre_pandemic,True
fixed_12m_2019,fixed_origin_12m_ex_ante,seasonal_naive,2019-08-01,8,8167150.0,7052433.0,4229382.450481931,9875483.54951807,-1114717.0,1114717.0,2019,8,pre_pandemic,True
fixed_12m_2019,fixed_origin_12m_ex_ante,seasonal_naive,2019-09-01,9,6741769.0,6021357.0,3027059.719205046,9015654.280794954,-720412.0,720412.0,2019,9,pre_pandemic,True
fixed_12m_2019,fixed_origin_12m_ex_ante,seasonal_naive,2019-10-01,10,5437494.0,4791439.0,1635172.5336797307,7947705.466320269,-646055.0,646055.0,2019,10,pre_pandemic,True
fixed_12m_2019,fixed_origin_12m_ex_ante,seasonal_naive,2019-11-01,11,3005517.0,2679420.0,-630900.1970594358,5989740.197059436,-326097.0,326097.0,2019,11,pre_pandemic,True
fixed_12m_2019,fixed_origin_12m_ex_ante,seasonal_naive,2019-12-01,12,2398329.0,2180881.0,-1276635.6822014619,5638397.682201462,-217448.0,217448.0,2019,12,pre_pandemic,True
fixed_12m_2019,fixed_origin_12m_ex_ante,drift,2019-01-01,1,2226288.0,2188576.763358779,-743051.441836156,5120204.9685537135,-37711.236641221214,37711.236641221214,2019,1,pre_pandemic,True
fixed_12m_2019,fixed_origin_12m_ex_ante,drift,2019-02-01,2,1944957.0,2196272.526717557,-1949675.840904615,6342220.894339729,251315.5267175571,251315.5267175571,2019,2,pre_pandemic,True
fixed_12m_2019,fixed_origin_12m_ex_ante,drift,2019-03-01,3,2473147.0,2203968.290076336,-2873760.710223249,7281697.290375921,-269178.7099236641,269178.7099236641,2019,3,pre_pandemic,True
fixed_12m_2019,fixed_origin_12m_ex_ante,drift,2019-04-01,4,3266256.0,2211664.0534351147,-3651592.356954755,8074920.463824984,-1054591.9465648853,1054591.9465648853,2019,4,pre_pandemic,True
fixed_12m_2019,fixed_origin_12m_ex_ante,drift,2019-05-01,5,4219837.0,2219359.816793893,-4335960.134777684,8774679.768365469,-2000477.183206107,2000477.183206107,2019,5,pre_pandemic,True
fixed_12m_2019,fixed_origin_12m_ex_ante,drift,2019-06-01,6,5276253.0,2227055.580152672,-4953937.638126179,9408048.798431523,-3049197.419847328,3049197.419847328,2019,6,pre_pandemic,True
fixed_12m_2019,fixed_origin_12m_ex_ante,drift,2019-07-01,7,6703045.0,2234751.3435114506,-5521607.82393698,9991110.510959882,-4468293.656488549,4468293.656488549,2019,7,pre_pandemic,True
fixed_12m_2019,fixed_origin_12m_ex_ante,drift,2019-08-01,8,8167150.0,2242447.106870229,-6049449.628374115,10534343.842114573,-5924702.893129772,5924702.893129772,2019,8,pre_pandemic,True
fixed_12m_2019,fixed_origin_12m_ex_ante,drift,2019-09-01,9,6741769.0,2250142.8702290077,-6544741.745355796,11045027.485813811,-4491626.129770992,4491626.129770992,2019,9,pre_pandemic,True
fixed_12m_2019,fixed_origin_12m_ex_ante,drift,2019-10-01,10,5437494.0,2257838.6335877865,-7012783.747619677,11528461.014795251,-3179655.3664122135,3179655.3664122135,2019,10,pre_pandemic,True
fixed_12m_2019,fixed_origin_12m_ex_ante,drift,2019-11-01,11,3005517.0,2265534.396946565,-7457576.384508064,11988645.178401193,-739982.6030534352,739982.6030534352,2019,11,pre_pandemic,True
fixed_12m_2019,fixed_origin_12m_ex_ante,drift,2019-12-01,12,2398329.0,2273230.1603053436,-7882227.840293827,12428688.160904514,-125098.83969465643,125098.83969465643,2019,12,pre_pandemic,True
fixed_12m_2019,fixed_origin_12m_ex_ante,same_month_historical_mean,2019-01-01,1,2226288.0,1479318.0909090908,575781.4626903017,2382854.71912788,-746969.9090909092,746969.9090909092,2019,1,pre_pandemic,True
fixed_12m_2019,fixed_origin_12m_ex_ante,same_month_historical_mean,2019-02-01,2,1944957.0,1360786.3636363635,457249.7354175744,2264322.991855153,-584170.6363636365,584170.6363636365,2019,2,pre_pandemic,True
fixed_12m_2019,fixed_origin_12m_ex_ante,same_month_historical_mean,2019-03-01,3,2473147.0,1795413.8181818181,891877.189963029,2698950.446400607,-677733.1818181819,677733.1818181819,2019,3,pre_pandemic,True
fixed_12m_2019,fixed_origin_12m_ex_ante,same_month_historical_mean,2019-04-01,4,3266256.0,2246048.6363636362,1342512.0081448471,3149585.2645824254,-1020207.3636363638,1020207.3636363638,2019,4,pre_pandemic,True
fixed_12m_2019,fixed_origin_12m_ex_ante,same_month_historical_mean,2019-05-01,5,4219837.0,3257320.6363636362,2353784.008144847,4160857.2645824254,-962516.3636363638,962516.3636363638,2019,5,pre_pandemic,True
fixed_12m_2019,fixed_origin_12m_ex_ante,same_month_historical_mean,2019-06-01,6,5276253.0,3752273.4545454546,2848736.8263266655,4655810.082764244,-1523979.5454545454,1523979.5454545454,2019,6,pre_pandemic,True
fixed_12m_2019,fixed_origin_12m_ex_ante,same_month_historical_mean,2019-07-01,7,6703045.0,4724907.818181818,3821371.189963029,5628444.446400607,-1978137.1818181816,1978137.1818181816,2019,7,pre_pandemic,True
fixed_12m_2019,fixed_origin_12m_ex_ante,same_month_historical_mean,2019-08-01,8,8167150.0,5795274.454545454,4891737.826326665,6698811.082764244,-2371875.545454546,2371875.545454546,2019,8,pre_pandemic,True
fixed_12m_2019,fixed_origin_12m_ex_ante,same_month_historical_mean,2019-09-01,9,6741769.0,4890921.818181818,3987385.189963029,5794458.446400607,-1850847.1818181816,1850847.1818181816,2019,9,pre_pandemic,True
fixed_12m_2019,fixed_origin_12m_ex_ante,same_month_historical_mean,2019-10-01,10,5437494.0,3866901.6363636362,2963365.008144847,4770438.264582425,-1570592.3636363638,1570592.3636363638,2019,10,pre_pandemic,True
fixed_12m_2019,fixed_origin_12m_ex_ante,same_month_historical_mean,2019-11-01,11,3005517.0,2142243.727272727,1238707.099053938,3045780.355491516,-863273.2727272729,863273.2727272729,2019,11,pre_pandemic,True
fixed_12m_2019,fixed_origin_12m_ex_ante,same_month_historical_mean,2019-12-01,12,2398329.0,1638916.4545454546,735379.8263266655,2542453.0827642437,-759412.5454545454,759412.5454545454,2019,12,pre_pandemic,True
fixed_12m_2019,fixed_origin_12m_ex_ante,seasonal_moving_average_3,2019-01-01,1,2226288.0,1768324.0,835167.6832655006,2701480.3167344993,-457964.0,457964.0,2019,1,pre_pandemic,True
fixed_12m_2019,fixed_origin_12m_ex_ante,seasonal_moving_average_3,2019-02-01,2,1944957.0,1585556.0,652399.6832655006,2518712.3167344993,-359401.0,359401.0,2019,2,pre_pandemic,True
fixed_12m_2019,fixed_origin_12m_ex_ante,seasonal_moving_average_3,2019-03-01,3,2473147.0,2004285.6666666667,1071129.3499321672,2937441.9834011663,-468861.33333333326,468861.33333333326,2019,3,pre_pandemic,True
fixed_12m_2019,fixed_origin_12m_ex_ante,seasonal_moving_average_3,2019-04-01,4,3266256.0,2399448.3333333335,1466292.0165988342,3332604.650067833,-866807.6666666665,866807.6666666665,2019,4,pre_pandemic,True
fixed_12m_2019,fixed_origin_12m_ex_ante,seasonal_moving_average_3,2019-05-01,5,4219837.0,3211818.0,2278661.6832655007,4144974.3167344993,-1008019.0,1008019.0,2019,5,pre_pandemic,True
fixed_12m_2019,fixed_origin_12m_ex_ante,seasonal_moving_average_3,2019-06-01,6,5276253.0,3530871.6666666665,2597715.349932167,4464027.983401166,-1745381.3333333335,1745381.3333333335,2019,6,pre_pandemic,True
fixed_12m_2019,fixed_origin_12m_ex_ante,seasonal_moving_average_3,2019-07-01,7,6703045.0,4742669.0,3809512.6832655007,5675825.316734499,-1960376.0,1960376.0,2019,7,pre_pandemic,True
fixed_12m_2019,fixed_origin_12m_ex_ante,seasonal_moving_average_3,2019-08-01,8,8167150.0,5980719.333333333,5047563.016598834,6913875.650067832,-2186430.666666667,2186430.666666667,2019,8,pre_pandemic,True
fixed_12m_2019,fixed_origin_12m_ex_ante,seasonal_moving_average_3,2019-09-01,9,6741769.0,5114391.666666667,4181235.3499321677,6047547.983401166,-1627377.333333333,1627377.333333333,2019,9,pre_pandemic,True
fixed_12m_2019,fixed_origin_12m_ex_ante,seasonal_moving_average_3,2019-10-01,10,5437494.0,3965177.3333333335,3032021.016598834,4898333.650067833,-1472316.6666666665,1472316.6666666665,2019,10,pre_pandemic,True
fixed_12m_2019,fixed_origin_12m_ex_ante,seasonal_moving_average_3,2019-11-01,11,3005517.0,2284297.3333333335,1351141.0165988342,3217453.650067833,-721219.6666666665,721219.6666666665,2019,11,pre_pandemic,True
fixed_12m_2019,fixed_origin_12m_ex_ante,seasonal_moving_average_3,2019-12-01,12,2398329.0,1950558.3333333333,1017402.0165988338,2883714.650067833,-447770.66666666674,447770.66666666674,2019,12,pre_pandemic,True
fixed_12m_2019,fixed_origin_12m_ex_ante,ets_holt_winters,2019-01-01,1,2226288.0,2143528.381323557,1671825.2037313906,2615231.558915723,-82759.61867644312,82759.61867644312,2019,1,pre_pandemic,True
fixed_12m_2019,fixed_origin_12m_ex_ante,ets_holt_winters,2019-02-01,2,1944957.0,1971761.4460537513,1304672.4148884253,2638850.4772190773,26804.44605375128,26804.44605375128,2019,2,pre_pandemic,True
fixed_12m_2019,fixed_origin_12m_ex_ante,ets_holt_winters,2019-03-01,3,2473147.0,2435380.7653807686,1618366.8956994517,3252394.6350620855,-37766.23461923143,37766.23461923143,2019,3,pre_pandemic,True
fixed_12m_2019,fixed_origin_12m_ex_ante,ets_holt_winters,2019-04-01,4,3266256.0,2918164.24363229,1974757.8884479576,3861570.5988166225,-348091.75636770995,348091.75636770995,2019,4,pre_pandemic,True
fixed_12m_2019,fixed_origin_12m_ex_ante,ets_holt_winters,2019-05-01,5,4219837.0,3862250.765060129,2807490.39476139,4917011.135358868,-357586.2349398709,357586.2349398709,2019,5,pre_pandemic,True
fixed_12m_2019,fixed_origin_12m_ex_ante,ets_holt_winters,2019-06-01,6,5276253.0,4361216.228052015,3205784.132901773,5516648.323202258,-915036.7719479846,915036.7719479846,2019,6,pre_pandemic,True
fixed_12m_2019,fixed_origin_12m_ex_ante,ets_holt_winters,2019-07-01,7,6703045.0,5444396.544495201,4196387.243947393,6692405.845043008,-1258648.4555047993,1258648.4555047993,2019,7,pre_pandemic,True
fixed_12m_2019,fixed_origin_12m_ex_ante,ets_holt_winters,2019-08-01,8,8167150.0,6542504.975299294,5208326.912968642,7876683.037629946,-1624645.024700706,1624645.024700706,2019,8,pre_pandemic,True
fixed_12m_2019,fixed_origin_12m_ex_ante,ets_holt_winters,2019-09-01,9,6741769.0,5475438.068121258,4060328.53534476,6890547.600897756,-1266330.9318787418,1266330.9318787418,2019,9,pre_pandemic,True
fixed_12m_2019,fixed_origin_12m_ex_ante,ets_holt_winters,2019-10-01,10,5437494.0,4277210.926518283,2785554.505788138,5768867.347248428,-1160283.0734817171,1160283.0734817171,2019,10,pre_pandemic,True
fixed_12m_2019,fixed_origin_12m_ex_ante,ets_holt_winters,2019-11-01,11,3005517.0,2537925.539242913,973463.086751319,4102387.991734507,-467591.460757087,467591.460757087,2019,11,pre_pandemic,True
fixed_12m_2019,fixed_origin_12m_ex_ante,ets_holt_winters,2019-12-01,12,2398329.0,2222926.396848435,588898.6574858013,3856954.136211069,-175402.60315156495,175402.60315156495,2019,12,pre_pandemic,True
fixed_12m_2019,fixed_origin_12m_ex_ante,theta,2019-01-01,1,2226288.0,2041771.3514557648,472588.28392266086,3610954.4189888686,-184516.64854423515,184516.64854423515,2019,1,pre_pandemic,True
fixed_12m_2019,fixed_origin_12m_ex_ante,theta,2019-02-01,2,1944957.0,1874274.7242660904,-352223.84955180483,4100773.2980839857,-70682.27573390957,70682.27573390957,2019,2,pre_pandemic,True
fixed_12m_2019,fixed_origin_12m_ex_ante,theta,2019-03-01,3,2473147.0,2461506.9354200014,-268375.1680770777,5191389.0389170805,-11640.064579998609,11640.064579998609,2019,3,pre_pandemic,True
fixed_12m_2019,fixed_origin_12m_ex_ante,theta,2019-04-01,4,3266256.0,3084355.7298840927,-69565.11547239078,6238276.575240577,-181900.2701159073,181900.2701159073,2019,4,pre_pandemic,True
fixed_12m_2019,fixed_origin_12m_ex_ante,theta,2019-05-01,5,4219837.0,4425274.457161352,897927.4231208013,7952621.491201903,205437.45716135204,205437.45716135204,2019,5,pre_pandemic,True
fixed_12m_2019,fixed_origin_12m_ex_ante,theta,2019-06-01,6,5276253.0,5089036.284748478,1224176.9731647829,8953895.596332174,-187216.71525152214,187216.71525152214,2019,6,pre_pandemic,True
fixed_12m_2019,fixed_origin_12m_ex_ante,theta,2019-07-01,7,6703045.0,6437369.654544216,2262193.263286511,10612546.04580192,-265675.34545578435,265675.34545578435,2019,7,pre_pandemic,True
fixed_12m_2019,fixed_origin_12m_ex_ante,theta,2019-08-01,8,8167150.0,7877777.418612252,3413804.0430312296,12341750.794193275,-289372.581387748,289372.581387748,2019,8,pre_pandemic,True
fixed_12m_2019,fixed_origin_12m_ex_ante,theta,2019-09-01,9,6741769.0,6611712.659190901,1876523.2545654904,11346902.06381631,-130056.34080909938,130056.34080909938,2019,9,pre_pandemic,True
fixed_12m_2019,fixed_origin_12m_ex_ante,theta,2019-10-01,10,5437494.0,5233897.609164893,242206.60335761588,10225588.61497217,-203596.3908351073,203596.3908351073,2019,10,pre_pandemic,True
fixed_12m_2019,fixed_origin_12m_ex_ante,theta,2019-11-01,11,3005517.0,2893783.6841934216,-2341857.5847666455,8129424.953153489,-111733.31580657838,111733.31580657838,2019,11,pre_pandemic,True
fixed_12m_2019,fixed_origin_12m_ex_ante,theta,2019-12-01,12,2398329.0,2187916.123901018,-3280804.009459099,7656636.257261135,-210412.87609898206,210412.87609898206,2019,12,pre_pandemic,True
fixed_12m_2019,fixed_origin_12m_ex_ante,sarima_111_111_12,2019-01-01,1,2226288.0,2171005.203524316,1639865.414534364,2702144.9925142685,-55282.796475683805,55282.796475683805,2019,1,pre_pandemic,True
fixed_12m_2019,fixed_origin_12m_ex_ante,sarima_111_111_12,2019-02-01,2,1944957.0,1961651.0571986744,1217498.0162638654,2705804.0981334834,16694.057198674418,16694.057198674418,2019,2,pre_pandemic,True
fixed_12m_2019,fixed_origin_12m_ex_ante,sarima_111_111_12,2019-03-01,3,2473147.0,2409798.2046060604,1496089.2020258163,3323507.2071863045,-63348.795393939596,63348.795393939596,2019,3,pre_pandemic,True
fixed_12m_2019,fixed_origin_12m_ex_ante,sarima_111_111_12,2019-04-01,4,3266256.0,2973461.041579067,1921122.9770393237,4025799.10611881,-292794.9584209332,292794.9584209332,2019,4,pre_pandemic,True
fixed_12m_2019,fixed_origin_12m_ex_ante,sarima_111_111_12,2019-05-01,5,4219837.0,3886747.5307549955,2708744.156669014,5064750.904840977,-333089.46924500447,333089.46924500447,2019,5,pre_pandemic,True
fixed_12m_2019,fixed_origin_12m_ex_ante,sarima_111_111_12,2019-06-01,6,5276253.0,4447510.256062247,3158720.966927532,5736299.545196962,-828742.7439377531,828742.7439377531,2019,6,pre_pandemic,True
fixed_12m_2019,fixed_origin_12m_ex_ante,sarima_111_111_12,2019-07-01,7,6703045.0,5702423.436098581,4309375.853428398,7095471.018768764,-1000621.5639014188,1000621.5639014188,2019,7,pre_pandemic,True
fixed_12m_2019,fixed_origin_12m_ex_ante,sarima_111_111_12,2019-08-01,8,8167150.0,7023659.215795771,5535550.036034664,8511768.395556878,-1143490.7842042288,1143490.7842042288,2019,8,pre_pandemic,True
fixed_12m_2019,fixed_origin_12m_ex_ante,sarima_111_111_12,2019-09-01,9,6741769.0,6019766.2982365,4440676.982301133,7598855.614171866,-722002.7017635005,722002.7017635005,2019,9,pre_pandemic,True
fixed_12m_2019,fixed_origin_12m_ex_ante,sarima_111_111_12,2019-10-01,10,5437494.0,4804766.484289322,3141064.9513067845,6468468.01727186,-632727.515710678,632727.515710678,2019,10,pre_pandemic,True
fixed_12m_2019,fixed_origin_12m_ex_ante,sarima_111_111_12,2019-11-01,11,3005517.0,2799177.3709122073,1053752.5263063326,4544602.215518082,-206339.6290877927,206339.6290877927,2019,11,pre_pandemic,True
fixed_12m_2019,fixed_origin_12m_ex_ante,sarima_111_111_12,2019-12-01,12,2398329.0,2336517.10843013,514076.27995878365,4158957.9369014762,-61811.89156987006,61811.89156987006,2019,12,pre_pandemic,True
fixed_12m_2019,fixed_origin_12m_ex_ante,dynamic_harmonic_arima_k2,2019-01-01,1,2226288.0,2067631.2002381599,1356353.3582650053,2778909.0422113147,-158656.79976184014,158656.79976184014,2019,1,pre_pandemic,True
fixed_12m_2019,fixed_origin_12m_ex_ante,dynamic_harmonic_arima_k2,2019-02-01,2,1944957.0,2324164.3254651227,1560499.5832479824,3087829.067682263,379207.3254651227,379207.3254651227,2019,2,pre_pandemic,True
fixed_12m_2019,fixed_origin_12m_ex_ante,dynamic_harmonic_arima_k2,2019-03-01,3,2473147.0,2681291.981450693,1870221.1614374234,3492362.801463963,208144.98145069322,208144.98145069322,2019,3,pre_pandemic,True
fixed_12m_2019,fixed_origin_12m_ex_ante,dynamic_harmonic_arima_k2,2019-04-01,4,3266256.0,3091260.254430084,2235421.767470715,3947098.741389453,-174995.74556991598,174995.74556991598,2019,4,pre_pandemic,True
fixed_12m_2019,fixed_origin_12m_ex_ante,dynamic_harmonic_arima_k2,2019-05-01,5,4219837.0,3755693.528704738,2857315.631883948,4654071.425525527,-464143.4712952622,464143.4712952622,2019,5,pre_pandemic,True
fixed_12m_2019,fixed_origin_12m_ex_ante,dynamic_harmonic_arima_k2,2019-06-01,6,5276253.0,4764158.498249376,3825166.3940088623,5703150.6024898905,-512094.5017506238,512094.5017506238,2019,6,pre_pandemic,True
fixed_12m_2019,fixed_origin_12m_ex_ante,dynamic_harmonic_arima_k2,2019-07-01,7,6703045.0,5805981.5610435745,4828060.552925528,6783902.569161621,-897063.4389564255,897063.4389564255,2019,7,pre_pandemic,True
fixed_12m_2019,fixed_origin_12m_ex_ante,dynamic_harmonic_arima_k2,2019-08-01,8,8167150.0,6297360.479677493,5282002.008786155,7312718.950568831,-1869789.5203225072,1869789.5203225072,2019,8,pre_pandemic,True
fixed_12m_2019,fixed_origin_12m_ex_ante,dynamic_harmonic_arima_k2,2019-09-01,9,6741769.0,5845850.922957218,4794387.109645998,6897314.736268438,-895918.0770427817,895918.0770427817,2019,9,pre_pandemic,True
fixed_12m_2019,fixed_origin_12m_ex_ante,dynamic_harmonic_arima_k2,2019-10-01,10,5437494.0,4619711.967915732,3533342.105946455,5706081.82988501,-817782.0320842676,817782.0320842676,2019,10,pre_pandemic,True
fixed_12m_2019,fixed_origin_12m_ex_ante,dynamic_harmonic_arima_k2,2019-11-01,11,3005517.0,3258954.3736833767,2138765.638118105,4379143.109248648,253437.3736833767,253437.3736833767,2019,11,pre_pandemic,True
fixed_12m_2019,fixed_origin_12m_ex_ante,dynamic_harmonic_arima_k2,2019-12-01,12,2398329.0,2395793.0127288587,1242776.9115492187,3548809.1139084985,-2535.987271141261,2535.987271141261,2019,12,pre_pandemic,True
fixed_12m_2020,fixed_origin_12m_ex_ante,naive_last,2020-01-01,1,2529423.0,2398329.0,576242.0338377908,4220415.966162209,-131094.0,131094.0,2020,1,pre_pandemic,True
fixed_12m_2020,fixed_origin_12m_ex_ante,naive_last,2020-02-01,2,2051923.0,2398329.0,-178491.09936984302,4975149.099369843,346406.0,346406.0,2020,2,pre_pandemic,True
fixed_12m_2020,fixed_origin_12m_ex_ante,naive_last,2020-03-01,3,1058068.0,2398329.0,-757618.20120198,5554276.20120198,1340261.0,1340261.0,2020,3,pandemic_shock,True
fixed_12m_2020,fixed_origin_12m_ex_ante,naive_last,2020-04-01,4,,2398329.0,-1245844.9323244183,6042502.932324419,,,2020,4,pandemic_shock,False
fixed_12m_2020,fixed_origin_12m_ex_ante,naive_last,2020-05-01,5,,2398329.0,-1675981.3172550588,6472639.317255059,,,2020,5,pandemic_shock,False
fixed_12m_2020,fixed_origin_12m_ex_ante,naive_last,2020-06-01,6,,2398329.0,-2064854.334073251,6861512.334073251,,,2020,6,pandemic_shock,False
fixed_12m_2020,fixed_origin_12m_ex_ante,naive_last,2020-07-01,7,777043.0,2398329.0,-2422459.9795973673,7219117.979597367,1621286.0,1621286.0,2020,7,pandemic_shock,True
fixed_12m_2020,fixed_origin_12m_ex_ante,naive_last,2020-08-01,8,2192917.0,2398329.0,-2755311.198739686,7551969.198739686,205412.0,205412.0,2020,8,pandemic_shock,True
fixed_12m_2020,fixed_origin_12m_ex_ante,naive_last,2020-09-01,9,2634195.0,2398329.0,-3067931.8984866273,7864589.898486627,-235866.0,235866.0,2020,9,pandemic_shock,True
fixed_12m_2020,fixed_origin_12m_ex_ante,naive_last,2020-10-01,10,2355124.0,2398329.0,-3363615.907978732,8160273.907978732,43205.0,43205.0,2020,10,pandemic_shock,True
fixed_12m_2020,fixed_origin_12m_ex_ante,naive_last,2020-11-01,11,1262757.0,2398329.0,-3644849.8021570435,8441507.802157044,1135572.0,1135572.0,2020,11,pandemic_shock,True
fixed_12m_2020,fixed_origin_12m_ex_ante,naive_last,2020-12-01,12,964816.0,2398329.0,-3913565.40240396,8710223.40240396,1433513.0,1433513.0,2020,12,pandemic_shock,True
fixed_12m_2020,fixed_origin_12m_ex_ante,seasonal_naive,2020-01-01,1,2529423.0,2226288.0,1230012.4148911778,3222563.585108822,-303135.0,303135.0,2020,1,pre_pandemic,True
fixed_12m_2020,fixed_origin_12m_ex_ante,seasonal_naive,2020-02-01,2,2051923.0,1944957.0,536010.5556779127,3353903.4443220873,-106966.0,106966.0,2020,2,pre_pandemic,True
fixed_12m_2020,fixed_origin_12m_ex_ante,seasonal_naive,2020-03-01,3,1058068.0,2473147.0,747547.0682511088,4198746.931748891,1415079.0,1415079.0,2020,3,pandemic_shock,True
fixed_12m_2020,fixed_origin_12m_ex_ante,seasonal_naive,2020-04-01,4,,3266256.0,1273704.8297823553,5258807.170217644,,,2020,4,pandemic_shock,False
fixed_12m_2020,fixed_origin_12m_ex_ante,seasonal_naive,2020-05-01,5,,4219837.0,1992097.0673732958,6447576.932626704,,,2020,5,pandemic_shock,False
fixed_12m_2020,fixed_origin_12m_ex_ante,seasonal_naive,2020-06-01,6,,5276253.0,2835886.173290631,7716619.826709369,,,2020,6,pandemic_shock,False
fixed_12m_2020,fixed_origin_12m_ex_ante,seasonal_naive,2020-07-01,7,777043.0,6703045.0,4067147.564516691,9338942.435483309,5926002.0,5926002.0,2020,7,pandemic_shock,True
fixed_12m_2020,fixed_origin_12m_ex_ante,seasonal_naive,2020-08-01,8,2192917.0,8167150.0,5349257.111355825,10985042.888644174,5974233.0,5974233.0,2020,8,pandemic_shock,True
fixed_12m_2020,fixed_origin_12m_ex_ante,seasonal_naive,2020-09-01,9,2634195.0,6741769.0,3752942.244673533,9730595.755326467,4107574.0,4107574.0,2020,9,pandemic_shock,True
fixed_12m_2020,fixed_origin_12m_ex_ante,seasonal_naive,2020-10-01,10,2355124.0,5437494.0,2286993.97383919,8587994.02616081,3082370.0,3082370.0,2020,10,pandemic_shock,True
fixed_12m_2020,fixed_origin_12m_ex_ante,seasonal_naive,2020-11-01,11,1262757.0,3005517.0,-298755.3035977511,6309789.303597751,1742760.0,1742760.0,2020,11,pandemic_shock,True
fixed_12m_2020,fixed_origin_12m_ex_ante,seasonal_naive,2020-12-01,12,964816.0,2398329.0,-1052870.8634977825,5849528.8634977825,1433513.0,1433513.0,2020,12,pandemic_shock,True
fixed_12m_2020,fixed_origin_12m_ex_ante,drift,2020-01-01,1,2529423.0,2406899.5804195805,-638829.8910390828,5452629.051878244,-122523.41958041955,122523.41958041955,2020,1,pre_pandemic,True
fixed_12m_2020,fixed_origin_12m_ex_ante,drift,2020-02-01,2,2051923.0,2415470.160839161,-1891841.7650171192,6722782.086695441,363547.1608391609,363547.1608391609,2020,2,pre_pandemic,True
fixed_12m_2020,fixed_origin_12m_ex_ante,drift,2020-03-01,3,1058068.0,2424040.7412587414,-2851317.449417566,7699398.931935049,1365972.7412587414,1365972.7412587414,2020,3,pandemic_shock,True
fixed_12m_2020,fixed_origin_12m_ex_ante,drift,2020-04-01,4,,2432611.321678322,-3658847.6212390047,8524070.264595648,,,2020,4,pandemic_shock,False
fixed_12m_2020,fixed_origin_12m_ex_ante,drift,2020-05-01,5,,2441181.9020979023,-4369276.237158175,9251640.041353978,,,2020,5,pandemic_shock,False
fixed_12m_2020,fixed_origin_12m_ex_ante,drift,2020-06-01,6,,2449752.4825174827,-5010730.617112943,9910235.582147907,,,2020,6,pandemic_shock,False
fixed_12m_2020,fixed_origin_12m_ex_ante,drift,2020-07-01,7,777043.0,2458323.062937063,-5599919.679322758,10516565.805196885,1681280.0629370632,1681280.0629370632,2020,7,pandemic_shock,True
fixed_12m_2020,fixed_origin_12m_ex_ante,drift,2020-08-01,8,2192917.0,2466893.643356643,-6147730.208355917,11081517.495069204,273976.64335664315,273976.64335664315,2020,8,pandemic_shock,True
fixed_12m_2020,fixed_origin_12m_ex_ante,drift,2020-09-01,9,2634195.0,2475464.2237762236,-6661724.1905997675,11612652.638152214,-158730.7762237764,158730.7762237764,2020,9,pandemic_shock,True
fixed_12m_2020,fixed_origin_12m_ex_ante,drift,2020-10-01,10,2355124.0,2484034.804195804,-7147407.462314373,12115477.070705982,128910.80419580406,128910.80419580406,2020,10,pandemic_shock,True
fixed_12m_2020,fixed_origin_12m_ex_ante,drift,2020-11-01,11,1262757.0,2492605.3846153845,-7608936.485140467,12594147.254371235,1229848.3846153845,1229848.3846153845,2020,11,pandemic_shock,True
fixed_12m_2020,fixed_origin_12m_ex_ante,drift,2020-12-01,12,964816.0,2501175.965034965,-8049540.416317649,13051892.34638758,1536359.965034965,1536359.965034965,2020,12,pandemic_shock,True
fixed_12m_2020,fixed_origin_12m_ex_ante,same_month_historical_mean,2020-01-01,1,2529423.0,1541565.5833333333,401608.70048676967,2681522.466179897,-987857.4166666667,987857.4166666667,2020,1,pre_pandemic,True
fixed_12m_2020,fixed_origin_12m_ex_ante,same_month_historical_mean,2020-02-01,2,2051923.0,1409467.25,269510.3671534364,2549424.1328465636,-642455.75,642455.75,2020,2,pre_pandemic,True
fixed_12m_2020,fixed_origin_12m_ex_ante,same_month_historical_mean,2020-03-01,3,1058068.0,1851891.5833333333,711934.7004867697,2991848.466179897,793823.5833333333,793823.5833333333,2020,3,pandemic_shock,True
fixed_12m_2020,fixed_origin_12m_ex_ante,same_month_historical_mean,2020-04-01,4,,2331065.9166666665,1191109.033820103,3471022.79951323,,,2020,4,pandemic_shock,False
fixed_12m_2020,fixed_origin_12m_ex_ante,same_month_historical_mean,2020-05-01,5,,3337530.3333333335,2197573.45048677,4477487.216179897,,,2020,5,pandemic_shock,False
fixed_12m_2020,fixed_origin_12m_ex_ante,same_month_historical_mean,2020-06-01,6,,3879271.75,2739314.8671534364,5019228.632846564,,,2020,6,pandemic_shock,False
fixed_12m_2020,fixed_origin_12m_ex_ante,same_month_historical_mean,2020-07-01,7,777043.0,4889752.583333333,3749795.7004867694,6029709.466179896,4112709.583333333,4112709.583333333,2020,7,pandemic_shock,True
fixed_12m_2020,fixed_origin_12m_ex_ante,same_month_historical_mean,2020-08-01,8,2192917.0,5992930.75,4852973.867153436,7132887.632846564,3800013.75,3800013.75,2020,8,pandemic_shock,True
fixed_12m_2020,fixed_origin_12m_ex_ante,same_month_historical_mean,2020-09-01,9,2634195.0,5045159.083333333,3905202.2004867694,6185115.966179896,2410964.083333333,2410964.083333333,2020,9,pandemic_shock,True
fixed_12m_2020,fixed_origin_12m_ex_ante,same_month_historical_mean,2020-10-01,10,2355124.0,3997784.3333333335,2857827.45048677,5137741.216179897,1642660.3333333335,1642660.3333333335,2020,10,pandemic_shock,True
fixed_12m_2020,fixed_origin_12m_ex_ante,same_month_historical_mean,2020-11-01,11,1262757.0,2214183.1666666665,1074226.283820103,3354140.04951323,951426.1666666665,951426.1666666665,2020,11,pandemic_shock,True
fixed_12m_2020,fixed_origin_12m_ex_ante,same_month_historical_mean,2020-12-01,12,964816.0,1702200.8333333333,562243.9504867697,2842157.716179897,737384.8333333333,737384.8333333333,2020,12,pandemic_shock,True
fixed_12m_2020,fixed_origin_12m_ex_ante,seasonal_moving_average_3,2020-01-01,1,2529423.0,1946657.6666666667,843756.9224698655,3049558.410863468,-582765.3333333333,582765.3333333333,2020,1,pre_pandemic,True
fixed_12m_2020,fixed_origin_12m_ex_ante,seasonal_moving_average_3,2020-02-01,2,2051923.0,1728040.3333333333,625139.589136532,2830941.0775301345,-323882.66666666674,323882.66666666674,2020,2,pre_pandemic,True
fixed_12m_2020,fixed_origin_12m_ex_ante,seasonal_moving_average_3,2020-03-01,3,1058068.0,2195747.3333333335,1092846.5891365323,3298648.0775301345,1137679.3333333335,1137679.3333333335,2020,3,pandemic_shock,True
fixed_12m_2020,fixed_origin_12m_ex_ante,seasonal_moving_average_3,2020-04-01,4,,2805121.0,1702220.2558031988,3908021.7441968014,,,2020,4,pandemic_shock,False
fixed_12m_2020,fixed_origin_12m_ex_ante,seasonal_moving_average_3,2020-05-01,5,,3701881.0,2598980.2558031986,4804781.744196801,,,2020,5,pandemic_shock,False
fixed_12m_2020,fixed_origin_12m_ex_ante,seasonal_moving_average_3,2020-06-01,6,,4390906.333333333,3288005.5891365316,5493807.0775301345,,,2020,6,pandemic_shock,False
fixed_12m_2020,fixed_origin_12m_ex_ante,seasonal_moving_average_3,2020-07-01,7,777043.0,5816169.333333333,4713268.589136532,6919070.0775301345,5039126.333333333,5039126.333333333,2020,7,pandemic_shock,True
fixed_12m_2020,fixed_origin_12m_ex_ante,seasonal_moving_average_3,2020-08-01,8,2192917.0,7181157.0,6078256.255803199,8284057.744196801,4988240.0,4988240.0,2020,8,pandemic_shock,True
fixed_12m_2020,fixed_origin_12m_ex_ante,seasonal_moving_average_3,2020-09-01,9,2634195.0,6023338.0,4920437.255803199,7126238.744196801,3389143.0,3389143.0,2020,9,pandemic_shock,True
fixed_12m_2020,fixed_origin_12m_ex_ante,seasonal_moving_average_3,2020-10-01,10,2355124.0,4714230.666666667,3611329.9224698655,5817131.410863468,2359106.666666667,2359106.666666667,2020,10,pandemic_shock,True
fixed_12m_2020,fixed_origin_12m_ex_ante,seasonal_moving_average_3,2020-11-01,11,1262757.0,2659594.6666666665,1556693.9224698653,3762495.4108634675,1396837.6666666665,1396837.6666666665,2020,11,pandemic_shock,True
fixed_12m_2020,fixed_origin_12m_ex_ante,seasonal_moving_average_3,2020-12-01,12,964816.0,2206844.3333333335,1103943.5891365323,3309745.0775301345,1242028.3333333335,1242028.3333333335,2020,12,pandemic_shock,True
fixed_12m_2020,fixed_origin_12m_ex_ante,ets_holt_winters,2020-01-01,1,2529423.0,2493652.863337399,1992205.1446377714,2995100.5820370265,-35770.13666260103,35770.13666260103,2020,1,pre_pandemic,True
fixed_12m_2020,fixed_origin_12m_ex_ante,ets_holt_winters,2020-02-01,2,2051923.0,2269439.379037086,1560285.2144310242,2978593.5436431477,217516.37903708592,217516.37903708592,2020,2,pre_pandemic,True
fixed_12m_2020,fixed_origin_12m_ex_ante,ets_holt_winters,2020-03-01,3,1058068.0,2762676.006967633,1894143.080840372,3631208.933094894,1704608.006967633,1704608.006967633,2020,3,pandemic_shock,True
fixed_12m_2020,fixed_origin_12m_ex_ante,ets_holt_winters,2020-04-01,4,,3322136.2382124853,2319240.8008132307,4325031.67561174,,,2020,4,pandemic_shock,False
fixed_12m_2020,fixed_origin_12m_ex_ante,ets_holt_winters,2020-05-01,5,,4211177.002268344,3089905.8160937848,5332448.188442904,,,2020,5,pandemic_shock,False
fixed_12m_2020,fixed_origin_12m_ex_ante,ets_holt_winters,2020-06-01,6,,4848692.005729736,3620400.9622329744,6076983.049226497,,,2020,6,pandemic_shock,False
fixed_12m_2020,fixed_origin_12m_ex_ante,ets_holt_winters,2020-07-01,7,777043.0,5932607.127420003,4605901.168240115,7259313.08659989,5155564.127420003,5155564.127420003,2020,7,pandemic_shock,True
fixed_12m_2020,fixed_origin_12m_ex_ante,ets_holt_winters,2020-08-01,8,2192917.0,7045613.931984996,5627305.602772873,8463922.26119712,4852696.931984996,4852696.931984996,2020,8,pandemic_shock,True
fixed_12m_2020,fixed_origin_12m_ex_ante,ets_holt_winters,2020-09-01,9,2634195.0,5787838.449701905,4283495.2936030235,7292181.605800787,3153643.4497019053,3153643.4497019053,2020,9,pandemic_shock,True
fixed_12m_2020,fixed_origin_12m_ex_ante,ets_holt_winters,2020-10-01,10,2355124.0,4590484.301597448,3004767.383011218,6176201.220183678,2235360.301597448,2235360.301597448,2020,10,pandemic_shock,True
fixed_12m_2020,fixed_origin_12m_ex_ante,ets_holt_winters,2020-11-01,11,1262757.0,2683345.612500519,1020231.6775941737,4346459.547406864,1420588.612500519,1420588.612500519,2020,11,pandemic_shock,True
fixed_12m_2020,fixed_origin_12m_ex_ante,ets_holt_winters,2020-12-01,12,964816.0,2510499.874695546,773434.0224410242,4247565.726950068,1545683.874695546,1545683.874695546,2020,12,pandemic_shock,True
fixed_12m_2020,fixed_origin_12m_ex_ante,theta,2020-01-01,1,2529423.0,2262237.994110017,647101.6615678519,3877374.3266521823,-267185.0058899829,267185.0058899829,2020,1,pre_pandemic,True
fixed_12m_2020,fixed_origin_12m_ex_ante,theta,2020-02-01,2,2051923.0,2062747.1351146281,-233542.7427452316,4359037.012974488,10824.135114628123,10824.135114628123,2020,2,pre_pandemic,True
fixed_12m_2020,fixed_origin_12m_ex_ante,theta,2020-03-01,3,1058068.0,2696952.014132533,-120356.81409797166,5514260.842363038,1638884.0141325332,1638884.0141325332,2020,3,pandemic_shock,True
fixed_12m_2020,fixed_origin_12m_ex_ante,theta,2020-04-01,4,,3392443.0284973336,136446.88843674818,6648439.16855792,,,2020,4,pandemic_shock,False
fixed_12m_2020,fixed_origin_12m_ex_ante,theta,2020-05-01,5,,4818900.994506594,1176677.4024472968,8461124.586565891,,,2020,5,pandemic_shock,False
fixed_12m_2020,fixed_origin_12m_ex_ante,theta,2020-06-01,6,,5581443.842423504,1590194.0976672056,9572693.587179802,,,2020,6,pandemic_shock,False
fixed_12m_2020,fixed_origin_12m_ex_ante,theta,2020-07-01,7,777043.0,7041869.192047209,2729751.805486273,11353986.578608144,6264826.192047209,6264826.192047209,2020,7,pandemic_shock,True
fixed_12m_2020,fixed_origin_12m_ex_ante,theta,2020-08-01,8,2192917.0,8623596.55937896,4012887.483114767,13234305.63564315,6430679.559378959,6430679.559378959,2020,8,pandemic_shock,True
fixed_12m_2020,fixed_origin_12m_ex_ante,theta,2020-09-01,9,2634195.0,7248138.850367226,2357032.634345241,12139245.06638921,4613943.850367226,4613943.850367226,2020,9,pandemic_shock,True
fixed_12m_2020,fixed_origin_12m_ex_ante,theta,2020-10-01,10,2355124.0,5738402.193229855,582124.2869419483,10894680.099517763,3383278.193229855,3383278.193229855,2020,10,pandemic_shock,True
fixed_12m_2020,fixed_origin_12m_ex_ante,theta,2020-11-01,11,1262757.0,3174194.2785473093,-2234269.7989276145,8582658.356022233,1911437.2785473093,1911437.2785473093,2020,11,pandemic_shock,True
fixed_12m_2020,fixed_origin_12m_ex_ante,theta,2020-12-01,12,964816.0,2413972.110362611,-3235431.8854408916,8063376.106166113,1449156.1103626108,1449156.1103626108,2020,12,pandemic_shock,True
fixed_12m_2020,fixed_origin_12m_ex_ante,sarima_111_111_12,2020-01-01,1,2529423.0,2414136.0476941783,1892467.4224491767,2935804.67293918,-115286.9523058217,115286.9523058217,2020,1,pre_pandemic,True
fixed_12m_2020,fixed_origin_12m_ex_ante,sarima_111_111_12,2020-02-01,2,2051923.0,2171295.315925728,1443357.2808552745,2899233.3509961814,119372.31592572806,119372.31592572806,2020,2,pre_pandemic,True
fixed_12m_2020,fixed_origin_12m_ex_ante,sarima_111_111_12,2020-03-01,3,1058068.0,2667901.009591277,1773102.80737755,3562699.2118050046,1609833.0095912772,1609833.0095912772,2020,3,pandemic_shock,True
fixed_12m_2020,fixed_origin_12m_ex_ante,sarima_111_111_12,2020-04-01,4,,3421343.9807161866,2391961.28113034,4450726.680302033,,,2020,4,pandemic_shock,False
fixed_12m_2020,fixed_origin_12m_ex_ante,sarima_111_111_12,2020-05-01,5,,4355805.007323465,3202861.6952096447,5508748.319437286,,,2020,5,pandemic_shock,False
fixed_12m_2020,fixed_origin_12m_ex_ante,sarima_111_111_12,2020-06-01,6,,5315680.141781976,4055030.303001331,6576329.980562622,,,2020,6,pandemic_shock,False
fixed_12m_2020,fixed_origin_12m_ex_ante,sarima_111_111_12,2020-07-01,7,777043.0,6687008.769687233,5323935.228724161,8050082.310650304,5909965.769687233,5909965.769687233,2020,7,pandemic_shock,True
fixed_12m_2020,fixed_origin_12m_ex_ante,sarima_111_111_12,2020-08-01,8,2192917.0,8128729.218177477,6673137.490731714,9584320.94562324,5935812.218177477,5935812.218177477,2020,8,pandemic_shock,True
fixed_12m_2020,fixed_origin_12m_ex_ante,sarima_111_111_12,2020-09-01,9,2634195.0,6783221.131928813,5238317.812906992,8328124.450950634,4149026.1319288127,4149026.1319288127,2020,9,pandemic_shock,True
fixed_12m_2020,fixed_origin_12m_ex_ante,sarima_111_111_12,2020-10-01,10,2355124.0,5508323.883765262,3881001.98303378,7135645.784496743,3153199.8837652616,3153199.8837652616,2020,10,pandemic_shock,True
fixed_12m_2020,fixed_origin_12m_ex_ante,sarima_111_111_12,2020-11-01,11,1262757.0,3182106.6439484484,1474611.7995783726,4889601.488318524,1919349.6439484484,1919349.6439484484,2020,11,pandemic_shock,True
fixed_12m_2020,fixed_origin_12m_ex_ante,sarima_111_111_12,2020-12-01,12,964816.0,2619146.155209624,836580.1257234621,4401712.184695786,1654330.1552096242,1654330.1552096242,2020,12,pandemic_shock,True
fixed_12m_2020,fixed_origin_12m_ex_ante,dynamic_harmonic_arima_k2,2020-01-01,1,2529423.0,2459721.970239689,1695937.0439619324,3223506.896517446,-69701.02976031089,69701.02976031089,2020,1,pre_pandemic,True
fixed_12m_2020,fixed_origin_12m_ex_ante,dynamic_harmonic_arima_k2,2020-02-01,2,2051923.0,2749289.677760259,1907269.178878022,3591310.1766424957,697366.6777602588,697366.6777602588,2020,2,pre_pandemic,True
fixed_12m_2020,fixed_origin_12m_ex_ante,dynamic_harmonic_arima_k2,2020-03-01,3,1058068.0,3113960.427077203,2216224.201027685,4011696.6531267213,2055892.427077203,2055892.427077203,2020,3,pandemic_shock,True
fixed_12m_2020,fixed_origin_12m_ex_ante,dynamic_harmonic_arima_k2,2020-04-01,4,,3530852.120152691,2582139.1985649993,4479565.041740382,,,2020,4,pandemic_shock,False
fixed_12m_2020,fixed_origin_12m_ex_ante,dynamic_harmonic_arima_k2,2020-05-01,5,,4217390.401128539,3220450.5836327677,5214330.218624311,,,2020,5,pandemic_shock,False
fixed_12m_2020,fixed_origin_12m_ex_ante,dynamic_harmonic_arima_k2,2020-06-01,6,,5266370.132534074,4223445.899965126,6309294.365103021,,,2020,6,pandemic_shock,False
fixed_12m_2020,fixed_origin_12m_ex_ante,dynamic_harmonic_arima_k2,2020-07-01,7,777043.0,6350324.46795109,5263360.962112898,7437287.973789282,5573281.46795109,5573281.46795109,2020,7,pandemic_shock,True
fixed_12m_2020,fixed_origin_12m_ex_ante,dynamic_harmonic_arima_k2,2020-08-01,8,2192917.0,6859914.520245421,5730628.006892903,7989201.033597939,4666997.520245421,4666997.520245421,2020,8,pandemic_shock,True
fixed_12m_2020,fixed_origin_12m_ex_ante,dynamic_harmonic_arima_k2,2020-09-01,9,2634195.0,6390164.437852662,5220084.799773034,7560244.07593229,3755969.437852662,3755969.437852662,2020,9,pandemic_shock,True
fixed_12m_2020,fixed_origin_12m_ex_ante,dynamic_harmonic_arima_k2,2020-10-01,10,2355124.0,5121455.751914058,3911958.052095889,6330953.451732227,2766331.751914058,2766331.751914058,2020,10,pandemic_shock,True
fixed_12m_2020,fixed_origin_12m_ex_ante,dynamic_harmonic_arima_k2,2020-11-01,11,1262757.0,3720729.6759931585,2473058.6408709064,4968400.711115411,2457972.6759931585,2457972.6759931585,2020,11,pandemic_shock,True
fixed_12m_2020,fixed_origin_12m_ex_ante,dynamic_harmonic_arima_k2,2020-12-01,12,964816.0,2839836.548762924,1555125.9440512732,4124547.153474575,1875020.548762924,1875020.548762924,2020,12,pandemic_shock,True
fixed_12m_2021,fixed_origin_12m_ex_ante,naive_last,2021-01-01,1,829932.0,964816.0,-836934.6468326475,2766566.6468326477,134884.0,134884.0,2021,1,recovery,True
fixed_12m_2021,fixed_origin_12m_ex_ante,naive_last,2021-02-01,2,727126.0,964816.0,-1583244.200765227,3512876.200765227,237690.0,237690.0,2021,2,recovery,True
fixed_12m_2021,fixed_origin_12m_ex_ante,naive_last,2021-03-01,3,1043411.0,964816.0,-2155907.662884234,4085539.662884234,-78595.0,78595.0,2021,3,recovery,True
fixed_12m_2021,fixed_origin_12m_ex_ante,naive_last,2021-04-01,4,1179562.0,964816.0,-2638685.293665295,4568317.2936652955,-214746.0,214746.0,2021,4,recovery,False
fixed_12m_2021,fixed_origin_12m_ex_ante,naive_last,2021-05-01,5,1025559.0,964816.0,-3064020.924822016,4993652.924822016,-60743.0,60743.0,2021,5,recovery,False
fixed_12m_2021,fixed_origin_12m_ex_ante,naive_last,2021-06-01,6,1861089.0,964816.0,-3448553.7284695264,5378185.728469526,-896273.0,896273.0,2021,6,recovery,False
fixed_12m_2021,fixed_origin_12m_ex_ante,naive_last,2021-07-01,7,3735532.0,964816.0,-3802168.1360689513,5731800.136068951,-2770716.0,2770716.0,2021,7,recovery,True
fixed_12m_2021,fixed_origin_12m_ex_ante,naive_last,2021-08-01,8,5499057.0,964816.0,-4131304.401530454,6060936.401530454,-4534241.0,4534241.0,2021,8,recovery,True
fixed_12m_2021,fixed_origin_12m_ex_ante,naive_last,2021-09-01,9,4406083.0,964816.0,-4440435.940497942,6370067.940497942,-3441267.0,3441267.0,2021,9,recovery,True
fixed_12m_2021,fixed_origin_12m_ex_ante,naive_last,2021-10-01,10,4406796.0,964816.0,-4732819.819672809,6662451.819672809,-3441980.0,3441980.0,2021,10,recovery,True
fixed_12m_2021,fixed_origin_12m_ex_ante,naive_last,2021-11-01,11,2466682.0,964816.0,-5010914.861324036,6940546.861324036,-1501866.0,1501866.0,2021,11,recovery,True
fixed_12m_2021,fixed_origin_12m_ex_ante,naive_last,2021-12-01,12,2176634.0,964816.0,-5276631.325768468,7206263.325768468,-1211818.0,1211818.0,2021,12,recovery,True
fixed_12m_2021,fixed_origin_12m_ex_ante,seasonal_naive,2021-01-01,1,829932.0,2529423.0,559053.5815667829,4499792.418433217,1699491.0,1699491.0,2021,1,recovery,True
fixed_12m_2021,fixed_origin_12m_ex_ante,seasonal_naive,2021-02-01,2,727126.0,2051923.0,-734600.1544334437,4838446.154433444,1324797.0,1324797.0,2021,2,recovery,True
fixed_12m_2021,fixed_origin_12m_ex_ante,seasonal_naive,2021-03-01,3,1043411.0,1058068.0,-2354711.9424062725,4470847.9424062725,14657.0,14657.0,2021,3,recovery,True
fixed_12m_2021,fixed_origin_12m_ex_ante,seasonal_naive,2021-04-01,4,1179562.0,,,,,,2021,4,recovery,False
fixed_12m_2021,fixed_origin_12m_ex_ante,seasonal_naive,2021-05-01,5,1025559.0,,,,,,2021,5,recovery,False
fixed_12m_2021,fixed_origin_12m_ex_ante,seasonal_naive,2021-06-01,6,1861089.0,,,,,,2021,6,recovery,False
fixed_12m_2021,fixed_origin_12m_ex_ante,seasonal_naive,2021-07-01,7,3735532.0,777043.0,-4436064.472101259,5990150.472101259,-2958489.0,2958489.0,2021,7,recovery,True
fixed_12m_2021,fixed_origin_12m_ex_ante,seasonal_naive,2021-08-01,8,5499057.0,2192917.0,-3380129.3088668874,7765963.308866887,-3306140.0,3306140.0,2021,8,recovery,True
fixed_12m_2021,fixed_origin_12m_ex_ante,seasonal_naive,2021-09-01,9,4406083.0,2634195.0,-3276913.255299651,8545303.25529965,-1771888.0,1771888.0,2021,9,recovery,True
fixed_12m_2021,fixed_origin_12m_ex_ante,seasonal_naive,2021-10-01,10,4406796.0,2355124.0,-3875731.1941903243,8585979.194190323,-2051672.0,2051672.0,2021,10,recovery,True
fixed_12m_2021,fixed_origin_12m_ex_ante,seasonal_naive,2021-11-01,11,2466682.0,1262757.0,-5272219.059333759,7797733.059333759,-1203925.0,1203925.0,2021,11,recovery,True
fixed_12m_2021,fixed_origin_12m_ex_ante,seasonal_naive,2021-12-01,12,2176634.0,964816.0,-5860743.884812545,7790375.884812545,-1211818.0,1211818.0,2021,12,recovery,True
fixed_12m_2021,fixed_origin_12m_ex_ante,drift,2021-01-01,1,829932.0,963448.1052631579,-2208033.7301474246,4134929.94067374,133516.10526315786,133516.10526315786,2021,1,recovery,True
fixed_12m_2021,fixed_origin_12m_ex_ante,drift,2021-02-01,2,727126.0,962080.2105263158,-3523072.4139312464,5447232.834983878,234954.21052631584,234954.21052631584,2021,2,recovery,True
fixed_12m_2021,fixed_origin_12m_ex_ante,drift,2021-03-01,3,1043411.0,960712.3157894737,-4532455.358423451,6453879.990002397,-82698.68421052629,82698.68421052629,2021,3,recovery,True
fixed_12m_2021,fixed_origin_12m_ex_ante,drift,2021-04-01,4,1179562.0,959344.4210526316,-5383619.249768533,7302308.091873797,-220217.57894736843,220217.57894736843,2021,4,recovery,False
fixed_12m_2021,fixed_origin_12m_ex_ante,drift,2021-05-01,5,1025559.0,957976.5263157894,-6133672.447068073,8049625.499699652,-67582.47368421056,67582.47368421056,2021,5,recovery,False
fixed_12m_2021,fixed_origin_12m_ex_ante,drift,2021-06-01,6,1861089.0,956608.6315789474,-6811903.593682441,8725120.856840335,-904480.3684210526,904480.3684210526,2021,6,recovery,False
fixed_12m_2021,fixed_origin_12m_ex_ante,drift,2021-07-01,7,3735532.0,955240.7368421053,-7435711.487212978,9346192.960897189,-2780291.263157895,2780291.263157895,2021,7,recovery,True
fixed_12m_2021,fixed_origin_12m_ex_ante,drift,2021-08-01,8,5499057.0,953872.8421052631,-8016432.406809862,9924178.091020389,-4545184.157894737,4545184.157894737,2021,8,recovery,True
fixed_12m_2021,fixed_origin_12m_ex_ante,drift,2021-09-01,9,4406083.0,952504.947368421,-8561940.558863327,10466950.453600168,-3453578.052631579,3453578.052631579,2021,9,recovery,True
fixed_12m_2021,fixed_origin_12m_ex_ante,drift,2021-10-01,10,4406796.0,951137.052631579,-9077969.105117114,10980243.210380273,-3455658.947368421,3455658.947368421,2021,10,recovery,True
fixed_12m_2021,fixed_origin_12m_ex_ante,drift,2021-11-01,11,2466682.0,949769.1578947369,-9568846.119589845,11468384.435379317,-1516912.8421052631,1516912.8421052631,2021,11,recovery,True
fixed_12m_2021,fixed_origin_12m_ex_ante,drift,2021-12-01,12,2176634.0,948401.2631578947,-10037934.085267954,11934736.611583743,-1228232.7368421052,1228232.7368421052,2021,12,recovery,True
fixed_12m_2021,fixed_origin_12m_ex_ante,same_month_historical_mean,2021-01-01,1,829932.0,1617554.6153846155,123075.93950731307,3112033.291261918,787622.6153846155,787622.6153846155,2021,1,recovery,True
fixed_12m_2021,fixed_origin_12m_ex_ante,same_month_historical_mean,2021-02-01,2,727126.0,1458886.923076923,-35591.752800379414,2953365.5989542254,731760.923076923,731760.923076923,2021,2,recovery,True
fixed_12m_2021,fixed_origin_12m_ex_ante,same_month_historical_mean,2021-03-01,3,1043411.0,1790828.2307692308,296349.55489192833,3285306.906646533,747417.2307692308,747417.2307692308,2021,3,recovery,True
fixed_12m_2021,fixed_origin_12m_ex_ante,same_month_historical_mean,2021-04-01,4,1179562.0,2331065.9166666665,836587.2407893641,3825544.592543969,1151503.9166666665,1151503.9166666665,2021,4,recovery,False
fixed_12m_2021,fixed_origin_12m_ex_ante,same_month_historical_mean,2021-05-01,5,1025559.0,3337530.3333333335,1843051.657456031,4832009.009210636,2311971.3333333335,2311971.3333333335,2021,5,recovery,False
fixed_12m_2021,fixed_origin_12m_ex_ante,same_month_historical_mean,2021-06-01,6,1861089.0,3879271.75,2384793.0741226976,5373750.425877303,2018182.75,2018182.75,2021,6,recovery,False
fixed_12m_2021,fixed_origin_12m_ex_ante,same_month_historical_mean,2021-07-01,7,3735532.0,4573390.307692308,3078911.6318150056,6067868.983569611,837858.307692308,837858.307692308,2021,7,recovery,True
fixed_12m_2021,fixed_origin_12m_ex_ante,same_month_historical_mean,2021-08-01,8,5499057.0,5700622.0,4206143.324122697,7195100.675877303,201565.0,201565.0,2021,8,recovery,True
fixed_12m_2021,fixed_origin_12m_ex_ante,same_month_historical_mean,2021-09-01,9,4406083.0,4859700.307692308,3365221.6318150056,6354178.983569611,453617.307692308,453617.307692308,2021,9,recovery,True
fixed_12m_2021,fixed_origin_12m_ex_ante,same_month_historical_mean,2021-10-01,10,4406796.0,3871425.846153846,2376947.1702765436,5365904.522031149,-535370.153846154,535370.153846154,2021,10,recovery,True
fixed_12m_2021,fixed_origin_12m_ex_ante,same_month_historical_mean,2021-11-01,11,2466682.0,2140996.5384615385,646517.8625842361,3635475.214338841,-325685.4615384615,325685.4615384615,2021,11,recovery,True
fixed_12m_2021,fixed_origin_12m_ex_ante,same_month_historical_mean,2021-12-01,12,2176634.0,1645478.923076923,151000.2471996206,3139957.5989542254,-531155.076923077,531155.076923077,2021,12,recovery,True
fixed_12m_2021,fixed_origin_12m_ex_ante,seasonal_moving_average_3,2021-01-01,1,829932.0,2267017.3333333335,446136.80967880855,4087897.856987858,1437085.3333333335,1437085.3333333335,2021,1,recovery,True
fixed_12m_2021,fixed_origin_12m_ex_ante,seasonal_moving_average_3,2021-02-01,2,727126.0,1934567.3333333333,113686.80967880832,3755447.856987858,1207441.3333333333,1207441.3333333333,2021,2,recovery,True
fixed_12m_2021,fixed_origin_12m_ex_ante,seasonal_moving_average_3,2021-03-01,3,1043411.0,1933744.6666666667,112864.14301214181,3754625.1903211917,890333.6666666667,890333.6666666667,2021,3,recovery,True
fixed_12m_2021,fixed_origin_12m_ex_ante,seasonal_moving_average_3,2021-04-01,4,1179562.0,2805121.0,984240.4763454751,4626001.523654525,1625559.0,1625559.0,2021,4,recovery,False
fixed_12m_2021,fixed_origin_12m_ex_ante,seasonal_moving_average_3,2021-05-01,5,1025559.0,3701881.0,1881000.476345475,5522761.523654525,2676322.0,2676322.0,2021,5,recovery,False
fixed_12m_2021,fixed_origin_12m_ex_ante,seasonal_moving_average_3,2021-06-01,6,1861089.0,4390906.333333333,2570025.809678808,6211786.856987858,2529817.333333333,2529817.333333333,2021,6,recovery,False
fixed_12m_2021,fixed_origin_12m_ex_ante,seasonal_moving_average_3,2021-07-01,7,3735532.0,4397687.666666667,2576807.143012142,6218568.190321192,662155.666666667,662155.666666667,2021,7,recovery,True
fixed_12m_2021,fixed_origin_12m_ex_ante,seasonal_moving_average_3,2021-08-01,8,5499057.0,5804166.666666667,3983286.143012142,7625047.190321192,305109.666666667,305109.666666667,2021,8,recovery,True
fixed_12m_2021,fixed_origin_12m_ex_ante,seasonal_moving_average_3,2021-09-01,9,4406083.0,5132440.333333333,3311559.809678808,6953320.856987858,726357.333333333,726357.333333333,2021,9,recovery,True
fixed_12m_2021,fixed_origin_12m_ex_ante,seasonal_moving_average_3,2021-10-01,10,4406796.0,4194685.666666667,2373805.143012142,6015566.190321192,-212110.33333333302,212110.33333333302,2021,10,recovery,True
fixed_12m_2021,fixed_origin_12m_ex_ante,seasonal_moving_average_3,2021-11-01,11,2466682.0,2315898.0,495017.47634547506,4136778.523654525,-150784.0,150784.0,2021,11,recovery,True
fixed_12m_2021,fixed_origin_12m_ex_ante,seasonal_moving_average_3,2021-12-01,12,2176634.0,1848008.6666666667,27128.14301214181,3668889.1903211917,-328625.33333333326,328625.33333333326,2021,12,recovery,True
fixed_12m_2021,fixed_origin_12m_ex_ante,ets_holt_winters,2021-01-01,1,829932.0,800541.9426959108,-262433.1631217273,1863517.048513549,-29390.05730408919,29390.05730408919,2021,1,recovery,True
fixed_12m_2021,fixed_origin_12m_ex_ante,ets_holt_winters,2021-02-01,2,727126.0,626489.5825027102,-876784.2286095696,2129763.3936149897,-100636.41749728983,100636.41749728983,2021,2,recovery,True
fixed_12m_2021,fixed_origin_12m_ex_ante,ets_holt_winters,2021-03-01,3,1043411.0,1086390.0956463446,-754736.7948107081,2927516.9861033973,42979.09564634459,42979.09564634459,2021,3,recovery,True
fixed_12m_2021,fixed_origin_12m_ex_ante,ets_holt_winters,2021-04-01,4,1179562.0,1636075.4266986987,-489874.78493657755,3762025.638333975,456513.42669869866,456513.42669869866,2021,4,recovery,False
fixed_12m_2021,fixed_origin_12m_ex_ante,ets_holt_winters,2021-05-01,5,1025559.0,2625795.4298848,248910.83488652902,5002680.024883071,1600236.4298848002,1600236.4298848002,2021,5,recovery,False
fixed_12m_2021,fixed_origin_12m_ex_ante,ets_holt_winters,2021-06-01,6,1861089.0,3113080.9087541075,509334.2902199398,5716827.527288275,1251991.9087541075,1251991.9087541075,2021,6,recovery,False
fixed_12m_2021,fixed_origin_12m_ex_ante,ets_holt_winters,2021-07-01,7,3735532.0,3824262.120156219,1011894.340310181,6636629.900002258,88730.12015621923,88730.12015621923,2021,7,recovery,True
fixed_12m_2021,fixed_origin_12m_ex_ante,ets_holt_winters,2021-08-01,8,5499057.0,5024427.671393821,2017880.0491692615,8030975.293618381,-474629.328606179,474629.328606179,2021,8,recovery,True
fixed_12m_2021,fixed_origin_12m_ex_ante,ets_holt_winters,2021-09-01,9,4406083.0,4049919.655851613,860994.3383986987,7238844.973304527,-356163.3441483872,356163.3441483872,2021,9,recovery,True
fixed_12m_2021,fixed_origin_12m_ex_ante,ets_holt_winters,2021-10-01,10,4406796.0,3066934.435624754,-294487.9948174823,6428356.86606699,-1339861.564375246,1339861.564375246,2021,10,recovery,True
fixed_12m_2021,fixed_origin_12m_ex_ante,ets_holt_winters,2021-11-01,11,2466682.0,1396693.83632327,-2128795.751162163,4922183.423808703,-1069988.16367673,1069988.16367673,2021,11,recovery,True
fixed_12m_2021,fixed_origin_12m_ex_ante,ets_holt_winters,2021-12-01,12,2176634.0,895813.9990204526,-2786439.781893653,4578067.779934558,-1280820.0009795474,1280820.0009795474,2021,12,recovery,True
fixed_12m_2021,fixed_origin_12m_ex_ante,theta,2021-01-01,1,829932.0,926241.8528421031,-926884.1022967099,2779367.807980916,96309.85284210311,96309.85284210311,2021,1,recovery,True
fixed_12m_2021,fixed_origin_12m_ex_ante,theta,2021-02-01,2,727126.0,846647.3501081498,-1914573.1841312284,3607867.884347528,119521.35010814981,119521.35010814981,2021,2,recovery,True
fixed_12m_2021,fixed_origin_12m_ex_ante,theta,2021-03-01,3,1043411.0,1043243.1988734002,-2393994.336095817,4480480.733842617,-167.8011265997775,167.8011265997775,2021,3,recovery,True
fixed_12m_2021,fixed_origin_12m_ex_ante,theta,2021-04-01,4,1179562.0,1426969.103471195,-2573638.9634228023,5427577.170365192,247407.1034711951,247407.1034711951,2021,4,recovery,False
fixed_12m_2021,fixed_origin_12m_ex_ante,theta,2021-05-01,5,1025559.0,2023685.0850861284,-2470213.883292375,6517584.0534646325,998126.0850861284,998126.0850861284,2021,5,recovery,False
fixed_12m_2021,fixed_origin_12m_ex_ante,theta,2021-06-01,6,1861089.0,2386042.9234924465,-2552113.71346121,7324199.560446103,524953.9234924465,524953.9234924465,2021,6,recovery,False
fixed_12m_2021,fixed_origin_12m_ex_ante,theta,2021-07-01,7,3735532.0,2831671.6986909467,-2513948.377987297,8177291.77536919,-903860.3013090533,903860.3013090533,2021,7,recovery,True
fixed_12m_2021,fixed_origin_12m_ex_ante,theta,2021-08-01,8,5499057.0,3467794.6141283945,-2256357.4660736653,9191946.694330454,-2031262.3858716055,2031262.3858716055,2021,8,recovery,True
fixed_12m_2021,fixed_origin_12m_ex_ante,theta,2021-09-01,9,4406083.0,2915620.863490586,-3163538.6236735424,8994780.350654714,-1490462.1365094138,1490462.1365094138,2021,9,recovery,True
fixed_12m_2021,fixed_origin_12m_ex_ante,theta,2021-10-01,10,4406796.0,2316413.5764922677,-4098135.7532325964,8730962.906217132,-2090382.4235077323,2090382.4235077323,2021,10,recovery,True
fixed_12m_2021,fixed_origin_12m_ex_ante,theta,2021-11-01,11,2466682.0,1282231.145549365,-5451022.6099962955,8015484.901095026,-1184450.854450635,1184450.854450635,2021,11,recovery,True
fixed_12m_2021,fixed_origin_12m_ex_ante,theta,2021-12-01,12,2176634.0,980007.8103379484,-6057532.183840828,8017547.804516725,-1196626.1896620516,1196626.1896620516,2021,12,recovery,True
fixed_12m_2021,fixed_origin_12m_ex_ante,sarima_111_111_12,2021-01-01,1,829932.0,1266706.62004234,564660.9364427261,1968752.3036419537,436774.6200423399,436774.6200423399,2021,1,recovery,True
fixed_12m_2021,fixed_origin_12m_ex_ante,sarima_111_111_12,2021-02-01,2,727126.0,1063773.6953536056,-166314.96031706245,2293862.351024274,336647.69535360555,336647.69535360555,2021,2,recovery,True
fixed_12m_2021,fixed_origin_12m_ex_ante,sarima_111_111_12,2021-03-01,3,1043411.0,755653.699551268,-943774.9964645868,2455082.395567123,-287757.300448732,287757.300448732,2021,3,recovery,True
fixed_12m_2021,fixed_origin_12m_ex_ante,sarima_111_111_12,2021-04-01,4,1179562.0,721632.7261951704,-1421630.5910349963,2864896.0434253374,-457929.2738048296,457929.2738048296,2021,4,recovery,False
fixed_12m_2021,fixed_origin_12m_ex_ante,sarima_111_111_12,2021-05-01,5,1025559.0,1055209.809744842,-1467944.2641765652,3578363.883666249,29650.809744841885,29650.809744841885,2021,5,recovery,False
fixed_12m_2021,fixed_origin_12m_ex_ante,sarima_111_111_12,2021-06-01,6,1861089.0,1325899.1453355046,-1512193.9736484087,4163992.264319418,-535189.8546644954,535189.8546644954,2021,6,recovery,False
fixed_12m_2021,fixed_origin_12m_ex_ante,sarima_111_111_12,2021-07-01,7,3735532.0,2324221.9877625136,-794777.6564645926,5443221.63198962,-1411310.0122374864,1411310.0122374864,2021,7,recovery,True
fixed_12m_2021,fixed_origin_12m_ex_ante,sarima_111_111_12,2021-08-01,8,5499057.0,3818774.378287731,421486.7154385345,7216062.041136928,-1680282.6217122688,1680282.6217122688,2021,8,recovery,True
fixed_12m_2021,fixed_origin_12m_ex_ante,sarima_111_111_12,2021-09-01,9,4406083.0,3819844.089708158,164106.64546128176,7475581.533955034,-586238.9102918422,586238.9102918422,2021,9,recovery,True
fixed_12m_2021,fixed_origin_12m_ex_ante,sarima_111_111_12,2021-10-01,10,4406796.0,3319107.699326958,-578617.7158537,7216833.114507616,-1087688.300673042,1087688.300673042,2021,10,recovery,True
fixed_12m_2021,fixed_origin_12m_ex_ante,sarima_111_111_12,2021-11-01,11,2466682.0,2019525.381837571,-2106337.9393782774,6145388.7030534195,-447156.61816242896,447156.61816242896,2021,11,recovery,True
fixed_12m_2021,fixed_origin_12m_ex_ante,sarima_111_111_12,2021-12-01,12,2176634.0,1775252.6710652239,-2566938.6112140254,6117443.953344474,-401381.32893477613,401381.32893477613,2021,12,recovery,True
fixed_12m_2021,fixed_origin_12m_ex_ante,dynamic_harmonic_arima_k2,2021-01-01,1,829932.0,695226.2725881834,-171652.4403269122,1562104.9855032791,-134705.7274118166,134705.7274118166,2021,1,recovery,True
fixed_12m_2021,fixed_origin_12m_ex_ante,dynamic_harmonic_arima_k2,2021-02-01,2,727126.0,926853.2398531736,-212309.38697258,2066015.866678927,199727.2398531736,199727.2398531736,2021,2,recovery,True
fixed_12m_2021,fixed_origin_12m_ex_ante,dynamic_harmonic_arima_k2,2021-03-01,3,1043411.0,1218969.4013756518,-157064.6872638031,2595003.4900151067,175558.40137565183,175558.40137565183,2021,3,recovery,True
fixed_12m_2021,fixed_origin_12m_ex_ante,dynamic_harmonic_arima_k2,2021-04-01,4,1179562.0,1587281.093105623,13647.83856858639,3160914.3476426597,407719.09310562303,407719.09310562303,2021,4,recovery,False
fixed_12m_2021,fixed_origin_12m_ex_ante,dynamic_harmonic_arima_k2,2021-05-01,5,1025559.0,2251796.874171838,501803.28910503024,4001790.459238646,1226237.8741718382,1226237.8741718382,2021,5,recovery,False
fixed_12m_2021,fixed_origin_12m_ex_ante,dynamic_harmonic_arima_k2,2021-06-01,6,1861089.0,3305324.5900106747,1395407.1655880073,5215242.014433342,1444235.5900106747,1444235.5900106747,2021,6,recovery,False
fixed_12m_2021,fixed_origin_12m_ex_ante,dynamic_harmonic_arima_k2,2021-07-01,7,3735532.0,4412530.868876776,2355030.102040085,6470031.635713466,676998.8688767757,676998.8688767757,2021,7,recovery,True
fixed_12m_2021,fixed_origin_12m_ex_ante,dynamic_harmonic_arima_k2,2021-08-01,8,5499057.0,4960806.708243845,2765635.1123527978,7155978.304134892,-538250.291756155,538250.291756155,2021,8,recovery,True
fixed_12m_2021,fixed_origin_12m_ex_ante,dynamic_harmonic_arima_k2,2021-09-01,9,4406083.0,4544938.587911082,2220231.8077051383,6869645.368117027,138855.58791108243,138855.58791108243,2021,9,recovery,True
fixed_12m_2021,fixed_origin_12m_ex_ante,dynamic_harmonic_arima_k2,2021-10-01,10,4406796.0,3339445.807865658,892051.0277364156,5786840.5879949,-1067350.1921343422,1067350.1921343422,2021,10,recovery,True
fixed_12m_2021,fixed_origin_12m_ex_ante,dynamic_harmonic_arima_k2,2021-11-01,11,2466682.0,1993964.8333306508,-570254.6874673576,4558184.354128659,-472717.1666693492,472717.1666693492,2021,11,recovery,True
fixed_12m_2021,fixed_origin_12m_ex_ante,dynamic_harmonic_arima_k2,2021-12-01,12,2176634.0,1137845.6932393124,-1538103.1196675168,3813794.5061461413,-1038788.3067606876,1038788.3067606876,2021,12,recovery,True
fixed_12m_2022,fixed_origin_12m_ex_ante,naive_last,2022-01-01,1,2158066.0,2176634.0,359327.7230675793,3993940.2769324207,18568.0,18568.0,2022,1,recovery,True
fixed_12m_2022,fixed_origin_12m_ex_ante,naive_last,2022-02-01,2,1851394.0,2176634.0,-393425.18382358504,4746693.1838235855,325240.0,325240.0,2022,2,recovery,True
fixed_12m_2022,fixed_origin_12m_ex_ante,naive_last,2022-03-01,3,2442196.0,2176634.0,-971032.8045607889,5324300.804560789,-265562.0,265562.0,2022,3,recovery,True
fixed_12m_2022,fixed_origin_12m_ex_ante,naive_last,2022-04-01,4,2921440.0,2176634.0,-1457978.5538648413,5811246.553864841,-744806.0,744806.0,2022,4,recovery,True
fixed_12m_2022,fixed_origin_12m_ex_ante,naive_last,2022-05-01,5,4078425.0,2176634.0,-1886986.3711579507,6240254.371157951,-1901791.0,1901791.0,2022,5,recovery,True
fixed_12m_2022,fixed_origin_12m_ex_ante,naive_last,2022-06-01,6,4939265.0,2176634.0,-2274839.0848414497,6628107.08484145,-2762631.0,2762631.0,2022,6,recovery,True
fixed_12m_2022,fixed_origin_12m_ex_ante,naive_last,2022-07-01,7,6359123.0,2176634.0,-2631506.4647998624,6984774.464799862,-4182489.0,4182489.0,2022,7,recovery,True
fixed_12m_2022,fixed_origin_12m_ex_ante,naive_last,2022-08-01,8,7992422.0,2176634.0,-2963484.36764717,7316752.36764717,-5815788.0,5815788.0,2022,8,recovery,True
fixed_12m_2022,fixed_origin_12m_ex_ante,naive_last,2022-09-01,9,6648582.0,2176634.0,-3275284.8307972625,7628552.8307972625,-4471948.0,4471948.0,2022,9,recovery,True
fixed_12m_2022,fixed_origin_12m_ex_ante,naive_last,2022-10-01,10,5919814.0,2176634.0,-3570193.0412271647,7923461.041227165,-3743180.0,3743180.0,2022,10,recovery,True
fixed_12m_2022,fixed_origin_12m_ex_ante,naive_last,2022-11-01,11,3438085.0,2176634.0,-3850689.049742542,8203957.049742542,-1261451.0,1261451.0,2022,11,recovery,True
fixed_12m_2022,fixed_origin_12m_ex_ante,naive_last,2022-12-01,12,2620212.0,2176634.0,-4118699.609121578,8471967.609121578,-443578.0,443578.0,2022,12,recovery,True
fixed_12m_2022,fixed_origin_12m_ex_ante,seasonal_naive,2022-01-01,1,2158066.0,829932.0,-1298958.9960664217,2958822.9960664217,-1328134.0,1328134.0,2022,1,recovery,True
fixed_12m_2022,fixed_origin_12m_ex_ante,seasonal_naive,2022-02-01,2,1851394.0,727126.0,-2283580.5194511013,3737832.5194511013,-1124268.0,1124268.0,2022,2,recovery,True
fixed_12m_2022,fixed_origin_12m_ex_ante,seasonal_naive,2022-03-01,3,2442196.0,1043411.0,-2643936.368962957,4730758.368962957,-1398785.0,1398785.0,2022,3,recovery,True
fixed_12m_2022,fixed_origin_12m_ex_ante,seasonal_naive,2022-04-01,4,2921440.0,1179562.0,-3078219.9921328435,5437343.9921328435,-1741878.0,1741878.0,2022,4,recovery,True
fixed_12m_2022,fixed_origin_12m_ex_ante,seasonal_naive,2022-05-01,5,4078425.0,1025559.0,-3734785.9838917563,5785903.983891756,-3052866.0,3052866.0,2022,5,recovery,True
fixed_12m_2022,fixed_origin_12m_ex_ante,seasonal_naive,2022-06-01,6,4939265.0,1861089.0,-3353607.658368163,7075785.658368163,-3078176.0,3078176.0,2022,6,recovery,True
fixed_12m_2022,fixed_origin_12m_ex_ante,seasonal_naive,2022-07-01,7,6359123.0,3735532.0,-1896984.143956338,9368048.143956337,-2623591.0,2623591.0,2022,7,recovery,True
fixed_12m_2022,fixed_origin_12m_ex_ante,seasonal_naive,2022-08-01,8,7992422.0,5499057.0,-522356.0389022026,11520470.038902203,-2493365.0,2493365.0,2022,8,recovery,True
fixed_12m_2022,fixed_origin_12m_ex_ante,seasonal_naive,2022-09-01,9,6648582.0,4406083.0,-1980589.9881992657,10792755.988199266,-2242499.0,2242499.0,2022,9,recovery,True
fixed_12m_2022,fixed_origin_12m_ex_ante,seasonal_naive,2022-10-01,10,5919814.0,4406796.0,-2325348.4377944553,11138940.437794454,-1513018.0,1513018.0,2022,10,recovery,True
fixed_12m_2022,fixed_origin_12m_ex_ante,seasonal_naive,2022-11-01,11,3438085.0,2466682.0,-4594050.653518294,9527414.653518293,-971403.0,971403.0,2022,11,recovery,True
fixed_12m_2022,fixed_origin_12m_ex_ante,seasonal_naive,2022-12-01,12,2620212.0,2176634.0,-5198060.737925914,9551328.737925913,-443578.0,443578.0,2022,12,recovery,True
fixed_12m_2022,fixed_origin_12m_ex_ante,drift,2022-01-01,1,2158066.0,2182755.3292682925,-984938.4256459828,5350449.084182568,24689.329268292524,24689.329268292524,2022,1,recovery,True
fixed_12m_2022,fixed_origin_12m_ex_ante,drift,2022-02-01,2,1851394.0,2188876.6585365855,-2290918.8111077384,6668672.12818091,337482.6585365855,337482.6585365855,2022,2,recovery,True
fixed_12m_2022,fixed_origin_12m_ex_ante,drift,2022-03-01,3,2442196.0,2194997.987804878,-3291608.538525282,7681604.5141350385,-247198.01219512196,247198.01219512196,2022,3,recovery,True
fixed_12m_2022,fixed_origin_12m_ex_ante,drift,2022-04-01,4,2921440.0,2201119.3170731706,-4134268.19275538,8536506.82690172,-720320.6829268294,720320.6829268294,2022,4,recovery,True
fixed_12m_2022,fixed_origin_12m_ex_ante,drift,2022-05-01,5,4078425.0,2207240.6463414636,-4875937.921548415,9290419.214231342,-1871184.3536585364,1871184.3536585364,2022,5,recovery,True
fixed_12m_2022,fixed_origin_12m_ex_ante,drift,2022-06-01,6,4939265.0,2213361.975609756,-5545871.3853310915,9972595.336550605,-2725903.024390244,2725903.024390244,2022,6,recovery,True
fixed_12m_2022,fixed_origin_12m_ex_ante,drift,2022-07-01,7,6359123.0,2219483.3048780486,-6161446.600237512,10600413.209993608,-4139639.6951219514,4139639.6951219514,2022,7,recovery,True
fixed_12m_2022,fixed_origin_12m_ex_ante,drift,2022-08-01,8,7992422.0,2225604.6341463416,-6733986.305142306,11185195.57343499,-5766817.365853658,5766817.365853658,2022,8,recovery,True
fixed_12m_2022,fixed_origin_12m_ex_ante,drift,2022-09-01,9,6648582.0,2231725.963414634,-7271355.3013281915,11734807.228157459,-4416856.036585366,4416856.036585366,2022,9,recovery,True
fixed_12m_2022,fixed_origin_12m_ex_ante,drift,2022-10-01,10,5919814.0,2237847.2926829266,-7779279.902737375,12254974.48810323,-3681966.7073170734,3681966.7073170734,2022,10,recovery,True
fixed_12m_2022,fixed_origin_12m_ex_ante,drift,2022-11-01,11,3438085.0,2243968.6219512196,-8262083.013851448,12750020.257753886,-1194116.3780487804,1194116.3780487804,2022,11,recovery,True
fixed_12m_2022,fixed_origin_12m_ex_ante,drift,2022-12-01,12,2620212.0,2250089.951219512,-8723123.101440808,13223303.003879832,-370122.04878048785,370122.04878048785,2022,12,recovery,True
fixed_12m_2022,fixed_origin_12m_ex_ante,same_month_historical_mean,2022-01-01,1,2158066.0,1561295.857142857,20209.602968611056,3102382.111317103,-596770.142857143,596770.142857143,2022,1,recovery,True
fixed_12m_2022,fixed_origin_12m_ex_ante,same_month_historical_mean,2022-02-01,2,1851394.0,1406618.2857142857,-134467.9684599603,2947704.539888532,-444775.7142857143,444775.7142857143,2022,2,recovery,True
fixed_12m_2022,fixed_origin_12m_ex_ante,same_month_historical_mean,2022-03-01,3,2442196.0,1737441.2857142857,196355.0315400397,3278527.539888532,-704754.7142857143,704754.7142857143,2022,3,recovery,True
fixed_12m_2022,fixed_origin_12m_ex_ante,same_month_historical_mean,2022-04-01,4,2921440.0,2242488.6923076925,701402.4381334465,3783574.9464819385,-678951.3076923075,678951.3076923075,2022,4,recovery,True
fixed_12m_2022,fixed_origin_12m_ex_ante,same_month_historical_mean,2022-05-01,5,4078425.0,3159686.3846153845,1618600.1304411385,4700772.6387896305,-918738.6153846155,918738.6153846155,2022,5,recovery,True
fixed_12m_2022,fixed_origin_12m_ex_ante,same_month_historical_mean,2022-06-01,6,4939265.0,3724026.923076923,2182940.668902677,5265113.177251169,-1215238.076923077,1215238.076923077,2022,6,recovery,True
fixed_12m_2022,fixed_origin_12m_ex_ante,same_month_historical_mean,2022-07-01,7,6359123.0,4513543.285714285,2972457.0315400395,6054629.539888531,-1845579.7142857146,1845579.7142857146,2022,7,recovery,True
fixed_12m_2022,fixed_origin_12m_ex_ante,same_month_historical_mean,2022-08-01,8,7992422.0,5686224.5,4145138.245825754,7227310.7541742455,-2306197.5,2306197.5,2022,8,recovery,True
fixed_12m_2022,fixed_origin_12m_ex_ante,same_month_historical_mean,2022-09-01,9,6648582.0,4827299.071428572,3286212.817254326,6368385.325602818,-1821282.9285714282,1821282.9285714282,2022,9,recovery,True
fixed_12m_2022,fixed_origin_12m_ex_ante,same_month_historical_mean,2022-10-01,10,5919814.0,3909666.5714285714,2368580.3172543254,5450752.825602817,-2010147.4285714286,2010147.4285714286,2022,10,recovery,True
fixed_12m_2022,fixed_origin_12m_ex_ante,same_month_historical_mean,2022-11-01,11,3438085.0,2164259.785714286,623173.5315400399,3705346.039888532,-1273825.214285714,1273825.214285714,2022,11,recovery,True
fixed_12m_2022,fixed_origin_12m_ex_ante,same_month_historical_mean,2022-12-01,12,2620212.0,1683418.5714285714,142332.31725432537,3224504.8256028173,-936793.4285714286,936793.4285714286,2022,12,recovery,True
fixed_12m_2022,fixed_origin_12m_ex_ante,seasonal_moving_average_3,2022-01-01,1,2158066.0,1861881.0,-45794.63047663774,3769556.6304766377,-296185.0,296185.0,2022,1,recovery,True
fixed_12m_2022,fixed_origin_12m_ex_ante,seasonal_moving_average_3,2022-02-01,2,1851394.0,1574668.6666666667,-333006.963809971,3482344.2971433047,-276725.33333333326,276725.33333333326,2022,2,recovery,True
fixed_12m_2022,fixed_origin_12m_ex_ante,seasonal_moving_average_3,2022-03-01,3,2442196.0,1524875.3333333333,-382800.2971433045,3432550.9638099708,-917320.6666666667,917320.6666666667,2022,3,recovery,True
fixed_12m_2022,fixed_origin_12m_ex_ante,seasonal_moving_average_3,2022-04-01,4,2921440.0,2438795.6666666665,531120.0361900288,4346471.297143305,-482644.3333333335,482644.3333333335,2022,4,recovery,True
fixed_12m_2022,fixed_origin_12m_ex_ante,seasonal_moving_average_3,2022-05-01,5,4078425.0,3011973.3333333335,1104297.7028566957,4919648.963809971,-1066451.6666666665,1066451.6666666665,2022,5,recovery,True
fixed_12m_2022,fixed_origin_12m_ex_ante,seasonal_moving_average_3,2022-06-01,6,4939265.0,3848078.6666666665,1940403.0361900288,5755754.297143305,-1091186.3333333335,1091186.3333333335,2022,6,recovery,True
fixed_12m_2022,fixed_origin_12m_ex_ante,seasonal_moving_average_3,2022-07-01,7,6359123.0,3738540.0,1830864.3695233623,5646215.630476638,-2620583.0,2620583.0,2022,7,recovery,True
fixed_12m_2022,fixed_origin_12m_ex_ante,seasonal_moving_average_3,2022-08-01,8,7992422.0,5286374.666666667,3378699.0361900292,7194050.297143305,-2706047.333333333,2706047.333333333,2022,8,recovery,True
fixed_12m_2022,fixed_origin_12m_ex_ante,seasonal_moving_average_3,2022-09-01,9,6648582.0,4594015.666666667,2686340.0361900292,6501691.297143305,-2054566.333333333,2054566.333333333,2022,9,recovery,True
fixed_12m_2022,fixed_origin_12m_ex_ante,seasonal_moving_average_3,2022-10-01,10,5919814.0,4066471.3333333335,2158795.7028566957,5974146.963809971,-1853342.6666666665,1853342.6666666665,2022,10,recovery,True
fixed_12m_2022,fixed_origin_12m_ex_ante,seasonal_moving_average_3,2022-11-01,11,3438085.0,2244985.3333333335,337309.70285669575,4152660.963809971,-1193099.6666666665,1193099.6666666665,2022,11,recovery,True
fixed_12m_2022,fixed_origin_12m_ex_ante,seasonal_moving_average_3,2022-12-01,12,2620212.0,1846593.0,-61082.63047663774,3754268.6304766377,-773619.0,773619.0,2022,12,recovery,True
fixed_12m_2022,fixed_origin_12m_ex_ante,ets_holt_winters,2022-01-01,1,2158066.0,2091228.6838009376,1218549.8217012156,2963907.5459006596,-66837.31619906239,66837.31619906239,2022,1,recovery,True
fixed_12m_2022,fixed_origin_12m_ex_ante,ets_holt_winters,2022-02-01,2,1851394.0,1897359.3580046066,663205.0756268597,3131513.640382353,45965.35800460656,45965.35800460656,2022,2,recovery,True
fixed_12m_2022,fixed_origin_12m_ex_ante,ets_holt_winters,2022-03-01,3,2442196.0,2288279.9818972796,776755.8540491674,3799804.1097453916,-153916.01810272038,153916.01810272038,2022,3,recovery,True
fixed_12m_2022,fixed_origin_12m_ex_ante,ets_holt_winters,2022-04-01,4,2921440.0,2757247.076754773,1011889.352555329,4502604.800954217,-164192.92324522696,164192.92324522696,2022,4,recovery,True
fixed_12m_2022,fixed_origin_12m_ex_ante,ets_holt_winters,2022-05-01,5,4078425.0,3709542.5661940686,1758173.3080119253,5660911.824376212,-368882.43380593136,368882.43380593136,2022,5,recovery,True
fixed_12m_2022,fixed_origin_12m_ex_ante,ets_holt_winters,2022-06-01,6,4939265.0,4309101.576611777,2171483.655154812,6446719.4980687415,-630163.4233882232,630163.4233882232,2022,6,recovery,True
fixed_12m_2022,fixed_origin_12m_ex_ante,ets_holt_winters,2022-07-01,7,6359123.0,5087053.217771374,2778161.974232679,7395944.461310068,-1272069.7822286263,1272069.7822286263,2022,7,recovery,True
fixed_12m_2022,fixed_origin_12m_ex_ante,ets_holt_winters,2022-08-01,8,7992422.0,6227828.2638232745,3759519.6990677807,8696136.828578768,-1764593.7361767255,1764593.7361767255,2022,8,recovery,True
fixed_12m_2022,fixed_origin_12m_ex_ante,ets_holt_winters,2022-09-01,9,6648582.0,5279705.135433571,2661668.5491344053,7897741.7217327375,-1368876.8645664286,1368876.8645664286,2022,9,recovery,True
fixed_12m_2022,fixed_origin_12m_ex_ante,ets_holt_winters,2022-10-01,10,5919814.0,4306248.836210021,1546595.9660909078,7065901.706329133,-1613565.1637899792,1613565.1637899792,2022,10,recovery,True
fixed_12m_2022,fixed_origin_12m_ex_ante,ets_holt_winters,2022-11-01,11,3438085.0,2616191.2499839775,-278157.0980751021,5510539.598043057,-821893.7500160225,821893.7500160225,2022,11,recovery,True
fixed_12m_2022,fixed_origin_12m_ex_ante,ets_holt_winters,2022-12-01,12,2620212.0,2166683.753829749,-856364.5018664757,5189732.009525973,-453528.24617025116,453528.24617025116,2022,12,recovery,True
fixed_12m_2022,fixed_origin_12m_ex_ante,theta,2022-01-01,1,2158066.0,2007700.7969020049,281412.2831300532,3733989.3106739568,-150365.20309799514,150365.20309799514,2022,1,recovery,True
fixed_12m_2022,fixed_origin_12m_ex_ante,theta,2022-02-01,2,1851394.0,1808840.8001435527,-670459.2672060544,4288140.86749316,-42553.19985644729,42553.19985644729,2022,2,recovery,True
fixed_12m_2022,fixed_origin_12m_ex_ante,theta,2022-03-01,3,2442196.0,2220877.7073080284,-830971.8327477318,5272727.247363789,-221318.29269197164,221318.29269197164,2022,3,recovery,True
fixed_12m_2022,fixed_origin_12m_ex_ante,theta,2022-04-01,4,2921440.0,2888072.828705717,-644722.4393953579,6420868.096806792,-33367.17129428312,33367.17129428312,2022,4,recovery,True
fixed_12m_2022,fixed_origin_12m_ex_ante,theta,2022-05-01,5,4078425.0,3964466.967534608,8774.967707506381,7920158.96736171,-113958.03246539179,113958.03246539179,2022,5,recovery,True
fixed_12m_2022,fixed_origin_12m_ex_ante,theta,2022-06-01,6,4939265.0,4769730.198319771,432178.35555466916,9107282.041084874,-169534.80168022867,169534.80168022867,2022,6,recovery,True
fixed_12m_2022,fixed_origin_12m_ex_ante,theta,2022-07-01,7,6359123.0,5654025.205280101,965612.5976000009,10342437.8129602,-705097.7947198991,705097.7947198991,2022,7,recovery,True
fixed_12m_2022,fixed_origin_12m_ex_ante,theta,2022-08-01,8,7992422.0,7129267.567392034,2114482.4701986853,12144052.664585384,-863154.4326079655,863154.4326079655,2022,8,recovery,True
fixed_12m_2022,fixed_origin_12m_ex_ante,theta,2022-09-01,9,6648582.0,6130122.705079804,808945.5456336634,11451299.864525944,-518459.2949201958,518459.2949201958,2022,9,recovery,True
fixed_12m_2022,fixed_origin_12m_ex_ante,theta,2022-10-01,10,5919814.0,4922880.445207384,-687982.5145689547,10533743.404983724,-996933.5547926156,996933.5547926156,2022,10,recovery,True
fixed_12m_2022,fixed_origin_12m_ex_ante,theta,2022-11-01,11,3438085.0,2735265.303032233,-3151044.2322002533,8621574.838264719,-702819.6969677671,702819.6969677671,2022,11,recovery,True
fixed_12m_2022,fixed_origin_12m_ex_ante,theta,2022-12-01,12,2620212.0,2111107.6197582916,-4038322.9828054677,8260538.2223220505,-509104.38024170836,509104.38024170836,2022,12,recovery,True
fixed_12m_2022,fixed_origin_12m_ex_ante,sarima_111_111_12,2022-01-01,1,2158066.0,2205390.2796206977,1422483.0061868238,2988297.5530545716,47324.27962069772,47324.27962069772,2022,1,recovery,True
fixed_12m_2022,fixed_origin_12m_ex_ante,sarima_111_111_12,2022-02-01,2,1851394.0,2071695.695606191,764193.5689844533,3379197.822227929,220301.69560619094,220301.69560619094,2022,2,recovery,True
fixed_12m_2022,fixed_origin_12m_ex_ante,sarima_111_111_12,2022-03-01,3,2442196.0,2264847.070284364,505194.15217739926,4024499.9883913286,-177348.9297156362,177348.9297156362,2022,3,recovery,True
fixed_12m_2022,fixed_origin_12m_ex_ante,sarima_111_111_12,2022-04-01,4,2921440.0,2475327.909438625,318825.38326001493,4631830.435617235,-446112.090561375,446112.090561375,2022,4,recovery,True
fixed_12m_2022,fixed_origin_12m_ex_ante,sarima_111_111_12,2022-05-01,5,4078425.0,2670315.1438970417,164483.31363536324,5176146.97415872,-1408109.8561029583,1408109.8561029583,2022,5,recovery,True
fixed_12m_2022,fixed_origin_12m_ex_ante,sarima_111_111_12,2022-06-01,6,4939265.0,3369951.158024774,552909.37481404,6186992.941235508,-1569313.841975226,1569313.841975226,2022,6,recovery,True
fixed_12m_2022,fixed_origin_12m_ex_ante,sarima_111_111_12,2022-07-01,7,6359123.0,4955574.037164015,1856073.3846326447,8055074.689695384,-1403548.9628359852,1403548.9628359852,2022,7,recovery,True
fixed_12m_2022,fixed_origin_12m_ex_ante,sarima_111_111_12,2022-08-01,8,7992422.0,6604399.4051665915,3242918.681989045,9965880.128344137,-1388022.5948334085,1388022.5948334085,2022,8,recovery,True
fixed_12m_2022,fixed_origin_12m_ex_ante,sarima_111_111_12,2022-09-01,9,6648582.0,5872286.671396343,2267136.245961563,9477437.096831122,-776295.328603657,776295.328603657,2022,9,recovery,True
fixed_12m_2022,fixed_origin_12m_ex_ante,sarima_111_111_12,2022-10-01,10,5919814.0,5519682.7732047625,1686004.1582014328,9353361.388208091,-400131.2267952375,400131.2267952375,2022,10,recovery,True
fixed_12m_2022,fixed_origin_12m_ex_ante,sarima_111_111_12,2022-11-01,11,3438085.0,3786800.0275969836,-262677.8921933421,7836277.94738731,348715.0275969836,348715.0275969836,2022,11,recovery,True
fixed_12m_2022,fixed_origin_12m_ex_ante,sarima_111_111_12,2022-12-01,12,2620212.0,3514860.0742582227,-739554.3770947321,7769274.525611177,894648.0742582227,894648.0742582227,2022,12,recovery,True
fixed_12m_2022,fixed_origin_12m_ex_ante,dynamic_harmonic_arima_k2,2022-01-01,1,2158066.0,1869540.258452268,960596.7041737643,2778483.812730772,-288525.7415477319,288525.7415477319,2022,1,recovery,True
fixed_12m_2022,fixed_origin_12m_ex_ante,dynamic_harmonic_arima_k2,2022-02-01,2,1851394.0,2143283.662459745,955873.6445285843,3330693.6803909056,291889.6624597451,291889.6624597451,2022,2,recovery,True
fixed_12m_2022,fixed_origin_12m_ex_ante,dynamic_harmonic_arima_k2,2022-03-01,3,2442196.0,2396238.550564719,949397.5752579351,3843079.5258715027,-45957.4494352811,45957.4494352811,2022,3,recovery,True
fixed_12m_2022,fixed_origin_12m_ex_ante,dynamic_harmonic_arima_k2,2022-04-01,4,2921440.0,2734352.4845876344,1081259.2567702474,4387445.712405021,-187087.51541236555,187087.51541236555,2022,4,recovery,True
fixed_12m_2022,fixed_origin_12m_ex_ante,dynamic_harmonic_arima_k2,2022-05-01,5,4078425.0,3361640.418346336,1520189.0675286262,5203091.769164046,-716784.5816536639,716784.5816536639,2022,5,recovery,True
fixed_12m_2022,fixed_origin_12m_ex_ante,dynamic_harmonic_arima_k2,2022-06-01,6,4939265.0,4417088.459302836,2406868.744749937,6427308.173855735,-522176.5406971639,522176.5406971639,2022,6,recovery,True
fixed_12m_2022,fixed_origin_12m_ex_ante,dynamic_harmonic_arima_k2,2022-07-01,7,6359123.0,5559927.809782484,3393235.432206246,7726620.187358721,-799195.1902175164,799195.1902175164,2022,7,recovery,True
fixed_12m_2022,fixed_origin_12m_ex_ante,dynamic_harmonic_arima_k2,2022-08-01,8,7992422.0,6159415.270606547,3847143.611090674,8471686.93012242,-1833006.7293934533,1833006.7293934533,2022,8,recovery,True
fixed_12m_2022,fixed_origin_12m_ex_ante,dynamic_harmonic_arima_k2,2022-09-01,9,6648582.0,5780916.841969315,3331568.9681140934,8230264.715824537,-867665.158030685,867665.158030685,2022,9,recovery,True
fixed_12m_2022,fixed_origin_12m_ex_ante,dynamic_harmonic_arima_k2,2022-10-01,10,5919814.0,4589655.5504605565,2010561.8622684903,7168749.238652622,-1330158.4495394435,1330158.4495394435,2022,10,recovery,True
fixed_12m_2022,fixed_origin_12m_ex_ante,dynamic_harmonic_arima_k2,2022-11-01,11,3438085.0,3246960.058534286,544319.326654987,5949600.790413585,-191124.94146571402,191124.94146571402,2022,11,recovery,True
fixed_12m_2022,fixed_origin_12m_ex_ante,dynamic_harmonic_arima_k2,2022-12-01,12,2620212.0,2399129.716272706,-421642.5609457721,5219901.993491184,-221082.28372729383,221082.28372729383,2022,12,recovery,True
fixed_12m_2023,fixed_origin_12m_ex_ante,naive_last,2023-01-01,1,3077654.0,2620212.0,765372.1779014419,4475051.822098558,-457442.0,457442.0,2023,1,normalization,True
fixed_12m_2023,fixed_origin_12m_ex_ante,naive_last,2023-02-01,2,2314917.0,2620212.0,-2927.6324414797127,5243351.63244148,305295.0,305295.0,2023,2,normalization,True
fixed_12m_2023,fixed_origin_12m_ex_ante,naive_last,2023-03-01,3,2788995.0,2620212.0,-592464.81177672,5832888.81177672,-168783.0,168783.0,2023,3,normalization,True
fixed_12m_2023,fixed_origin_12m_ex_ante,naive_last,2023-04-01,4,3541271.0,2620212.0,-1089467.6441971161,6329891.644197116,-921059.0,921059.0,2023,4,normalization,True
fixed_12m_2023,fixed_origin_12m_ex_ante,naive_last,2023-05-01,5,4584458.0,2620212.0,-1527335.9295859928,6767759.929585993,-1964246.0,1964246.0,2023,5,normalization,True
fixed_12m_2023,fixed_origin_12m_ex_ante,naive_last,2023-06-01,6,5869766.0,2620212.0,-1923199.1187361926,7163623.118736193,-3249554.0,3249554.0,2023,6,normalization,True
fixed_12m_2023,fixed_origin_12m_ex_ante,naive_last,2023-07-01,7,6926346.0,2620212.0,-2287232.8911320725,7527656.891132073,-4306134.0,4306134.0,2023,7,normalization,True
fixed_12m_2023,fixed_origin_12m_ex_ante,naive_last,2023-08-01,8,8488026.0,2620212.0,-2626067.2648829594,7866491.264882959,-5867814.0,5867814.0,2023,8,normalization,True
fixed_12m_2023,fixed_origin_12m_ex_ante,naive_last,2023-09-01,9,7013861.0,2620212.0,-2944307.4662956744,8184731.466295674,-4393649.0,4393649.0,2023,9,normalization,True
fixed_12m_2023,fixed_origin_12m_ex_ante,naive_last,2023-10-01,10,6151397.0,2620212.0,-3245306.5326129617,8485730.53261296,-3531185.0,3531185.0,2023,10,normalization,True
fixed_12m_2023,fixed_origin_12m_ex_ante,naive_last,2023-11-01,11,3520467.0,2620212.0,-3531595.736110477,8772019.736110477,-900255.0,900255.0,2023,11,normalization,True
fixed_12m_2023,fixed_origin_12m_ex_ante,naive_last,2023-12-01,12,2800281.0,2620212.0,-3805141.62355344,9045565.62355344,-180069.0,180069.0,2023,12,normalization,True
fixed_12m_2023,fixed_origin_12m_ex_ante,seasonal_naive,2023-01-01,1,3077654.0,2158066.0,-129269.29836737132,4445401.298367372,-919588.0,919588.0,2023,1,normalization,True
fixed_12m_2023,fixed_origin_12m_ex_ante,seasonal_naive,2023-02-01,2,2314917.0,1851394.0,-1383386.6006458467,5086174.600645847,-463523.0,463523.0,2023,2,normalization,True
fixed_12m_2023,fixed_origin_12m_ex_ante,seasonal_naive,2023-03-01,3,2788995.0,2442196.0,-1519584.9507180043,6403976.950718004,-346799.0,346799.0,2023,3,normalization,True
fixed_12m_2023,fixed_origin_12m_ex_ante,seasonal_naive,2023-04-01,4,3541271.0,2921440.0,-1653230.5967347426,7496110.596734743,-619831.0,619831.0,2023,4,normalization,True
fixed_12m_2023,fixed_origin_12m_ex_ante,seasonal_naive,2023-05-01,5,4584458.0,4078425.0,-1036212.2144842064,9193062.214484207,-506033.0,506033.0,2023,5,normalization,True
fixed_12m_2023,fixed_origin_12m_ex_ante,seasonal_naive,2023-06-01,6,5869766.0,4939265.0,-663539.3516567759,10542069.351656776,-930501.0,930501.0,2023,6,normalization,True
fixed_12m_2023,fixed_origin_12m_ex_ante,seasonal_naive,2023-07-01,7,6926346.0,6359123.0,307402.63550021034,12410843.364499789,-567223.0,567223.0,2023,7,normalization,True
fixed_12m_2023,fixed_origin_12m_ex_ante,seasonal_naive,2023-08-01,8,8488026.0,7992422.0,1522860.7987083066,14461983.201291693,-495604.0,495604.0,2023,8,normalization,True
fixed_12m_2023,fixed_origin_12m_ex_ante,seasonal_naive,2023-09-01,9,7013861.0,6648582.0,-213423.89510211349,13510587.895102113,-365279.0,365279.0,2023,9,normalization,True
fixed_12m_2023,fixed_origin_12m_ex_ante,seasonal_naive,2023-10-01,10,6151397.0,5919814.0,-1313375.315341713,13153003.315341713,-231583.0,231583.0,2023,10,normalization,True
fixed_12m_2023,fixed_origin_12m_ex_ante,seasonal_naive,2023-11-01,11,3520467.0,3438085.0,-4148147.9544201884,11024317.954420188,-82382.0,82382.0,2023,11,normalization,True
fixed_12m_2023,fixed_origin_12m_ex_ante,seasonal_naive,2023-12-01,12,2800281.0,2620212.0,-5303349.9014360085,10543773.901436009,-180069.0,180069.0,2023,12,normalization,True
fixed_12m_2023,fixed_origin_12m_ex_ante,drift,2023-01-01,1,3077654.0,2628436.2954545454,-619123.2628493593,5875995.853758451,-449217.7045454546,449217.7045454546,2023,1,normalization,True
fixed_12m_2023,fixed_origin_12m_ex_ante,drift,2023-02-01,2,2314917.0,2636660.590909091,-1956082.1810586695,7229403.362876851,321743.5909090908,321743.5909090908,2023,2,normalization,True
fixed_12m_2023,fixed_origin_12m_ex_ante,drift,2023-03-01,3,2788995.0,2644884.8863636362,-2980053.2692246684,8269823.041951941,-144110.11363636376,144110.11363636376,2023,3,normalization,True
fixed_12m_2023,fixed_origin_12m_ex_ante,drift,2023-04-01,4,3541271.0,2653109.1818181816,-3842009.934789628,9148228.298425991,-888161.8181818184,888161.8181818184,2023,4,normalization,True
fixed_12m_2023,fixed_origin_12m_ex_ante,drift,2023-05-01,5,4584458.0,2661333.477272727,-4600430.456073996,9923097.41061945,-1923124.522727273,1923124.522727273,2023,5,normalization,True
fixed_12m_2023,fixed_origin_12m_ex_ante,drift,2023-06-01,6,5869766.0,2669557.772727273,-5285306.05441561,10624421.599870155,-3200208.227272727,3200208.227272727,2023,6,normalization,True
fixed_12m_2023,fixed_origin_12m_ex_ante,drift,2023-07-01,7,6926346.0,2677782.0681818184,-5914452.890961081,11270017.027324717,-4248563.931818182,4248563.931818182,2023,7,normalization,True
fixed_12m_2023,fixed_origin_12m_ex_ante,drift,2023-08-01,8,8488026.0,2686006.3636363638,-6499479.180299157,11871491.907571884,-5802019.636363637,5802019.636363637,2023,8,normalization,True
fixed_12m_2023,fixed_origin_12m_ex_ante,drift,2023-09-01,9,7013861.0,2694230.659090909,-7048448.015820806,12436909.334002625,-4319630.340909091,4319630.340909091,2023,9,normalization,True
fixed_12m_2023,fixed_origin_12m_ex_ante,drift,2023-10-01,10,6151397.0,2702454.9545454546,-7567230.086745273,12972139.995836183,-3448942.0454545454,3448942.0454545454,2023,10,normalization,True
fixed_12m_2023,fixed_origin_12m_ex_ante,drift,2023-11-01,11,3520467.0,2710679.25,-8060257.2892263625,13481615.789226362,-809787.75,809787.75,2023,11,normalization,True
fixed_12m_2023,fixed_origin_12m_ex_ante,drift,2023-12-01,12,2800281.0,2718903.5454545454,-8530972.765722064,13968779.856631154,-81377.45454545459,81377.45454545459,2023,12,normalization,True
fixed_12m_2023,fixed_origin_12m_ex_ante,same_month_historical_mean,2023-01-01,1,3077654.0,1601080.5333333334,-32736.356722023804,3234897.4233886907,-1476573.4666666666,1476573.4666666666,2023,1,normalization,True
fixed_12m_2023,fixed_origin_12m_ex_ante,same_month_historical_mean,2023-02-01,2,2314917.0,1436270.0,-197546.89005535725,3070086.8900553575,-878647.0,878647.0,2023,2,normalization,True
fixed_12m_2023,fixed_origin_12m_ex_ante,same_month_historical_mean,2023-03-01,3,2788995.0,1784424.9333333333,150608.0432779761,3418241.8233886906,-1004570.0666666667,1004570.0666666667,2023,3,normalization,True
fixed_12m_2023,fixed_origin_12m_ex_ante,same_month_historical_mean,2023-04-01,4,3541271.0,2290985.214285714,657168.3242303568,3924802.104341071,-1250285.785714286,1250285.785714286,2023,4,normalization,True
fixed_12m_2023,fixed_origin_12m_ex_ante,same_month_historical_mean,2023-05-01,5,4584458.0,3225310.5714285714,1591493.681373214,4859127.461483928,-1359147.4285714286,1359147.4285714286,2023,5,normalization,True
fixed_12m_2023,fixed_origin_12m_ex_ante,same_month_historical_mean,2023-06-01,6,5869766.0,3810829.6428571427,2177012.7528017852,5444646.5329125,-2058936.3571428573,2058936.3571428573,2023,6,normalization,True
fixed_12m_2023,fixed_origin_12m_ex_ante,same_month_historical_mean,2023-07-01,7,6926346.0,4636581.933333334,3002765.043277976,6270398.823388691,-2289764.0666666664,2289764.0666666664,2023,7,normalization,True
fixed_12m_2023,fixed_origin_12m_ex_ante,same_month_historical_mean,2023-08-01,8,8488026.0,5839971.0,4206154.1099446425,7473787.8900553575,-2648055.0,2648055.0,2023,8,normalization,True
fixed_12m_2023,fixed_origin_12m_ex_ante,same_month_historical_mean,2023-09-01,9,7013861.0,4948717.933333334,3314901.043277976,6582534.823388691,-2065143.0666666664,2065143.0666666664,2023,9,normalization,True
fixed_12m_2023,fixed_origin_12m_ex_ante,same_month_historical_mean,2023-10-01,10,6151397.0,4043676.4,2409859.509944643,5677493.290055357,-2107720.6,2107720.6,2023,10,normalization,True
fixed_12m_2023,fixed_origin_12m_ex_ante,same_month_historical_mean,2023-11-01,11,3520467.0,2249181.466666667,615364.5766113095,3882998.3567220243,-1271285.5333333332,1271285.5333333332,2023,11,normalization,True
fixed_12m_2023,fixed_origin_12m_ex_ante,same_month_historical_mean,2023-12-01,12,2800281.0,1745871.4666666666,112054.57661130931,3379688.356722024,-1054409.5333333334,1054409.5333333334,2023,12,normalization,True
fixed_12m_2023,fixed_origin_12m_ex_ante,seasonal_moving_average_3,2023-01-01,1,3077654.0,1839140.3333333333,-153146.00980867026,3831426.676475337,-1238513.6666666667,1238513.6666666667,2023,1,normalization,True
fixed_12m_2023,fixed_origin_12m_ex_ante,seasonal_moving_average_3,2023-02-01,2,2314917.0,1543481.0,-448805.3431420035,3535767.3431420038,-771436.0,771436.0,2023,2,normalization,True
fixed_12m_2023,fixed_origin_12m_ex_ante,seasonal_moving_average_3,2023-03-01,3,2788995.0,1514558.3333333333,-477728.00980867026,3506844.676475337,-1274436.6666666667,1274436.6666666667,2023,3,normalization,True
fixed_12m_2023,fixed_origin_12m_ex_ante,seasonal_moving_average_3,2023-04-01,4,3541271.0,2455752.6666666665,463466.323524663,4448039.00980867,-1085518.3333333335,1085518.3333333335,2023,4,normalization,True
fixed_12m_2023,fixed_origin_12m_ex_ante,seasonal_moving_average_3,2023-05-01,5,4584458.0,3107940.3333333335,1115653.99019133,5100226.676475337,-1476517.6666666665,1476517.6666666665,2023,5,normalization,True
fixed_12m_2023,fixed_origin_12m_ex_ante,seasonal_moving_average_3,2023-06-01,6,5869766.0,4025535.6666666665,2033249.323524663,6017822.00980867,-1844230.3333333335,1844230.3333333335,2023,6,normalization,True
fixed_12m_2023,fixed_origin_12m_ex_ante,seasonal_moving_average_3,2023-07-01,7,6926346.0,3623899.3333333335,1631612.99019133,5616185.676475337,-3302446.6666666665,3302446.6666666665,2023,7,normalization,True
fixed_12m_2023,fixed_origin_12m_ex_ante,seasonal_moving_average_3,2023-08-01,8,8488026.0,5228132.0,3235845.6568579962,7220418.343142004,-3259894.0,3259894.0,2023,8,normalization,True
fixed_12m_2023,fixed_origin_12m_ex_ante,seasonal_moving_average_3,2023-09-01,9,7013861.0,4562953.333333333,2570666.9901913293,6555239.676475337,-2450907.666666667,2450907.666666667,2023,9,normalization,True
fixed_12m_2023,fixed_origin_12m_ex_ante,seasonal_moving_average_3,2023-10-01,10,6151397.0,4227244.666666667,2234958.323524663,6219531.009808671,-1924152.333333333,1924152.333333333,2023,10,normalization,True
fixed_12m_2023,fixed_origin_12m_ex_ante,seasonal_moving_average_3,2023-11-01,11,3520467.0,2389174.6666666665,396888.323524663,4381461.00980867,-1131292.3333333335,1131292.3333333335,2023,11,normalization,True
fixed_12m_2023,fixed_origin_12m_ex_ante,seasonal_moving_average_3,2023-12-01,12,2800281.0,1920554.0,-71732.34314200352,3912840.3431420038,-879727.0,879727.0,2023,12,normalization,True
fixed_12m_2023,fixed_origin_12m_ex_ante,ets_holt_winters,2023-01-01,1,3077654.0,2609756.8382418724,1747576.5785078644,3471937.0979758804,-467897.1617581276,467897.1617581276,2023,1,normalization,True
fixed_12m_2023,fixed_origin_12m_ex_ante,ets_holt_winters,2023-02-01,2,2314917.0,2457697.2161679994,1238390.1996418075,3677004.2326941914,142780.21616799943,142780.21616799943,2023,2,normalization,True
fixed_12m_2023,fixed_origin_12m_ex_ante,ets_holt_winters,2023-03-01,3,2788995.0,2793606.1488188906,1300266.1336766575,4286946.163961124,4611.148818890564,4611.148818890564,2023,3,normalization,True
fixed_12m_2023,fixed_origin_12m_ex_ante,ets_holt_winters,2023-04-01,4,3541271.0,3300064.4457170395,1575703.9262490233,5024424.9651850555,-241206.55428296048,241206.55428296048,2023,4,normalization,True
fixed_12m_2023,fixed_origin_12m_ex_ante,ets_holt_winters,2023-05-01,5,4584458.0,4192091.392658809,2264197.7230351423,6119985.062282477,-392366.6073411908,392366.6073411908,2023,5,normalization,True
fixed_12m_2023,fixed_origin_12m_ex_ante,ets_holt_winters,2023-06-01,6,5869766.0,4826042.329167455,2714140.6265188665,6937944.031816045,-1043723.6708325446,1043723.6708325446,2023,6,normalization,True
fixed_12m_2023,fixed_origin_12m_ex_ante,ets_holt_winters,2023-07-01,7,6926346.0,5631253.714056537,3350139.1614912753,7912368.266621798,-1295092.2859434634,1295092.2859434634,2023,7,normalization,True
fixed_12m_2023,fixed_origin_12m_ex_ante,ets_holt_winters,2023-08-01,8,8488026.0,6772138.127052581,4333524.094000197,9210752.160104964,-1715887.872947419,1715887.872947419,2023,8,normalization,True
fixed_12m_2023,fixed_origin_12m_ex_ante,ets_holt_winters,2023-09-01,9,7013861.0,5803343.568851619,3216802.7896495946,8389884.348053643,-1210517.431148381,1210517.431148381,2023,9,normalization,True
fixed_12m_2023,fixed_origin_12m_ex_ante,ets_holt_winters,2023-10-01,10,6151397.0,4872271.9179471,2145818.5435520746,7598725.2923421245,-1279125.0820529005,1279125.0820529005,2023,10,normalization,True
fixed_12m_2023,fixed_origin_12m_ex_ante,ets_holt_winters,2023-11-01,11,3520467.0,3102414.428003908,242886.00481503922,5961942.851192777,-418052.57199609187,418052.57199609187,2023,11,normalization,True
fixed_12m_2023,fixed_origin_12m_ex_ante,ets_holt_winters,2023-12-01,12,2800281.0,2640602.8969095973,-346077.1333748689,5627282.927194064,-159678.10309040267,159678.10309040267,2023,12,normalization,True
fixed_12m_2023,fixed_origin_12m_ex_ante,theta,2023-01-01,1,3077654.0,2497210.5732355574,742757.2304097095,4251663.916061405,-580443.4267644426,580443.4267644426,2023,1,normalization,True
fixed_12m_2023,fixed_origin_12m_ex_ante,theta,2023-02-01,2,2314917.0,2231073.623416816,-286341.7442302569,4748488.991063889,-83843.37658318412,83843.37658318412,2023,2,normalization,True
fixed_12m_2023,fixed_origin_12m_ex_ante,theta,2023-03-01,3,2788995.0,2744036.322624281,-353810.3059838074,5841882.95123237,-44958.67737571895,44958.67737571895,2023,3,normalization,True
fixed_12m_2023,fixed_origin_12m_ex_ante,theta,2023-04-01,4,3541271.0,3537260.8784604096,-48255.44914031075,7122777.20606113,-4010.1215395904146,4010.1215395904146,2023,4,normalization,True
fixed_12m_2023,fixed_origin_12m_ex_ante,theta,2023-05-01,5,4584458.0,4853729.125242164,839354.8356916485,8868103.41479268,269271.12524216436,269271.12524216436,2023,5,normalization,True
fixed_12m_2023,fixed_origin_12m_ex_ante,theta,2023-06-01,6,5869766.0,5837673.681193338,1436029.154687698,10239318.207698978,-32092.318806662224,32092.318806662224,2023,6,normalization,True
fixed_12m_2023,fixed_origin_12m_ex_ante,theta,2023-07-01,7,6926346.0,6962052.289570811,2204558.3968968634,11719546.182244759,35706.289570811205,35706.289570811205,2023,7,normalization,True
fixed_12m_2023,fixed_origin_12m_ex_ante,theta,2023-08-01,8,8488026.0,8858594.43625345,3770075.8168571554,13947113.055649746,370568.4362534508,370568.4362534508,2023,8,normalization,True
fixed_12m_2023,fixed_origin_12m_ex_ante,theta,2023-09-01,9,7013861.0,7553427.302101019,2154140.7435772335,12952713.860624805,539566.3021010188,539566.3021010188,2023,9,normalization,True
fixed_12m_2023,fixed_origin_12m_ex_ante,theta,2023-10-01,10,6151397.0,6151194.245696151,458078.32010948844,11844310.171282813,-202.75430384930223,202.75430384930223,2023,10,normalization,True
fixed_12m_2023,fixed_origin_12m_ex_ante,theta,2023-11-01,11,3520467.0,3400934.6831488824,-2571572.541064525,9373441.90736229,-119532.31685111765,119532.31685111765,2023,11,normalization,True
fixed_12m_2023,fixed_origin_12m_ex_ante,theta,2023-12-01,12,2800281.0,2637091.28076862,-3602309.022497247,8876491.584034488,-163189.71923138015,163189.71923138015,2023,12,normalization,True
fixed_12m_2023,fixed_origin_12m_ex_ante,sarima_111_111_12,2023-01-01,1,3077654.0,2427784.731268779,1627701.939731073,3227867.5228064847,-649869.2687312211,649869.2687312211,2023,1,normalization,True
fixed_12m_2023,fixed_origin_12m_ex_ante,sarima_111_111_12,2023-02-01,2,2314917.0,2092989.5734047587,740980.1218464847,3444999.0249630325,-221927.4265952413,221927.4265952413,2023,2,normalization,True
fixed_12m_2023,fixed_origin_12m_ex_ante,sarima_111_111_12,2023-03-01,3,2788995.0,2428382.3848163886,591714.6565429743,4265050.113089803,-360612.6151836114,360612.6151836114,2023,3,normalization,True
fixed_12m_2023,fixed_origin_12m_ex_ante,sarima_111_111_12,2023-04-01,4,3541271.0,2771963.758114526,506828.28074206784,5037099.235486984,-769307.241885474,769307.241885474,2023,4,normalization,True
fixed_12m_2023,fixed_origin_12m_ex_ante,sarima_111_111_12,2023-05-01,5,4584458.0,3530192.9794299044,884066.65128307,6176319.307576738,-1054265.0205700956,1054265.0205700956,2023,5,normalization,True
fixed_12m_2023,fixed_origin_12m_ex_ante,sarima_111_111_12,2023-06-01,6,5869766.0,4284560.656577406,1296003.195747435,7273118.117407378,-1585205.3434225935,1585205.3434225935,2023,6,normalization,True
fixed_12m_2023,fixed_origin_12m_ex_ante,sarima_111_111_12,2023-07-01,7,6926346.0,5726578.770425961,2426171.7899373113,9026985.75091461,-1199767.2295740386,1199767.2295740386,2023,7,normalization,True
fixed_12m_2023,fixed_origin_12m_ex_ante,sarima_111_111_12,2023-08-01,8,8488026.0,7339696.165896113,3751433.4053577376,10927958.926434489,-1148329.834103887,1148329.834103887,2023,8,normalization,True
fixed_12m_2023,fixed_origin_12m_ex_ante,sarima_111_111_12,2023-09-01,9,7013861.0,6348190.039844759,2492279.8694464965,10204100.21024302,-665670.9601552412,665670.9601552412,2023,9,normalization,True
fixed_12m_2023,fixed_origin_12m_ex_ante,sarima_111_111_12,2023-10-01,10,6151397.0,5734511.776917228,1627752.0392844565,9841271.514549999,-416885.22308277246,416885.22308277246,2023,10,normalization,True
fixed_12m_2023,fixed_origin_12m_ex_ante,sarima_111_111_12,2023-11-01,11,3520467.0,3662258.717562544,-681192.1225248855,8005709.557649974,141791.71756254416,141791.71756254416,2023,11,normalization,True
fixed_12m_2023,fixed_origin_12m_ex_ante,sarima_111_111_12,2023-12-01,12,2800281.0,3122600.4774534884,-1445447.384422406,7690648.339329382,322319.4774534884,322319.4774534884,2023,12,normalization,True
fixed_12m_2023,fixed_origin_12m_ex_ante,dynamic_harmonic_arima_k2,2023-01-01,1,3077654.0,2376939.172816457,1454057.623893302,3299820.7217396125,-700714.8271835428,700714.8271835428,2023,1,normalization,True
fixed_12m_2023,fixed_origin_12m_ex_ante,dynamic_harmonic_arima_k2,2023-02-01,2,2314917.0,2622137.252952933,1431490.6675354866,3812783.838370379,307220.25295293285,307220.25295293285,2023,2,normalization,True
fixed_12m_2023,fixed_origin_12m_ex_ante,dynamic_harmonic_arima_k2,2023-03-01,3,2788995.0,2898612.8636778877,1452256.5723698197,4344969.154985956,109617.86367788771,109617.86367788771,2023,3,normalization,True
fixed_12m_2023,fixed_origin_12m_ex_ante,dynamic_harmonic_arima_k2,2023-04-01,4,3541271.0,3240836.765901669,1591184.166678231,4890489.365125107,-300434.2340983311,300434.2340983311,2023,4,normalization,True
fixed_12m_2023,fixed_origin_12m_ex_ante,dynamic_harmonic_arima_k2,2023-05-01,5,4584458.0,3886882.9129374605,2051480.1906488892,5722285.635226032,-697575.0870625395,697575.0870625395,2023,5,normalization,True
fixed_12m_2023,fixed_origin_12m_ex_ante,dynamic_harmonic_arima_k2,2023-06-01,6,5869766.0,4964422.292137215,2962228.9863440716,6966615.597930359,-905343.7078627851,905343.7078627851,2023,6,normalization,True
fixed_12m_2023,fixed_origin_12m_ex_ante,dynamic_harmonic_arima_k2,2023-07-01,7,6926346.0,6134423.744801863,3977624.012017407,8291223.47758632,-791922.2551981369,791922.2551981369,2023,7,normalization,True
fixed_12m_2023,fixed_origin_12m_ex_ante,dynamic_harmonic_arima_k2,2023-08-01,8,8488026.0,6751717.328125085,4450933.23024764,9052501.426002529,-1736308.6718749152,1736308.6718749152,2023,8,normalization,True
fixed_12m_2023,fixed_origin_12m_ex_ante,dynamic_harmonic_arima_k2,2023-09-01,9,7013861.0,6372507.698600294,3936135.8004722004,8808879.596728388,-641353.3013997059,641353.3013997059,2023,9,normalization,True
fixed_12m_2023,fixed_origin_12m_ex_ante,dynamic_harmonic_arima_k2,2023-10-01,10,6151397.0,5161291.355706342,2596527.136859892,7726055.574552791,-990105.6442936584,990105.6442936584,2023,10,normalization,True
fixed_12m_2023,fixed_origin_12m_ex_ante,dynamic_harmonic_arima_k2,2023-11-01,11,3520467.0,3790822.461705574,1103779.3048300268,6477865.618581121,270355.46170557383,270355.46170557383,2023,11,normalization,True
fixed_12m_2023,fixed_origin_12m_ex_ante,dynamic_harmonic_arima_k2,2023-12-01,12,2800281.0,2921651.5529352953,117662.4516758495,5725640.654194741,121370.55293529527,121370.55293529527,2023,12,normalization,True
fixed_12m_2024,fixed_origin_12m_ex_ante,naive_last,2024-01-01,1,3245893.0,2800281.0,904444.6876217183,4696117.312378282,-445612.0,445612.0,2024,1,normalization,True
fixed_12m_2024,fixed_origin_12m_ex_ante,naive_last,2024-02-01,2,2684623.0,2800281.0,119163.57499523833,5481398.425004762,115658.0,115658.0,2024,2,normalization,True
fixed_12m_2024,fixed_origin_12m_ex_ante,naive_last,2024-03-01,3,3079574.0,2800281.0,-483403.8158732052,6083965.815873206,-279293.0,279293.0,2024,3,normalization,True
fixed_12m_2024,fixed_origin_12m_ex_ante,naive_last,2024-04-01,4,4040974.0,2800281.0,-991391.6247565635,6591953.624756563,-1240693.0,1240693.0,2024,4,normalization,True
fixed_12m_2024,fixed_origin_12m_ex_ante,naive_last,2024-05-01,5,5585634.0,2800281.0,-1438937.868690364,7039499.868690364,-2785353.0,2785353.0,2024,5,normalization,True
fixed_12m_2024,fixed_origin_12m_ex_ante,naive_last,2024-06-01,6,6471276.0,2800281.0,-1843550.6011664858,7444112.601166486,-3670995.0,3670995.0,2024,6,normalization,True
fixed_12m_2024,fixed_origin_12m_ex_ante,naive_last,2024-07-01,7,7395701.0,2800281.0,-2215630.4090386974,7816192.409038697,-4595420.0,4595420.0,2024,7,normalization,True
fixed_12m_2024,fixed_origin_12m_ex_ante,naive_last,2024-08-01,8,8661295.0,2800281.0,-2561953.8500095233,8162515.850009523,-5861014.0,5861014.0,2024,8,normalization,True
fixed_12m_2024,fixed_origin_12m_ex_ante,naive_last,2024-09-01,9,7149583.0,2800281.0,-2887227.937134845,8487789.937134845,-4349302.0,4349302.0,2024,9,normalization,True
fixed_12m_2024,fixed_origin_12m_ex_ante,naive_last,2024-10-01,10,6723819.0,2800281.0,-3194879.817969842,8795441.817969842,-3923538.0,3923538.0,2024,10,normalization,True
fixed_12m_2024,fixed_origin_12m_ex_ante,naive_last,2024-11-01,11,4018247.0,2800281.0,-3487496.7120897733,9088058.712089773,-1217966.0,1217966.0,2024,11,normalization,True
fixed_12m_2024,fixed_origin_12m_ex_ante,naive_last,2024-12-01,12,3175828.0,2800281.0,-3767088.6317464104,9367650.631746411,-375547.0,375547.0,2024,12,normalization,True
fixed_12m_2024,fixed_origin_12m_ex_ante,seasonal_naive,2024-01-01,1,3245893.0,3077654.0,862311.3917023912,5292996.608297609,-168239.0,168239.0,2024,1,normalization,True
fixed_12m_2024,fixed_origin_12m_ex_ante,seasonal_naive,2024-02-01,2,2684623.0,2314917.0,-818050.5619574655,5447884.5619574655,-369706.0,369706.0,2024,2,normalization,True
fixed_12m_2024,fixed_origin_12m_ex_ante,seasonal_naive,2024-03-01,3,3079574.0,2788995.0,-1048090.9537436161,6626080.953743616,-290579.0,290579.0,2024,3,normalization,True
fixed_12m_2024,fixed_origin_12m_ex_ante,seasonal_naive,2024-04-01,4,4040974.0,3541271.0,-889414.2165952176,7971956.216595218,-499703.0,499703.0,2024,4,normalization,True
fixed_12m_2024,fixed_origin_12m_ex_ante,seasonal_naive,2024-05-01,5,5585634.0,4584458.0,-369198.6656051427,9538114.665605143,-1001176.0,1001176.0,2024,5,normalization,True
fixed_12m_2024,fixed_origin_12m_ex_ante,seasonal_naive,2024-06-01,6,6471276.0,5869766.0,443307.0042244755,11296224.995775525,-601510.0,601510.0,2024,6,normalization,True
fixed_12m_2024,fixed_origin_12m_ex_ante,seasonal_naive,2024-07-01,7,7395701.0,6926346.0,1065100.3896393515,12787591.610360648,-469355.0,469355.0,2024,7,normalization,True
fixed_12m_2024,fixed_origin_12m_ex_ante,seasonal_naive,2024-08-01,8,8661295.0,8488026.0,2222090.876085069,14753961.123914931,-173269.0,173269.0,2024,8,normalization,True
fixed_12m_2024,fixed_origin_12m_ex_ante,seasonal_naive,2024-09-01,9,7149583.0,7013861.0,367833.1751071736,13659888.824892826,-135722.0,135722.0,2024,9,normalization,True
fixed_12m_2024,fixed_origin_12m_ex_ante,seasonal_naive,2024-10-01,10,6723819.0,6151397.0,-854131.4398386776,13156925.439838678,-572422.0,572422.0,2024,10,normalization,True
fixed_12m_2024,fixed_origin_12m_ex_ante,seasonal_naive,2024-11-01,11,4018247.0,3520467.0,-3826993.213810441,10867927.21381044,-497780.0,497780.0,2024,11,normalization,True
fixed_12m_2024,fixed_origin_12m_ex_ante,seasonal_naive,2024-12-01,12,3175828.0,2800281.0,-4873890.907487232,10474452.907487232,-375547.0,375547.0,2024,12,normalization,True
fixed_12m_2024,fixed_origin_12m_ex_ante,drift,2024-01-01,1,3245893.0,2808938.154255319,-505719.46214107284,6123595.770651711,-436954.8457446811,436954.8457446811,2024,1,normalization,True
fixed_12m_2024,fixed_origin_12m_ex_ante,drift,2024-02-01,2,2684623.0,2817595.3085106383,-1870038.4472204153,7505229.064241692,132972.3085106383,132972.3085106383,2024,2,normalization,True
fixed_12m_2024,fixed_origin_12m_ex_ante,drift,2024-03-01,3,3079574.0,2826252.462765957,-2914902.9385277424,8567407.864059657,-253321.53723404277,253321.53723404277,2024,3,normalization,True
fixed_12m_2024,fixed_origin_12m_ex_ante,drift,2024-04-01,4,4040974.0,2834909.6170212766,-3794405.615771507,9464224.849814061,-1206064.3829787234,1206064.3829787234,2024,4,normalization,True
fixed_12m_2024,fixed_origin_12m_ex_ante,drift,2024-05-01,5,5585634.0,2843566.7712765955,-4568232.981123159,10255366.523676349,-2742067.2287234045,2742067.2287234045,2024,5,normalization,True
fixed_12m_2024,fixed_origin_12m_ex_ante,drift,2024-06-01,6,6471276.0,2852223.925531915,-5266995.906669185,10971443.757733013,-3619052.074468085,3619052.074468085,2024,6,normalization,True
fixed_12m_2024,fixed_origin_12m_ex_ante,drift,2024-07-01,7,7395701.0,2860881.079787234,-5908878.654523751,11630640.814098218,-4534819.920212766,4534819.920212766,2024,7,normalization,True
fixed_12m_2024,fixed_origin_12m_ex_ante,drift,2024-08-01,8,8661295.0,2869538.234042553,-6505729.277419554,12244805.74550466,-5791756.765957447,5791756.765957447,2024,8,normalization,True
fixed_12m_2024,fixed_origin_12m_ex_ante,drift,2024-09-01,9,7149583.0,2878195.388297872,-7065777.460891303,12822168.237487048,-4271387.611702127,4271387.611702127,2024,9,normalization,True
fixed_12m_2024,fixed_origin_12m_ex_ante,drift,2024-10-01,10,6723819.0,2886852.5425531915,-7595015.188884089,13368720.273990473,-3836966.4574468085,3836966.4574468085,2024,10,normalization,True
fixed_12m_2024,fixed_origin_12m_ex_ante,drift,2024-11-01,11,4018247.0,2895509.6968085105,-8097965.9252721025,13888985.318889122,-1122737.3031914895,1122737.3031914895,2024,11,normalization,True
fixed_12m_2024,fixed_origin_12m_ex_ante,drift,2024-12-01,12,3175828.0,2904166.85106383,-8578143.951523568,14386477.65365123,-271661.14893617015,271661.14893617015,2024,12,normalization,True
fixed_12m_2024,fixed_origin_12m_ex_ante,same_month_historical_mean,2024-01-01,1,3245893.0,1693366.375,-88365.16072345781,3475097.910723458,-1552526.625,1552526.625,2024,1,normalization,True
fixed_12m_2024,fixed_origin_12m_ex_ante,same_month_historical_mean,2024-02-01,2,2684623.0,1491185.4375,-290546.0982234578,3272916.973223458,-1193437.5625,1193437.5625,2024,2,normalization,True
fixed_12m_2024,fixed_origin_12m_ex_ante,same_month_historical_mean,2024-03-01,3,3079574.0,1847210.5625,65479.02677654219,3628942.098223458,-1232363.4375,1232363.4375,2024,3,normalization,True
fixed_12m_2024,fixed_origin_12m_ex_ante,same_month_historical_mean,2024-04-01,4,4040974.0,2374337.6,592606.0642765423,4156069.1357234577,-1666636.4,1666636.4,2024,4,normalization,True
fixed_12m_2024,fixed_origin_12m_ex_ante,same_month_historical_mean,2024-05-01,5,5585634.0,3315920.4,1534188.864276542,5097651.9357234575,-2269713.6,2269713.6,2024,5,normalization,True
fixed_12m_2024,fixed_origin_12m_ex_ante,same_month_historical_mean,2024-06-01,6,6471276.0,3948092.066666667,2166360.5309432093,5729823.602390124,-2523183.933333333,2523183.933333333,2024,6,normalization,True
fixed_12m_2024,fixed_origin_12m_ex_ante,same_month_historical_mean,2024-07-01,7,7395701.0,4779692.1875,2997960.651776542,6561423.723223458,-2616008.8125,2616008.8125,2024,7,normalization,True
fixed_12m_2024,fixed_origin_12m_ex_ante,same_month_historical_mean,2024-08-01,8,8661295.0,6005474.4375,4223742.901776542,7787205.973223458,-2655820.5625,2655820.5625,2024,8,normalization,True
fixed_12m_2024,fixed_origin_12m_ex_ante,same_month_historical_mean,2024-09-01,9,7149583.0,5077789.375,3296057.839276542,6859520.910723458,-2071793.625,2071793.625,2024,9,normalization,True
fixed_12m_2024,fixed_origin_12m_ex_ante,same_month_historical_mean,2024-10-01,10,6723819.0,4175408.9375,2393677.401776542,5957140.473223458,-2548410.0625,2548410.0625,2024,10,normalization,True
fixed_12m_2024,fixed_origin_12m_ex_ante,same_month_historical_mean,2024-11-01,11,4018247.0,2328636.8125,546905.2767765422,4110368.348223458,-1689610.1875,1689610.1875,2024,11,normalization,True
fixed_12m_2024,fixed_origin_12m_ex_ante,same_month_historical_mean,2024-12-01,12,3175828.0,1811772.0625,30040.52677654219,3593503.598223458,-1364055.9375,1364055.9375,2024,12,normalization,True
fixed_12m_2024,fixed_origin_12m_ex_ante,seasonal_moving_average_3,2024-01-01,1,3245893.0,2021884.0,-102242.0596949379,4146010.059694938,-1224009.0,1224009.0,2024,1,normalization,True
fixed_12m_2024,fixed_origin_12m_ex_ante,seasonal_moving_average_3,2024-02-01,2,2684623.0,1631145.6666666667,-492980.39302827115,3755271.7263616044,-1053477.3333333333,1053477.3333333333,2024,2,normalization,True
fixed_12m_2024,fixed_origin_12m_ex_ante,seasonal_moving_average_3,2024-03-01,3,3079574.0,2091534.0,-32592.059694937896,4215660.059694938,-988040.0,988040.0,2024,3,normalization,True
fixed_12m_2024,fixed_origin_12m_ex_ante,seasonal_moving_average_3,2024-04-01,4,4040974.0,2547424.3333333335,423298.2736383956,4671550.393028271,-1493549.6666666665,1493549.6666666665,2024,4,normalization,True
fixed_12m_2024,fixed_origin_12m_ex_ante,seasonal_moving_average_3,2024-05-01,5,5585634.0,3229480.6666666665,1105354.6069717286,5353606.726361604,-2356153.3333333335,2356153.3333333335,2024,5,normalization,True
fixed_12m_2024,fixed_origin_12m_ex_ante,seasonal_moving_average_3,2024-06-01,6,6471276.0,4223373.333333333,2099247.273638395,6347499.39302827,-2247902.666666667,2247902.666666667,2024,6,normalization,True
fixed_12m_2024,fixed_origin_12m_ex_ante,seasonal_moving_average_3,2024-07-01,7,7395701.0,5673667.0,3549540.940305062,7797793.059694938,-1722034.0,1722034.0,2024,7,normalization,True
fixed_12m_2024,fixed_origin_12m_ex_ante,seasonal_moving_average_3,2024-08-01,8,8661295.0,7326501.666666667,5202375.60697173,9450627.726361604,-1334793.333333333,1334793.333333333,2024,8,normalization,True
fixed_12m_2024,fixed_origin_12m_ex_ante,seasonal_moving_average_3,2024-09-01,9,7149583.0,6022842.0,3898715.940305062,8146968.059694938,-1126741.0,1126741.0,2024,9,normalization,True
fixed_12m_2024,fixed_origin_12m_ex_ante,seasonal_moving_average_3,2024-10-01,10,6723819.0,5492669.0,3368542.940305062,7616795.059694938,-1231150.0,1231150.0,2024,10,normalization,True
fixed_12m_2024,fixed_origin_12m_ex_ante,seasonal_moving_average_3,2024-11-01,11,4018247.0,3141744.6666666665,1017618.6069717286,5265870.726361604,-876502.3333333335,876502.3333333335,2024,11,normalization,True
fixed_12m_2024,fixed_origin_12m_ex_ante,seasonal_moving_average_3,2024-12-01,12,3175828.0,2532375.6666666665,408249.6069717286,4656501.726361604,-643452.3333333335,643452.3333333335,2024,12,normalization,True
fixed_12m_2024,fixed_origin_12m_ex_ante,ets_holt_winters,2024-01-01,1,3245893.0,2786369.5489073712,1917469.7438681452,3655269.3539465973,-459523.45109262876,459523.45109262876,2024,1,normalization,True
fixed_12m_2024,fixed_origin_12m_ex_ante,ets_holt_winters,2024-02-01,2,2684623.0,2563522.3404042358,1334712.4517744242,3792332.2290340476,-121100.65959576424,121100.65959576424,2024,2,normalization,True
fixed_12m_2024,fixed_origin_12m_ex_ante,ets_holt_winters,2024-03-01,3,3079574.0,2966405.964825242,1461427.3558106106,4471384.573839873,-113168.03517475817,113168.03517475817,2024,3,normalization,True
fixed_12m_2024,fixed_origin_12m_ex_ante,ets_holt_winters,2024-04-01,4,4040974.0,3488541.4971890626,1750741.8871106107,5226341.107267515,-552432.5028109374,552432.5028109374,2024,4,normalization,True
fixed_12m_2024,fixed_origin_12m_ex_ante,ets_holt_winters,2024-05-01,5,5585634.0,4421244.647223255,2478325.617519231,6364163.676927278,-1164389.3527767453,1164389.3527767453,2024,5,normalization,True
fixed_12m_2024,fixed_origin_12m_ex_ante,ets_holt_winters,2024-06-01,6,6471276.0,5001211.327021317,2872850.1670714295,7129572.486971203,-1470064.6729786834,1470064.6729786834,2024,6,normalization,True
fixed_12m_2024,fixed_origin_12m_ex_ante,ets_holt_winters,2024-07-01,7,7395701.0,5910992.908187721,3612100.1098214216,8209885.70655402,-1484708.091812279,1484708.091812279,2024,7,normalization,True
fixed_12m_2024,fixed_origin_12m_ex_ante,ets_holt_winters,2024-08-01,8,8661295.0,7051540.423879176,4593920.646619553,9509160.2011388,-1609754.5761208236,1609754.5761208236,2024,8,normalization,True
fixed_12m_2024,fixed_origin_12m_ex_ante,ets_holt_winters,2024-09-01,9,7149583.0,5998215.341781723,3391515.9266640455,8604914.756899402,-1151367.6582182767,1151367.6582182767,2024,9,normalization,True
fixed_12m_2024,fixed_origin_12m_ex_ante,ets_holt_winters,2024-10-01,10,6723819.0,5056125.228341396,2308422.7859411915,7803827.670741601,-1667693.771658604,1667693.771658604,2024,10,normalization,True
fixed_12m_2024,fixed_origin_12m_ex_ante,ets_holt_winters,2024-11-01,11,4018247.0,3226419.202308436,344604.5685803653,6108233.836036507,-791827.7976915641,791827.7976915641,2024,11,normalization,True
fixed_12m_2024,fixed_origin_12m_ex_ante,ets_holt_winters,2024-12-01,12,3175828.0,2800281.004381654,-209676.21364760865,5810238.222410916,-375546.99561834615,375546.99561834615,2024,12,normalization,True
fixed_12m_2024,fixed_origin_12m_ex_ante,theta,2024-01-01,1,3245893.0,2682432.046460422,891878.9975545343,4472985.09536631,-563460.9535395778,563460.9535395778,2024,1,normalization,True
fixed_12m_2024,fixed_origin_12m_ex_ante,theta,2024-02-01,2,2684623.0,2363871.2212722627,-209586.46159217367,4937328.904136699,-320751.77872773726,320751.77872773726,2024,2,normalization,True
fixed_12m_2024,fixed_origin_12m_ex_ante,theta,2024-03-01,3,3079574.0,2902318.0602718205,-266165.5944188293,6070801.71496247,-177255.93972817948,177255.93972817948,2024,3,normalization,True
fixed_12m_2024,fixed_origin_12m_ex_ante,theta,2024-04-01,4,4040974.0,3736973.7073598173,68746.22060417198,7405201.194115463,-304000.29264018266,304000.29264018266,2024,4,normalization,True
fixed_12m_2024,fixed_origin_12m_ex_ante,theta,2024-05-01,5,5585634.0,5108456.40591279,1000841.8768780297,9216070.93494755,-477177.59408720955,477177.59408720955,2024,5,normalization,True
fixed_12m_2024,fixed_origin_12m_ex_ante,theta,2024-06-01,6,6471276.0,6169857.044949093,1665514.5464610746,10674199.543437112,-301418.9550509071,301418.9550509071,2024,6,normalization,True
fixed_12m_2024,fixed_origin_12m_ex_ante,theta,2024-07-01,7,7395701.0,7359349.704814195,2490499.1661107214,12228200.243517667,-36351.2951858053,36351.2951858053,2024,7,normalization,True
fixed_12m_2024,fixed_origin_12m_ex_ante,theta,2024-08-01,8,8661295.0,9350326.80586298,4142418.416424767,14558235.195301194,689031.80586298,689031.80586298,2024,8,normalization,True
fixed_12m_2024,fixed_origin_12m_ex_ante,theta,2024-09-01,9,7149583.0,7957782.726280267,2431580.2311369022,13483985.221423633,808199.7262802674,808199.7262802674,2024,9,normalization,True
fixed_12m_2024,fixed_origin_12m_ex_ante,theta,2024-10-01,10,6723819.0,6516661.9200535845,689525.5528594404,12343798.287247729,-207157.0799464155,207157.0799464155,2024,10,normalization,True
fixed_12m_2024,fixed_origin_12m_ex_ante,theta,2024-11-01,11,4018247.0,3613672.981292912,-2499601.302298853,9726947.264884677,-404574.0187070882,404574.0187070882,2024,11,normalization,True
fixed_12m_2024,fixed_origin_12m_ex_ante,theta,2024-12-01,12,3175828.0,2796670.7451674333,-3589934.5104415445,9183276.00077641,-379157.2548325667,379157.2548325667,2024,12,normalization,True
fixed_12m_2024,fixed_origin_12m_ex_ante,sarima_111_111_12,2024-01-01,1,3245893.0,3001221.2890986493,2213463.9277354167,3788978.650461882,-244671.7109013507,244671.7109013507,2024,1,normalization,True
fixed_12m_2024,fixed_origin_12m_ex_ante,sarima_111_111_12,2024-02-01,2,2684623.0,2480758.174703166,1165810.5453157937,3795705.804090538,-203864.8252968341,203864.8252968341,2024,2,normalization,True
fixed_12m_2024,fixed_origin_12m_ex_ante,sarima_111_111_12,2024-03-01,3,3079574.0,2881069.5937121697,1106629.4470366845,4655509.740387655,-198504.40628783032,198504.40628783032,2024,3,normalization,True
fixed_12m_2024,fixed_origin_12m_ex_ante,sarima_111_111_12,2024-04-01,4,4040974.0,3448226.6992309666,1269347.7796697533,5627105.61879218,-592747.3007690334,592747.3007690334,2024,4,normalization,True
fixed_12m_2024,fixed_origin_12m_ex_ante,sarima_111_111_12,2024-05-01,5,5585634.0,4313909.473574322,1775630.8255842389,6852188.121564405,-1271724.5264256783,1271724.5264256783,2024,5,normalization,True
fixed_12m_2024,fixed_origin_12m_ex_ante,sarima_111_111_12,2024-06-01,6,6471276.0,5353571.847240263,2491996.5029616673,8215147.191518858,-1117704.1527597373,1117704.1527597373,2024,6,normalization,True
fixed_12m_2024,fixed_origin_12m_ex_ante,sarima_111_111_12,2024-07-01,7,7395701.0,6604916.111883538,3448789.3421135,9761042.881653575,-790784.8881164622,790784.8881164622,2024,7,normalization,True
fixed_12m_2024,fixed_origin_12m_ex_ante,sarima_111_111_12,2024-08-01,8,8661295.0,8201044.591028501,4773283.014794653,11628806.16726235,-460250.4089714987,460250.4089714987,2024,8,normalization,True
fixed_12m_2024,fixed_origin_12m_ex_ante,sarima_111_111_12,2024-09-01,9,7149583.0,7026577.015942149,3346151.2411613283,10707002.79072297,-123005.98405785114,123005.98405785114,2024,9,normalization,True
fixed_12m_2024,fixed_origin_12m_ex_ante,sarima_111_111_12,2024-10-01,10,6723819.0,6311546.958039993,2394215.9129926953,10228878.003087291,-412272.0419600066,412272.0419600066,2024,10,normalization,True
fixed_12m_2024,fixed_origin_12m_ex_ante,sarima_111_111_12,2024-11-01,11,4018247.0,4025872.534157342,-115082.08210851252,8166827.150423196,7625.534157341812,7625.534157341812,2024,11,normalization,True
fixed_12m_2024,fixed_origin_12m_ex_ante,sarima_111_111_12,2024-12-01,12,3175828.0,3451742.4158270103,-901487.693950389,7804972.52560441,275914.4158270103,275914.4158270103,2024,12,normalization,True
fixed_12m_2024,fixed_origin_12m_ex_ante,dynamic_harmonic_arima_k2,2024-01-01,1,3245893.0,2525769.9510328015,1581315.0292870423,3470224.872778561,-720123.0489671985,720123.0489671985,2024,1,normalization,True
fixed_12m_2024,fixed_origin_12m_ex_ante,dynamic_harmonic_arima_k2,2024-02-01,2,2684623.0,2778843.9073059466,1578214.1753102294,3979473.6393016637,94220.90730594657,94220.90730594657,2024,2,normalization,True
fixed_12m_2024,fixed_origin_12m_ex_ante,dynamic_harmonic_arima_k2,2024-03-01,3,3079574.0,3051903.445966767,1596873.5115748232,4506933.380358711,-27670.554033232853,27670.554033232853,2024,3,normalization,True
fixed_12m_2024,fixed_origin_12m_ex_ante,dynamic_harmonic_arima_k2,2024-04-01,4,4040974.0,3404267.9456887944,1748641.2509767266,5059894.640400862,-636706.0543112056,636706.0543112056,2024,4,normalization,True
fixed_12m_2024,fixed_origin_12m_ex_ante,dynamic_harmonic_arima_k2,2024-05-01,5,5585634.0,4070446.346417739,2230519.1007464915,5910373.592088986,-1515187.653582261,1515187.653582261,2024,5,normalization,True
fixed_12m_2024,fixed_origin_12m_ex_ante,dynamic_harmonic_arima_k2,2024-06-01,6,6471276.0,5175494.053798313,3170129.0353535274,7180859.072243099,-1295781.9462016867,1295781.9462016867,2024,6,normalization,True
fixed_12m_2024,fixed_origin_12m_ex_ante,dynamic_harmonic_arima_k2,2024-07-01,7,7395701.0,6365929.158516714,4207030.016958059,8524828.30007537,-1029771.8414832857,1029771.8414832857,2024,7,normalization,True
fixed_12m_2024,fixed_origin_12m_ex_ante,dynamic_harmonic_arima_k2,2024-08-01,8,8661295.0,6985052.182679802,4683111.531641485,9286992.83371812,-1676242.8173201978,1676242.8173201978,2024,8,normalization,True
fixed_12m_2024,fixed_origin_12m_ex_ante,dynamic_harmonic_arima_k2,2024-09-01,9,7149583.0,6587921.565055016,4151218.749757492,9024624.380352542,-561661.4349449836,561661.4349449836,2024,9,normalization,True
fixed_12m_2024,fixed_origin_12m_ex_ante,dynamic_harmonic_arima_k2,2024-10-01,10,6723819.0,5349619.420505801,2785265.6789646614,7913973.162046941,-1374199.5794941988,1374199.5794941988,2024,10,normalization,True
fixed_12m_2024,fixed_origin_12m_ex_ante,dynamic_harmonic_arima_k2,2024-11-01,11,4018247.0,3956206.8507867446,1270247.2181944223,6642166.483379067,-62040.14921325538,62040.14921325538,2024,11,normalization,True
fixed_12m_2024,fixed_origin_12m_ex_ante,dynamic_harmonic_arima_k2,2024-12-01,12,3175828.0,3074547.2377889026,272259.49236047873,5876834.983217327,-101280.7622110974,101280.7622110974,2024,12,normalization,True
fixed_12m_2025,fixed_origin_12m_ex_ante,naive_last,2025-01-01,1,3355818.0,3175828.0,1247267.1114959626,5104388.888504038,-179990.0,179990.0,2025,1,normalization,True
fixed_12m_2025,fixed_origin_12m_ex_ante,naive_last,2025-02-01,2,2782758.0,3175828.0,448431.03561528353,5903224.964384716,393070.0,393070.0,2025,2,normalization,True
fixed_12m_2025,fixed_origin_12m_ex_ante,naive_last,2025-03-01,3,2982576.0,3175828.0,-164537.4443791695,6516193.4443791695,193252.0,193252.0,2025,3,normalization,True
fixed_12m_2025,fixed_origin_12m_ex_ante,naive_last,2025-04-01,4,4242307.0,3175828.0,-681293.7770080748,7032949.777008075,-1066479.0,1066479.0,2025,4,normalization,True
fixed_12m_2025,fixed_origin_12m_ex_ante,naive_last,2025-05-01,5,5618724.0,3175828.0,-1136565.2454424202,7488221.24544242,-2442896.0,2442896.0,2025,5,normalization,True
fixed_12m_2025,fixed_origin_12m_ex_ante,naive_last,2025-06-01,6,6551137.0,3175828.0,-1548162.1147234514,7899818.114723451,-3375309.0,3375309.0,2025,6,normalization,True
fixed_12m_2025,fixed_origin_12m_ex_ante,naive_last,2025-07-01,7,7403653.0,3175828.0,-1926664.4992274493,8278320.499227449,-4227825.0,4227825.0,2025,7,normalization,True
fixed_12m_2025,fixed_origin_12m_ex_ante,naive_last,2025-08-01,8,8912005.0,3175828.0,-2278965.928769433,8630621.928769432,-5736177.0,5736177.0,2025,8,normalization,True
fixed_12m_2025,fixed_origin_12m_ex_ante,naive_last,2025-09-01,9,7324078.0,3175828.0,-2609854.665512112,8961510.665512111,-4148250.0,4148250.0,2025,9,normalization,True
fixed_12m_2025,fixed_origin_12m_ex_ante,naive_last,2025-10-01,10,7079267.0,3175828.0,-2922817.013990798,9274473.013990797,-3903439.0,3903439.0,2025,10,normalization,True
fixed_12m_2025,fixed_origin_12m_ex_ante,naive_last,2025-11-01,11,4255110.0,3175828.0,-3220484.8525223266,9572140.852522327,-1079282.0,1079282.0,2025,11,normalization,True
fixed_12m_2025,fixed_origin_12m_ex_ante,naive_last,2025-12-01,12,3409623.0,3175828.0,-3504902.888758339,9856558.888758339,-233795.0,233795.0,2025,12,normalization,True
fixed_12m_2025,fixed_origin_12m_ex_ante,seasonal_naive,2025-01-01,1,3355818.0,3245893.0,1097670.9163677539,5394115.083632246,-109925.0,109925.0,2025,1,normalization,True
fixed_12m_2025,fixed_origin_12m_ex_ante,seasonal_naive,2025-02-01,2,2782758.0,2684623.0,-353421.80566211184,5722667.805662112,-98135.0,98135.0,2025,2,normalization,True
fixed_12m_2025,fixed_origin_12m_ex_ante,seasonal_naive,2025-03-01,3,2982576.0,3079574.0,-641255.7947925278,6800403.794792527,96998.0,96998.0,2025,3,normalization,True
fixed_12m_2025,fixed_origin_12m_ex_ante,seasonal_naive,2025-04-01,4,4242307.0,4040974.0,-255470.16726449225,8337418.167264492,-201333.0,201333.0,2025,4,normalization,True
fixed_12m_2025,fixed_origin_12m_ex_ante,seasonal_naive,2025-05-01,5,5618724.0,5585634.0,782063.3902320592,10389204.60976794,-33090.0,33090.0,2025,5,normalization,True
fixed_12m_2025,fixed_origin_12m_ex_ante,seasonal_naive,2025-06-01,6,6551137.0,6471276.0,1209228.0409225067,11733323.959077492,-79861.0,79861.0,2025,6,normalization,True
fixed_12m_2025,fixed_origin_12m_ex_ante,seasonal_naive,2025-07-01,7,7403653.0,7395701.0,1712039.605772078,13079362.394227922,-7952.0,7952.0,2025,7,normalization,True
fixed_12m_2025,fixed_origin_12m_ex_ante,seasonal_naive,2025-08-01,8,8912005.0,8661295.0,2585205.3886757763,14737384.611324225,-250710.0,250710.0,2025,8,normalization,True
fixed_12m_2025,fixed_origin_12m_ex_ante,seasonal_naive,2025-09-01,9,7324078.0,7149583.0,704916.7491032612,13594249.250896739,-174495.0,174495.0,2025,9,normalization,True
fixed_12m_2025,fixed_origin_12m_ex_ante,seasonal_naive,2025-10-01,10,7079267.0,6723819.0,-69455.70415061992,13517093.70415062,-355448.0,355448.0,2025,10,normalization,True
fixed_12m_2025,fixed_origin_12m_ex_ante,seasonal_naive,2025-11-01,11,4255110.0,4018247.0,-3106599.6177636385,11143093.617763638,-236863.0,236863.0,2025,11,normalization,True
fixed_12m_2025,fixed_origin_12m_ex_ante,seasonal_naive,2025-12-01,12,3409623.0,3175828.0,-4265831.589585056,10617487.589585055,-233795.0,233795.0,2025,12,normalization,True
fixed_12m_2025,fixed_origin_12m_ex_ante,drift,2025-01-01,1,3355818.0,3185843.46,-198602.01053917455,6570288.930539174,-169974.54000000004,169974.54000000004,2025,1,normalization,True
fixed_12m_2025,fixed_origin_12m_ex_ante,drift,2025-02-01,2,2782758.0,3195858.92,-1590469.765548692,7982187.605548692,413100.9199999999,413100.9199999999,2025,2,normalization,True
fixed_12m_2025,fixed_origin_12m_ex_ante,drift,2025-03-01,3,2982576.0,3205874.38,-2656157.130420206,9067905.890420206,223298.3799999999,223298.3799999999,2025,3,normalization,True
fixed_12m_2025,fixed_origin_12m_ex_ante,drift,2025-04-01,4,4242307.0,3215889.84,-3553001.101078349,9984780.78107835,-1026417.1600000001,1026417.1600000001,2025,4,normalization,True
fixed_12m_2025,fixed_origin_12m_ex_ante,drift,2025-05-01,5,5618724.0,3225905.3,-4341944.838266857,10793755.438266857,-2392818.7,2392818.7,2025,5,normalization,True
fixed_12m_2025,fixed_origin_12m_ex_ante,drift,2025-06-01,6,6551137.0,3235920.76,-5054243.705094694,11526085.225094695,-3315216.24,3315216.24,2025,6,normalization,True
fixed_12m_2025,fixed_origin_12m_ex_ante,drift,2025-07-01,7,7403653.0,3245936.22,-5708464.820905635,12200337.260905636,-4157716.78,4157716.78,2025,7,normalization,True
fixed_12m_2025,fixed_origin_12m_ex_ante,drift,2025-08-01,8,8912005.0,3255951.68,-6316705.691097384,12828609.051097384,-5656053.32,5656053.32,2025,8,normalization,True
fixed_12m_2025,fixed_origin_12m_ex_ante,drift,2025-09-01,9,7324078.0,3265967.14,-6887369.271617522,13419303.551617524,-4058110.86,4058110.86,2025,9,normalization,True
fixed_12m_2025,fixed_origin_12m_ex_ante,drift,2025-10-01,10,7079267.0,3275982.6,-7426573.703544091,13978538.90354409,-3803284.4,3803284.4,2025,10,normalization,True
fixed_12m_2025,fixed_origin_12m_ex_ante,drift,2025-11-01,11,4255110.0,3285998.06,-7938937.689196272,14510933.809196273,-969111.94,969111.94,2025,11,normalization,True
fixed_12m_2025,fixed_origin_12m_ex_ante,drift,2025-12-01,12,3409623.0,3296013.52,-8428049.500840412,15020076.540840412,-113609.47999999998,113609.47999999998,2025,12,normalization,True
fixed_12m_2025,fixed_origin_12m_ex_ante,same_month_historical_mean,2025-01-01,1,3355818.0,1784691.4705882352,-182476.26856280514,3751859.2097392753,-1571126.5294117648,1571126.5294117648,2025,1,normalization,True
fixed_12m_2025,fixed_origin_12m_ex_ante,same_month_historical_mean,2025-02-01,2,2782758.0,1561387.6470588236,-405780.0920922167,3528555.386209864,-1221370.3529411764,1221370.3529411764,2025,2,normalization,True
fixed_12m_2025,fixed_origin_12m_ex_ante,same_month_historical_mean,2025-03-01,3,2982576.0,1919702.5294117648,-47465.20973927551,3886870.268562805,-1062873.4705882352,1062873.4705882352,2025,3,normalization,True
fixed_12m_2025,fixed_origin_12m_ex_ante,same_month_historical_mean,2025-04-01,4,4242307.0,2478502.375,511334.6358489597,4445670.11415104,-1763804.625,1763804.625,2025,4,normalization,True
fixed_12m_2025,fixed_origin_12m_ex_ante,same_month_historical_mean,2025-05-01,5,5618724.0,3457777.5,1490609.7608489597,5424945.23915104,-2160946.5,2160946.5,2025,5,normalization,True
fixed_12m_2025,fixed_origin_12m_ex_ante,same_month_historical_mean,2025-06-01,6,6551137.0,4105791.0625,2138623.32334896,6072958.80165104,-2445345.9375,2445345.9375,2025,6,normalization,True
fixed_12m_2025,fixed_origin_12m_ex_ante,same_month_historical_mean,2025-07-01,7,7403653.0,4933575.05882353,2966407.3196724895,6900742.79797457,-2470077.9411764704,2470077.9411764704,2025,7,normalization,True
fixed_12m_2025,fixed_origin_12m_ex_ante,same_month_historical_mean,2025-08-01,8,8912005.0,6161699.176470588,4194531.437319548,8128866.915621628,-2750305.823529412,2750305.823529412,2025,8,normalization,True
fixed_12m_2025,fixed_origin_12m_ex_ante,same_month_historical_mean,2025-09-01,9,7324078.0,5199659.588235294,3232491.8490842544,7166827.327386335,-2124418.4117647056,2124418.4117647056,2025,9,normalization,True
fixed_12m_2025,fixed_origin_12m_ex_ante,same_month_historical_mean,2025-10-01,10,7079267.0,4325315.411764706,2358147.6726136655,6292483.150915746,-2753951.5882352944,2753951.5882352944,2025,10,normalization,True
fixed_12m_2025,fixed_origin_12m_ex_ante,same_month_historical_mean,2025-11-01,11,4255110.0,2428025.6470588236,460857.9079077833,4395193.386209864,-1827084.3529411764,1827084.3529411764,2025,11,normalization,True
fixed_12m_2025,fixed_origin_12m_ex_ante,same_month_historical_mean,2025-12-01,12,3409623.0,1892010.6470588236,-75157.09209221671,3859178.386209864,-1517612.3529411764,1517612.3529411764,2025,12,normalization,True
fixed_12m_2025,fixed_origin_12m_ex_ante,seasonal_moving_average_3,2025-01-01,1,3355818.0,2827204.3333333335,686515.3737919615,4967893.292874705,-528613.6666666665,528613.6666666665,2025,1,normalization,True
fixed_12m_2025,fixed_origin_12m_ex_ante,seasonal_moving_average_3,2025-02-01,2,2782758.0,2283644.6666666665,142955.7071252945,4424333.626208039,-499113.3333333335,499113.3333333335,2025,2,normalization,True
fixed_12m_2025,fixed_origin_12m_ex_ante,seasonal_moving_average_3,2025-03-01,3,2982576.0,2770255.0,629566.040458628,4910943.959541372,-212321.0,212321.0,2025,3,normalization,True
fixed_12m_2025,fixed_origin_12m_ex_ante,seasonal_moving_average_3,2025-04-01,4,4242307.0,3501228.3333333335,1360539.3737919615,5641917.292874705,-741078.6666666665,741078.6666666665,2025,4,normalization,True
fixed_12m_2025,fixed_origin_12m_ex_ante,seasonal_moving_average_3,2025-05-01,5,5618724.0,4749505.666666667,2608816.707125295,6890194.626208039,-869218.333333333,869218.333333333,2025,5,normalization,True
fixed_12m_2025,fixed_origin_12m_ex_ante,seasonal_moving_average_3,2025-06-01,6,6551137.0,5760102.333333333,3619413.373791961,7900791.292874705,-791034.666666667,791034.666666667,2025,6,normalization,True
fixed_12m_2025,fixed_origin_12m_ex_ante,seasonal_moving_average_3,2025-07-01,7,7403653.0,6893723.333333333,4753034.373791961,9034412.292874705,-509929.666666667,509929.666666667,2025,7,normalization,True
fixed_12m_2025,fixed_origin_12m_ex_ante,seasonal_moving_average_3,2025-08-01,8,8912005.0,8380581.0,6239892.040458628,10521269.959541373,-531424.0,531424.0,2025,8,normalization,True
fixed_12m_2025,fixed_origin_12m_ex_ante,seasonal_moving_average_3,2025-09-01,9,7324078.0,6937342.0,4796653.040458628,9078030.959541373,-386736.0,386736.0,2025,9,normalization,True
fixed_12m_2025,fixed_origin_12m_ex_ante,seasonal_moving_average_3,2025-10-01,10,7079267.0,6265010.0,4124321.040458628,8405698.959541373,-814257.0,814257.0,2025,10,normalization,True
fixed_12m_2025,fixed_origin_12m_ex_ante,seasonal_moving_average_3,2025-11-01,11,4255110.0,3658933.0,1518244.040458628,5799621.959541372,-596177.0,596177.0,2025,11,normalization,True
fixed_12m_2025,fixed_origin_12m_ex_ante,seasonal_moving_average_3,2025-12-01,12,3409623.0,2865440.3333333335,724751.3737919615,5006129.292874705,-544182.6666666665,544182.6666666665,2025,12,normalization,True
fixed_12m_2025,fixed_origin_12m_ex_ante,ets_holt_winters,2025-01-01,1,3355818.0,3311104.38731528,2434308.518675586,4187900.2559549734,-44713.612684720196,44713.612684720196,2025,1,normalization,True
fixed_12m_2025,fixed_origin_12m_ex_ante,ets_holt_winters,2025-02-01,2,2782758.0,2950026.3374388274,1710049.7285758737,4190002.946301781,167268.33743882738,167268.33743882738,2025,2,normalization,True
fixed_12m_2025,fixed_origin_12m_ex_ante,ets_holt_winters,2025-03-01,3,2982576.0,3378029.6575471684,1859374.6651967317,4896684.649897605,395453.65754716843,395453.65754716843,2025,3,normalization,True
fixed_12m_2025,fixed_origin_12m_ex_ante,ets_holt_winters,2025-04-01,4,4242307.0,4002035.5084943874,2248443.771215,5755627.245773775,-240271.49150561262,240271.49150561262,2025,4,normalization,True
fixed_12m_2025,fixed_origin_12m_ex_ante,ets_holt_winters,2025-05-01,5,5618724.0,4890502.351574809,2929927.186905478,6851077.51624414,-728221.6484251907,728221.6484251907,2025,5,normalization,True
fixed_12m_2025,fixed_origin_12m_ex_ante,ets_holt_winters,2025-06-01,6,6551137.0,5627187.674427648,3479485.1876800517,7774890.1611752445,-923949.3255723519,923949.3255723519,2025,6,normalization,True
fixed_12m_2025,fixed_origin_12m_ex_ante,ets_holt_winters,2025-07-01,7,7403653.0,6406818.889044022,4087035.0700545358,8726602.70803351,-996834.1109559778,996834.1109559778,2025,7,normalization,True
fixed_12m_2025,fixed_origin_12m_ex_ante,ets_holt_winters,2025-08-01,8,8912005.0,7660872.944998413,5180919.727272506,10140826.16272432,-1251132.0550015867,1251132.0550015867,2025,8,normalization,True
fixed_12m_2025,fixed_origin_12m_ex_ante,ets_holt_winters,2025-09-01,9,7324078.0,6503833.564135101,3873445.9582160194,9134221.170054182,-820244.4358648993,820244.4358648993,2025,9,normalization,True
fixed_12m_2025,fixed_origin_12m_ex_ante,ets_holt_winters,2025-10-01,10,7079267.0,5641858.5175123885,2869186.529585156,8414530.50543962,-1437408.4824876115,1437408.4824876115,2025,10,normalization,True
fixed_12m_2025,fixed_origin_12m_ex_ante,ets_holt_winters,2025-11-01,11,4255110.0,3539433.8869904643,631430.9729788597,6447436.801002068,-715676.1130095357,715676.1130095357,2025,11,normalization,True
fixed_12m_2025,fixed_origin_12m_ex_ante,ets_holt_winters,2025-12-01,12,3409623.0,3220368.644366575,183058.65966570145,6257678.629067449,-189254.35563342506,189254.35563342506,2025,12,normalization,True
fixed_12m_2025,fixed_origin_12m_ex_ante,theta,2025-01-01,1,3355818.0,3079602.849503434,1257373.4667921434,4901832.232214725,-276215.1504965662,276215.1504965662,2025,1,normalization,True
fixed_12m_2025,fixed_origin_12m_ex_ante,theta,2025-02-01,2,2782758.0,2700797.272429336,89227.55542743253,5312366.98943124,-81960.72757066414,81960.72757066414,2025,2,normalization,True
fixed_12m_2025,fixed_origin_12m_ex_ante,theta,2025-03-01,3,2982576.0,3300626.5716710463,88139.55219432432,6513113.591147768,318050.5716710463,318050.5716710463,2025,3,normalization,True
fixed_12m_2025,fixed_origin_12m_ex_ante,theta,2025-04-01,4,4242307.0,4254210.856880677,536705.0648406069,7971716.6489207465,11903.856880676933,11903.856880676933,2025,4,normalization,True
fixed_12m_2025,fixed_origin_12m_ex_ante,theta,2025-05-01,5,5618724.0,5817374.474102774,1655689.0249852529,9979059.923220295,198650.4741027737,198650.4741027737,2025,5,normalization,True
fixed_12m_2025,fixed_origin_12m_ex_ante,theta,2025-06-01,6,6551137.0,7004811.2851907695,2441982.9692291087,11567639.601152431,453674.2851907695,453674.2851907695,2025,6,normalization,True
fixed_12m_2025,fixed_origin_12m_ex_ante,theta,2025-07-01,7,7403653.0,8342652.638288848,3411204.706445041,13274100.570132654,938999.6382888481,938999.6382888481,2025,7,normalization,True
fixed_12m_2025,fixed_origin_12m_ex_ante,theta,2025-08-01,8,8912005.0,10574772.39255973,5300404.642010704,15849140.143108755,1662767.3925597295,1662767.3925597295,2025,8,normalization,True
fixed_12m_2025,fixed_origin_12m_ex_ante,theta,2025-09-01,9,7324078.0,8982474.625673773,3386160.514441575,14578788.73690597,1658396.6256737728,1658396.6256737728,2025,9,normalization,True
fixed_12m_2025,fixed_origin_12m_ex_ante,theta,2025-10-01,10,7079267.0,7384263.491550234,1483542.5105919195,13284984.47250855,304996.49155023415,304996.49155023415,2025,10,normalization,True
fixed_12m_2025,fixed_origin_12m_ex_ante,theta,2025-11-01,11,4255110.0,4100210.5994263026,-2089965.856755435,10290387.05560804,-154899.4005736974,154899.4005736974,2025,11,normalization,True
fixed_12m_2025,fixed_origin_12m_ex_ante,theta,2025-12-01,12,3409623.0,3176505.235857756,-3290183.331114657,9643193.802830169,-233117.76414224412,233117.76414224412,2025,12,normalization,True
fixed_12m_2025,fixed_origin_12m_ex_ante,sarima_111_111_12,2025-01-01,1,3355818.0,3431924.620042679,2659092.366351963,4204756.873733395,76106.6200426789,76106.6200426789,2025,1,normalization,True
fixed_12m_2025,fixed_origin_12m_ex_ante,sarima_111_111_12,2025-02-01,2,2782758.0,2932092.2979274886,1645712.5945479886,4218472.001306988,149334.29792748857,149334.29792748857,2025,2,normalization,True
fixed_12m_2025,fixed_origin_12m_ex_ante,sarima_111_111_12,2025-03-01,3,2982576.0,3321799.422129118,1592240.6999479576,5051358.144310278,339223.4221291179,339223.4221291179,2025,3,normalization,True
fixed_12m_2025,fixed_origin_12m_ex_ante,sarima_111_111_12,2025-04-01,4,4242307.0,4087210.684267089,1970530.9277223484,6203890.44081183,-155096.31573291123,155096.31573291123,2025,4,normalization,True
fixed_12m_2025,fixed_origin_12m_ex_ante,sarima_111_111_12,2025-05-01,5,5618724.0,5315643.502130115,2856376.780550228,7774910.223710002,-303080.4978698846,303080.4978698846,2025,5,normalization,True
fixed_12m_2025,fixed_origin_12m_ex_ante,sarima_111_111_12,2025-06-01,6,6551137.0,6236094.176697222,3469270.9400205254,9002917.413373917,-315042.8233027784,315042.8233027784,2025,6,normalization,True
fixed_12m_2025,fixed_origin_12m_ex_ante,sarima_111_111_12,2025-07-01,7,7403653.0,7360302.911172868,4313553.632315949,10407052.190029787,-43350.08882713225,43350.08882713225,2025,7,normalization,True
fixed_12m_2025,fixed_origin_12m_ex_ante,sarima_111_111_12,2025-08-01,8,8912005.0,8795733.8199916,5491067.643773247,12100399.996209953,-116271.18000840023,116271.18000840023,2025,8,normalization,True
fixed_12m_2025,fixed_origin_12m_ex_ante,sarima_111_111_12,2025-09-01,9,7324078.0,7509305.264684155,3964721.8574136314,11053888.671954678,185227.26468415465,185227.26468415465,2025,9,normalization,True
fixed_12m_2025,fixed_origin_12m_ex_ante,sarima_111_111_12,2025-10-01,10,7079267.0,7005814.1905792095,3236214.019231117,10775414.361927303,-73452.80942079052,73452.80942079052,2025,10,normalization,True
fixed_12m_2025,fixed_origin_12m_ex_ante,sarima_111_111_12,2025-11-01,11,4255110.0,4570579.572789097,588497.1220919765,8552662.023486217,315469.5727890972,315469.5727890972,2025,11,normalization,True
fixed_12m_2025,fixed_origin_12m_ex_ante,sarima_111_111_12,2025-12-01,12,3409623.0,3892605.8052844675,-291258.0416502147,8076469.65221915,482982.8052844675,482982.8052844675,2025,12,normalization,True
fixed_12m_2025,fixed_origin_12m_ex_ante,dynamic_harmonic_arima_k2,2025-01-01,1,3355818.0,2927061.132594293,1960447.138107473,3893675.127081113,-428756.867405707,428756.867405707,2025,1,normalization,True
fixed_12m_2025,fixed_origin_12m_ex_ante,dynamic_harmonic_arima_k2,2025-02-01,2,2782758.0,3162003.5707826773,1950274.0810133368,4373733.060552018,379245.57078267727,379245.57078267727,2025,2,normalization,True
fixed_12m_2025,fixed_origin_12m_ex_ante,dynamic_harmonic_arima_k2,2025-03-01,3,2982576.0,3455342.485529146,1995183.7791094615,4915501.191948831,472766.48552914616,472766.48552914616,2025,3,normalization,True
fixed_12m_2025,fixed_origin_12m_ex_ante,dynamic_harmonic_arima_k2,2025-04-01,4,4242307.0,3830044.072560754,2172339.19168049,5487748.953441018,-412262.92743924586,412262.92743924586,2025,4,normalization,True
fixed_12m_2025,fixed_origin_12m_ex_ante,dynamic_harmonic_arima_k2,2025-05-01,5,5618724.0,4525163.050507877,2686483.169991851,6363842.931023903,-1093560.949492123,1093560.949492123,2025,5,normalization,True
fixed_12m_2025,fixed_origin_12m_ex_ante,dynamic_harmonic_arima_k2,2025-06-01,6,6551137.0,5647195.072772032,3645325.8970352574,7649064.248508805,-903941.9272279684,903941.9272279684,2025,6,normalization,True
fixed_12m_2025,fixed_origin_12m_ex_ante,dynamic_harmonic_arima_k2,2025-07-01,7,7403653.0,6839787.563395495,4686567.219182884,8993007.907608105,-563865.4366045054,563865.4366045054,2025,7,normalization,True
fixed_12m_2025,fixed_origin_12m_ex_ante,dynamic_harmonic_arima_k2,2025-08-01,8,8912005.0,7448670.888703644,5154227.039726006,9743114.737681283,-1463334.1112963557,1463334.1112963557,2025,8,normalization,True
fixed_12m_2025,fixed_origin_12m_ex_ante,dynamic_harmonic_arima_k2,2025-09-01,9,7324078.0,7037327.25629788,4609806.104478842,9464848.408116918,-286750.74370212015,286750.74370212015,2025,9,normalization,True
fixed_12m_2025,fixed_origin_12m_ex_ante,dynamic_harmonic_arima_k2,2025-10-01,10,7079267.0,5785850.080895573,3232196.1173743163,8339504.04441683,-1293416.919104427,1293416.919104427,2025,10,normalization,True
fixed_12m_2025,fixed_origin_12m_ex_ante,dynamic_harmonic_arima_k2,2025-11-01,11,4255110.0,4380313.486793325,1706463.7079647356,7054163.265621915,125203.48679332528,125203.48679332528,2025,11,normalization,True
fixed_12m_2025,fixed_origin_12m_ex_ante,dynamic_harmonic_arima_k2,2025-12-01,12,3409623.0,3486062.878636252,697194.9281740515,6274930.829098453,76439.87863625214,76439.87863625214,2025,12,normalization,True
