run_id,fold_id,protocol,model,train_start,train_end,test_start,test_end,runtime_seconds,notes,full_n,full_mae,full_rmse,full_mape,full_smape,full_wape,full_mase,full_rmsse,full_r2,full_bias,paired_n,paired_mae,paired_rmse,paired_mape,paired_smape,paired_wape,paired_mase,paired_rmsse,paired_r2,paired_bias,paired_seasonal_naive_n,paired_seasonal_naive_mae,paired_seasonal_naive_rmse,paired_seasonal_naive_mape,paired_seasonal_naive_smape,paired_seasonal_naive_wape,paired_seasonal_naive_mase,paired_seasonal_naive_rmsse,paired_seasonal_naive_r2,paired_seasonal_naive_bias,paired_mae_skill_vs_seasonal_naive,paired_rmse_skill_vs_seasonal_naive,full_interval_95_coverage,full_interval_95_mean_width,full_interval_95_winkler,paired_interval_95_coverage,paired_interval_95_mean_width,paired_interval_95_winkler,forecast_origin,target_available_through,target_publication_delay_months
ablation_20260811T165312Z_69334f2b,one_step_201501,one_step_ex_ante_snapshot_vintage_sensitivity,ridge_recursive_b0,2008-01,2014-12,2015-01,2015-01,0.034000799991190434,pre-specified first grid configuration; no tuning; parameters={'model__alpha': 0.1},1.0,4093.021139428485,4093.021139428485,0.23229352143516618,0.23202403303670774,0.23229352143516616,0.022664219879006773,0.01750464196384237,,4093.021139428485,1.0,4093.021139428485,4093.021139428485,0.23229352143516618,0.23202403303670774,0.23229352143516616,0.022664219879006773,0.01750464196384237,,4093.021139428485,1.0,186605.0,186605.0,10.590498091945308,11.182647106148103,10.590498091945308,1.0332848540119186,0.7980544449665132,,-186605.0,0.978065854937282,0.978065854937282,,,,,,,2014-12-31,2014-09-01,3
ablation_20260811T165312Z_69334f2b,one_step_201502,one_step_ex_ante_snapshot_vintage_sensitivity,ridge_recursive_b0,2008-01,2015-01,2015-02,2015-02,0.035255299997515976,pre-specified first grid configuration; no tuning; parameters={'model__alpha': 0.1},1.0,119502.6495703191,119502.6495703191,7.636318006953631,7.355474302619732,7.63631800695363,0.6603587922453364,0.5118785090012045,,119502.6495703191,1.0,119502.6495703191,119502.6495703191,7.636318006953631,7.355474302619732,7.63631800695363,0.6603587922453364,0.5118785090012045,,119502.6495703191,1.0,41680.0,41680.0,2.6633864242695338,2.699333262093732,2.6633864242695338,0.23031919844245619,0.1785324118911352,,-41680.0,-1.8671461029347194,-1.8671461029347194,,,,,,,2015-01-31,2014-10-01,3
ablation_20260811T165312Z_69334f2b,one_step_201503,one_step_ex_ante_snapshot_vintage_sensitivity,ridge_recursive_b0,2008-01,2015-02,2015-03,2015-03,0.035591799998655915,pre-specified first grid configuration; no tuning; parameters={'model__alpha': 0.1},1.0,198694.62195504922,198694.62195504922,9.847848454760339,9.385703524983596,9.847848454760339,1.1020898892590254,0.8551710775793537,,198694.62195504922,1.0,198694.62195504922,198694.62195504922,9.847848454760339,9.385703524983596,9.847848454760339,1.1020898892590254,0.8551710775793537,,198694.62195504922,1.0,50531.0,50531.0,2.5044544506094977,2.5362136078994992,2.5044544506094977,0.2802778638203228,0.21748273453993303,,-50531.0,-2.932133184679686,-2.932133184679686,,,,,,,2015-02-28,2014-11-01,3
ablation_20260811T165312Z_69334f2b,one_step_201504,one_step_ex_ante_snapshot_vintage_sensitivity,ridge_recursive_b0,2008-01,2015-03,2015-04,2015-04,0.033748599933460355,pre-specified first grid configuration; no tuning; parameters={'model__alpha': 0.1},1.0,170610.3574788929,170610.3574788929,6.4953272452116195,6.2910162005733605,6.4953272452116195,0.9453670069213029,0.7358719437602571,,170610.3574788929,1.0,170610.3574788929,170610.3574788929,6.4953272452116195,6.2910162005733605,6.4953272452116195,0.9453670069213029,0.7358719437602571,,170610.3574788929,1.0,53524.0,53524.0,2.0377185805716227,2.058693773339831,2.0377185805716227,0.2965811948709842,0.23085825796184006,,-53524.0,-2.187548716069294,-2.187548716069294,,,,,,,2015-03-31,2014-12-01,3
ablation_20260811T165312Z_69334f2b,one_step_201505,one_step_ex_ante_snapshot_vintage_sensitivity,ridge_recursive_b0,2008-01,2015-04,2015-05,2015-05,0.033748599933460355,pre-specified first grid configuration; no tuning; parameters={'model__alpha': 0.1},1.0,50993.66462533269,50993.66462533269,1.3508209011553787,1.3417585238636862,1.3508209011553785,0.28242886203819445,0.22047699199748,,50993.66462533269,1.0,50993.66462533269,50993.66462533269,1.3508209011553787,1.3417585238636862,1.3508209011553785,0.28242886203819445,0.22047699199748,,50993.66462533269,1.0,88870.0,88870.0,2.3541640783753595,2.326776015801236,2.3541640783753595,0.49220728013466614,0.38423969767182065,,88870.0,0.4261993403248262,0.4261993403248262,,,,,,,2015-04-30,2015-01-01,3
ablation_20260811T165312Z_69334f2b,one_step_201506,one_step_ex_ante_snapshot_vintage_sensitivity,ridge_recursive_b0,2008-01,2015-05,2015-06,2015-06,0.03248609998263419,pre-specified first grid configuration; no tuning; parameters={'model__alpha': 0.1},1.0,42881.7958296258,42881.7958296258,0.9858620662377258,0.9810262832445609,0.9858620662377258,0.23999571713198473,0.18662845762624056,,42881.7958296258,1.0,42881.7958296258,42881.7958296258,0.9858620662377258,0.9810262832445609,0.9858620662377258,0.23999571713198473,0.18662845762624056,,42881.7958296258,1.0,180404.0,180404.0,4.147528263605901,4.063265716595302,4.147528263605902,1.0096635767191093,0.7851471613589394,,180404.0,0.7623013024676515,0.7623013024676515,,,,,,,2015-05-31,2015-02-01,3
ablation_20260811T165312Z_69334f2b,one_step_201507,one_step_ex_ante_snapshot_vintage_sensitivity,ridge_recursive_b0,2008-01,2015-06,2015-07,2015-07,0.032302599982358515,pre-specified first grid configuration; no tuning; parameters={'model__alpha': 0.1},1.0,25793.64870655164,25793.64870655164,0.4917792341140816,0.49299144889990554,0.49177923411408164,0.14575258670883556,0.11297714082010933,,-25793.64870655164,1.0,25793.64870655164,25793.64870655164,0.4917792341140816,0.49299144889990554,0.49177923411408164,0.14575258670883556,0.11297714082010933,,-25793.64870655164,1.0,292561.0,292561.0,5.577939986253483,5.737970254876528,5.577939986253483,1.653179160701394,1.2814280628345749,,-292561.0,0.9118349721714389,0.9118349721714389,,,,,,,2015-06-30,2015-03-01,3
ablation_20260811T165312Z_69334f2b,one_step_201508,one_step_ex_ante_snapshot_vintage_sensitivity,ridge_recursive_b0,2008-01,2015-07,2015-08,2015-08,0.03291840001475066,pre-specified first grid configuration; no tuning; parameters={'model__alpha': 0.1},1.0,609785.5818657782,609785.5818657782,9.035589950932508,9.46311404162781,9.035589950932508,3.4776440943381624,2.68764587465071,,-609785.5818657782,1.0,609785.5818657782,609785.5818657782,9.035589950932508,9.46311404162781,9.035589950932508,3.4776440943381624,2.68764587465071,,-609785.5818657782,1.0,113081.0,113081.0,1.6755947953297137,1.68975148933436,1.6755947953297134,0.6449077897653777,0.4984074602444012,,-113081.0,-4.3924671860505144,-4.3924671860505144,,,,,,,2015-07-31,2015-04-01,3
ablation_20260811T165312Z_69334f2b,one_step_201509,one_step_ex_ante_snapshot_vintage_sensitivity,ridge_recursive_b0,2008-01,2015-08,2015-09,2015-09,0.03293929994106293,pre-specified first grid configuration; no tuning; parameters={'model__alpha': 0.1},1.0,144012.36834510416,144012.36834510416,2.6593500505621672,2.695187282745384,2.6593500505621672,0.8266054927699864,0.6382566152747906,,-144012.36834510416,1.0,144012.36834510416,144012.36834510416,2.6593500505621672,2.695187282745384,2.6593500505621672,0.8266054927699864,0.6382566152747906,,-144012.36834510416,1.0,80660.0,80660.0,1.4894774493557354,1.4784667350483498,1.4894774493557354,0.4629741168276103,0.3574816467478419,,80660.0,-0.7854248493070191,-0.7854248493070191,,,,,,,2015-08-31,2015-05-01,3
ablation_20260811T165312Z_69334f2b,one_step_201510,one_step_ex_ante_snapshot_vintage_sensitivity,ridge_recursive_b0,2008-01,2015-09,2015-10,2015-10,0.03402479994110763,pre-specified first grid configuration; no tuning; parameters={'model__alpha': 0.1},1.0,84773.54433725309,84773.54433725309,2.0369412783117014,2.016404787583629,2.0369412783117014,0.48636385596490217,0.3765845140015549,,84773.54433725309,1.0,84773.54433725309,84773.54433725309,2.0369412783117014,2.016404787583629,2.0369412783117014,0.48636385596490217,0.3765845140015549,,84773.54433725309,1.0,131473.0,131473.0,3.159037206443549,3.109915512381011,3.1590372064435486,0.7542885665000325,0.5840347504211798,,131473.0,0.35520187158387584,0.35520187158387584,,,,,,,2015-09-30,2015-06-01,3
ablation_20260811T165312Z_69334f2b,one_step_201511,one_step_ex_ante_snapshot_vintage_sensitivity,ridge_recursive_b0,2008-01,2015-10,2015-11,2015-11,0.03511110006365925,pre-specified first grid configuration; no tuning; parameters={'model__alpha': 0.1},1.0,315221.3262150986,315221.3262150986,14.091265446598461,13.163792943354146,14.09126544659846,1.7930919830643008,1.394222174948187,,315221.3262150986,1.0,315221.3262150986,315221.3262150986,14.091265446598461,13.163792943354146,14.09126544659846,1.7930919830643008,1.394222174948187,,315221.3262150986,1.0,27375.0,27375.0,1.2237382420547538,1.2162961017876555,1.2237382420547538,0.15571882025168035,0.12107947294518578,,27375.0,-10.514934290962506,-10.514934290962506,,,,,,,2015-10-31,2015-07-01,3
ablation_20260811T165312Z_69334f2b,one_step_201512,one_step_ex_ante_snapshot_vintage_sensitivity,ridge_recursive_b0,2008-01,2015-11,2015-12,2015-12,0.03421629988588393,pre-specified first grid configuration; no tuning; parameters={'model__alpha': 0.1},1.0,353698.8023077126,353698.8023077126,20.63819335010959,18.707725110276638,20.638193350109585,2.0209780881848953,1.5717914136330347,,353698.8023077126,1.0,353698.8023077126,353698.8023077126,20.63819335010959,18.707725110276638,20.638193350109585,2.0209780881848953,1.5717914136330347,,353698.8023077126,1.0,26739.0,26739.0,1.560210688834857,1.5481336157595937,1.560210688834857,0.1527823468651807,0.11882463365700027,,26739.0,-12.227824612278418,-12.227824612278418,,,,,,,2015-11-30,2015-08-01,3
ablation_20260811T165312Z_69334f2b,one_step_201601,one_step_ex_ante_snapshot_vintage_sensitivity,ridge_recursive_b0,2008-01,2015-12,2016-01,2016-01,0.03246980009134859,pre-specified first grid configuration; no tuning; parameters={'model__alpha': 0.1},1.0,221596.2175255788,221596.2175255788,13.102224372656964,12.29665660340062,13.102224372656966,1.274648997530555,0.9900855455001111,,221596.2175255788,1.0,221596.2175255788,221596.2175255788,13.102224372656964,12.29665660340062,13.102224372656966,1.274648997530555,0.9900855455001111,,221596.2175255788,1.0,70717.0,70717.0,4.181253684324423,4.095629357618573,4.181253684324423,0.40677297728677836,0.315961528147697,,70717.0,-2.133563606001086,-2.133563606001086,,,,,,,2015-12-31,2015-09-01,3
ablation_20260811T165312Z_69334f2b,one_step_201602,one_step_ex_ante_snapshot_vintage_sensitivity,ridge_recursive_b0,2008-01,2016-01,2016-02,2016-02,0.03269450005609542,pre-specified first grid configuration; no tuning; parameters={'model__alpha': 0.1},1.0,317452.6798043051,317452.6798043051,20.91939657518564,18.93848788244913,20.919396575185637,1.8314714697762173,1.424067943959828,,317452.6798043051,1.0,317452.6798043051,317452.6798043051,20.91939657518564,18.93848788244913,20.919396575185637,1.8314714697762173,1.424067943959828,,317452.6798043051,1.0,47421.0,47421.0,3.124934102315381,3.0768591912417125,3.124934102315381,0.27358473906031333,0.2127269047221418,,47421.0,-5.694348069511505,-5.694348069511505,,,,,,,2016-01-31,2015-10-01,3
ablation_20260811T165312Z_69334f2b,one_step_201603,one_step_ex_ante_snapshot_vintage_sensitivity,ridge_recursive_b0,2008-01,2016-02,2016-03,2016-03,0.035291200038045645,pre-specified first grid configuration; no tuning; parameters={'model__alpha': 0.1},1.0,487093.68030446395,487093.68030446395,25.653224590784095,22.73685619809379,25.6532245907841,2.8389793820001787,2.1981453014009302,,487093.68030446395,1.0,487093.68030446395,487093.68030446395,25.653224590784095,22.73685619809379,25.6532245907841,2.8389793820001787,2.1981453014009302,,487093.68030446395,1.0,118883.0,118883.0,6.261079587647108,6.071023772554793,6.261079587647109,0.6928983058440928,0.5364925032554397,,118883.0,-3.0972525954464807,-3.0972525954464807,,,,,,,2016-02-29,2015-11-01,3
ablation_20260811T165312Z_69334f2b,one_step_201604,one_step_ex_ante_snapshot_vintage_sensitivity,ridge_recursive_b0,2008-01,2016-03,2016-04,2016-04,0.03536440001334995,pre-specified first grid configuration; no tuning; parameters={'model__alpha': 0.1},1.0,838510.8260145136,838510.8260145136,40.91817670834298,33.96852596795034,40.91817670834299,4.936793014565162,3.8064057634678936,,838510.8260145136,1.0,838510.8260145136,838510.8260145136,40.91817670834298,33.96852596795034,40.91817670834299,4.936793014565162,3.8064057634678936,,838510.8260145136,1.0,577425.0,577425.0,28.177546971118044,24.697913835215928,28.177546971118044,3.399631367891186,2.6212110562927964,,577425.0,-0.4521553899026083,-0.4521553899026083,,,,,,,2016-03-31,2015-12-01,3
ablation_20260811T165312Z_69334f2b,one_step_201605,one_step_ex_ante_snapshot_vintage_sensitivity,ridge_recursive_b0,2008-01,2016-04,2016-05,2016-05,0.0330441000405699,pre-specified first grid configuration; no tuning; parameters={'model__alpha': 0.1},1.0,1231792.4918892123,1231792.4918892123,44.798188418634396,36.60009798930709,44.798188418634396,7.302408862523993,5.621439526865884,,1231792.4918892123,1.0,1231792.4918892123,1231792.4918892123,44.798188418634396,36.60009798930709,44.798188418634396,7.302408862523993,5.621439526865884,,1231792.4918892123,1.0,1025365.0,1025365.0,37.29077321897203,31.430445198608787,37.29077321897203,6.0786492145589035,4.679381777708753,,1025365.0,-0.20132098510209762,-0.20132098510209762,,,,,,,2016-04-30,2016-01-01,3
ablation_20260811T165312Z_69334f2b,one_step_201606,one_step_ex_ante_snapshot_vintage_sensitivity,ridge_recursive_b0,2008-01,2016-05,2016-06,2016-06,0.0373657998861745,pre-specified first grid configuration; no tuning; parameters={'model__alpha': 0.1},1.0,1918578.7268830724,1918578.7268830724,71.1599665627928,52.48559915743625,71.15996656279279,11.469744630119319,8.804602734051047,,1918578.7268830724,1.0,1918578.7268830724,1918578.7268830724,71.1599665627928,52.48559915743625,71.15996656279279,11.469744630119319,8.804602734051047,,1918578.7268830724,1.0,1653526.0,1653526.0,61.329177282116085,46.936341299470435,61.329177282116085,9.88519297828039,7.588241929522742,,1653526.0,-0.16029546973139364,-0.16029546973139364,,,,,,,2016-05-31,2016-02-01,3
ablation_20260811T165312Z_69334f2b,one_step_201607,one_step_ex_ante_snapshot_vintage_sensitivity,ridge_recursive_b0,2008-01,2016-06,2016-07,2016-07,0.03903879993595183,pre-specified first grid configuration; no tuning; parameters={'model__alpha': 0.1},1.0,1951167.2536920793,1951167.2536920793,56.02706681357304,43.76651852545679,56.02706681357304,11.703482791674043,8.990519581342383,,1951167.2536920793,1.0,1951167.2536920793,1951167.2536920793,56.02706681357304,43.76651852545679,56.02706681357304,11.703482791674043,8.990519581342383,,1951167.2536920793,1.0,1762421.0,1762421.0,50.60728593809583,40.38772116992374,50.60728593809583,10.571345847545725,8.120821257678607,,1762421.0,-0.10709487329762823,-0.10709487329762823,,,,,,,2016-06-30,2016-03-01,3
ablation_20260811T165312Z_69334f2b,one_step_201608,one_step_ex_ante_snapshot_vintage_sensitivity,ridge_recursive_b0,2008-01,2016-07,2016-08,2016-08,0.03471559996251017,pre-specified first grid configuration; no tuning; parameters={'model__alpha': 0.1},1.0,1541700.0420865808,1541700.0420865808,33.76598950174044,28.88871009312417,33.76598950174044,8.995592080939687,6.870449832639366,,1541700.0420865808,1.0,1541700.0420865808,1541700.0420865808,33.76598950174044,28.88871009312417,33.76598950174044,8.995592080939687,6.870449832639366,,1541700.0420865808,1.0,2182871.0,2182871.0,47.80878073395962,38.58521929074479,47.80878073395962,12.736729937904574,9.727771477728925,,2182871.0,0.2937282862401943,0.2937282862401943,,,,,,,2016-07-31,2016-04-01,3
ablation_20260811T165312Z_69334f2b,one_step_201609,one_step_ex_ante_snapshot_vintage_sensitivity,ridge_recursive_b0,2008-01,2016-08,2016-09,2016-09,0.03587559994775802,pre-specified first grid configuration; no tuning; parameters={'model__alpha': 0.1},1.0,790765.3541042022,790765.3541042022,19.695619951137434,17.929915904120385,19.695619951137434,4.369370607247886,3.186061471937811,,790765.3541042022,1.0,790765.3541042022,790765.3541042022,19.695619951137434,17.929915904120385,19.695619951137434,4.369370607247886,3.186061471937811,,790765.3541042022,1.0,1400392.0,1400392.0,34.87961184877445,29.699991050080104,34.87961184877445,7.737860051236867,5.642299543920073,,1400392.0,0.4353257130116408,0.4353257130116408,,,,,,,2016-08-31,2016-05-01,3
ablation_20260811T165312Z_69334f2b,one_step_201610,one_step_ex_ante_snapshot_vintage_sensitivity,ridge_recursive_b0,2008-01,2016-09,2016-10,2016-10,0.035028800019063056,pre-specified first grid configuration; no tuning; parameters={'model__alpha': 0.1},1.0,409792.8202937795,409792.8202937795,12.844825033798326,12.069661577873603,12.844825033798328,2.076573530945167,1.356247058743446,,409792.8202937795,1.0,409792.8202937795,409792.8202937795,12.844825033798326,12.069661577873603,12.844825033798328,2.076573530945167,1.356247058743446,,409792.8202937795,1.0,971472.0,971472.0,30.450479479578004,26.426917876971874,30.450479479578,4.922812068323068,3.2151760045650883,,971472.0,0.5781733078320533,0.5781733078320533,,,,,,,2016-09-30,2016-06-01,3
ablation_20260811T165312Z_69334f2b,one_step_201611,one_step_ex_ante_snapshot_vintage_sensitivity,ridge_recursive_b0,2008-01,2016-10,2016-11,2016-11,0.03286220005247742,pre-specified first grid configuration; no tuning; parameters={'model__alpha': 0.1},1.0,521798.4670747067,521798.4670747067,27.760774998986854,32.235136913584654,27.760774998986857,2.4321784417421797,1.4792699702063727,,-521798.4670747067,1.0,521798.4670747067,521798.4670747067,27.760774998986854,32.235136913584654,27.760774998986857,2.4321784417421797,1.4792699702063727,,-521798.4670747067,1.0,357373.0,357373.0,19.012994613287223,17.36243518048653,19.012994613287226,1.6657674583323068,1.0131328097345182,,357373.0,-0.46009482270542734,-0.46009482270542734,,,,,,,2016-10-31,2016-07-01,3
ablation_20260811T165312Z_69334f2b,one_step_201612,one_step_ex_ante_snapshot_vintage_sensitivity,ridge_recursive_b0,2008-01,2016-11,2016-12,2016-12,0.0336010999744758,pre-specified first grid configuration; no tuning; parameters={'model__alpha': 0.1},1.0,387734.44918772206,387734.44918772206,23.795111983442606,27.00845845003648,23.795111983442606,1.6433989969243683,0.9272174207457419,,-387734.44918772206,1.0,387734.44918772206,387734.44918772206,23.795111983442606,27.00845845003648,23.795111983442606,1.6433989969243683,0.9272174207457419,,-387734.44918772206,1.0,84336.0,84336.0,5.175667440537451,5.045108423529243,5.175667440537451,0.35745520702368977,0.2016787741193286,,84336.0,-3.5974963145954524,-3.5974963145954524,,,,,,,2016-11-30,2016-08-01,3
ablation_20260811T165312Z_69334f2b,one_step_201701,one_step_ex_ante_snapshot_vintage_sensitivity,ridge_recursive_b0,2008-01,2016-12,2017-01,2017-01,0.03530909994151443,pre-specified first grid configuration; no tuning; parameters={'model__alpha': 0.1},1.0,650957.4901517169,650957.4901517169,41.506040138624996,52.37554815959901,41.506040138624996,2.620016365367671,1.4776452946046423,,-650957.4901517169,1.0,650957.4901517169,650957.4901517169,41.506040138624996,52.37554815959901,41.506040138624996,2.620016365367671,1.4776452946046423,,-650957.4901517169,1.0,122943.0,122943.0,7.839032763220313,7.543369172768329,7.839032763220314,0.4948290431873265,0.2790752824923147,,122943.0,-4.294791001941688,-4.294791001941688,,,,,,,2016-12-31,2016-09-01,3
ablation_20260811T165312Z_69334f2b,one_step_201702,one_step_ex_ante_snapshot_vintage_sensitivity,ridge_recursive_b0,2008-01,2017-01,2017-02,2017-02,0.07170810003299266,pre-specified first grid configuration; no tuning; parameters={'model__alpha': 0.1},1.0,932772.4676924376,932772.4676924376,65.12218923221114,96.56471863163341,65.12218923221114,3.6415489849746923,2.075143633812198,,-932772.4676924376,1.0,932772.4676924376,932772.4676924376,65.12218923221114,96.56471863163341,65.12218923221114,3.6415489849746923,2.075143633812198,,-932772.4676924376,1.0,85162.0,85162.0,5.945647059152074,5.7739963374359204,5.945647059152074,0.33247292925102817,0.189460332786093,,85162.0,-9.952918762974537,-9.952918762974537,,,,,,,2017-01-31,2016-10-01,3
ablation_20260811T165312Z_69334f2b,one_step_201703,one_step_ex_ante_snapshot_vintage_sensitivity,ridge_recursive_b0,2008-01,2017-02,2017-03,2017-03,0.03089429996907711,pre-specified first grid configuration; no tuning; parameters={'model__alpha': 0.1},1.0,1214742.6827545986,1214742.6827545986,65.87270170831346,98.22415354264446,65.87270170831346,4.722716482888271,2.707692179079058,,-1214742.6827545986,1.0,1214742.6827545986,1214742.6827545986,65.87270170831346,98.22415354264446,65.87270170831346,4.722716482888271,2.707692179079058,,-1214742.6827545986,1.0,54686.0,54686.0,2.9654959990802983,2.9221676171931565,2.9654959990802983,0.21261002618066627,0.12189647783622906,,54686.0,-21.21304689965619,-21.21304689965619,,,,,,,2017-02-28,2016-11-01,3
ablation_20260811T165312Z_69334f2b,one_step_201704,one_step_ex_ante_snapshot_vintage_sensitivity,ridge_recursive_b0,2008-01,2017-03,2017-04,2017-04,0.03131959994789213,pre-specified first grid configuration; no tuning; parameters={'model__alpha': 0.1},1.0,1490849.3723444776,1490849.3723444776,65.43008597374622,97.24326042295189,65.43008597374622,5.837039448291097,3.3399642460422085,,-1490849.3723444776,1.0,1490849.3723444776,1490849.3723444776,65.43008597374622,97.24326042295189,65.43008597374622,5.837039448291097,3.3399642460422085,,-1490849.3723444776,1.0,229300.0,229300.0,10.063470523642792,10.596666740607647,10.063470523642792,0.8977655089248605,0.5137030043572499,,-229300.0,-5.50174170233091,-5.50174170233091,,,,,,,2017-03-31,2016-12-01,3
ablation_20260811T165312Z_69334f2b,one_step_201705,one_step_ex_ante_snapshot_vintage_sensitivity,ridge_recursive_b0,2008-01,2017-04,2017-05,2017-05,0.030373799963854253,pre-specified first grid configuration; no tuning; parameters={'model__alpha': 0.1},1.0,1133581.3462570563,1133581.3462570563,36.62287785917588,44.83232092631491,36.62287785917588,4.462106241510474,2.5517578777549694,,-1133581.3462570563,1.0,1133581.3462570563,1133581.3462570563,36.62287785917588,44.83232092631491,36.62287785917588,4.462106241510474,2.5517578777549694,,-1133581.3462570563,1.0,345634.0,345634.0,11.166478530873762,11.826796899192976,11.166478530873762,1.3605160615694374,0.7780423392040896,,-345634.0,-2.2797159604004706,-2.2797159604004706,,,,,,,2017-04-30,2017-01-01,3
ablation_20260811T165312Z_69334f2b,one_step_201706,one_step_ex_ante_snapshot_vintage_sensitivity,ridge_recursive_b0,2008-01,2017-05,2017-06,2017-06,0.030028800014406443,pre-specified first grid configuration; no tuning; parameters={'model__alpha': 0.1},1.0,632873.3907549763,632873.3907549763,18.136132189133118,19.94473383574374,18.136132189133118,2.5081880935052,1.4316884608835379,,-632873.3907549763,1.0,632873.3907549763,632873.3907549763,18.136132189133118,19.94473383574374,18.136132189133118,2.5081880935052,1.4316884608835379,,-632873.3907549763,1.0,793423.0,793423.0,22.736971754702296,25.653371692645045,22.736971754702296,3.1444743147427525,1.7948843643821146,,-793423.0,0.2023505863140137,0.2023505863140137,,,,,,,2017-05-31,2017-02-01,3
ablation_20260811T165312Z_69334f2b,one_step_201707,one_step_ex_ante_snapshot_vintage_sensitivity,ridge_recursive_b0,2008-01,2017-06,2017-07,2017-07,0.03156240005046129,pre-specified first grid configuration; no tuning; parameters={'model__alpha': 0.1},1.0,1041712.9995886316,1041712.9995886316,20.69976122324845,23.089496549998376,20.69976122324845,4.161415424361342,2.3683747548751284,,-1041712.9995886316,1.0,1041712.9995886316,1041712.9995886316,20.69976122324845,23.089496549998376,20.69976122324845,4.161415424361342,2.3683747548751284,,-1041712.9995886316,1.0,1549944.0,1549944.0,30.79876196426102,36.40488961168907,30.79876196426102,6.191687029962553,3.5238575716342027,,-1549944.0,0.32790281481870853,0.32790281481870853,,,,,,,2017-06-30,2017-03-01,3
ablation_20260811T165312Z_69334f2b,one_step_201708,one_step_ex_ante_snapshot_vintage_sensitivity,ridge_recursive_b0,2008-01,2017-07,2017-08,2017-08,0.030049200053326786,pre-specified first grid configuration; no tuning; parameters={'model__alpha': 0.1},1.0,928726.7669213191,928726.7669213191,14.686009096323641,15.849865436179854,14.68600909632364,3.713179102658063,2.1192266360261427,,-928726.7669213191,1.0,928726.7669213191,928726.7669213191,14.686009096323641,15.849865436179854,14.68600909632364,3.713179102658063,2.1192266360261427,,-928726.7669213191,1.0,1758051.0,1758051.0,27.800160281143498,32.28825337646268,27.800160281143498,7.028933015731799,4.011630373315207,,-1758051.0,0.4717293372482828,0.4717293372482828,,,,,,,2017-07-31,2017-04-01,3
ablation_20260811T165312Z_69334f2b,one_step_201709,one_step_ex_ante_snapshot_vintage_sensitivity,ridge_recursive_b0,2008-01,2017-08,2017-09,2017-09,0.03215490002185106,pre-specified first grid configuration; no tuning; parameters={'model__alpha': 0.1},1.0,806024.2129327254,806024.2129327254,15.188265004513482,16.436472505259918,15.18826500451348,3.210458062998162,1.8426874480868607,,-806024.2129327254,1.0,806024.2129327254,806024.2129327254,15.188265004513482,16.436472505259918,15.18826500451348,3.210458062998162,1.8426874480868607,,-806024.2129327254,1.0,1291958.0,1291958.0,24.34492681963516,27.719013608718814,24.344926819635162,5.145970693688295,2.953602077775431,,-1291958.0,0.37612196918729135,0.37612196918729135,,,,,,,2017-08-31,2017-05-01,3
ablation_20260811T165312Z_69334f2b,one_step_201710,one_step_ex_ante_snapshot_vintage_sensitivity,ridge_recursive_b0,2008-01,2017-09,2017-10,2017-10,0.03037900000344962,pre-specified first grid configuration; no tuning; parameters={'model__alpha': 0.1},1.0,46014.15833103564,46014.15833103564,1.1757023958561483,1.1688314064316803,1.1757023958561483,0.17947686926382309,0.10403356837058658,,46014.15833103564,1.0,46014.15833103564,46014.15833103564,1.1757023958561483,1.1688314064316803,1.1757023958561483,0.17947686926382309,0.10403356837058658,,46014.15833103564,1.0,723425.0,723425.0,18.484147848653944,20.36642819850472,18.48414784865394,2.8216979046557507,1.6355940633978716,,-723425.0,0.936394016890437,0.936394016890437,,,,,,,2017-09-30,2017-06-01,3
ablation_20260811T165312Z_69334f2b,one_step_201711,one_step_ex_ante_snapshot_vintage_sensitivity,ridge_recursive_b0,2008-01,2017-10,2017-11,2017-11,0.030926099978387356,pre-specified first grid configuration; no tuning; parameters={'model__alpha': 0.1},1.0,909916.1307049515,909916.1307049515,39.6676905959705,33.10224294090764,39.6676905959705,3.383365091183289,1.9530663534661183,,909916.1307049515,1.0,909916.1307049515,909916.1307049515,39.6676905959705,33.10224294090764,39.6676905959705,3.383365091183289,1.9530663534661183,,909916.1307049515,1.0,414222.0,414222.0,18.057961145621306,19.850235008165864,18.05796114562131,1.5402125619141944,0.8890962845539102,,-414222.0,-1.1966871163408785,-1.1966871163408785,,,,,,,2017-10-31,2017-07-01,3
ablation_20260811T165312Z_69334f2b,one_step_201712,one_step_ex_ante_snapshot_vintage_sensitivity,ridge_recursive_b0,2008-01,2017-11,2017-12,2017-12,0.03497639996930957,pre-specified first grid configuration; no tuning; parameters={'model__alpha': 0.1},1.0,1223814.3933761455,1223814.3933761455,59.952020987180646,46.12545096553578,59.952020987180646,4.320515073588793,2.474063909130738,,1223814.3933761455,1.0,1223814.3933761455,1223814.3933761455,59.952020987180646,46.12545096553578,59.952020987180646,4.320515073588793,2.474063909130738,,1223814.3933761455,1.0,411852.0,411852.0,20.175738969286094,22.439395945400367,20.175738969286094,1.4539890883116784,0.8326002493665179,,-411852.0,-1.9714907135964994,-1.9714907135964994,,,,,,,2017-11-30,2017-08-01,3
ablation_20260811T165312Z_69334f2b,one_step_201801,one_step_ex_ante_snapshot_vintage_sensitivity,ridge_recursive_b0,2008-01,2017-12,2018-01,2018-01,0.03169410000555217,pre-specified first grid configuration; no tuning; parameters={'model__alpha': 0.1},1.0,1134133.1591399568,1134133.1591399568,55.44958807064234,43.41333136564561,55.44958807064234,3.8725687081446316,2.2317308067752513,,1134133.1591399568,1.0,1134133.1591399568,1134133.1591399568,55.44958807064234,43.41333136564561,55.44958807064234,3.8725687081446316,2.2317308067752513,,1134133.1591399568,1.0,476997.0,476997.0,23.321147916166545,26.399478648526365,23.321147916166545,1.6287361331359433,0.938627789039018,,-476997.0,-1.377652603978551,-1.377652603978551,,,,,,,2017-12-31,2017-09-01,3
ablation_20260811T165312Z_69334f2b,one_step_201802,one_step_ex_ante_snapshot_vintage_sensitivity,ridge_recursive_b0,2008-01,2018-01,2018-02,2018-02,0.04265999991912395,pre-specified first grid configuration; no tuning; parameters={'model__alpha': 0.1},1.0,1238808.2255823673,1238808.2255823673,68.56282608814634,51.05905913102284,68.56282608814634,4.172122514941774,2.4259908023773593,,1238808.2255823673,1.0,1238808.2255823673,1238808.2255823673,68.56282608814634,51.05905913102284,68.56282608814634,4.172122514941774,2.4259908023773593,,1238808.2255823673,1.0,374480.0,374480.0,20.72589330880408,23.12201543361188,20.72589330880408,1.2611931428376801,0.7333540550614217,,-374480.0,-2.30807579999564,-2.30807579999564,,,,,,,2018-01-31,2017-10-01,3
ablation_20260811T165312Z_69334f2b,one_step_201803,one_step_ex_ante_snapshot_vintage_sensitivity,ridge_recursive_b0,2008-01,2018-02,2018-03,2018-03,0.03216229996178299,pre-specified first grid configuration; no tuning; parameters={'model__alpha': 0.1},1.0,1088947.957899278,1088947.957899278,47.97087416005232,38.690732790730586,47.97087416005232,3.653925244699465,2.135931559954502,,1088947.957899278,1.0,1088947.957899278,1088947.957899278,47.97087416005232,38.690732790730586,47.97087416005232,3.653925244699465,2.135931559954502,,1088947.957899278,1.0,425943.0,425943.0,18.763851756306885,20.706522333587337,18.763851756306885,1.429236235958835,0.8354716034334589,,-425943.0,-1.5565579382670407,-1.5565579382670407,,,,,,,2018-02-28,2017-11-01,3
ablation_20260811T165312Z_69334f2b,one_step_201804,one_step_ex_ante_snapshot_vintage_sensitivity,ridge_recursive_b0,2008-01,2018-03,2018-04,2018-04,0.03098179993685335,pre-specified first grid configuration; no tuning; parameters={'model__alpha': 0.1},1.0,769710.0738091352,769710.0738091352,26.81385027878219,23.643926723015074,26.813850278782194,2.5736321963462085,1.5121922490099158,,769710.0738091352,1.0,769710.0738091352,769710.0738091352,26.81385027878219,23.643926723015074,26.813850278782194,2.5736321963462085,1.5121922490099158,,769710.0738091352,1.0,592031.0,592031.0,20.62416893654185,22.995482517648206,20.62416893654185,1.9795376138118026,1.1631193612201416,,-592031.0,-0.3001178549926191,-0.3001178549926191,,,,,,,2018-03-31,2017-12-01,3
ablation_20260811T165312Z_69334f2b,one_step_201805,one_step_ex_ante_snapshot_vintage_sensitivity,ridge_recursive_b0,2008-01,2018-04,2018-05,2018-05,0.029545300058089197,pre-specified first grid configuration; no tuning; parameters={'model__alpha': 0.1},1.0,818225.575894733,818225.575894733,21.586080866253134,19.483246223649086,21.586080866253134,2.720999689799839,1.608405984276349,,818225.575894733,1.0,818225.575894733,818225.575894733,21.586080866253134,19.483246223649086,21.586080866253134,2.720999689799839,1.608405984276349,,818225.575894733,1.0,695242.0,695242.0,18.34158021423951,20.193482070218067,18.34158021423951,2.312019230475874,1.3666541675838804,,-695242.0,-0.17689319099641998,-0.17689319099641998,,,,,,,2018-04-30,2018-01-01,3
ablation_20260811T165312Z_69334f2b,one_step_201806,one_step_ex_ante_snapshot_vintage_sensitivity,ridge_recursive_b0,2008-01,2018-05,2018-06,2018-06,0.030024100095033646,pre-specified first grid configuration; no tuning; parameters={'model__alpha': 0.1},1.0,509576.7706599571,509576.7706599571,11.563172852806467,10.931177384876394,11.563172852806469,1.690820683049434,1.0037799140042099,,509576.7706599571,1.0,509576.7706599571,509576.7706599571,11.563172852806467,10.931177384876394,11.563172852806469,1.690820683049434,1.0037799140042099,,509576.7706599571,1.0,917322.0,917322.0,20.815612991825986,23.233735192426586,20.81561299182599,3.0437553277939355,1.8069689422491686,,-917322.0,0.444495203799803,0.444495203799803,,,,,,,2018-05-31,2018-02-01,3
ablation_20260811T165312Z_69334f2b,one_step_201807,one_step_ex_ante_snapshot_vintage_sensitivity,ridge_recursive_b0,2008-01,2018-06,2018-07,2018-07,0.030143899959512055,pre-specified first grid configuration; no tuning; parameters={'model__alpha': 0.1},1.0,48561.31649528816,48561.31649528816,0.850018011548942,0.8536460842845925,0.8500180115489419,0.16053297646934608,0.09578537447295035,,-48561.31649528816,1.0,48561.31649528816,48561.31649528816,0.850018011548942,0.8536460842845925,0.8500180115489419,0.16053297646934608,0.09578537447295035,,-48561.31649528816,1.0,680487.0,680487.0,11.911254644033974,12.665568714907863,11.911254644033976,2.2495395809398078,1.342235071516213,,-680487.0,0.9286374074812771,0.9286374074812771,,,,,,,2018-06-30,2018-03-01,3
ablation_20260811T165312Z_69334f2b,one_step_201808,one_step_ex_ante_snapshot_vintage_sensitivity,ridge_recursive_b0,2008-01,2018-07,2018-08,2018-08,0.03067210002336651,pre-specified first grid configuration; no tuning; parameters={'model__alpha': 0.1},1.0,219514.00879567582,219514.00879567582,3.112599705600547,3.1618069017584425,3.1125997056005468,0.719515982107241,0.4322819098806525,,-219514.00879567582,1.0,219514.00879567582,219514.00879567582,3.112599705600547,3.1618069017584425,3.1125997056005468,0.719515982107241,0.4322819098806525,,-219514.00879567582,1.0,728545.0,728545.0,10.330406541969275,10.893054973785393,10.330406541969275,2.3880014494758117,1.4347003444647761,,-728545.0,0.698695332758202,0.698695332758202,,,,,,,2018-07-31,2018-04-01,3
ablation_20260811T165312Z_69334f2b,one_step_201809,one_step_ex_ante_snapshot_vintage_sensitivity,ridge_recursive_b0,2008-01,2018-08,2018-09,2018-09,0.030155899934470654,pre-specified first grid configuration; no tuning; parameters={'model__alpha': 0.1},1.0,118947.85924565047,118947.85924565047,1.9754327678237724,1.9951390834326663,1.9754327678237724,0.385520473830954,0.23333906987180247,,-118947.85924565047,1.0,118947.85924565047,118947.85924565047,1.9754327678237724,1.9951390834326663,1.9754327678237724,0.385520473830954,0.23333906987180247,,-118947.85924565047,1.0,714469.0,714469.0,11.865581130632181,12.613939758541592,11.865581130632181,2.3156568698616566,1.4015681574221606,,-714469.0,0.8335157169231269,0.8335157169231269,,,,,,,2018-08-31,2018-05-01,3
ablation_20260811T165312Z_69334f2b,one_step_201810,one_step_ex_ante_snapshot_vintage_sensitivity,ridge_recursive_b0,2008-01,2018-09,2018-10,2018-10,0.02980369993019849,pre-specified first grid configuration; no tuning; parameters={'model__alpha': 0.1},1.0,156382.97279636376,156382.97279636376,3.2637997227213735,3.2113930047294468,3.2637997227213735,0.4982276054671009,0.3038073397851001,,156382.97279636376,1.0,156382.97279636376,156382.97279636376,3.2637997227213735,3.2113930047294468,3.2637997227213735,0.4982276054671009,0.3038073397851001,,156382.97279636376,1.0,877680.0,877680.0,18.31767032826673,20.164504012430275,18.31767032826673,2.79624051741094,1.705080938254083,,-877680.0,0.8218223352516136,0.8218223352516136,,,,,,,2018-09-30,2018-06-01,3
ablation_20260811T165312Z_69334f2b,one_step_201811,one_step_ex_ante_snapshot_vintage_sensitivity,ridge_recursive_b0,2008-01,2018-10,2018-11,2018-11,0.03003809996880591,pre-specified first grid configuration; no tuning; parameters={'model__alpha': 0.1},1.0,537458.3933751518,537458.3933751518,20.058758737904164,18.230366155790854,20.058758737904164,1.695096865247775,1.04075008408278,,537458.3933751518,1.0,537458.3933751518,537458.3933751518,20.058758737904164,18.230366155790854,20.058758737904164,1.695096865247775,1.04075008408278,,537458.3933751518,1.0,385573.0,385573.0,14.390166528577081,15.505823435580675,14.39016652857708,1.2160635905595987,0.7466347853459762,,-385573.0,-0.3939212376778245,-0.3939212376778245,,,,,,,2018-10-31,2018-07-01,3
ablation_20260811T165312Z_69334f2b,one_step_201812,one_step_ex_ante_snapshot_vintage_sensitivity,ridge_recursive_b0,2008-01,2018-11,2018-12,2018-12,0.03008519997820258,pre-specified first grid configuration; no tuning; parameters={'model__alpha': 0.1},1.0,173528.80882679624,173528.80882679624,7.956821524273734,7.652378475447101,7.956821524273734,0.5412395200021394,0.33460103487745485,,173528.80882679624,1.0,173528.80882679624,173528.80882679624,7.956821524273734,7.652378475447101,7.956821524273734,0.5412395200021394,0.33460103487745485,,173528.80882679624,1.0,139558.0,139558.0,6.39915703791266,6.610670635525901,6.39915703791266,0.4352839476230796,0.26909797595646856,,-139558.0,-0.24341713715298474,-0.24341713715298474,,,,,,,2018-11-30,2018-08-01,3
ablation_20260811T165312Z_69334f2b,one_step_201901,one_step_ex_ante_snapshot_vintage_sensitivity,ridge_recursive_b0,2008-01,2018-12,2019-01,2019-01,0.03108809993136674,pre-specified first grid configuration; no tuning; parameters={'model__alpha': 0.1},1.0,194152.31334544532,194152.31334544532,8.720898344933149,9.118506171844665,8.72089834493315,0.5992725429576915,0.37293927391654463,,-194152.31334544532,1.0,194152.31334544532,194152.31334544532,8.720898344933149,9.118506171844665,8.72089834493315,0.5992725429576915,0.37293927391654463,,-194152.31334544532,1.0,180947.0,180947.0,8.127744478701768,8.472037248553187,8.127744478701768,0.558512885899174,0.347573725157265,,-180947.0,-0.07297890180796207,-0.07297890180796207,,,,,,,2018-12-31,2018-09-01,3
ablation_20260811T165312Z_69334f2b,one_step_201902,one_step_ex_ante_snapshot_vintage_sensitivity,ridge_recursive_b0,2008-01,2019-01,2019-02,2019-02,0.03179779998026788,pre-specified first grid configuration; no tuning; parameters={'model__alpha': 0.1},1.0,1021.2227160986513,1021.2227160986513,0.05250618476905409,0.05251997288605619,0.05250618476905409,0.0031071146426985274,0.001946489341763388,,-1021.2227160986513,1.0,1021.2227160986513,1021.2227160986513,0.05250618476905409,0.05251997288605619,0.05250618476905409,0.0031071146426985274,0.001946489341763388,,-1021.2227160986513,1.0,138135.0,138135.0,7.102213570788455,7.363706657561653,7.102213570788455,0.4202817606807913,0.26329056432633413,,-138135.0,0.9926070676070609,0.9926070676070609,,,,,,,2019-01-31,2018-10-01,3
ablation_20260811T165312Z_69334f2b,one_step_201903,one_step_ex_ante_snapshot_vintage_sensitivity,ridge_recursive_b0,2008-01,2019-02,2019-03,2019-03,0.03385750006418675,pre-specified first grid configuration; no tuning; parameters={'model__alpha': 0.1},1.0,5761.496996236034,5761.496996236034,0.23296217314361153,0.23323384646222392,0.2329621731436115,0.01750414059374659,0.011002914399121494,,-5761.496996236034,1.0,5761.496996236034,5761.496996236034,0.23296217314361153,0.23323384646222392,0.2329621731436115,0.01750414059374659,0.011002914399121494,,-5761.496996236034,1.0,203128.0,203128.0,8.213341139851371,8.56508079202794,8.213341139851371,0.6171279917093433,0.3879200141082897,,-203128.0,0.9716361260080538,0.9716361260080538,,,,,,,2019-02-28,2018-11-01,3
ablation_20260811T165312Z_69334f2b,one_step_201904,one_step_ex_ante_snapshot_vintage_sensitivity,ridge_recursive_b0,2008-01,2019-03,2019-04,2019-04,0.04909850005060434,pre-specified first grid configuration; no tuning; parameters={'model__alpha': 0.1},1.0,438124.497741499,438124.497741499,13.413660709433032,14.377966533277895,13.413660709433032,1.3374964665116673,0.8399578552933956,,-438124.497741499,1.0,438124.497741499,438124.497741499,13.413660709433032,14.377966533277895,13.413660709433032,1.3374964665116673,0.8399578552933956,,-438124.497741499,1.0,395687.0,395687.0,12.11439029886206,12.895495634957816,12.11439029886206,1.207944242042491,0.7585980825102736,,-395687.0,-0.10725016930427067,-0.10725016930427067,,,,,,,2019-03-31,2018-12-01,3
ablation_20260811T165312Z_69334f2b,one_step_201905,one_step_ex_ante_snapshot_vintage_sensitivity,ridge_recursive_b0,2008-01,2019-04,2019-05,2019-05,0.032742700073868036,pre-specified first grid configuration; no tuning; parameters={'model__alpha': 0.1},1.0,347405.6254095277,347405.6254095277,8.232678783790172,8.586112306911941,8.232678783790172,1.064489776452077,0.6684689009577905,,-347405.6254095277,1.0,347405.6254095277,347405.6254095277,8.232678783790172,8.586112306911941,8.232678783790172,1.064489776452077,0.6684689009577905,,-347405.6254095277,1.0,429313.0,429313.0,10.173686803542411,10.718942629427064,10.173686803542411,1.3154631530771903,0.8260729484117945,,-429313.0,0.19078708212998985,0.19078708212998985,,,,,,,2019-04-30,2019-01-01,3
ablation_20260811T165312Z_69334f2b,one_step_201906,one_step_ex_ante_snapshot_vintage_sensitivity,ridge_recursive_b0,2008-01,2019-05,2019-06,2019-06,0.033541299984790385,pre-specified first grid configuration; no tuning; parameters={'model__alpha': 0.1},1.0,848495.5065681143,848495.5065681143,16.08140296851031,17.48752244533154,16.08140296851031,2.6122343313387097,1.6389073037260882,,-848495.5065681143,1.0,848495.5065681143,848495.5065681143,16.08140296851031,17.48752244533154,16.08140296851031,2.6122343313387097,1.6389073037260882,,-848495.5065681143,1.0,869359.0,869359.0,16.476825504766357,17.95612521425111,16.476825504766357,2.676466060785183,1.6792060813885175,,-869359.0,0.023998708740446406,0.023998708740446406,,,,,,,2019-05-31,2019-02-01,3
ablation_20260811T165312Z_69334f2b,one_step_201907,one_step_ex_ante_snapshot_vintage_sensitivity,ridge_recursive_b0,2008-01,2019-06,2019-07,2019-07,0.031176400021649897,pre-specified first grid configuration; no tuning; parameters={'model__alpha': 0.1},1.0,1182466.6643242352,1182466.6643242352,17.640738863072457,19.347236606564895,17.640738863072457,3.6515419699558462,2.2918836552848583,,-1182466.6643242352,1.0,1182466.6643242352,1182466.6643242352,17.640738863072457,19.347236606564895,17.640738863072457,3.6515419699558462,2.2918836552848583,,-1182466.6643242352,1.0,990070.0,990070.0,14.770451339652352,15.94826683591038,14.770451339652352,3.057407254910034,1.9189760853720608,,-990070.0,-0.19432632472879208,-0.19432632472879208,,,,,,,2019-06-30,2019-03-01,3
ablation_20260811T165312Z_69334f2b,one_step_201908,one_step_ex_ante_snapshot_vintage_sensitivity,ridge_recursive_b0,2008-01,2019-07,2019-08,2019-08,0.03278679994400591,pre-specified first grid configuration; no tuning; parameters={'model__alpha': 0.1},1.0,1239740.5832067626,1239740.5832067626,15.179598552821517,16.42632353783717,15.179598552821517,3.821568880869569,2.4068933787142357,,-1239740.5832067626,1.0,1239740.5832067626,1239740.5832067626,15.179598552821517,16.42632353783717,15.179598552821517,3.821568880869569,2.4068933787142357,,-1239740.5832067626,1.0,1114717.0,1114717.0,13.648788132947235,14.648456531299182,13.648788132947233,3.436176774303282,2.164166441579438,,-1114717.0,-0.11215724099189539,-0.11215724099189539,,,,,,,2019-07-31,2019-04-01,3
ablation_20260811T165312Z_69334f2b,one_step_201909,one_step_ex_ante_snapshot_vintage_sensitivity,ridge_recursive_b0,2008-01,2019-08,2019-09,2019-09,0.03475840005557984,pre-specified first grid configuration; no tuning; parameters={'model__alpha': 0.1},1.0,676083.5736415833,676083.5736415833,10.028281503587312,10.557657300738352,10.028281503587312,2.078687324998571,1.3141877647516336,,-676083.5736415833,1.0,676083.5736415833,676083.5736415833,10.028281503587312,10.557657300738352,10.028281503587312,2.078687324998571,1.3141877647516336,,-676083.5736415833,1.0,720412.0,720412.0,10.685800714916219,11.28895852003655,10.685800714916219,2.2149795551322717,1.4003544426922643,,-720412.0,0.06153204882541752,0.06153204882541752,,,,,,,2019-08-31,2019-05-01,3
ablation_20260811T165312Z_69334f2b,one_step_201910,one_step_ex_ante_snapshot_vintage_sensitivity,ridge_recursive_b0,2008-01,2019-09,2019-10,2019-10,0.031511500012129545,pre-specified first grid configuration; no tuning; parameters={'model__alpha': 0.1},1.0,342691.6247259192,342691.6247259192,6.30238166195529,6.507443628920885,6.302381661955291,1.0398339352665225,0.6612805565485519,,-342691.6247259192,1.0,342691.6247259192,342691.6247259192,6.30238166195529,6.507443628920885,6.302381661955291,1.0398339352665225,0.6612805565485519,,-342691.6247259192,1.0,646055.0,646055.0,11.881484374971265,12.631913807627834,11.881484374971265,1.960333619433807,1.2466707066525573,,-646055.0,0.46956276984789347,0.46956276984789347,,,,,,,2019-09-30,2019-06-01,3
ablation_20260811T165312Z_69334f2b,one_step_201911,one_step_ex_ante_snapshot_vintage_sensitivity,ridge_recursive_b0,2008-01,2019-10,2019-11,2019-11,0.030561599996872246,pre-specified first grid configuration; no tuning; parameters={'model__alpha': 0.1},1.0,411271.76455521584,411271.76455521584,13.683894137188904,12.807604609080737,13.683894137188904,1.2285400491037766,0.7854647662225819,,411271.76455521584,1.0,411271.76455521584,411271.76455521584,13.683894137188904,12.807604609080737,13.683894137188904,1.2285400491037766,0.7854647662225819,,411271.76455521584,1.0,326097.0,326097.0,10.849946947563431,11.472317107471904,10.849946947563431,0.9741082634881637,0.6227942833563941,,-326097.0,-0.2611945665100135,-0.2611945665100135,,,,,,,2019-10-31,2019-07-01,3
ablation_20260811T165312Z_69334f2b,one_step_201912,one_step_ex_ante_snapshot_vintage_sensitivity,ridge_recursive_b0,2008-01,2019-11,2019-12,2019-12,0.03273989993613213,pre-specified first grid configuration; no tuning; parameters={'model__alpha': 0.1},1.0,234915.50702405442,234915.50702405442,9.794965870989945,9.337655772935182,9.794965870989945,0.6891887421022254,0.4425865078186997,,234915.50702405442,1.0,234915.50702405442,234915.50702405442,9.794965870989945,9.337655772935182,9.794965870989945,0.6891887421022254,0.4425865078186997,,234915.50702405442,1.0,217448.0,217448.0,9.066645985600807,9.497184012089422,9.066645985600807,0.6379430438251118,0.4096773013043624,,-217448.0,-0.08032958235557208,-0.08032958235557208,,,,,,,2019-11-30,2019-08-01,3
ablation_20260811T165312Z_69334f2b,one_step_202001,one_step_ex_ante_snapshot_vintage_sensitivity,ridge_recursive_b0,2008-01,2019-12,2020-01,2020-01,0.03383859992027283,pre-specified first grid configuration; no tuning; parameters={'model__alpha': 0.1},1.0,71973.3537410777,71973.3537410777,2.8454455320868712,2.8865126040493956,2.8454455320868712,0.2093463992819841,0.1351590593320932,,-71973.3537410777,1.0,71973.3537410777,71973.3537410777,2.8454455320868712,2.8865126040493956,2.8454455320868712,0.2093463992819841,0.1351590593320932,,-71973.3537410777,1.0,303135.0,303135.0,11.98435374391709,12.748251523273806,11.98435374391709,0.8817182672165141,0.5692584730458411,,-303135.0,0.7625699647316289,0.7625699647316289,,,,,,,2019-12-31,2019-09-01,3
ablation_20260811T165312Z_69334f2b,one_step_202002,one_step_ex_ante_snapshot_vintage_sensitivity,ridge_recursive_b0,2008-01,2020-01,2020-02,2020-02,0.03157459991052747,pre-specified first grid configuration; no tuning; parameters={'model__alpha': 0.1},1.0,352476.1785626658,352476.1785626658,17.17784627213915,15.819151508311855,17.17784627213915,1.018348405126319,0.6607182947493072,,352476.1785626658,1.0,352476.1785626658,352476.1785626658,17.17784627213915,15.819151508311855,17.17784627213915,1.018348405126319,0.6607182947493072,,352476.1785626658,1.0,106966.0,106966.0,5.212963644347278,5.352474930445748,5.212963644347278,0.30903834678114483,0.20050828230251416,,-106966.0,-2.295216971399004,-2.295216971399004,,,,,,,2020-01-31,2019-10-01,3
ablation_20260811T165312Z_69334f2b,one_step_202003,one_step_ex_ante_snapshot_vintage_sensitivity,ridge_recursive_b0,2008-01,2020-02,2020-03,2020-03,0.03102660004515201,pre-specified first grid configuration; no tuning; parameters={'model__alpha': 0.1},1.0,1803678.466025442,1803678.466025442,170.46904981772835,92.02876726225823,170.46904981772835,5.213358762618937,3.3891158481315955,,1803678.466025442,1.0,1803678.466025442,1803678.466025442,170.46904981772835,92.02876726225823,170.46904981772835,5.213358762618937,3.3891158481315955,,1803678.466025442,1.0,1415079.0,1415079.0,133.7417821916928,80.14686163261088,133.74178219169278,4.090149460343993,2.6589365874208766,,1415079.0,-0.2746132661324505,-0.2746132661324505,,,,,,,2020-02-29,2019-11-01,3
ablation_20260811T165312Z_69334f2b,one_step_202004,one_step_ex_ante_snapshot_vintage_sensitivity,ridge_recursive_b0,2008-01,2020-03,2020-04,2020-04,0.031424099928699434,pre-specified first grid configuration; no tuning; parameters={'model__alpha': 0.1},0.0,,,,,,,,,,0.0,,,,,,,,,,0.0,,,,,,,,,,,,,,,,,,2020-03-31,2019-12-01,3
ablation_20260811T165312Z_69334f2b,one_step_202005,one_step_ex_ante_snapshot_vintage_sensitivity,ridge_recursive_b0,2008-01,2020-04,2020-05,2020-05,0.03161930001806468,pre-specified first grid configuration; no tuning; parameters={'model__alpha': 0.1},0.0,,,,,,,,,,0.0,,,,,,,,,,0.0,,,,,,,,,,,,,,,,,,2020-04-30,2020-01-01,3
ablation_20260811T165312Z_69334f2b,one_step_202006,one_step_ex_ante_snapshot_vintage_sensitivity,ridge_recursive_b0,2008-01,2020-05,2020-06,2020-06,0.03194419993087649,pre-specified first grid configuration; no tuning; parameters={'model__alpha': 0.1},0.0,,,,,,,,,,0.0,,,,,,,,,,0.0,,,,,,,,,,,,,,,,,,2020-05-31,2020-02-01,3
ablation_20260811T165312Z_69334f2b,one_step_202007,one_step_ex_ante_snapshot_vintage_sensitivity,ridge_recursive_b0,2008-01,2020-06,2020-07,2020-07,0.03142899996601045,pre-specified first grid configuration; no tuning; parameters={'model__alpha': 0.1},1.0,3936278.309452858,3936278.309452858,506.5714908251999,143.38860183378716,506.5714908251999,11.219199194142307,7.299542989249202,,3936278.309452858,1.0,3936278.309452858,3936278.309452858,506.5714908251999,143.38860183378716,506.5714908251999,11.219199194142307,7.299542989249202,,3936278.309452858,1.0,5926002.0,5926002.0,762.6350150506472,158.44738724998956,762.6350150506471,16.89031913806092,10.989341442015435,,5926002.0,0.3357615624407724,0.3357615624407724,,,,,,,2020-06-30,2020-03-01,3
ablation_20260811T165312Z_69334f2b,one_step_202008,one_step_ex_ante_snapshot_vintage_sensitivity,ridge_recursive_b0,2008-01,2020-07,2020-08,2020-08,0.031021300004795194,pre-specified first grid configuration; no tuning; parameters={'model__alpha': 0.1},1.0,3513328.698450746,3513328.698450746,160.2125706741635,88.95445840455498,160.2125706741635,10.013706197490535,6.5152135732162995,,3513328.698450746,1.0,3513328.698450746,3513328.698450746,160.2125706741635,88.95445840455498,160.2125706741635,10.013706197490535,6.5152135732162995,,3513328.698450746,1.0,5974233.0,5974233.0,272.43315638485177,115.33193752511445,272.43315638485177,17.027787364083764,11.078782337764348,,5974233.0,0.4119197061027339,0.4119197061027339,,,,,,,2020-07-31,2020-04-01,3
ablation_20260811T165312Z_69334f2b,one_step_202009,one_step_ex_ante_snapshot_vintage_sensitivity,ridge_recursive_b0,2008-01,2020-08,2020-09,2020-09,0.03235759993549436,pre-specified first grid configuration; no tuning; parameters={'model__alpha': 0.1},1.0,1908287.8877154533,1908287.8877154533,72.44292422221793,53.18025742751894,72.44292422221791,5.439011230642543,3.5387816554512685,,1908287.8877154533,1.0,1908287.8877154533,1908287.8877154533,72.44292422221793,53.18025742751894,72.44292422221791,5.439011230642543,3.5387816554512685,,1908287.8877154533,1.0,4107574.0,4107574.0,155.932799204311,87.61923573938637,155.93279920431098,11.707426987571292,7.617198439073276,,4107574.0,0.5354221524151596,0.5354221524151596,,,,,,,2020-08-31,2020-05-01,3
ablation_20260811T165312Z_69334f2b,one_step_202010,one_step_ex_ante_snapshot_vintage_sensitivity,ridge_recursive_b0,2008-01,2020-09,2020-10,2020-10,0.032108800020068884,pre-specified first grid configuration; no tuning; parameters={'model__alpha': 0.1},1.0,1454719.044459328,1454719.044459328,61.76825697752339,47.193084211755355,61.76825697752339,4.146247152318391,2.6976710911953776,,1454719.044459328,1.0,1454719.044459328,1454719.044459328,61.76825697752339,47.193084211755355,61.76825697752339,4.146247152318391,2.6976710911953776,,1454719.044459328,1.0,3082370.0,3082370.0,130.8793082657219,79.10999871930075,130.8793082657219,8.785385661629011,5.716031884671169,,3082370.0,0.5280517768926741,0.5280517768926741,,,,,,,2020-09-30,2020-06-01,3
ablation_20260811T165312Z_69334f2b,one_step_202011,one_step_ex_ante_snapshot_vintage_sensitivity,ridge_recursive_b0,2008-01,2020-10,2020-11,2020-11,0.030387500068172812,pre-specified first grid configuration; no tuning; parameters={'model__alpha': 0.1},1.0,113491.24296222604,113491.24296222604,8.987575833056244,9.41046203905685,8.987575833056246,0.28963245670401394,0.1534689750021018,,-113491.24296222604,1.0,113491.24296222604,113491.24296222604,8.987575833056244,9.41046203905685,8.987575833056246,0.28963245670401394,0.1534689750021018,,-113491.24296222604,1.0,1742760.0,1742760.0,138.01230165423752,81.66111172806619,138.01230165423752,4.447566588141867,2.3566539927991017,,1742760.0,0.9348784439841251,0.9348784439841251,,,,,,,2020-10-31,2020-07-01,3
ablation_20260811T165312Z_69334f2b,one_step_202012,one_step_ex_ante_snapshot_vintage_sensitivity,ridge_recursive_b0,2008-01,2020-11,2020-12,2020-12,0.045979700051248074,pre-specified first grid configuration; no tuning; parameters={'model__alpha': 0.1},1.0,323396.00989878527,323396.00989878527,33.518931060304276,40.26755867653133,33.518931060304276,0.7475755373242662,0.36080203550900425,,-323396.00989878527,1.0,323396.00989878527,323396.00989878527,33.518931060304276,40.26755867653133,33.518931060304276,0.7475755373242662,0.36080203550900425,,-323396.00989878527,1.0,1433513.0,1433513.0,148.57890001824182,85.24836128088441,148.57890001824182,3.3137676979122994,1.5993221700245903,,1433513.0,0.7744031551169852,0.7744031551169852,,,,,,,2020-11-30,2020-08-01,3
ablation_20260811T165312Z_69334f2b,one_step_202101,one_step_ex_ante_snapshot_vintage_sensitivity,ridge_recursive_b0,2008-01,2020-12,2021-01,2021-01,0.03414380003232509,pre-specified first grid configuration; no tuning; parameters={'model__alpha': 0.1},1.0,448147.74685519096,448147.74685519096,53.99812838343273,42.518524626226984,53.998128383432736,0.9758818091863939,0.46726709630100666,,448147.74685519096,1.0,448147.74685519096,448147.74685519096,53.99812838343273,42.518524626226984,53.998128383432736,0.9758818091863939,0.46726709630100666,,448147.74685519096,1.0,1699491.0,1699491.0,204.77472853197614,101.17960144134811,204.7747285319761,3.70079368559651,1.7719964684242744,,1699491.0,0.7363047248527994,0.7363047248527994,,,,,,,2020-12-31,2020-09-01,3
ablation_20260811T165312Z_69334f2b,one_step_202102,one_step_ex_ante_snapshot_vintage_sensitivity,ridge_recursive_b0,2008-01,2021-01,2021-02,2021-02,0.040660500060766935,pre-specified first grid configuration; no tuning; parameters={'model__alpha': 0.1},1.0,383104.80122776283,383104.80122776283,52.68753987998818,41.70173163663842,52.68753987998818,0.8013153188103412,0.38668379338385445,,383104.80122776283,1.0,383104.80122776283,383104.80122776283,52.68753987998818,41.70173163663842,52.68753987998818,0.8013153188103412,0.38668379338385445,,383104.80122776283,1.0,1324797.0,1324797.0,182.19634561272738,95.34175180070592,182.19634561272736,2.7709914545885703,1.3371733472977068,,1324797.0,0.710819996401137,0.710819996401137,,,,,,,2021-01-31,2020-10-01,3
ablation_20260811T165312Z_69334f2b,one_step_202103,one_step_ex_ante_snapshot_vintage_sensitivity,ridge_recursive_b0,2008-01,2021-02,2021-03,2021-03,0.03215220000129193,pre-specified first grid configuration; no tuning; parameters={'model__alpha': 0.1},1.0,308283.94081740733,308283.94081740733,29.54578213354156,34.66711766169267,29.54578213354156,0.6328598921876358,0.3088624280935091,,-308283.94081740733,1.0,308283.94081740733,308283.94081740733,29.54578213354156,34.66711766169267,29.54578213354156,0.6328598921876358,0.3088624280935091,,-308283.94081740733,1.0,14657.0,14657.0,1.4047197125581385,1.3949223380295497,1.4047197125581385,0.030088584618451254,0.014684503502074555,,14657.0,-20.033222406864116,-20.033222406864116,,,,,,,2021-02-28,2020-11-01,3
ablation_20260811T165312Z_69334f2b,one_step_202104,one_step_ex_ante_snapshot_vintage_sensitivity,ridge_recursive_b0,2008-01,2021-03,2021-04,2021-04,0.03197579993866384,pre-specified first grid configuration; no tuning; parameters={'model__alpha': 0.1},1.0,390262.98450042726,390262.98450042726,33.08541513718035,28.389090855563158,33.08541513718035,0.7902616563252254,0.3895301670162797,,390262.98450042726,1.0,390262.98450042726,390262.98450042726,33.08541513718035,28.389090855563158,33.08541513718035,0.7902616563252254,0.3895301670162797,,390262.98450042726,1.0,2086694.0,2086694.0,176.90413899396555,93.87221879078271,176.90413899396555,4.225443667927734,2.0827757041123607,,2086694.0,0.8129754604650096,0.8129754604650096,,,,,,,2021-03-31,2020-12-01,3
ablation_20260811T165312Z_69334f2b,one_step_202105,one_step_ex_ante_snapshot_vintage_sensitivity,ridge_recursive_b0,2008-01,2021-04,2021-05,2021-05,0.031286099925637245,pre-specified first grid configuration; no tuning; parameters={'model__alpha': 0.1},1.0,1525084.8398098694,1525084.8398098694,148.7076647769528,85.29073478902284,148.7076647769528,3.036017519138729,1.512256888824462,,1525084.8398098694,1.0,1525084.8398098694,1525084.8398098694,148.7076647769528,85.29073478902284,148.7076647769528,3.036017519138729,1.512256888824462,,1525084.8398098694,1.0,3194278.0,3194278.0,311.4670145744906,121.79358812947584,311.4670145744906,6.358914413055503,3.167409959253576,,3194278.0,0.5225572602604189,0.5225572602604189,,,,,,,2021-04-30,2021-01-01,3
ablation_20260811T165312Z_69334f2b,one_step_202106,one_step_ex_ante_snapshot_vintage_sensitivity,ridge_recursive_b0,2008-01,2021-05,2021-06,2021-06,0.03146609989926219,pre-specified first grid configuration; no tuning; parameters={'model__alpha': 0.1},1.0,689334.9281806392,689334.9281806392,37.039331712811105,31.25163359613815,37.03933171281111,1.3567389212267444,0.6818089149180987,,689334.9281806392,1.0,689334.9281806392,689334.9281806392,37.039331712811105,31.25163359613815,37.03933171281111,1.3567389212267444,0.6818089149180987,,689334.9281806392,1.0,3415164.0,3415164.0,183.5035293852148,95.69848271247196,183.5035293852148,6.721675823683513,3.3778779602143945,,3415164.0,0.798154663090663,0.798154663090663,,,,,,,2021-05-31,2021-02-01,3
ablation_20260811T165312Z_69334f2b,one_step_202107,one_step_ex_ante_snapshot_vintage_sensitivity,ridge_recursive_b0,2008-01,2021-06,2021-07,2021-07,0.032101400080136955,pre-specified first grid configuration; no tuning; parameters={'model__alpha': 0.1},1.0,550738.7522705989,550738.7522705989,14.74324814432319,13.731046979800404,14.743248144323188,1.0913159134562014,0.5466268189590523,,550738.7522705989,1.0,550738.7522705989,550738.7522705989,14.74324814432319,13.731046979800404,14.743248144323188,1.0913159134562014,0.5466268189590523,,550738.7522705989,1.0,2958489.0,2958489.0,79.19859875380536,131.12198689218462,79.19859875380534,5.862391400957322,2.9364002883907485,,-2958489.0,0.8138445834104507,0.8138445834104507,,,,,,,2021-06-30,2021-03-01,3
ablation_20260811T165312Z_69334f2b,one_step_202108,one_step_ex_ante_snapshot_vintage_sensitivity,ridge_recursive_b0,2008-01,2021-07,2021-08,2021-08,0.03134889993816614,pre-specified first grid configuration; no tuning; parameters={'model__alpha': 0.1},1.0,139429.007482565,139429.007482565,2.535507587620296,2.5680643204705462,2.535507587620296,0.2762854330402456,0.1383880006928671,,-139429.007482565,1.0,139429.007482565,139429.007482565,2.535507587620296,2.5680643204705462,2.535507587620296,0.2762854330402456,0.1383880006928671,,-139429.007482565,1.0,3306140.0,3306140.0,60.12194454431005,85.96336909095116,60.121944544310054,6.551278948936785,3.2814556516722524,,-3306140.0,0.9578272524809702,0.9578272524809702,,,,,,,2021-07-31,2021-04-01,3
ablation_20260811T165312Z_69334f2b,one_step_202109,one_step_ex_ante_snapshot_vintage_sensitivity,ridge_recursive_b0,2008-01,2021-08,2021-09,2021-09,0.0311373999575153,pre-specified first grid configuration; no tuning; parameters={'model__alpha': 0.1},1.0,97822.48285158351,97822.48285158351,2.2201688631735603,2.245091271857363,2.2201688631735603,0.1938400589927555,0.09709211927321308,,-97822.48285158351,1.0,97822.48285158351,97822.48285158351,2.2201688631735603,2.245091271857363,2.2201688631735603,0.1938400589927555,0.09709211927321308,,-97822.48285158351,1.0,1771888.0,1771888.0,40.21458515420613,50.335739583010785,40.21458515420613,3.511083182888112,1.7586587052363916,,-1771888.0,0.9447919491234302,0.9447919491234302,,,,,,,2021-08-31,2021-05-01,3
ablation_20260811T165312Z_69334f2b,one_step_202110,one_step_ex_ante_snapshot_vintage_sensitivity,ridge_recursive_b0,2008-01,2021-09,2021-10,2021-10,0.03176269994582981,pre-specified first grid configuration; no tuning; parameters={'model__alpha': 0.1},1.0,2643621.051675653,2643621.051675653,59.98963990335956,85.69314422440232,59.98963990335957,5.2384650815781635,2.623883211509741,,-2643621.051675653,1.0,2643621.051675653,2643621.051675653,59.98963990335956,85.69314422440232,59.98963990335957,5.2384650815781635,2.623883211509741,,-2643621.051675653,1.0,2051672.0,2051672.0,46.55699968866269,60.683119587336144,46.55699968866269,4.06548893383917,2.036353778054684,,-2051672.0,-0.2885203149800031,-0.2885203149800031,,,,,,,2021-09-30,2021-06-01,3
ablation_20260811T165312Z_69334f2b,one_step_202111,one_step_ex_ante_snapshot_vintage_sensitivity,ridge_recursive_b0,2008-01,2021-10,2021-11,2021-11,0.03193589998409152,pre-specified first grid configuration; no tuning; parameters={'model__alpha': 0.1},1.0,9816438.29484686,9816438.29484686,397.9612408428351,133.10603218426093,397.961240842835,18.820629117576463,9.496728793205293,,9816438.29484686,1.0,9816438.29484686,9816438.29484686,397.9612408428351,133.10603218426093,397.961240842835,18.820629117576463,9.496728793205293,,9816438.29484686,1.0,1203925.0,1203925.0,48.80746687250323,64.56332976621952,48.80746687250323,2.3082329078840016,1.1647146214285908,,-1203925.0,-7.153695865479046,-7.153695865479046,,,,,,,2021-10-31,2021-07-01,3
ablation_20260811T165312Z_69334f2b,one_step_202112,one_step_ex_ante_snapshot_vintage_sensitivity,ridge_recursive_b0,2008-01,2021-11,2021-12,2021-12,0.035302800009958446,pre-specified first grid configuration; no tuning; parameters={'model__alpha': 0.1},1.0,275024.57876296574,275024.57876296574,12.635315756482978,13.487403784227466,12.63531575648298,0.5086915324883204,0.258035803432587,,-275024.57876296574,1.0,275024.57876296574,275024.57876296574,12.635315756482978,13.487403784227466,12.63531575648298,0.5086915324883204,0.258035803432587,,-275024.57876296574,1.0,1211818.0,1211818.0,55.67394426440091,77.15023317257955,55.6739442644009,2.2414053256244464,1.1369617677464732,,-1211818.0,0.7730479504653622,0.7730479504653622,,,,,,,2021-11-30,2021-08-01,3
ablation_20260811T165312Z_69334f2b,one_step_202201,one_step_ex_ante_snapshot_vintage_sensitivity,ridge_recursive_b0,2008-01,2021-12,2022-01,2022-01,0.03907850000541657,pre-specified first grid configuration; no tuning; parameters={'model__alpha': 0.1},1.0,2158066.0,2158066.0,100.0,200.0,100.0,3.9307119492536278,2.012720080759727,,-2158066.0,1.0,2158066.0,2158066.0,100.0,200.0,100.0,3.9307119492536278,2.012720080759727,,-2158066.0,1.0,1328134.0,1328134.0,61.54278877476407,88.89791760235448,61.54278877476407,2.419069752273572,1.2386840679292197,,-1328134.0,-0.624885741950737,-0.624885741950737,,,,,,,2021-12-31,2021-09-01,3
ablation_20260811T165312Z_69334f2b,one_step_202202,one_step_ex_ante_snapshot_vintage_sensitivity,ridge_recursive_b0,2008-01,2022-01,2022-02,2022-02,0.033517700037918985,pre-specified first grid configuration; no tuning; parameters={'model__alpha': 0.1},1.0,865555.713479023,865555.713479023,46.7515673853876,61.01408880697393,46.7515673853876,1.5479024464319793,0.8000985251990723,,-865555.713479023,1.0,865555.713479023,865555.713479023,46.7515673853876,61.01408880697393,46.7515673853876,1.5479024464319793,0.8000985251990723,,-865555.713479023,1.0,1124268.0,1124268.0,60.72548576910155,87.20258132572174,60.72548576910155,2.0105663454642126,1.0392458333074257,,-1124268.0,0.23011620585214299,0.23011620585214299,,,,,,,2022-01-31,2021-10-01,3
ablation_20260811T165312Z_69334f2b,one_step_202203,one_step_ex_ante_snapshot_vintage_sensitivity,ridge_recursive_b0,2008-01,2022-02,2022-03,2022-03,0.035435999976471066,pre-specified first grid configuration; no tuning; parameters={'model__alpha': 0.1},1.0,2442196.0,2442196.0,100.0,200.0,100.0,4.333923814991327,2.2557016418151377,,-2442196.0,1.0,2442196.0,2442196.0,100.0,200.0,100.0,4.333923814991327,2.2557016418151377,,-2442196.0,1.0,1398785.0,1398785.0,57.27570596299396,80.26062605451504,57.27570596299396,2.482285460934603,1.2919690397684656,,-1398785.0,-0.745940941602891,-0.745940941602891,,,,,,,2022-02-28,2021-11-01,3
ablation_20260811T165312Z_69334f2b,one_step_202204,one_step_ex_ante_snapshot_vintage_sensitivity,ridge_recursive_b0,2008-01,2022-03,2022-04,2022-04,0.03632309997919947,pre-specified first grid configuration; no tuning; parameters={'model__alpha': 0.1},1.0,867084.4946546638,867084.4946546638,29.680037743532772,25.844682049969308,29.680037743532772,1.5270169808076084,0.8001970062570142,,867084.4946546638,1.0,867084.4946546638,867084.4946546638,29.680037743532772,25.844682049969308,29.680037743532772,1.5270169808076084,0.8001970062570142,,867084.4946546638,1.0,1741878.0,1741878.0,59.623952571334684,84.9488978547194,59.623952571334684,3.067610251241492,1.6075083448702263,,-1741878.0,0.5022128446110096,0.5022128446110096,,,,,,,2022-03-31,2021-12-01,3
ablation_20260811T165312Z_69334f2b,one_step_202205,one_step_ex_ante_snapshot_vintage_sensitivity,ridge_recursive_b0,2008-01,2022-04,2022-05,2022-05,0.033291000057943165,pre-specified first grid configuration; no tuning; parameters={'model__alpha': 0.1},1.0,881936.9526036642,881936.9526036642,21.624449453003653,19.514498067677504,21.624449453003653,1.5395220842643034,0.8125533995411945,,881936.9526036642,1.0,881936.9526036642,881936.9526036642,21.624449453003653,19.514498067677504,21.624449453003653,1.5395220842643034,0.8125533995411945,,881936.9526036642,1.0,3052866.0,3052866.0,74.85404292098052,119.6267856639049,74.85404292098053,5.329127681320493,2.812691586763004,,-3052866.0,0.7111118035958132,0.7111118035958132,,,,,,,2022-04-30,2022-01-01,3
ablation_20260811T165312Z_69334f2b,one_step_202206,one_step_ex_ante_snapshot_vintage_sensitivity,ridge_recursive_b0,2008-01,2022-05,2022-06,2022-06,0.039122299989685416,pre-specified first grid configuration; no tuning; parameters={'model__alpha': 0.1},1.0,572622.6471331315,572622.6471331315,11.593276471967622,10.958076424043206,11.59327647196762,0.9932885033111977,0.5274468947608808,,572622.6471331315,1.0,572622.6471331315,572622.6471331315,11.593276471967622,10.958076424043206,11.59327647196762,0.9932885033111977,0.5274468947608808,,572622.6471331315,1.0,3078176.0,3078176.0,62.320527446897465,90.52987535648879,62.320527446897465,5.339496869842792,2.8353303538656536,,-3078176.0,0.8139733897174393,0.8139733897174393,,,,,,,2022-05-31,2022-02-01,3
ablation_20260811T165312Z_69334f2b,one_step_202207,one_step_ex_ante_snapshot_vintage_sensitivity,ridge_recursive_b0,2008-01,2022-06,2022-07,2022-07,0.03449780005030334,pre-specified first grid configuration; no tuning; parameters={'model__alpha': 0.1},1.0,202534.26729076914,202534.26729076914,3.184940239255777,3.236480219681878,3.184940239255777,0.3480770235591924,0.18615467893455906,,-202534.26729076914,1.0,202534.26729076914,202534.26729076914,3.184940239255777,3.236480219681878,3.184940239255777,0.3480770235591924,0.18615467893455906,,-202534.26729076914,1.0,2623591.0,2623591.0,41.25711988901614,51.97980515431186,41.257119889016145,4.508924630544761,2.411412877404268,,-2623591.0,0.9228026520556104,0.9228026520556104,,,,,,,2022-06-30,2022-03-01,3
ablation_20260811T165312Z_69334f2b,one_step_202208,one_step_ex_ante_snapshot_vintage_sensitivity,ridge_recursive_b0,2008-01,2022-07,2022-08,2022-08,0.036892500007525086,pre-specified first grid configuration; no tuning; parameters={'model__alpha': 0.1},1.0,607358.3886048216,607358.3886048216,7.599178179090414,7.8993198752174525,7.599178179090414,1.0304710664786008,0.5554274918051096,,-607358.3886048216,1.0,607358.3886048216,607358.3886048216,7.599178179090414,7.8993198752174525,7.599178179090414,1.0304710664786008,0.5554274918051096,,-607358.3886048216,1.0,2493365.0,2493365.0,31.19661349213042,36.962070652150146,31.19661349213042,4.230353180059821,2.2801750895149375,,-2493365.0,0.7564101571150547,0.7564101571150547,,,,,,,2022-07-31,2022-04-01,3
ablation_20260811T165312Z_69334f2b,one_step_202209,one_step_ex_ante_snapshot_vintage_sensitivity,ridge_recursive_b0,2008-01,2022-08,2022-09,2022-09,0.03907229995820671,pre-specified first grid configuration; no tuning; parameters={'model__alpha': 0.1},1.0,872324.4843153879,872324.4843153879,13.12045913422423,12.312716655664582,13.120459134224228,1.44116280564512,0.780808562751484,,872324.4843153879,1.0,872324.4843153879,872324.4843153879,13.12045913422423,12.312716655664582,13.120459134224228,1.44116280564512,0.780808562751484,,872324.4843153879,1.0,2242499.0,2242499.0,33.72898160840913,40.571089218895374,33.72898160840913,3.7048210942201645,2.007237504672151,,-2242499.0,0.6110034009757026,0.6110034009757026,,,,,,,2022-08-31,2022-05-01,3
ablation_20260811T165312Z_69334f2b,one_step_202210,one_step_ex_ante_snapshot_vintage_sensitivity,ridge_recursive_b0,2008-01,2022-09,2022-10,2022-10,0.03478930005803704,pre-specified first grid configuration; no tuning; parameters={'model__alpha': 0.1},1.0,1006045.5730698854,1006045.5730698854,16.994547008907464,18.572721993955714,16.994547008907464,1.6196657729843875,0.8820591698642966,,-1006045.5730698854,1.0,1006045.5730698854,1006045.5730698854,16.994547008907464,18.572721993955714,16.994547008907464,1.6196657729843875,0.8820591698642966,,-1006045.5730698854,1.0,1513018.0,1513018.0,25.558539508166977,29.303285395691326,25.55853950816698,2.435857315122902,1.3265516362219822,,-1513018.0,0.33507362564762255,0.33507362564762255,,,,,,,2022-09-30,2022-06-01,3
ablation_20260811T165312Z_69334f2b,one_step_202211,one_step_ex_ante_snapshot_vintage_sensitivity,ridge_recursive_b0,2008-01,2022-10,2022-11,2022-11,0.07742969994433224,pre-specified first grid configuration; no tuning; parameters={'model__alpha': 0.1},1.0,1157407.9772547446,1157407.9772547446,33.66432119202244,40.47757093760437,33.664321192022435,1.8258573005507965,1.0011774405960456,,-1157407.9772547446,1.0,1157407.9772547446,1157407.9772547446,33.66432119202244,40.47757093760437,33.664321192022435,1.8258573005507965,1.0011774405960456,,-1157407.9772547446,1.0,971403.0,971403.0,28.2541880145488,32.90233128589155,28.254188014548795,1.5324270215709495,0.8402799949885464,,-971403.0,-0.19148075232909978,-0.19148075232909978,,,,,,,2022-10-31,2022-07-01,3
ablation_20260811T165312Z_69334f2b,one_step_202212,one_step_ex_ante_snapshot_vintage_sensitivity,ridge_recursive_b0,2008-01,2022-11,2022-12,2022-12,0.03430960001423955,pre-specified first grid configuration; no tuning; parameters={'model__alpha': 0.1},1.0,1610397.0586325328,1610397.0586325328,61.46056344419966,88.72645215277001,61.460563444199664,2.4941598064835517,1.377196231459964,,-1610397.0586325328,1.0,1610397.0586325328,1610397.0586325328,61.46056344419966,88.72645215277001,61.460563444199664,2.4941598064835517,1.377196231459964,,-1610397.0586325328,1.0,443578.0,443578.0,16.929088180651032,18.494569139805613,16.929088180651032,0.6870072276335507,0.379343682158292,,-443578.0,-2.6304709851086683,-2.6304709851086683,,,,,,,2022-11-30,2022-08-01,3
ablation_20260811T165312Z_69334f2b,one_step_202301,one_step_ex_ante_snapshot_vintage_sensitivity,ridge_recursive_b0,2008-01,2022-12,2023-01,2023-01,0.038771400111727417,pre-specified first grid configuration; no tuning; parameters={'model__alpha': 0.1},1.0,2738871.31601481,2738871.31601481,88.99217767867376,160.33496706398688,88.99217767867377,4.176954472071321,2.322778659153178,,-2738871.31601481,1.0,2738871.31601481,2738871.31601481,88.99217767867376,160.33496706398688,88.99217767867377,4.176954472071321,2.322778659153178,,-2738871.31601481,1.0,919588.0,919588.0,29.879512121895445,35.12747052936368,29.879512121895445,1.402430697128215,0.7798830741421378,,-919588.0,-1.9783678299573397,-1.9783678299573397,,,,,,,2022-12-31,2022-09-01,3
ablation_20260811T165312Z_69334f2b,one_step_202302,one_step_ex_ante_snapshot_vintage_sensitivity,ridge_recursive_b0,2008-01,2023-01,2023-02,2023-02,0.0382485999725759,pre-specified first grid configuration; no tuning; parameters={'model__alpha': 0.1},1.0,1053231.4045032514,1053231.4045032514,45.49758822900568,58.895634970983956,45.49758822900568,1.5932263193695961,0.8914240827614617,,-1053231.4045032514,1.0,1053231.4045032514,1053231.4045032514,45.49758822900568,58.895634970983956,45.49758822900568,1.5932263193695961,0.8914240827614617,,-1053231.4045032514,1.0,463523.0,463523.0,20.023309691016998,22.251003345645586,20.023309691017,0.7011726388670112,0.3923122338995594,,-463523.0,-1.2722311611360202,-1.2722311611360202,,,,,,,2023-01-31,2022-10-01,3
ablation_20260811T165312Z_69334f2b,one_step_202303,one_step_ex_ante_snapshot_vintage_sensitivity,ridge_recursive_b0,2008-01,2023-02,2023-03,2023-03,0.04747990006580949,pre-specified first grid configuration; no tuning; parameters={'model__alpha': 0.1},1.0,1100412.6824924403,1100412.6824924403,39.45552725954835,49.15214654986614,39.45552725954835,1.6597580536351688,0.9322956078355911,,-1100412.6824924403,1.0,1100412.6824924403,1100412.6824924403,39.45552725954835,49.15214654986614,39.45552725954835,1.6597580536351688,0.9322956078355911,,-1100412.6824924403,1.0,346799.0,346799.0,12.434550796971669,13.258892668992587,12.434550796971669,0.5230786980198014,0.2938163015074086,,-346799.0,-2.173056100197637,-2.173056100197637,,,,,,,2023-02-28,2022-11-01,3
ablation_20260811T165312Z_69334f2b,one_step_202304,one_step_ex_ante_snapshot_vintage_sensitivity,ridge_recursive_b0,2008-01,2023-03,2023-04,2023-04,0.032342600054107606,pre-specified first grid configuration; no tuning; parameters={'model__alpha': 0.1},1.0,977015.4447420347,977015.4447420347,27.589400662700896,32.00429761133861,27.589400662700896,1.476654021051066,0.8299532814374976,,-977015.4447420347,1.0,977015.4447420347,977015.4447420347,27.589400662700896,32.00429761133861,27.589400662700896,1.476654021051066,0.8299532814374976,,-977015.4447420347,1.0,619831.0,619831.0,17.503065989583966,19.18176443291368,17.503065989583966,0.9368080550290249,0.5265328968494585,,-619831.0,-0.5762610207331267,-0.5762610207331267,,,,,,,2023-03-31,2022-12-01,3
ablation_20260811T165312Z_69334f2b,one_step_202305,one_step_ex_ante_snapshot_vintage_sensitivity,ridge_recursive_b0,2008-01,2023-04,2023-05,2023-05,0.0319935999577865,pre-specified first grid configuration; no tuning; parameters={'model__alpha': 0.1},1.0,458973.01480023284,458973.01480023284,10.011500046466406,10.539058994533843,10.011500046466404,0.6920332839732585,0.39035454846685047,,-458973.01480023284,1.0,458973.01480023284,458973.01480023284,10.011500046466406,10.539058994533843,10.011500046466404,0.6920332839732585,0.39035454846685047,,-458973.01480023284,1.0,506033.0,506033.0,11.038011472675722,11.682785049734598,11.038011472675723,0.7629896911069166,0.43037886074914733,,-506033.0,0.09299785824198648,0.09299785824198648,,,,,,,2023-04-30,2023-01-01,3
ablation_20260811T165312Z_69334f2b,one_step_202306,one_step_ex_ante_snapshot_vintage_sensitivity,ridge_recursive_b0,2008-01,2023-05,2023-06,2023-06,0.03274779999628663,pre-specified first grid configuration; no tuning; parameters={'model__alpha': 0.1},1.0,783360.1368741365,783360.1368741365,13.345679144179453,14.299887710060782,13.345679144179453,1.1833123632383415,0.6679665899078436,,-783360.1368741365,1.0,783360.1368741365,783360.1368741365,13.345679144179453,14.299887710060782,13.345679144179453,1.1833123632383415,0.6679665899078436,,-783360.1368741365,1.0,930501.0,930501.0,15.852437729204198,17.217102994708778,15.852437729204196,1.4055774419404121,0.7934327400881042,,-930501.0,0.15813079526605933,0.15813079526605933,,,,,,,2023-05-31,2023-02-01,3
ablation_20260811T165312Z_69334f2b,one_step_202307,one_step_ex_ante_snapshot_vintage_sensitivity,ridge_recursive_b0,2008-01,2023-06,2023-07,2023-07,0.032240399974398315,pre-specified first grid configuration; no tuning; parameters={'model__alpha': 0.1},1.0,1200723.9500275655,1200723.9500275655,17.33560451683421,18.98082488487128,17.33560451683421,1.8190144957140044,1.0266933288324975,,-1200723.9500275655,1.0,1200723.9500275655,1200723.9500275655,17.33560451683421,18.98082488487128,17.33560451683421,1.8190144957140044,1.0266933288324975,,-1200723.9500275655,1.0,567223.0,567223.0,8.189354098105985,8.538998510327335,8.189354098105985,0.8593039718069233,0.4850107887387324,,-567223.0,-1.1168463726392717,-1.1168463726392717,,,,,,,2023-06-30,2023-03-01,3
ablation_20260811T165312Z_69334f2b,one_step_202308,one_step_ex_ante_snapshot_vintage_sensitivity,ridge_recursive_b0,2008-01,2023-07,2023-08,2023-08,0.03420419991016388,pre-specified first grid configuration; no tuning; parameters={'model__alpha': 0.1},1.0,911481.2090766747,911481.2090766747,10.738435639531202,11.347719412356444,10.7384356395312,1.3813391538560018,0.7810664879380681,,-911481.2090766747,1.0,911481.2090766747,911481.2090766747,10.738435639531202,11.347719412356444,10.7384356395312,1.3813391538560018,0.7810664879380681,,-911481.2090766747,1.0,495604.0,495604.0,5.838860531294319,6.014448150924053,5.83886053129432,0.7510820883528065,0.4246929852565892,,-495604.0,-0.8391320672889537,-0.8391320672889537,,,,,,,2023-07-31,2023-04-01,3
ablation_20260811T165312Z_69334f2b,one_step_202309,one_step_ex_ante_snapshot_vintage_sensitivity,ridge_recursive_b0,2008-01,2023-08,2023-09,2023-09,0.040313799981959164,pre-specified first grid configuration; no tuning; parameters={'model__alpha': 0.1},1.0,369403.1730154734,369403.1730154734,5.266759250225709,5.409204129656856,5.266759250225709,0.5606087509057165,0.3173213299230511,,-369403.1730154734,1.0,369403.1730154734,369403.1730154734,5.266759250225709,5.409204129656856,5.266759250225709,0.5606087509057165,0.3173213299230511,,-369403.1730154734,1.0,365279.0,365279.0,5.207958925904006,5.3471988867583935,5.207958925904006,0.5543498780762003,0.3137786205970325,,-365279.0,-0.011290473899330022,-0.011290473899330022,,,,,,,2023-08-31,2023-05-01,3
ablation_20260811T165312Z_69334f2b,one_step_202310,one_step_ex_ante_snapshot_vintage_sensitivity,ridge_recursive_b0,2008-01,2023-09,2023-10,2023-10,0.04133689997252077,pre-specified first grid configuration; no tuning; parameters={'model__alpha': 0.1},1.0,14093.58964811638,14093.58964811638,0.22911201550016003,0.22937477808872409,0.22911201550016005,0.02133618531126446,0.012119578328899025,,-14093.58964811638,1.0,14093.58964811638,14093.58964811638,0.22911201550016003,0.22937477808872409,0.22911201550016005,0.02133618531126446,0.012119578328899025,,-14093.58964811638,1.0,231583.0,231583.0,3.7647220623217783,3.836947262374918,3.7647220623217783,0.35059185958340566,0.1991464473010635,,-231583.0,0.9391423824368957,0.9391423824368957,,,,,,,2023-09-30,2023-06-01,3
ablation_20260811T165312Z_69334f2b,one_step_202311,one_step_ex_ante_snapshot_vintage_sensitivity,ridge_recursive_b0,2008-01,2023-10,2023-11,2023-11,0.037304500001482666,pre-specified first grid configuration; no tuning; parameters={'model__alpha': 0.1},1.0,552339.9422998894,552339.9422998894,15.689394114470876,14.548136851035137,15.689394114470876,0.836883157228588,0.4760512818575718,,552339.9422998894,1.0,552339.9422998894,552339.9422998894,15.689394114470876,14.548136851035137,15.689394114470876,0.836883157228588,0.4760512818575718,,552339.9422998894,1.0,82382.0,82382.0,2.340087266831361,2.3677914600623806,2.3400872668313606,0.12482187685310069,0.07100347756617117,,-82382.0,-5.704619240852242,-5.704619240852242,,,,,,,2023-10-31,2023-07-01,3
ablation_20260811T165312Z_69334f2b,one_step_202312,one_step_ex_ante_snapshot_vintage_sensitivity,ridge_recursive_b0,2008-01,2023-11,2023-12,2023-12,0.038460099953226745,pre-specified first grid configuration; no tuning; parameters={'model__alpha': 0.1},1.0,959389.9400477959,959389.9400477959,34.26048814557524,29.249907585170686,34.260488145575245,1.4557618177400555,0.8288753870492983,,959389.9400477959,1.0,959389.9400477959,959389.9400477959,34.26048814557524,29.249907585170686,34.260488145575245,1.4557618177400555,0.8288753870492983,,959389.9400477959,1.0,180069.0,180069.0,6.430390378679854,6.644008211061244,6.430390378679854,0.27323360795879786,0.15557257361187712,,-180069.0,-4.327901749039512,-4.327901749039512,,,,,,,2023-11-30,2023-08-01,3
ablation_20260811T165312Z_69334f2b,one_step_202401,one_step_ex_ante_snapshot_vintage_sensitivity,ridge_recursive_b0,2008-01,2023-12,2024-01,2024-01,0.03597139997873455,pre-specified first grid configuration; no tuning; parameters={'model__alpha': 0.1},1.0,324275.2806822122,324275.2806822122,9.990325641732866,9.515034191410786,9.990325641732866,0.49333567991678634,0.2809016839973066,,324275.2806822122,1.0,324275.2806822122,324275.2806822122,9.990325641732866,9.515034191410786,9.990325641732866,0.49333567991678634,0.2809016839973066,,324275.2806822122,1.0,168239.0,168239.0,5.183134502585267,5.321032641965024,5.183134502585267,0.2559501337225209,0.1457361113514416,,-168239.0,-0.927467951439394,-0.927467951439394,,,,,,,2023-12-31,2023-09-01,3
ablation_20260811T165312Z_69334f2b,one_step_202402,one_step_ex_ante_snapshot_vintage_sensitivity,ridge_recursive_b0,2008-01,2024-01,2024-02,2024-02,0.0394046000437811,pre-specified first grid configuration; no tuning; parameters={'model__alpha': 0.1},1.0,639380.1872679819,639380.1872679819,23.816386407625277,21.282075713839575,23.816386407625277,0.9763967361751111,0.5554113416383503,,639380.1872679819,1.0,639380.1872679819,639380.1872679819,23.816386407625277,21.282075713839575,23.816386407625277,0.9763967361751111,0.5554113416383503,,639380.1872679819,1.0,369706.0,369706.0,13.77124460305972,14.78960064325918,13.771244603059722,0.5645776002018328,0.3211530628578653,,-369706.0,-0.7294287549241341,-0.7294287549241341,,,,,,,2024-01-31,2023-10-01,3
ablation_20260811T165312Z_69334f2b,one_step_202403,one_step_ex_ante_snapshot_vintage_sensitivity,ridge_recursive_b0,2008-01,2024-02,2024-03,2024-03,0.032142600044608116,pre-specified first grid configuration; no tuning; parameters={'model__alpha': 0.1},1.0,9871.638662335463,9871.638662335463,0.3205520848771766,0.3210666778420108,0.3205520848771766,0.015151530777855613,0.008599974873435709,,-9871.638662335463,1.0,9871.638662335463,9871.638662335463,0.3205520848771766,0.3210666778420108,0.3205520848771766,0.015151530777855613,0.008599974873435709,,-9871.638662335463,1.0,290579.0,290579.0,9.43568818284607,9.902891147739764,9.43568818284607,0.445996537403335,0.2531466339304665,,-290579.0,0.9660276941474247,0.9660276941474247,,,,,,,2024-02-29,2023-11-01,3
ablation_20260811T165312Z_69334f2b,one_step_202404,one_step_ex_ante_snapshot_vintage_sensitivity,ridge_recursive_b0,2008-01,2024-03,2024-04,2024-04,0.03779809991829097,pre-specified first grid configuration; no tuning; parameters={'model__alpha': 0.1},1.0,622508.8267358951,622508.8267358951,15.404920366621887,16.690499440415635,15.404920366621887,0.9594506878086843,0.5438437374451921,,-622508.8267358951,1.0,622508.8267358951,622508.8267358951,15.404920366621887,16.690499440415635,15.404920366621887,0.9594506878086843,0.5438437374451921,,-622508.8267358951,1.0,499703.0,499703.0,12.365904853631822,13.180871892163864,12.365904853631822,0.7701744400380522,0.4365566164861331,,-499703.0,-0.24575763350609292,-0.24575763350609292,,,,,,,2024-03-31,2023-12-01,3
ablation_20260811T165312Z_69334f2b,one_step_202405,one_step_ex_ante_snapshot_vintage_sensitivity,ridge_recursive_b0,2008-01,2024-04,2024-05,2024-05,0.03382619994226843,pre-specified first grid configuration; no tuning; parameters={'model__alpha': 0.1},1.0,1290119.909624015,1290119.909624015,23.097107859627304,26.112753251427584,23.097107859627304,1.9968677534850363,1.1302542211428024,,-1290119.909624015,1.0,1290119.909624015,1290119.909624015,23.097107859627304,26.112753251427584,23.097107859627304,1.9968677534850363,1.1302542211428024,,-1290119.909624015,1.0,1001176.0,1001176.0,17.924124638313216,19.68863211856884,17.924124638313216,1.5496358555894036,0.8771149035570255,,-1001176.0,-0.28860451071940885,-0.28860451071940885,,,,,,,2024-04-30,2024-01-01,3
ablation_20260811T165312Z_69334f2b,one_step_202406,one_step_ex_ante_snapshot_vintage_sensitivity,ridge_recursive_b0,2008-01,2024-05,2024-06,2024-06,0.032489300007000566,pre-specified first grid configuration; no tuning; parameters={'model__alpha': 0.1},1.0,1124370.756602658,1124370.756602658,17.37479218322102,19.0278137294743,17.37479218322102,1.7445587278751036,0.9875583769763725,,-1124370.756602658,1.0,1124370.756602658,1124370.756602658,17.37479218322102,19.0278137294743,17.37479218322102,1.7445587278751036,0.9875583769763725,,-1124370.756602658,1.0,601510.0,601510.0,9.29507565432227,9.748123375643646,9.29507565432227,0.9332949245094879,0.5283188270832813,,-601510.0,-0.8692469894144037,-0.8692469894144037,,,,,,,2024-05-31,2024-02-01,3
ablation_20260811T165312Z_69334f2b,one_step_202407,one_step_ex_ante_snapshot_vintage_sensitivity,ridge_recursive_b0,2008-01,2024-06,2024-07,2024-07,0.033448200090788305,pre-specified first grid configuration; no tuning; parameters={'model__alpha': 0.1},1.0,1397624.7761620265,1397624.7761620265,18.897799899725886,20.869762917581788,18.89779989972589,2.17528484298919,1.2308178156861709,,-1397624.7761620265,1.0,1397624.7761620265,1397624.7761620265,18.897799899725886,20.869762917581788,18.89779989972589,2.17528484298919,1.2308178156861709,,-1397624.7761620265,1.0,469355.0,469355.0,6.34632200517571,6.55430051304817,6.346322005175709,0.7305113896770452,0.4133373318321964,,-469355.0,-1.9777562317691864,-1.9777562317691864,,,,,,,2024-06-30,2024-03-01,3
ablation_20260811T165312Z_69334f2b,one_step_202408,one_step_ex_ante_snapshot_vintage_sensitivity,ridge_recursive_b0,2008-01,2024-07,2024-08,2024-08,0.03754980000667274,pre-specified first grid configuration; no tuning; parameters={'model__alpha': 0.1},1.0,807915.2580960412,807915.2580960412,9.327880624041107,9.784210355000882,9.327880624041105,1.2590238612348903,0.7131073458366245,,-807915.2580960412,1.0,807915.2580960412,807915.2580960412,9.327880624041107,9.784210355000882,9.327880624041105,1.2590238612348903,0.7131073458366245,,-807915.2580960412,1.0,173269.0,173269.0,2.0004976161186057,2.020709741219492,2.0004976161186057,0.27001570180319034,0.15293608514951199,,-173269.0,-3.662780174734322,-3.662780174734322,,,,,,,2024-07-31,2024-04-01,3
ablation_20260811T165312Z_69334f2b,one_step_202409,one_step_ex_ante_snapshot_vintage_sensitivity,ridge_recursive_b0,2008-01,2024-08,2024-09,2024-09,0.03491000004578382,pre-specified first grid configuration; no tuning; parameters={'model__alpha': 0.1},1.0,299458.7627440812,299458.7627440812,4.188478723081909,4.278071786346556,4.188478723081909,0.4652090362985704,0.2644795357254361,,-299458.7627440812,1.0,299458.7627440812,299458.7627440812,4.188478723081909,4.278071786346556,4.188478723081909,0.4652090362985704,0.2644795357254361,,-299458.7627440812,1.0,135722.0,135722.0,1.8983205034475437,1.9165112666100137,1.8983205034475437,0.21084405828014968,0.11986856293266748,,-135722.0,-1.206412834647892,-1.206412834647892,,,,,,,2024-08-31,2024-05-01,3
ablation_20260811T165312Z_69334f2b,one_step_202410,one_step_ex_ante_snapshot_vintage_sensitivity,ridge_recursive_b0,2008-01,2024-09,2024-10,2024-10,0.03649800003040582,pre-specified first grid configuration; no tuning; parameters={'model__alpha': 0.1},1.0,890069.6920149159,890069.6920149159,13.23756174898396,14.1758287940021,13.237561748983962,1.3832265756202289,0.7876743378920834,,-890069.6920149159,1.0,890069.6920149159,890069.6920149159,13.23756174898396,14.1758287940021,13.237561748983962,1.3832265756202289,0.7876743378920834,,-890069.6920149159,1.0,572422.0,572422.0,8.513346358669084,8.891843057234924,8.513346358669084,0.8895812653470441,0.506569456178389,,-572422.0,-0.5549187348056432,-0.5549187348056432,,,,,,,2024-09-30,2024-06-01,3
ablation_20260811T165312Z_69334f2b,one_step_202411,one_step_ex_ante_snapshot_vintage_sensitivity,ridge_recursive_b0,2008-01,2024-10,2024-11,2024-11,0.03584180003963411,pre-specified first grid configuration; no tuning; parameters={'model__alpha': 0.1},1.0,49486.78198638931,49486.78198638931,1.2315515195155824,1.2240143359389104,1.2315515195155826,0.07702084389751596,0.04389417632104573,,49486.78198638931,1.0,49486.78198638931,49486.78198638931,1.2315515195155824,1.2240143359389104,1.2315515195155826,0.07702084389751596,0.04389417632104573,,49486.78198638931,1.0,497780.0,497780.0,12.3879890907652,13.205965898162471,12.387989090765203,0.7747409335658612,0.44152483172374396,,-497780.0,0.9005850335763002,0.9005850335763002,,,,,,,2024-10-31,2024-07-01,3
ablation_20260811T165312Z_69334f2b,one_step_202412,one_step_ex_ante_snapshot_vintage_sensitivity,ridge_recursive_b0,2008-01,2024-11,2024-12,2024-12,0.03335119993425906,pre-specified first grid configuration; no tuning; parameters={'model__alpha': 0.1},1.0,723215.5866898196,723215.5866898196,22.77250489289154,20.444627943507214,22.77250489289154,1.1301421420256812,0.6432111129467665,,723215.5866898196,1.0,723215.5866898196,723215.5866898196,22.77250489289154,20.444627943507214,22.77250489289154,1.1301421420256812,0.6432111129467665,,723215.5866898196,1.0,375547.0,375547.0,11.825168113638396,12.568278122102525,11.825168113638396,0.5868533516456814,0.3340027624949688,,-375547.0,-0.9257658473901258,-0.9257658473901258,,,,,,,2024-11-30,2024-08-01,3
ablation_20260811T165312Z_69334f2b,one_step_202501,one_step_ex_ante_snapshot_vintage_sensitivity,ridge_recursive_b0,2008-01,2024-12,2025-01,2025-01,0.03367059992160648,pre-specified first grid configuration; no tuning; parameters={'model__alpha': 0.1},1.0,523377.7267564945,523377.7267564945,15.59612966962137,14.467912474607791,15.596129669621371,0.8213995003724542,0.46673832756086747,,523377.7267564945,1.0,523377.7267564945,523377.7267564945,15.59612966962137,14.467912474607791,15.596129669621371,0.8213995003724542,0.46673832756086747,,523377.7267564945,1.0,109925.0,109925.0,3.275654400804811,3.330197277645144,3.2756544008048114,0.17251849947457018,0.09802902957885895,,-109925.0,-3.761225624348369,-3.761225624348369,,,,,,,2024-12-31,2024-09-01,3
ablation_20260811T165312Z_69334f2b,one_step_202502,one_step_ex_ante_snapshot_vintage_sensitivity,ridge_recursive_b0,2008-01,2025-01,2025-02,2025-02,0.03342800005339086,pre-specified first grid configuration; no tuning; parameters={'model__alpha': 0.1},1.0,1417605.8259353023,1417605.8259353023,50.94247598732273,40.600919224130294,50.94247598732274,2.226048534408936,1.2667417833877468,,1417605.8259353023,1.0,1417605.8259353023,1417605.8259353023,50.94247598732273,40.600919224130294,50.94247598732274,2.226048534408936,1.2667417833877468,,1417605.8259353023,1.0,98135.0,98135.0,3.526537341730758,3.5898357915791856,3.5265373417307577,0.154100151768275,0.0876913050429506,,-98135.0,-13.445466204058718,-13.445466204058718,,,,,,,2025-01-31,2024-10-01,3
ablation_20260811T165312Z_69334f2b,one_step_202503,one_step_ex_ante_snapshot_vintage_sensitivity,ridge_recursive_b0,2008-01,2025-02,2025-03,2025-03,0.07584679999854416,pre-specified first grid configuration; no tuning; parameters={'model__alpha': 0.1},1.0,876685.3007297171,876685.3007297171,29.393561160879628,25.627189370206573,29.393561160879628,1.3782745410396395,0.7850908487467835,,876685.3007297171,1.0,876685.3007297171,876685.3007297171,29.393561160879628,25.627189370206573,29.393561160879628,1.3782745410396395,0.7850908487467835,,876685.3007297171,1.0,96998.0,96998.0,3.2521551839751943,3.200118769743408,3.2521551839751948,0.15249471369085915,0.08686382911103274,,96998.0,-8.038179145237192,-8.038179145237192,,,,,,,2025-02-28,2024-11-01,3
ablation_20260811T165312Z_69334f2b,one_step_202504,one_step_ex_ante_snapshot_vintage_sensitivity,ridge_recursive_b0,2008-01,2025-03,2025-04,2025-04,0.03593150002416223,pre-specified first grid configuration; no tuning; parameters={'model__alpha': 0.1},1.0,226080.69127290696,226080.69127290696,5.329192141749925,5.190876256962909,5.329192141749925,0.3562155602284666,0.20294462443798028,,226080.69127290696,1.0,226080.69127290696,226080.69127290696,5.329192141749925,5.190876256962909,5.329192141749925,0.3562155602284666,0.20294462443798028,,226080.69127290696,1.0,201333.0,201333.0,4.745837583182924,4.861189666268716,4.745837583182924,0.31722278883562666,0.18072949902054902,,-201333.0,-0.12291919989721989,-0.12291919989721989,,,,,,,2025-03-31,2024-12-01,3
ablation_20260811T165312Z_69334f2b,one_step_202505,one_step_ex_ante_snapshot_vintage_sensitivity,ridge_recursive_b0,2008-01,2025-04,2025-05,2025-05,0.032933700014837086,pre-specified first grid configuration; no tuning; parameters={'model__alpha': 0.1},1.0,222345.1632522978,222345.1632522978,3.957218102407198,4.037096458337687,3.9572181024071975,0.3518856409199097,0.20012195202862282,,-222345.1632522978,1.0,222345.1632522978,222345.1632522978,3.957218102407198,4.037096458337687,3.9572181024071975,0.3518856409199097,0.20012195202862282,,-222345.1632522978,1.0,33090.0,33090.0,0.5889237485236861,0.5906630259404421,0.5889237485236861,0.052368559260393445,0.029782682455354446,,-33090.0,-5.719406565497062,-5.719406565497062,,,,,,,2025-04-30,2025-01-01,3
ablation_20260811T165312Z_69334f2b,one_step_202506,one_step_ex_ante_snapshot_vintage_sensitivity,ridge_recursive_b0,2008-01,2025-05,2025-06,2025-06,0.033037699991837144,pre-specified first grid configuration; no tuning; parameters={'model__alpha': 0.1},1.0,446018.75457865,446018.75457865,6.808264803173097,7.048194682072426,6.808264803173098,0.7090594943092072,0.402503097456702,,-446018.75457865,1.0,446018.75457865,446018.75457865,6.808264803173097,7.048194682072426,6.808264803173098,0.7090594943092072,0.402503097456702,,-446018.75457865,1.0,79861.0,79861.0,1.2190402978902746,1.2265161610217707,1.2190402978902746,0.12695923589249486,0.07206939066128758,,-79861.0,-4.584938262464156,-4.584938262464156,,,,,,,2025-05-31,2025-02-01,3
ablation_20260811T165312Z_69334f2b,one_step_202507,one_step_ex_ante_snapshot_vintage_sensitivity,ridge_recursive_b0,2008-01,2025-06,2025-07,2025-07,0.031977100064978004,pre-specified first grid configuration; no tuning; parameters={'model__alpha': 0.1},1.0,567455.9496435188,567455.9496435188,7.6645400539911686,7.969970858356238,7.6645400539911686,0.906169812448823,0.5134419952101794,,-567455.9496435188,1.0,567455.9496435188,567455.9496435188,7.6645400539911686,7.969970858356238,7.6645400539911686,0.906169812448823,0.5134419952101794,,-567455.9496435188,1.0,7952.0,7952.0,0.1074064384162791,0.10746415012439056,0.1074064384162791,0.012698540482516452,0.007195079633011615,,-7952.0,-70.36015463323928,-70.36015463323928,,,,,,,2025-06-30,2025-03-01,3
ablation_20260811T165312Z_69334f2b,one_step_202508,one_step_ex_ante_snapshot_vintage_sensitivity,ridge_recursive_b0,2008-01,2025-07,2025-08,2025-08,0.039632400032132864,pre-specified first grid configuration; no tuning; parameters={'model__alpha': 0.1},1.0,665591.2350937165,665591.2350937165,7.46847914799999,7.758188492928438,7.46847914799999,1.066691109753489,0.6037742704514514,,-665591.2350937165,1.0,665591.2350937165,665591.2350937165,7.46847914799999,7.758188492928438,7.46847914799999,1.066691109753489,0.6037742704514514,,-665591.2350937165,1.0,250710.0,250710.0,2.8131716712456964,2.853305867423876,2.813171671245696,0.40179334406145323,0.22742524144502876,,-250710.0,-1.6548252367026306,-1.6548252367026306,,,,,,,2025-07-31,2025-04-01,3
ablation_20260811T165312Z_69334f2b,one_step_202509,one_step_ex_ante_snapshot_vintage_sensitivity,ridge_recursive_b0,2008-01,2025-08,2025-09,2025-09,0.033481999998912215,pre-specified first grid configuration; no tuning; parameters={'model__alpha': 0.1},1.0,125568.80835754145,125568.80835754145,1.714465743777462,1.729289784258338,1.7144657437774617,0.20224203271629382,0.11420566153932347,,-125568.80835754145,1.0,125568.80835754145,125568.80835754145,1.714465743777462,1.729289784258338,1.7144657437774617,0.20224203271629382,0.11420566153932347,,-125568.80835754145,1.0,174495.0,174495.0,2.382484184357403,2.4112075030636686,2.382484184357403,0.2810429115353647,0.1587043563681903,,-174495.0,0.28038735575494167,0.28038735575494167,,,,,,,2025-08-31,2025-05-01,3
ablation_20260811T165312Z_69334f2b,one_step_202510,one_step_ex_ante_snapshot_vintage_sensitivity,ridge_recursive_b0,2008-01,2025-09,2025-10,2025-10,0.03346339997369796,pre-specified first grid configuration; no tuning; parameters={'model__alpha': 0.1},1.0,771785.3939906005,771785.3939906005,10.902052345117093,11.530587698407079,10.902052345117092,1.2487103116607303,0.7037693504586405,,-771785.3939906005,1.0,771785.3939906005,771785.3939906005,10.902052345117093,11.530587698407079,10.902052345117092,1.2487103116607303,0.7037693504586405,,-771785.3939906005,1.0,355448.0,355448.0,5.020971804001742,5.150268570376219,5.020971804001742,0.5750971530624599,0.32412301402644766,,-355448.0,-1.171303239828612,-1.171303239828612,,,,,,,2025-09-30,2025-06-01,3
ablation_20260811T165312Z_69334f2b,one_step_202511,one_step_ex_ante_snapshot_vintage_sensitivity,ridge_recursive_b0,2008-01,2025-10,2025-11,2025-11,0.03350470005534589,pre-specified first grid configuration; no tuning; parameters={'model__alpha': 0.1},1.0,102491.52267411724,102491.52267411724,2.408669168931408,2.380005934351675,2.408669168931408,0.16667868568140212,0.09370218536937822,,102491.52267411724,1.0,102491.52267411724,102491.52267411724,2.408669168931408,2.380005934351675,2.408669168931408,0.16667868568140212,0.09370218536937822,,102491.52267411724,1.0,236863.0,236863.0,5.566554096133825,5.7259223795129355,5.566554096133825,0.3852027221030258,0.2165504048926766,,-236863.0,0.5672961894676787,0.5672961894676787,,,,,,,2025-10-31,2025-07-01,3
ablation_20260811T165312Z_69334f2b,one_step_202512,one_step_ex_ante_snapshot_vintage_sensitivity,ridge_recursive_b0,2008-01,2025-11,2025-12,2025-12,0.03494130005128682,pre-specified first grid configuration; no tuning; parameters={'model__alpha': 0.1},1.0,821810.5663611637,821810.5663611637,24.10268133342495,21.51039085298979,24.102681333424947,1.34057699917404,0.7531762267682899,,821810.5663611637,1.0,821810.5663611637,821810.5663611637,24.10268133342495,21.51039085298979,24.102681333424947,1.34057699917404,0.7531762267682899,,821810.5663611637,1.0,233795.0,233795.0,6.856916439148844,7.100348935858759,6.856916439148844,0.38137767065914663,0.21426937440946214,,-233795.0,-2.515090426917444,-2.515090426917444,,,,,,,2025-11-30,2025-08-01,3
ablation_20260811T165312Z_69334f2b,one_step_201501,one_step_ex_ante_snapshot_vintage_sensitivity,ridge_recursive_b1,2008-01,2014-12,2015-01,2015-01,0.036487000063061714,pre-specified first grid configuration; no tuning; parameters={'model__alpha': 0.1},1.0,26811.008618664928,26811.008618664928,1.521620190343775,1.510130961538077,1.521620190343775,0.14846016519626742,0.11466276145955918,,26811.008618664928,1.0,26811.008618664928,26811.008618664928,1.521620190343775,1.510130961538077,1.521620190343775,0.14846016519626742,0.11466276145955918,,26811.008618664928,1.0,186605.0,186605.0,10.590498091945308,11.182647106148103,10.590498091945308,1.0332848540119186,0.7980544449665132,,-186605.0,0.8563221316756522,0.8563221316756522,,,,,,,2014-12-31,2014-09-01,3
ablation_20260811T165312Z_69334f2b,one_step_201502,one_step_ex_ante_snapshot_vintage_sensitivity,ridge_recursive_b1,2008-01,2015-01,2015-02,2015-02,0.03364709997549653,pre-specified first grid configuration; no tuning; parameters={'model__alpha': 0.1},1.0,145998.40041791066,145998.40041791066,9.329418369436917,8.913623743961116,9.329418369436917,0.8067714625272059,0.6253705988209528,,145998.40041791066,1.0,145998.40041791066,145998.40041791066,9.329418369436917,8.913623743961116,9.329418369436917,0.8067714625272059,0.6253705988209528,,145998.40041791066,1.0,41680.0,41680.0,2.6633864242695338,2.699333262093732,2.6633864242695338,0.23031919844245619,0.1785324118911352,,-41680.0,-2.502840701005534,-2.502840701005534,,,,,,,2015-01-31,2014-10-01,3
ablation_20260811T165312Z_69334f2b,one_step_201503,one_step_ex_ante_snapshot_vintage_sensitivity,ridge_recursive_b1,2008-01,2015-02,2015-03,2015-03,0.03362920007202774,pre-specified first grid configuration; no tuning; parameters={'model__alpha': 0.1},1.0,228254.73910110723,228254.73910110723,11.312928642110343,10.707275427780814,11.312928642110343,1.2660495672383973,0.9823962484694104,,228254.73910110723,1.0,228254.73910110723,228254.73910110723,11.312928642110343,10.707275427780814,11.312928642110343,1.2660495672383973,0.9823962484694104,,228254.73910110723,1.0,50531.0,50531.0,2.5044544506094977,2.5362136078994992,2.5044544506094977,0.2802778638203228,0.21748273453993303,,-50531.0,-3.5171229364371817,-3.5171229364371817,,,,,,,2015-02-28,2014-11-01,3
ablation_20260811T165312Z_69334f2b,one_step_201504,one_step_ex_ante_snapshot_vintage_sensitivity,ridge_recursive_b1,2008-01,2015-03,2015-04,2015-04,0.033694599987939,pre-specified first grid configuration; no tuning; parameters={'model__alpha': 0.1},1.0,182665.91053990833,182665.91053990833,6.954295642033574,6.720610094571159,6.954295642033574,1.0121678874920097,0.7878696266395739,,182665.91053990833,1.0,182665.91053990833,182665.91053990833,6.954295642033574,6.720610094571159,6.954295642033574,1.0121678874920097,0.7878696266395739,,182665.91053990833,1.0,53524.0,53524.0,2.0377185805716227,2.058693773339831,2.0377185805716227,0.2965811948709842,0.23085825796184006,,-53524.0,-2.412785115834174,-2.412785115834174,,,,,,,2015-03-31,2014-12-01,3
ablation_20260811T165312Z_69334f2b,one_step_201505,one_step_ex_ante_snapshot_vintage_sensitivity,ridge_recursive_b1,2008-01,2015-04,2015-05,2015-05,0.03643370000645518,pre-specified first grid configuration; no tuning; parameters={'model__alpha': 0.1},1.0,65785.44300895836,65785.44300895836,1.7426547407640283,1.7276016745227336,1.742654740764028,0.36435325729597706,0.28443095232326937,,65785.44300895836,1.0,65785.44300895836,65785.44300895836,1.7426547407640283,1.7276016745227336,1.742654740764028,0.36435325729597706,0.28443095232326937,,65785.44300895836,1.0,88870.0,88870.0,2.3541640783753595,2.326776015801236,2.3541640783753595,0.49220728013466614,0.38423969767182065,,88870.0,0.259756464397903,0.259756464397903,,,,,,,2015-04-30,2015-01-01,3
ablation_20260811T165312Z_69334f2b,one_step_201506,one_step_ex_ante_snapshot_vintage_sensitivity,ridge_recursive_b1,2008-01,2015-05,2015-06,2015-06,0.03400760004296899,pre-specified first grid configuration; no tuning; parameters={'model__alpha': 0.1},1.0,39298.57991234213,39298.57991234213,0.9034831317820787,0.8994200774403114,0.9034831317820787,0.21994160192832252,0.1710337268775241,,39298.57991234213,1.0,39298.57991234213,39298.57991234213,0.9034831317820787,0.8994200774403114,0.9034831317820787,0.21994160192832252,0.1710337268775241,,39298.57991234213,1.0,180404.0,180404.0,4.147528263605901,4.063265716595302,4.147528263605902,1.0096635767191093,0.7851471613589394,,180404.0,0.782163478014112,0.782163478014112,,,,,,,2015-05-31,2015-02-01,3
ablation_20260811T165312Z_69334f2b,one_step_201507,one_step_ex_ante_snapshot_vintage_sensitivity,ridge_recursive_b1,2008-01,2015-06,2015-07,2015-07,0.033803600003011525,pre-specified first grid configuration; no tuning; parameters={'model__alpha': 0.1},1.0,41440.97963948734,41440.97963948734,0.7901097460037835,0.7932434930779584,0.7901097460037835,0.2341712119491362,0.18151303236383293,,-41440.97963948734,1.0,41440.97963948734,41440.97963948734,0.7901097460037835,0.7932434930779584,0.7901097460037835,0.2341712119491362,0.18151303236383293,,-41440.97963948734,1.0,292561.0,292561.0,5.577939986253483,5.737970254876528,5.577939986253483,1.653179160701394,1.2814280628345749,,-292561.0,0.8583509776098409,0.8583509776098409,,,,,,,2015-06-30,2015-03-01,3
ablation_20260811T165312Z_69334f2b,one_step_201508,one_step_ex_ante_snapshot_vintage_sensitivity,ridge_recursive_b1,2008-01,2015-07,2015-08,2015-08,0.033133800025098026,pre-specified first grid configuration; no tuning; parameters={'model__alpha': 0.1},1.0,631385.3831584658,631385.3831584658,9.355648268653287,9.814765749616472,9.355648268653287,3.600829068923093,2.7828475628571474,,-631385.3831584658,1.0,631385.3831584658,631385.3831584658,9.355648268653287,9.814765749616472,9.355648268653287,3.600829068923093,2.7828475628571474,,-631385.3831584658,1.0,113081.0,113081.0,1.6755947953297137,1.68975148933436,1.6755947953297134,0.6449077897653777,0.4984074602444012,,-113081.0,-4.583478950119524,-4.583478950119524,,,,,,,2015-07-31,2015-04-01,3
ablation_20260811T165312Z_69334f2b,one_step_201509,one_step_ex_ante_snapshot_vintage_sensitivity,ridge_recursive_b1,2008-01,2015-08,2015-09,2015-09,0.03973210009280592,pre-specified first grid configuration; no tuning; parameters={'model__alpha': 0.1},1.0,168714.75790002383,168714.75790002383,3.1155074047309435,3.1648073077399963,3.1155074047309435,0.9683928345468339,0.7477365420873293,,-168714.75790002383,1.0,168714.75790002383,168714.75790002383,3.1155074047309435,3.1648073077399963,3.1155074047309435,0.9683928345468339,0.7477365420873293,,-168714.75790002383,1.0,80660.0,80660.0,1.4894774493557354,1.4784667350483498,1.4894774493557354,0.4629741168276103,0.3574816467478419,,80660.0,-1.0916781291845257,-1.0916781291845257,,,,,,,2015-08-31,2015-05-01,3
ablation_20260811T165312Z_69334f2b,one_step_201510,one_step_ex_ante_snapshot_vintage_sensitivity,ridge_recursive_b1,2008-01,2015-09,2015-10,2015-10,0.03637990006245673,pre-specified first grid configuration; no tuning; parameters={'model__alpha': 0.1},1.0,57010.45571872778,57010.45571872778,1.3698489482385239,1.3605303429418962,1.3698489482385239,0.32708111109956234,0.2532541835744594,,57010.45571872778,1.0,57010.45571872778,57010.45571872778,1.3698489482385239,1.3605303429418962,1.3698489482385239,0.32708111109956234,0.2532541835744594,,57010.45571872778,1.0,131473.0,131473.0,3.159037206443549,3.109915512381011,3.1590372064435486,0.7542885665000325,0.5840347504211798,,131473.0,0.566371378771856,0.566371378771856,,,,,,,2015-09-30,2015-06-01,3
ablation_20260811T165312Z_69334f2b,one_step_201511,one_step_ex_ante_snapshot_vintage_sensitivity,ridge_recursive_b1,2008-01,2015-10,2015-11,2015-11,0.03388280002400279,pre-specified first grid configuration; no tuning; parameters={'model__alpha': 0.1},1.0,301418.6203510007,301418.6203510007,13.474246304690512,12.62376753911458,13.474246304690514,1.7145772406555966,1.3331728835786014,,301418.6203510007,1.0,301418.6203510007,301418.6203510007,13.474246304690512,12.62376753911458,13.474246304690514,1.7145772406555966,1.3331728835786014,,301418.6203510007,1.0,27375.0,27375.0,1.2237382420547538,1.2162961017876555,1.2237382420547538,0.15571882025168035,0.12107947294518578,,27375.0,-10.010725857570801,-10.010725857570801,,,,,,,2015-10-31,2015-07-01,3
ablation_20260811T165312Z_69334f2b,one_step_201512,one_step_ex_ante_snapshot_vintage_sensitivity,ridge_recursive_b1,2008-01,2015-11,2015-12,2015-12,0.03561949997674674,pre-specified first grid configuration; no tuning; parameters={'model__alpha': 0.1},1.0,398331.21939569945,398331.21939569945,23.24247826013661,20.822630568590057,23.24247826013661,2.2760005433615373,1.770132062487011,,398331.21939569945,1.0,398331.21939569945,398331.21939569945,23.24247826013661,20.822630568590057,23.24247826013661,2.2760005433615373,1.770132062487011,,398331.21939569945,1.0,26739.0,26739.0,1.560210688834857,1.5481336157595937,1.560210688834857,0.1527823468651807,0.11882463365700027,,26739.0,-13.897012580713543,-13.897012580713543,,,,,,,2015-11-30,2015-08-01,3
ablation_20260811T165312Z_69334f2b,one_step_201601,one_step_ex_ante_snapshot_vintage_sensitivity,ridge_recursive_b1,2008-01,2015-12,2016-01,2016-01,0.035397699917666614,pre-specified first grid configuration; no tuning; parameters={'model__alpha': 0.1},1.0,227766.66144850478,227766.66144850478,13.467061560131711,12.617460943817003,13.46706156013171,1.310142158237453,1.0176549120065714,,227766.66144850478,1.0,227766.66144850478,227766.66144850478,13.467061560131711,12.617460943817003,13.46706156013171,1.310142158237453,1.0176549120065714,,227766.66144850478,1.0,70717.0,70717.0,4.181253684324423,4.095629357618573,4.181253684324423,0.40677297728677836,0.315961528147697,,70717.0,-2.2208190597523196,-2.2208190597523196,,,,,,,2015-12-31,2015-09-01,3
ablation_20260811T165312Z_69334f2b,one_step_201602,one_step_ex_ante_snapshot_vintage_sensitivity,ridge_recursive_b1,2008-01,2016-01,2016-02,2016-02,0.03629299998283386,pre-specified first grid configuration; no tuning; parameters={'model__alpha': 0.1},1.0,312160.2910190306,312160.2910190306,20.570640408132736,18.652201734618775,20.57064040813274,1.8009382291270315,1.4003267009477107,,312160.2910190306,1.0,312160.2910190306,312160.2910190306,20.570640408132736,18.652201734618775,20.57064040813274,1.8009382291270315,1.4003267009477107,,312160.2910190306,1.0,47421.0,47421.0,3.124934102315381,3.0768591912417125,3.124934102315381,0.27358473906031333,0.2127269047221418,,47421.0,-5.5827437426252216,-5.5827437426252216,,,,,,,2016-01-31,2015-10-01,3
ablation_20260811T165312Z_69334f2b,one_step_201603,one_step_ex_ante_snapshot_vintage_sensitivity,ridge_recursive_b1,2008-01,2016-02,2016-03,2016-03,0.03459290007594973,pre-specified first grid configuration; no tuning; parameters={'model__alpha': 0.1},1.0,490118.21571253845,490118.21571253845,25.812514454815215,22.86189896705682,25.81251445481521,2.856607600166109,2.2117943561208024,,490118.21571253845,1.0,490118.21571253845,490118.21571253845,25.812514454815215,22.86189896705682,25.81251445481521,2.856607600166109,2.2117943561208024,,490118.21571253845,1.0,118883.0,118883.0,6.261079587647108,6.071023772554793,6.261079587647109,0.6928983058440928,0.5364925032554397,,118883.0,-3.1226938730730085,-3.1226938730730085,,,,,,,2016-02-29,2015-11-01,3
ablation_20260811T165312Z_69334f2b,one_step_201604,one_step_ex_ante_snapshot_vintage_sensitivity,ridge_recursive_b1,2008-01,2016-03,2016-04,2016-04,0.03344300005119294,pre-specified first grid configuration; no tuning; parameters={'model__alpha': 0.1},1.0,847267.8028931962,847267.8028931962,41.345505153290944,34.26250273609221,41.34550515329094,4.988350348045125,3.8461579124294096,,847267.8028931962,1.0,847267.8028931962,847267.8028931962,41.345505153290944,34.26250273609221,41.34550515329094,4.988350348045125,3.8461579124294096,,847267.8028931962,1.0,577425.0,577425.0,28.177546971118044,24.697913835215928,28.177546971118044,3.399631367891186,2.6212110562927964,,577425.0,-0.467320955783342,-0.467320955783342,,,,,,,2016-03-31,2015-12-01,3
ablation_20260811T165312Z_69334f2b,one_step_201605,one_step_ex_ante_snapshot_vintage_sensitivity,ridge_recursive_b1,2008-01,2016-04,2016-05,2016-05,0.03480229992419481,pre-specified first grid configuration; no tuning; parameters={'model__alpha': 0.1},1.0,1241298.909029623,1241298.909029623,45.1439205683645,36.83054465613393,45.14392056836449,7.358765550224303,5.66482325377107,,1241298.909029623,1.0,1241298.909029623,1241298.909029623,45.1439205683645,36.83054465613393,45.14392056836449,7.358765550224303,5.66482325377107,,1241298.909029623,1.0,1025365.0,1025365.0,37.29077321897203,31.430445198608787,37.29077321897203,6.0786492145589035,4.679381777708753,,1025365.0,-0.2105922369396489,-0.2105922369396489,,,,,,,2016-04-30,2016-01-01,3
ablation_20260811T165312Z_69334f2b,one_step_201606,one_step_ex_ante_snapshot_vintage_sensitivity,ridge_recursive_b1,2008-01,2016-05,2016-06,2016-06,0.03749449993483722,pre-specified first grid configuration; no tuning; parameters={'model__alpha': 0.1},1.0,1919378.2581423437,1919378.2581423437,71.18962112785101,52.501729846282736,71.18962112785101,11.4745244284352,8.808271885080766,,1919378.2581423437,1.0,1919378.2581423437,1919378.2581423437,71.18962112785101,52.501729846282736,71.18962112785101,11.4745244284352,8.808271885080766,,1919378.2581423437,1.0,1653526.0,1653526.0,61.329177282116085,46.936341299470435,61.329177282116085,9.88519297828039,7.588241929522742,,1653526.0,-0.16077900083962615,-0.16077900083962615,,,,,,,2016-05-31,2016-02-01,3
ablation_20260811T165312Z_69334f2b,one_step_201607,one_step_ex_ante_snapshot_vintage_sensitivity,ridge_recursive_b1,2008-01,2016-06,2016-07,2016-07,0.03721480001695454,pre-specified first grid configuration; no tuning; parameters={'model__alpha': 0.1},1.0,1945920.6383565273,1945920.6383565273,55.87641213884239,43.67453152229054,55.87641213884239,11.672012566772525,8.966344412442437,,1945920.6383565273,1.0,1945920.6383565273,1945920.6383565273,55.87641213884239,43.67453152229054,55.87641213884239,11.672012566772525,8.966344412442437,,1945920.6383565273,1.0,1762421.0,1762421.0,50.60728593809583,40.38772116992374,50.60728593809583,10.571345847545725,8.120821257678607,,1762421.0,-0.10411793683604964,-0.10411793683604964,,,,,,,2016-06-30,2016-03-01,3
ablation_20260811T165312Z_69334f2b,one_step_201608,one_step_ex_ante_snapshot_vintage_sensitivity,ridge_recursive_b1,2008-01,2016-07,2016-08,2016-08,0.08331439993344247,pre-specified first grid configuration; no tuning; parameters={'model__alpha': 0.1},1.0,1543597.9716663044,1543597.9716663044,33.807557555521676,28.91913153619381,33.80755755552168,9.00666621976791,6.878907787888381,,1543597.9716663044,1.0,1543597.9716663044,1543597.9716663044,33.807557555521676,28.91913153619381,33.80755755552168,9.00666621976791,6.878907787888381,,1543597.9716663044,1.0,2182871.0,2182871.0,47.80878073395962,38.58521929074479,47.80878073395962,12.736729937904574,9.727771477728925,,2182871.0,0.2928588214024995,0.2928588214024995,,,,,,,2016-07-31,2016-04-01,3
ablation_20260811T165312Z_69334f2b,one_step_201609,one_step_ex_ante_snapshot_vintage_sensitivity,ridge_recursive_b1,2008-01,2016-08,2016-09,2016-09,0.03398599999491125,pre-specified first grid configuration; no tuning; parameters={'model__alpha': 0.1},1.0,844924.9416492842,844924.9416492842,21.044574666290178,19.041023466023592,21.044574666290178,4.668629178316955,3.404275097911478,,844924.9416492842,1.0,844924.9416492842,844924.9416492842,21.044574666290178,19.041023466023592,21.044574666290178,4.668629178316955,3.404275097911478,,844924.9416492842,1.0,1400392.0,1400392.0,34.87961184877445,29.699991050080104,34.87961184877445,7.737860051236867,5.642299543920073,,1400392.0,0.3966511222220034,0.3966511222220034,,,,,,,2016-08-31,2016-05-01,3
ablation_20260811T165312Z_69334f2b,one_step_201610,one_step_ex_ante_snapshot_vintage_sensitivity,ridge_recursive_b1,2008-01,2016-09,2016-10,2016-10,0.0348744000075385,pre-specified first grid configuration; no tuning; parameters={'model__alpha': 0.1},1.0,436915.7387437844,436915.7387437844,13.694984247535974,12.817319316837345,13.694984247535974,2.214015505879933,1.446012853922547,,436915.7387437844,1.0,436915.7387437844,436915.7387437844,13.694984247535974,12.817319316837345,13.694984247535974,2.214015505879933,1.446012853922547,,436915.7387437844,1.0,971472.0,971472.0,30.450479479578004,26.426917876971874,30.450479479578,4.922812068323068,3.2151760045650883,,971472.0,0.5502539046480142,0.5502539046480142,,,,,,,2016-09-30,2016-06-01,3
ablation_20260811T165312Z_69334f2b,one_step_201611,one_step_ex_ante_snapshot_vintage_sensitivity,ridge_recursive_b1,2008-01,2016-10,2016-11,2016-11,0.03452169999945909,pre-specified first grid configuration; no tuning; parameters={'model__alpha': 0.1},1.0,543763.1932577542,543763.1932577542,28.929344590423845,33.82151605272268,28.929344590423845,2.534559220667561,1.5415387615053247,,-543763.1932577542,1.0,543763.1932577542,543763.1932577542,28.929344590423845,33.82151605272268,28.929344590423845,2.534559220667561,1.5415387615053247,,-543763.1932577542,1.0,357373.0,357373.0,19.012994613287223,17.36243518048653,19.012994613287226,1.6657674583323068,1.0131328097345182,,357373.0,-0.5215564501452381,-0.5215564501452381,,,,,,,2016-10-31,2016-07-01,3
ablation_20260811T165312Z_69334f2b,one_step_201612,one_step_ex_ante_snapshot_vintage_sensitivity,ridge_recursive_b1,2008-01,2016-11,2016-12,2016-12,0.0345396000193432,pre-specified first grid configuration; no tuning; parameters={'model__alpha': 0.1},1.0,289851.4066533053,289851.4066533053,17.788067824054878,19.52459162430548,17.78806782405488,1.2285251206052568,0.6931426243905522,,-289851.4066533053,1.0,289851.4066533053,289851.4066533053,17.788067824054878,19.52459162430548,17.78806782405488,1.2285251206052568,0.6931426243905522,,-289851.4066533053,1.0,84336.0,84336.0,5.175667440537451,5.045108423529243,5.175667440537451,0.35745520702368977,0.2016787741193286,,84336.0,-2.436864525864462,-2.436864525864462,,,,,,,2016-11-30,2016-08-01,3
ablation_20260811T165312Z_69334f2b,one_step_201701,one_step_ex_ante_snapshot_vintage_sensitivity,ridge_recursive_b1,2008-01,2016-12,2017-01,2017-01,0.0336561999283731,pre-specified first grid configuration; no tuning; parameters={'model__alpha': 0.1},1.0,497047.3694463922,497047.3694463922,31.692496636349688,37.66023023688245,31.69249663634969,2.000548825406374,1.1282759900141839,,-497047.3694463922,1.0,497047.3694463922,497047.3694463922,31.692496636349688,37.66023023688245,31.69249663634969,2.000548825406374,1.1282759900141839,,-497047.3694463922,1.0,122943.0,122943.0,7.839032763220313,7.543369172768329,7.839032763220314,0.4948290431873265,0.2790752824923147,,122943.0,-3.0429090671806627,-3.0429090671806627,,,,,,,2016-12-31,2016-09-01,3
ablation_20260811T165312Z_69334f2b,one_step_201702,one_step_ex_ante_snapshot_vintage_sensitivity,ridge_recursive_b1,2008-01,2017-01,2017-02,2017-02,0.031130999908782542,pre-specified first grid configuration; no tuning; parameters={'model__alpha': 0.1},1.0,788836.3164629759,788836.3164629759,55.07318199584847,76.00136779967232,55.07318199584847,3.0796214371907267,1.7549281490668514,,-788836.3164629759,1.0,788836.3164629759,788836.3164629759,55.07318199584847,76.00136779967232,55.07318199584847,3.0796214371907267,1.7549281490668514,,-788836.3164629759,1.0,85162.0,85162.0,5.945647059152074,5.7739963374359204,5.945647059152074,0.33247292925102817,0.189460332786093,,85162.0,-8.262773495960356,-8.262773495960356,,,,,,,2017-01-31,2016-10-01,3
ablation_20260811T165312Z_69334f2b,one_step_201703,one_step_ex_ante_snapshot_vintage_sensitivity,ridge_recursive_b1,2008-01,2017-02,2017-03,2017-03,0.030445300042629242,pre-specified first grid configuration; no tuning; parameters={'model__alpha': 0.1},1.0,1079886.7134310924,1079886.7134310924,58.559772668322374,82.80497532148274,58.559772668322374,4.198419017933991,2.407094810909399,,-1079886.7134310924,1.0,1079886.7134310924,1079886.7134310924,58.559772668322374,82.80497532148274,58.559772668322374,4.198419017933991,2.407094810909399,,-1079886.7134310924,1.0,54686.0,54686.0,2.9654959990802983,2.9221676171931565,2.9654959990802983,0.21261002618066627,0.12189647783622906,,54686.0,-18.747041535879244,-18.747041535879244,,,,,,,2017-02-28,2016-11-01,3
ablation_20260811T165312Z_69334f2b,one_step_201704,one_step_ex_ante_snapshot_vintage_sensitivity,ridge_recursive_b1,2008-01,2017-03,2017-04,2017-04,0.0316583999665454,pre-specified first grid configuration; no tuning; parameters={'model__alpha': 0.1},1.0,1450436.720739121,1450436.720739121,63.65646395799065,93.3765777328486,63.65646395799066,5.678814046043012,3.249427392384492,,-1450436.720739121,1.0,1450436.720739121,1450436.720739121,63.65646395799065,93.3765777328486,63.65646395799066,5.678814046043012,3.249427392384492,,-1450436.720739121,1.0,229300.0,229300.0,10.063470523642792,10.596666740607647,10.063470523642792,0.8977655089248605,0.5137030043572499,,-229300.0,-5.325498127950811,-5.325498127950811,,,,,,,2017-03-31,2016-12-01,3
ablation_20260811T165312Z_69334f2b,one_step_201705,one_step_ex_ante_snapshot_vintage_sensitivity,ridge_recursive_b1,2008-01,2017-04,2017-05,2017-05,0.0314093999331817,pre-specified first grid configuration; no tuning; parameters={'model__alpha': 0.1},1.0,1128100.6392093427,1128100.6392093427,36.44581137386974,44.567261382931,36.44581137386974,4.440532582764021,2.539420485797305,,-1128100.6392093427,1.0,1128100.6392093427,1128100.6392093427,36.44581137386974,44.567261382931,36.44581137386974,4.440532582764021,2.539420485797305,,-1128100.6392093427,1.0,345634.0,345634.0,11.166478530873762,11.826796899192976,11.166478530873762,1.3605160615694374,0.7780423392040896,,-345634.0,-2.26385899306591,-2.26385899306591,,,,,,,2017-04-30,2017-01-01,3
ablation_20260811T165312Z_69334f2b,one_step_201706,one_step_ex_ante_snapshot_vintage_sensitivity,ridge_recursive_b1,2008-01,2017-05,2017-06,2017-06,0.03070930007379502,pre-specified first grid configuration; no tuning; parameters={'model__alpha': 0.1},1.0,642930.7408146649,642930.7408146649,18.4243437537516,20.293847903008505,18.424343753751604,2.548047133307509,1.4544402343628202,,-642930.7408146649,1.0,642930.7408146649,642930.7408146649,18.4243437537516,20.293847903008505,18.424343753751604,2.548047133307509,1.4544402343628202,,-642930.7408146649,1.0,793423.0,793423.0,22.736971754702296,25.653371692645045,22.736971754702296,3.1444743147427525,1.7948843643821146,,-793423.0,0.1896746870021856,0.1896746870021856,,,,,,,2017-05-31,2017-02-01,3
ablation_20260811T165312Z_69334f2b,one_step_201707,one_step_ex_ante_snapshot_vintage_sensitivity,ridge_recursive_b1,2008-01,2017-06,2017-07,2017-07,0.03118789999280125,pre-specified first grid configuration; no tuning; parameters={'model__alpha': 0.1},1.0,1042764.8072607974,1042764.8072607974,20.72066157456903,23.115504281256065,20.720661574569025,4.165617165793139,2.370766080258152,,-1042764.8072607974,1.0,1042764.8072607974,1042764.8072607974,20.72066157456903,23.115504281256065,20.720661574569025,4.165617165793139,2.370766080258152,,-1042764.8072607974,1.0,1549944.0,1549944.0,30.79876196426102,36.40488961168907,30.79876196426102,6.191687029962553,3.5238575716342027,,-1549944.0,0.32722420470623625,0.32722420470623625,,,,,,,2017-06-30,2017-03-01,3
ablation_20260811T165312Z_69334f2b,one_step_201708,one_step_ex_ante_snapshot_vintage_sensitivity,ridge_recursive_b1,2008-01,2017-07,2017-08,2017-08,0.03464309999253601,pre-specified first grid configuration; no tuning; parameters={'model__alpha': 0.1},1.0,912140.7244416699,912140.7244416699,14.423733064875119,15.544803549602035,14.423733064875119,3.646865792301574,2.0813795702786435,,-912140.7244416699,1.0,912140.7244416699,912140.7244416699,14.423733064875119,15.544803549602035,14.423733064875119,3.646865792301574,2.0813795702786435,,-912140.7244416699,1.0,1758051.0,1758051.0,27.800160281143498,32.28825337646268,27.800160281143498,7.028933015731799,4.011630373315207,,-1758051.0,0.4811636724749908,0.4811636724749908,,,,,,,2017-07-31,2017-04-01,3
ablation_20260811T165312Z_69334f2b,one_step_201709,one_step_ex_ante_snapshot_vintage_sensitivity,ridge_recursive_b1,2008-01,2017-08,2017-09,2017-09,0.03044999996200204,pre-specified first grid configuration; no tuning; parameters={'model__alpha': 0.1},1.0,808059.0576988682,808059.0576988682,15.226608469952035,16.48138657180612,15.226608469952037,3.218563010320579,1.8473393963152318,,-808059.0576988682,1.0,808059.0576988682,808059.0576988682,15.226608469952035,16.48138657180612,15.226608469952037,3.218563010320579,1.8473393963152318,,-808059.0576988682,1.0,1291958.0,1291958.0,24.34492681963516,27.719013608718814,24.344926819635162,5.145970693688295,2.953602077775431,,-1291958.0,0.37454696073798976,0.37454696073798976,,,,,,,2017-08-31,2017-05-01,3
ablation_20260811T165312Z_69334f2b,one_step_201710,one_step_ex_ante_snapshot_vintage_sensitivity,ridge_recursive_b1,2008-01,2017-09,2017-10,2017-10,0.03409500000998378,pre-specified first grid configuration; no tuning; parameters={'model__alpha': 0.1},1.0,50504.66524789343,50504.66524789343,1.2904388146509131,1.2821660305874285,1.290438814650913,0.1969919592291129,0.11418617085855656,,50504.66524789343,1.0,50504.66524789343,50504.66524789343,1.2904388146509131,1.2821660305874285,1.290438814650913,0.1969919592291129,0.11418617085855656,,50504.66524789343,1.0,723425.0,723425.0,18.484147848653944,20.36642819850472,18.48414784865394,2.8216979046557507,1.6355940633978716,,-723425.0,0.9301867294496411,0.9301867294496411,,,,,,,2017-09-30,2017-06-01,3
ablation_20260811T165312Z_69334f2b,one_step_201711,one_step_ex_ante_snapshot_vintage_sensitivity,ridge_recursive_b1,2008-01,2017-10,2017-11,2017-11,0.03186340001411736,pre-specified first grid configuration; no tuning; parameters={'model__alpha': 0.1},1.0,889041.6402012492,889041.6402012492,38.75766954819782,32.46611480296245,38.75766954819782,3.305746923878412,1.9082608338442788,,889041.6402012492,1.0,889041.6402012492,889041.6402012492,38.75766954819782,32.46611480296245,38.75766954819782,3.305746923878412,1.9082608338442788,,889041.6402012492,1.0,414222.0,414222.0,18.057961145621306,19.850235008165864,18.05796114562131,1.5402125619141944,0.8890962845539102,,-414222.0,-1.1462926648059475,-1.1462926648059475,,,,,,,2017-10-31,2017-07-01,3
ablation_20260811T165312Z_69334f2b,one_step_201712,one_step_ex_ante_snapshot_vintage_sensitivity,ridge_recursive_b1,2008-01,2017-11,2017-12,2017-12,0.03212099999655038,pre-specified first grid configuration; no tuning; parameters={'model__alpha': 0.1},1.0,1124301.2564434134,1124301.2564434134,55.077087577194476,43.184660841422215,55.07708757719447,3.9691970874096354,2.2728880920279018,,1124301.2564434134,1.0,1124301.2564434134,1124301.2564434134,55.077087577194476,43.184660841422215,55.07708757719447,3.9691970874096354,2.2728880920279018,,1124301.2564434134,1.0,411852.0,411852.0,20.175738969286094,22.439395945400367,20.175738969286094,1.4539890883116784,0.8326002493665179,,-411852.0,-1.72986717666398,-1.72986717666398,,,,,,,2017-11-30,2017-08-01,3
ablation_20260811T165312Z_69334f2b,one_step_201801,one_step_ex_ante_snapshot_vintage_sensitivity,ridge_recursive_b1,2008-01,2017-12,2018-01,2018-01,0.03399049991276115,pre-specified first grid configuration; no tuning; parameters={'model__alpha': 0.1},1.0,982337.4700105148,982337.4700105148,48.02805351335131,38.72792035661076,48.02805351335131,3.354252819911806,1.9330294479129895,,982337.4700105148,1.0,982337.4700105148,982337.4700105148,48.02805351335131,38.72792035661076,48.02805351335131,3.354252819911806,1.9330294479129895,,982337.4700105148,1.0,476997.0,476997.0,23.321147916166545,26.399478648526365,23.321147916166545,1.6287361331359433,0.938627789039018,,-476997.0,-1.0594206462734879,-1.0594206462734879,,,,,,,2017-12-31,2017-09-01,3
ablation_20260811T165312Z_69334f2b,one_step_201802,one_step_ex_ante_snapshot_vintage_sensitivity,ridge_recursive_b1,2008-01,2018-01,2018-02,2018-02,0.036105699953623116,pre-specified first grid configuration; no tuning; parameters={'model__alpha': 0.1},1.0,1093886.0168512263,1093886.0168512263,60.541991233847405,46.47388388116557,60.541991233847405,3.6840459931072145,2.1421858209592863,,1093886.0168512263,1.0,1093886.0168512263,1093886.0168512263,60.541991233847405,46.47388388116557,60.541991233847405,3.6840459931072145,2.1421858209592863,,1093886.0168512263,1.0,374480.0,374480.0,20.72589330880408,23.12201543361188,20.72589330880408,1.2611931428376801,0.7333540550614217,,-374480.0,-1.9210799424568101,-1.9210799424568101,,,,,,,2018-01-31,2017-10-01,3
ablation_20260811T165312Z_69334f2b,one_step_201803,one_step_ex_ante_snapshot_vintage_sensitivity,ridge_recursive_b1,2008-01,2018-02,2018-03,2018-03,0.03431939997244626,pre-specified first grid configuration; no tuning; parameters={'model__alpha': 0.1},1.0,912147.0329407891,912147.0329407891,40.182352347746395,33.45987076483342,40.182352347746395,3.060676174984242,1.7891430172067935,,912147.0329407891,1.0,912147.0329407891,912147.0329407891,40.182352347746395,33.45987076483342,40.182352347746395,3.060676174984242,1.7891430172067935,,912147.0329407891,1.0,425943.0,425943.0,18.763851756306885,20.706522333587337,18.763851756306885,1.429236235958835,0.8354716034334589,,-425943.0,-1.141476753792853,-1.141476753792853,,,,,,,2018-02-28,2017-11-01,3
ablation_20260811T165312Z_69334f2b,one_step_201804,one_step_ex_ante_snapshot_vintage_sensitivity,ridge_recursive_b1,2008-01,2018-03,2018-04,2018-04,0.033346999902278185,pre-specified first grid configuration; no tuning; parameters={'model__alpha': 0.1},1.0,611827.9314984577,611827.9314984577,21.313820761614082,19.261174641751854,21.31382076161408,2.045731395115911,1.2020129230751881,,611827.9314984577,1.0,611827.9314984577,611827.9314984577,21.313820761614082,19.261174641751854,21.31382076161408,2.045731395115911,1.2020129230751881,,611827.9314984577,1.0,592031.0,592031.0,20.62416893654185,22.995482517648206,20.62416893654185,1.9795376138118026,1.1631193612201416,,-592031.0,-0.033439011636988036,-0.033439011636988036,,,,,,,2018-03-31,2017-12-01,3
ablation_20260811T165312Z_69334f2b,one_step_201805,one_step_ex_ante_snapshot_vintage_sensitivity,ridge_recursive_b1,2008-01,2018-04,2018-05,2018-05,0.03320440009701997,pre-specified first grid configuration; no tuning; parameters={'model__alpha': 0.1},1.0,687202.4162855214,687202.4162855214,18.129483319074655,16.622680293571573,18.129483319074655,2.285283687811744,1.350850561661005,,687202.4162855214,1.0,687202.4162855214,687202.4162855214,18.129483319074655,16.622680293571573,18.129483319074655,2.285283687811744,1.350850561661005,,687202.4162855214,1.0,695242.0,695242.0,18.34158021423951,20.193482070218067,18.34158021423951,2.312019230475874,1.3666541675838804,,-695242.0,0.011563719847878406,0.011563719847878406,,,,,,,2018-04-30,2018-01-01,3
ablation_20260811T165312Z_69334f2b,one_step_201806,one_step_ex_ante_snapshot_vintage_sensitivity,ridge_recursive_b1,2008-01,2018-05,2018-06,2018-06,0.0341922000516206,pre-specified first grid configuration; no tuning; parameters={'model__alpha': 0.1},1.0,369321.293190646,369321.293190646,8.380534979753222,8.043491183634304,8.380534979753223,1.2254406346046154,0.7275003831880154,,369321.293190646,1.0,369321.293190646,369321.293190646,8.380534979753222,8.043491183634304,8.380534979753223,1.2254406346046154,0.7275003831880154,,369321.293190646,1.0,917322.0,917322.0,20.815612991825986,23.233735192426586,20.81561299182599,3.0437553277939355,1.8069689422491686,,-917322.0,0.5973918720028016,0.5973918720028016,,,,,,,2018-05-31,2018-02-01,3
ablation_20260811T165312Z_69334f2b,one_step_201807,one_step_ex_ante_snapshot_vintage_sensitivity,ridge_recursive_b1,2008-01,2018-06,2018-07,2018-07,0.0340568000683561,pre-specified first grid configuration; no tuning; parameters={'model__alpha': 0.1},1.0,179900.51450205222,179900.51450205222,3.1489813013719163,3.1993548442773307,3.148981301371916,0.5947113288039336,0.3548470139010232,,-179900.51450205222,1.0,179900.51450205222,179900.51450205222,3.1489813013719163,3.1993548442773307,3.148981301371916,0.5947113288039336,0.3548470139010232,,-179900.51450205222,1.0,680487.0,680487.0,11.911254644033974,12.665568714907863,11.911254644033976,2.2495395809398078,1.342235071516213,,-680487.0,0.7356297555984872,0.7356297555984872,,,,,,,2018-06-30,2018-03-01,3
ablation_20260811T165312Z_69334f2b,one_step_201808,one_step_ex_ante_snapshot_vintage_sensitivity,ridge_recursive_b1,2008-01,2018-07,2018-08,2018-08,0.031533999950625,pre-specified first grid configuration; no tuning; parameters={'model__alpha': 0.1},1.0,321925.71168242954,321925.71168242954,4.56474682825671,4.671364816914922,4.56474682825671,1.0551977793014486,0.6339579977116717,,-321925.71168242954,1.0,321925.71168242954,321925.71168242954,4.56474682825671,4.671364816914922,4.56474682825671,1.0551977793014486,0.6339579977116717,,-321925.71168242954,1.0,728545.0,728545.0,10.330406541969275,10.893054973785393,10.330406541969275,2.3880014494758117,1.4347003444647761,,-728545.0,0.558125151250191,0.558125151250191,,,,,,,2018-07-31,2018-04-01,3
ablation_20260811T165312Z_69334f2b,one_step_201809,one_step_ex_ante_snapshot_vintage_sensitivity,ridge_recursive_b1,2008-01,2018-08,2018-09,2018-09,0.035464800079353154,pre-specified first grid configuration; no tuning; parameters={'model__alpha': 0.1},1.0,173172.6024590563,173172.6024590563,2.8759730150372467,2.917932490549856,2.8759730150372467,0.5612676359032167,0.3397113175582704,,-173172.6024590563,1.0,173172.6024590563,173172.6024590563,2.8759730150372467,2.917932490549856,2.8759730150372467,0.5612676359032167,0.3397113175582704,,-173172.6024590563,1.0,714469.0,714469.0,11.865581130632181,12.613939758541592,11.865581130632181,2.3156568698616566,1.4015681574221606,,-714469.0,0.7576205511239028,0.7576205511239028,,,,,,,2018-08-31,2018-05-01,3
ablation_20260811T165312Z_69334f2b,one_step_201810,one_step_ex_ante_snapshot_vintage_sensitivity,ridge_recursive_b1,2008-01,2018-09,2018-10,2018-10,0.033012299914844334,pre-specified first grid configuration; no tuning; parameters={'model__alpha': 0.1},1.0,10357.498722977005,10357.498722977005,0.21616676582915914,0.2159333777296672,0.21616676582915914,0.03299842492505283,0.020121654407687425,,10357.498722977005,1.0,10357.498722977005,10357.498722977005,0.21616676582915914,0.2159333777296672,0.21616676582915914,0.03299842492505283,0.020121654407687425,,10357.498722977005,1.0,877680.0,877680.0,18.31767032826673,20.164504012430275,18.31767032826673,2.79624051741094,1.705080938254083,,-877680.0,0.9881990033691357,0.9881990033691357,,,,,,,2018-09-30,2018-06-01,3
ablation_20260811T165312Z_69334f2b,one_step_201811,one_step_ex_ante_snapshot_vintage_sensitivity,ridge_recursive_b1,2008-01,2018-10,2018-11,2018-11,0.0326749999076128,pre-specified first grid configuration; no tuning; parameters={'model__alpha': 0.1},1.0,343760.57985709934,343760.57985709934,12.82966387714876,12.056274152229458,12.829663877148763,1.0841908666682416,0.6656679973753703,,343760.57985709934,1.0,343760.57985709934,343760.57985709934,12.82966387714876,12.056274152229458,12.829663877148763,1.0841908666682416,0.6656679973753703,,343760.57985709934,1.0,385573.0,385573.0,14.390166528577081,15.505823435580675,14.39016652857708,1.2160635905595987,0.7466347853459762,,-385573.0,0.10844229275105022,0.10844229275105022,,,,,,,2018-10-31,2018-07-01,3
ablation_20260811T165312Z_69334f2b,one_step_201812,one_step_ex_ante_snapshot_vintage_sensitivity,ridge_recursive_b1,2008-01,2018-11,2018-12,2018-12,0.0321064000017941,pre-specified first grid configuration; no tuning; parameters={'model__alpha': 0.1},1.0,51957.47407198092,51957.47407198092,2.382407571618118,2.411129031927176,2.3824075716181174,0.1620563093665405,0.10018523559079923,,-51957.47407198092,1.0,51957.47407198092,51957.47407198092,2.382407571618118,2.411129031927176,2.3824075716181174,0.1620563093665405,0.10018523559079923,,-51957.47407198092,1.0,139558.0,139558.0,6.39915703791266,6.610670635525901,6.39915703791266,0.4352839476230796,0.26909797595646856,,-139558.0,0.6276997802205468,0.6276997802205468,,,,,,,2018-11-30,2018-08-01,3
ablation_20260811T165312Z_69334f2b,one_step_201901,one_step_ex_ante_snapshot_vintage_sensitivity,ridge_recursive_b1,2008-01,2018-12,2019-01,2019-01,0.04133290005847812,pre-specified first grid configuration; no tuning; parameters={'model__alpha': 0.1},1.0,390801.8779957369,390801.8779957369,17.553967770375483,19.24291534965502,17.553967770375483,1.206253127679464,0.75067541619056,,-390801.8779957369,1.0,390801.8779957369,390801.8779957369,17.553967770375483,19.24291534965502,17.553967770375483,1.206253127679464,0.75067541619056,,-390801.8779957369,1.0,180947.0,180947.0,8.127744478701768,8.472037248553187,8.127744478701768,0.558512885899174,0.347573725157265,,-180947.0,-1.1597588133306265,-1.1597588133306265,,,,,,,2018-12-31,2018-09-01,3
ablation_20260811T165312Z_69334f2b,one_step_201902,one_step_ex_ante_snapshot_vintage_sensitivity,ridge_recursive_b1,2008-01,2019-01,2019-02,2019-02,0.03851270000450313,pre-specified first grid configuration; no tuning; parameters={'model__alpha': 0.1},1.0,126220.80509038107,126220.80509038107,6.4896450199352005,6.7072844971048236,6.4896450199352,0.3840323031667017,0.24058165564100814,,-126220.80509038107,1.0,126220.80509038107,126220.80509038107,6.4896450199352005,6.7072844971048236,6.4896450199352,0.3840323031667017,0.24058165564100814,,-126220.80509038107,1.0,138135.0,138135.0,7.102213570788455,7.363706657561653,7.102213570788455,0.4202817606807913,0.26329056432633413,,-138135.0,0.08625037035956806,0.08625037035956806,,,,,,,2019-01-31,2018-10-01,3
ablation_20260811T165312Z_69334f2b,one_step_201903,one_step_ex_ante_snapshot_vintage_sensitivity,ridge_recursive_b1,2008-01,2019-02,2019-03,2019-03,0.03330159990582615,pre-specified first grid configuration; no tuning; parameters={'model__alpha': 0.1},1.0,77789.03423435567,77789.03423435567,3.1453461615648273,3.195602542519835,3.145346161564827,0.23633270880458268,0.1485561973615724,,-77789.03423435567,1.0,77789.03423435567,77789.03423435567,3.1453461615648273,3.195602542519835,3.145346161564827,0.23633270880458268,0.1485561973615724,,-77789.03423435567,1.0,203128.0,203128.0,8.213341139851371,8.56508079202794,8.213341139851371,0.6171279917093433,0.3879200141082897,,-203128.0,0.6170442566541507,0.6170442566541507,,,,,,,2019-02-28,2018-11-01,3
ablation_20260811T165312Z_69334f2b,one_step_201904,one_step_ex_ante_snapshot_vintage_sensitivity,ridge_recursive_b1,2008-01,2019-03,2019-04,2019-04,0.08097949996590614,pre-specified first grid configuration; no tuning; parameters={'model__alpha': 0.1},1.0,389543.4285143656,389543.4285143656,11.926298138124066,12.682579244261285,11.926298138124064,1.1891892872381924,0.7468198296266382,,-389543.4285143656,1.0,389543.4285143656,389543.4285143656,11.926298138124066,12.682579244261285,11.926298138124064,1.1891892872381924,0.7468198296266382,,-389543.4285143656,1.0,395687.0,395687.0,12.11439029886206,12.895495634957816,12.11439029886206,1.207944242042491,0.7585980825102736,,-395687.0,0.015526341491215123,0.015526341491215123,,,,,,,2019-03-31,2018-12-01,3
ablation_20260811T165312Z_69334f2b,one_step_201905,one_step_ex_ante_snapshot_vintage_sensitivity,ridge_recursive_b1,2008-01,2019-04,2019-05,2019-05,0.034493799903430045,pre-specified first grid configuration; no tuning; parameters={'model__alpha': 0.1},1.0,294652.41844443046,294652.41844443046,6.982554502565631,7.235153780603158,6.982554502565631,0.9028480372798637,0.5669625472814857,,-294652.41844443046,1.0,294652.41844443046,294652.41844443046,6.982554502565631,7.235153780603158,6.982554502565631,0.9028480372798637,0.5669625472814857,,-294652.41844443046,1.0,429313.0,429313.0,10.173686803542411,10.718942629427064,10.173686803542411,1.3154631530771903,0.8260729484117945,,-429313.0,0.3136652781433815,0.3136652781433815,,,,,,,2019-04-30,2019-01-01,3
ablation_20260811T165312Z_69334f2b,one_step_201906,one_step_ex_ante_snapshot_vintage_sensitivity,ridge_recursive_b1,2008-01,2019-05,2019-06,2019-06,0.03319850005209446,pre-specified first grid configuration; no tuning; parameters={'model__alpha': 0.1},1.0,797425.5115316715,797425.5115316715,15.113481319634815,16.34892736096486,15.113481319634817,2.4550068701408536,1.5402633071243665,,-797425.5115316715,1.0,797425.5115316715,797425.5115316715,15.113481319634815,16.34892736096486,15.113481319634817,2.4550068701408536,1.5402633071243665,,-797425.5115316715,1.0,869359.0,869359.0,16.476825504766357,17.95612521425111,16.476825504766357,2.676466060785183,1.6792060813885175,,-869359.0,0.08274313427287061,0.08274313427287061,,,,,,,2019-05-31,2019-02-01,3
ablation_20260811T165312Z_69334f2b,one_step_201907,one_step_ex_ante_snapshot_vintage_sensitivity,ridge_recursive_b1,2008-01,2019-06,2019-07,2019-07,0.03305780002847314,pre-specified first grid configuration; no tuning; parameters={'model__alpha': 0.1},1.0,1105396.995296996,1105396.995296996,16.490967840690253,17.972922255264194,16.490967840690256,3.4135452977837817,2.1425054782157504,,-1105396.995296996,1.0,1105396.995296996,1105396.995296996,16.490967840690253,17.972922255264194,16.490967840690256,3.4135452977837817,2.1425054782157504,,-1105396.995296996,1.0,990070.0,990070.0,14.770451339652352,15.94826683591038,14.770451339652352,3.057407254910034,1.9189760853720608,,-990070.0,-0.116483678221738,-0.116483678221738,,,,,,,2019-06-30,2019-03-01,3
ablation_20260811T165312Z_69334f2b,one_step_201908,one_step_ex_ante_snapshot_vintage_sensitivity,ridge_recursive_b1,2008-01,2019-07,2019-08,2019-08,0.033517500036396086,pre-specified first grid configuration; no tuning; parameters={'model__alpha': 0.1},1.0,1119636.7252156846,1119636.7252156846,13.709026101096278,14.717864010454832,13.709026101096278,3.4513420992441324,2.1737178382241265,,-1119636.7252156846,1.0,1119636.7252156846,1119636.7252156846,13.709026101096278,14.717864010454832,13.709026101096278,3.4513420992441324,2.1737178382241265,,-1119636.7252156846,1.0,1114717.0,1114717.0,13.648788132947235,14.648456531299182,13.648788132947233,3.436176774303282,2.164166441579438,,-1114717.0,-0.004413429790417256,-0.004413429790417256,,,,,,,2019-07-31,2019-04-01,3
ablation_20260811T165312Z_69334f2b,one_step_201909,one_step_ex_ante_snapshot_vintage_sensitivity,ridge_recursive_b1,2008-01,2019-08,2019-09,2019-09,0.03821919998154044,pre-specified first grid configuration; no tuning; parameters={'model__alpha': 0.1},1.0,555864.8770227842,555864.8770227842,8.245089338166055,8.599612192155577,8.245089338166053,1.7090627835482772,1.0805037257506052,,-555864.8770227842,1.0,555864.8770227842,555864.8770227842,8.245089338166055,8.599612192155577,8.245089338166053,1.7090627835482772,1.0805037257506052,,-555864.8770227842,1.0,720412.0,720412.0,10.685800714916219,11.28895852003655,10.685800714916219,2.2149795551322717,1.4003544426922643,,-720412.0,0.22840697125702492,0.22840697125702492,,,,,,,2019-08-31,2019-05-01,3
ablation_20260811T165312Z_69334f2b,one_step_201910,one_step_ex_ante_snapshot_vintage_sensitivity,ridge_recursive_b1,2008-01,2019-09,2019-10,2019-10,0.03387240006122738,pre-specified first grid configuration; no tuning; parameters={'model__alpha': 0.1},1.0,177174.00428058673,177174.00428058673,3.258376087966014,3.3123403407739285,3.2583760879660137,0.5376015309547073,0.3418867451175864,,-177174.00428058673,1.0,177174.00428058673,177174.00428058673,3.258376087966014,3.3123403407739285,3.2583760879660137,0.5376015309547073,0.3418867451175864,,-177174.00428058673,1.0,646055.0,646055.0,11.881484374971265,12.631913807627834,11.881484374971265,1.960333619433807,1.2466707066525573,,-646055.0,0.7257601840701075,0.7257601840701075,,,,,,,2019-09-30,2019-06-01,3
ablation_20260811T165312Z_69334f2b,one_step_201911,one_step_ex_ante_snapshot_vintage_sensitivity,ridge_recursive_b1,2008-01,2019-10,2019-11,2019-11,0.03385170002002269,pre-specified first grid configuration; no tuning; parameters={'model__alpha': 0.1},1.0,572107.9344680412,572107.9344680412,19.035258641626086,17.38099953375139,19.03525864162609,1.7089855674000796,1.0926367033414308,,572107.9344680412,1.0,572107.9344680412,572107.9344680412,19.035258641626086,17.38099953375139,19.03525864162609,1.7089855674000796,1.0926367033414308,,572107.9344680412,1.0,326097.0,326097.0,10.849946947563431,11.472317107471904,10.849946947563431,0.9741082634881637,0.6227942833563941,,-326097.0,-0.7544102965315265,-0.7544102965315265,,,,,,,2019-10-31,2019-07-01,3
ablation_20260811T165312Z_69334f2b,one_step_201912,one_step_ex_ante_snapshot_vintage_sensitivity,ridge_recursive_b1,2008-01,2019-11,2019-12,2019-12,0.03436759999021888,pre-specified first grid configuration; no tuning; parameters={'model__alpha': 0.1},1.0,281195.05267605186,281195.05267605186,11.724623797487828,11.07535211275406,11.724623797487828,0.8249624177399799,0.5297782932952382,,281195.05267605186,1.0,281195.05267605186,281195.05267605186,11.724623797487828,11.07535211275406,11.724623797487828,0.8249624177399799,0.5297782932952382,,281195.05267605186,1.0,217448.0,217448.0,9.066645985600807,9.497184012089422,9.066645985600807,0.6379430438251118,0.4096773013043624,,-217448.0,-0.2931599861854415,-0.2931599861854415,,,,,,,2019-11-30,2019-08-01,3
ablation_20260811T165312Z_69334f2b,one_step_202001,one_step_ex_ante_snapshot_vintage_sensitivity,ridge_recursive_b1,2008-01,2019-12,2020-01,2020-01,0.03161099995486438,pre-specified first grid configuration; no tuning; parameters={'model__alpha': 0.1},1.0,81539.20870991657,81539.20870991657,3.2236288161338202,3.2764389308934745,3.2236288161338207,0.23717027005760907,0.1531228180301623,,-81539.20870991657,1.0,81539.20870991657,81539.20870991657,3.2236288161338202,3.2764389308934745,3.2236288161338207,0.23717027005760907,0.1531228180301623,,-81539.20870991657,1.0,303135.0,303135.0,11.98435374391709,12.748251523273806,11.98435374391709,0.8817182672165141,0.5692584730458411,,-303135.0,0.7310135460771057,0.7310135460771057,,,,,,,2019-12-31,2019-09-01,3
ablation_20260811T165312Z_69334f2b,one_step_202002,one_step_ex_ante_snapshot_vintage_sensitivity,ridge_recursive_b1,2008-01,2020-01,2020-02,2020-02,0.04208829998970032,pre-specified first grid configuration; no tuning; parameters={'model__alpha': 0.1},1.0,377801.9357744213,377801.9357744213,18.412091280931172,16.859956033522646,18.412091280931172,1.0915177312645459,0.7081915486481124,,377801.9357744213,1.0,377801.9357744213,377801.9357744213,18.412091280931172,16.859956033522646,18.412091280931172,1.0915177312645459,0.7081915486481124,,377801.9357744213,1.0,106966.0,106966.0,5.212963644347278,5.352474930445748,5.212963644347278,0.30903834678114483,0.20050828230251416,,-106966.0,-2.5319815247314224,-2.5319815247314224,,,,,,,2020-01-31,2019-10-01,3
ablation_20260811T165312Z_69334f2b,one_step_202003,one_step_ex_ante_snapshot_vintage_sensitivity,ridge_recursive_b1,2008-01,2020-02,2020-03,2020-03,0.045925899990834296,pre-specified first grid configuration; no tuning; parameters={'model__alpha': 0.1},1.0,1848067.7025420978,1848067.7025420978,174.66436018687816,93.23777692639761,174.66436018687816,5.341661572415197,3.472523322245631,,1848067.7025420978,1.0,1848067.7025420978,1848067.7025420978,174.66436018687816,93.23777692639761,174.66436018687816,5.341661572415197,3.472523322245631,,1848067.7025420978,1.0,1415079.0,1415079.0,133.7417821916928,80.14686163261088,133.74178219169278,4.090149460343993,2.6589365874208766,,1415079.0,-0.3059819999746287,-0.3059819999746287,,,,,,,2020-02-29,2019-11-01,3
ablation_20260811T165312Z_69334f2b,one_step_202004,one_step_ex_ante_snapshot_vintage_sensitivity,ridge_recursive_b1,2008-01,2020-03,2020-04,2020-04,0.03514930000528693,pre-specified first grid configuration; no tuning; parameters={'model__alpha': 0.1},0.0,,,,,,,,,,0.0,,,,,,,,,,0.0,,,,,,,,,,,,,,,,,,2020-03-31,2019-12-01,3
ablation_20260811T165312Z_69334f2b,one_step_202005,one_step_ex_ante_snapshot_vintage_sensitivity,ridge_recursive_b1,2008-01,2020-04,2020-05,2020-05,0.036578600062057376,pre-specified first grid configuration; no tuning; parameters={'model__alpha': 0.1},0.0,,,,,,,,,,0.0,,,,,,,,,,0.0,,,,,,,,,,,,,,,,,,2020-04-30,2020-01-01,3
ablation_20260811T165312Z_69334f2b,one_step_202006,one_step_ex_ante_snapshot_vintage_sensitivity,ridge_recursive_b1,2008-01,2020-05,2020-06,2020-06,0.0345396000193432,pre-specified first grid configuration; no tuning; parameters={'model__alpha': 0.1},0.0,,,,,,,,,,0.0,,,,,,,,,,0.0,,,,,,,,,,,,,,,,,,2020-05-31,2020-02-01,3
ablation_20260811T165312Z_69334f2b,one_step_202007,one_step_ex_ante_snapshot_vintage_sensitivity,ridge_recursive_b1,2008-01,2020-06,2020-07,2020-07,0.033516300027258694,pre-specified first grid configuration; no tuning; parameters={'model__alpha': 0.1},1.0,3762460.085073976,3762460.085073976,484.20230091178684,141.537758720345,484.20230091178684,10.723781662766111,6.977209683161154,,3762460.085073976,1.0,3762460.085073976,3762460.085073976,484.20230091178684,141.537758720345,484.20230091178684,10.723781662766111,6.977209683161154,,3762460.085073976,1.0,5926002.0,5926002.0,762.6350150506472,158.44738724998956,762.6350150506471,16.89031913806092,10.989341442015435,,5926002.0,0.3650930112622345,0.3650930112622345,,,,,,,2020-06-30,2020-03-01,3
ablation_20260811T165312Z_69334f2b,one_step_202008,one_step_ex_ante_snapshot_vintage_sensitivity,ridge_recursive_b1,2008-01,2020-07,2020-08,2020-08,0.03532929997891188,pre-specified first grid configuration; no tuning; parameters={'model__alpha': 0.1},1.0,3294820.6540226247,3294820.6540226247,150.24830643488215,85.79530788555928,150.24830643488215,9.390913528061034,6.110006233082478,,3294820.6540226247,1.0,3294820.6540226247,3294820.6540226247,150.24830643488215,85.79530788555928,150.24830643488215,9.390913528061034,6.110006233082478,,3294820.6540226247,1.0,5974233.0,5974233.0,272.43315638485177,115.33193752511445,272.43315638485177,17.027787364083764,11.078782337764348,,5974233.0,0.44849478518453756,0.44849478518453756,,,,,,,2020-07-31,2020-04-01,3
ablation_20260811T165312Z_69334f2b,one_step_202009,one_step_ex_ante_snapshot_vintage_sensitivity,ridge_recursive_b1,2008-01,2020-08,2020-09,2020-09,0.03329489997122437,pre-specified first grid configuration; no tuning; parameters={'model__alpha': 0.1},1.0,1740862.4043783909,1740862.4043783909,66.08707420591075,49.673269100452025,66.08707420591075,4.961814320245435,3.2283032245487067,,1740862.4043783909,1.0,1740862.4043783909,1740862.4043783909,66.08707420591075,49.673269100452025,66.08707420591075,4.961814320245435,3.2283032245487067,,1740862.4043783909,1.0,4107574.0,4107574.0,155.932799204311,87.61923573938637,155.93279920431098,11.707426987571292,7.617198439073276,,4107574.0,0.5761823391670142,0.5761823391670142,,,,,,,2020-08-31,2020-05-01,3
ablation_20260811T165312Z_69334f2b,one_step_202010,one_step_ex_ante_snapshot_vintage_sensitivity,ridge_recursive_b1,2008-01,2020-09,2020-10,2020-10,0.04351680004037917,pre-specified first grid configuration; no tuning; parameters={'model__alpha': 0.1},1.0,1235336.7550837607,1235336.7550837607,52.45315130259641,41.5547605818751,52.45315130259642,3.520962705773863,2.290842527134963,,1235336.7550837607,1.0,1235336.7550837607,1235336.7550837607,52.45315130259641,41.5547605818751,52.45315130259642,3.520962705773863,2.290842527134963,,1235336.7550837607,1.0,3082370.0,3082370.0,130.8793082657219,79.10999871930075,130.8793082657219,8.785385661629011,5.716031884671169,,3082370.0,0.5992250264946257,0.5992250264946257,,,,,,,2020-09-30,2020-06-01,3
ablation_20260811T165312Z_69334f2b,one_step_202011,one_step_ex_ante_snapshot_vintage_sensitivity,ridge_recursive_b1,2008-01,2020-10,2020-11,2020-11,0.036944399937056005,pre-specified first grid configuration; no tuning; parameters={'model__alpha': 0.1},1.0,1262757.0,1262757.0,100.0,200.0,100.0,3.2225870700166745,1.7075680678837104,,-1262757.0,1.0,1262757.0,1262757.0,100.0,200.0,100.0,3.2225870700166745,1.7075680678837104,,-1262757.0,1.0,1742760.0,1742760.0,138.01230165423752,81.66111172806619,138.01230165423752,4.447566588141867,2.3566539927991017,,1742760.0,0.2754269090408318,0.2754269090408318,,,,,,,2020-10-31,2020-07-01,3
ablation_20260811T165312Z_69334f2b,one_step_202012,one_step_ex_ante_snapshot_vintage_sensitivity,ridge_recursive_b1,2008-01,2020-11,2020-12,2020-12,0.032171000028029084,pre-specified first grid configuration; no tuning; parameters={'model__alpha': 0.1},1.0,964816.0,964816.0,100.0,200.0,100.0,2.2303084068501318,1.076412713937331,,-964816.0,1.0,964816.0,964816.0,100.0,200.0,100.0,2.2303084068501318,1.076412713937331,,-964816.0,1.0,1433513.0,1433513.0,148.57890001824182,85.24836128088441,148.57890001824182,3.3137676979122994,1.5993221700245903,,1433513.0,0.3269569233065902,0.3269569233065902,,,,,,,2020-11-30,2020-08-01,3
ablation_20260811T165312Z_69334f2b,one_step_202101,one_step_ex_ante_snapshot_vintage_sensitivity,ridge_recursive_b1,2008-01,2020-12,2021-01,2021-01,0.03275040001608431,pre-specified first grid configuration; no tuning; parameters={'model__alpha': 0.1},1.0,807051.2341079675,807051.2341079675,97.24305534766312,189.26809409655144,97.24305534766312,1.7574262594739463,0.8414825007468534,,-807051.2341079675,1.0,807051.2341079675,807051.2341079675,97.24305534766312,189.26809409655144,97.24305534766312,1.7574262594739463,0.8414825007468534,,-807051.2341079675,1.0,1699491.0,1699491.0,204.77472853197614,101.17960144134811,204.7747285319761,3.70079368559651,1.7719964684242744,,1699491.0,0.5251217958153545,0.5251217958153545,,,,,,,2020-12-31,2020-09-01,3
ablation_20260811T165312Z_69334f2b,one_step_202102,one_step_ex_ante_snapshot_vintage_sensitivity,ridge_recursive_b1,2008-01,2021-01,2021-02,2021-02,0.03893899999093264,pre-specified first grid configuration; no tuning; parameters={'model__alpha': 0.1},1.0,727126.0,727126.0,100.0,200.0,100.0,1.5208820161950614,0.7339188625330464,,-727126.0,1.0,727126.0,727126.0,100.0,200.0,100.0,1.5208820161950614,0.7339188625330464,,-727126.0,1.0,1324797.0,1324797.0,182.19634561272738,95.34175180070592,182.19634561272736,2.7709914545885703,1.3371733472977068,,1324797.0,0.4511415711237269,0.4511415711237269,,,,,,,2021-01-31,2020-10-01,3
ablation_20260811T165312Z_69334f2b,one_step_202103,one_step_ex_ante_snapshot_vintage_sensitivity,ridge_recursive_b1,2008-01,2021-02,2021-03,2021-03,0.04934779996983707,pre-specified first grid configuration; no tuning; parameters={'model__alpha': 0.1},1.0,752098.7407185957,752098.7407185957,72.08077552552116,112.69733039993845,72.08077552552118,1.5439439586233263,0.753510035613569,,-752098.7407185957,1.0,752098.7407185957,752098.7407185957,72.08077552552116,112.69733039993845,72.08077552552118,1.5439439586233263,0.753510035613569,,-752098.7407185957,1.0,14657.0,14657.0,1.4047197125581385,1.3949223380295497,1.4047197125581385,0.030088584618451254,0.014684503502074555,,14657.0,-50.313279710622616,-50.313279710622616,,,,,,,2021-02-28,2020-11-01,3
ablation_20260811T165312Z_69334f2b,one_step_202104,one_step_ex_ante_snapshot_vintage_sensitivity,ridge_recursive_b1,2008-01,2021-03,2021-04,2021-04,0.03694939997512847,pre-specified first grid configuration; no tuning; parameters={'model__alpha': 0.1},1.0,77725.19770681066,77725.19770681066,6.589327030441017,6.813819453984439,6.589327030441017,0.1573893654214151,0.07757924898479367,,-77725.19770681066,1.0,77725.19770681066,77725.19770681066,6.589327030441017,6.813819453984439,6.589327030441017,0.1573893654214151,0.07757924898479367,,-77725.19770681066,1.0,2086694.0,2086694.0,176.90413899396555,93.87221879078271,176.90413899396555,4.225443667927734,2.0827757041123607,,2086694.0,0.9627519906096387,0.9627519906096387,,,,,,,2021-03-31,2020-12-01,3
ablation_20260811T165312Z_69334f2b,one_step_202105,one_step_ex_ante_snapshot_vintage_sensitivity,ridge_recursive_b1,2008-01,2021-04,2021-05,2021-05,0.03449740004725754,pre-specified first grid configuration; no tuning; parameters={'model__alpha': 0.1},1.0,947772.7893962222,947772.7893962222,92.4152378747807,63.20822303682762,92.4152378747807,1.886750636855482,0.9398007851048457,,947772.7893962222,1.0,947772.7893962222,947772.7893962222,92.4152378747807,63.20822303682762,92.4152378747807,1.886750636855482,0.9398007851048457,,947772.7893962222,1.0,3194278.0,3194278.0,311.4670145744906,121.79358812947584,311.4670145744906,6.358914413055503,3.167409959253576,,3194278.0,0.70329044954878,0.70329044954878,,,,,,,2021-04-30,2021-01-01,3
ablation_20260811T165312Z_69334f2b,one_step_202106,one_step_ex_ante_snapshot_vintage_sensitivity,ridge_recursive_b1,2008-01,2021-05,2021-06,2021-06,0.03741629992146045,pre-specified first grid configuration; no tuning; parameters={'model__alpha': 0.1},1.0,146939.51730070938,146939.51730070938,7.895351447497104,7.595505519988536,7.895351447497104,0.2892042083436999,0.14533526266223465,,146939.51730070938,1.0,146939.51730070938,146939.51730070938,7.895351447497104,7.595505519988536,7.895351447497104,0.2892042083436999,0.14533526266223465,,146939.51730070938,1.0,3415164.0,3415164.0,183.5035293852148,95.69848271247196,183.5035293852148,6.721675823683513,3.3778779602143945,,3415164.0,0.9569743891360094,0.9569743891360094,,,,,,,2021-05-31,2021-02-01,3
ablation_20260811T165312Z_69334f2b,one_step_202107,one_step_ex_ante_snapshot_vintage_sensitivity,ridge_recursive_b1,2008-01,2021-06,2021-07,2021-07,0.03884600009769201,pre-specified first grid configuration; no tuning; parameters={'model__alpha': 0.1},1.0,94659.06086409371,94659.06086409371,2.534018203139304,2.502313661300802,2.534018203139304,0.18757158280201777,0.09395231607084638,,94659.06086409371,1.0,94659.06086409371,94659.06086409371,2.534018203139304,2.502313661300802,2.534018203139304,0.18757158280201777,0.09395231607084638,,94659.06086409371,1.0,2958489.0,2958489.0,79.19859875380536,131.12198689218462,79.19859875380534,5.862391400957322,2.9364002883907485,,-2958489.0,0.9680042545826286,0.9680042545826286,,,,,,,2021-06-30,2021-03-01,3
ablation_20260811T165312Z_69334f2b,one_step_202108,one_step_ex_ante_snapshot_vintage_sensitivity,ridge_recursive_b1,2008-01,2021-07,2021-08,2021-08,0.03620329999830574,pre-specified first grid configuration; no tuning; parameters={'model__alpha': 0.1},1.0,488307.2839472685,488307.2839472685,8.879836741959004,9.292412261044259,8.879836741959004,0.9676048896708057,0.48466147733050974,,-488307.2839472685,1.0,488307.2839472685,488307.2839472685,8.879836741959004,9.292412261044259,8.879836741959004,0.9676048896708057,0.48466147733050974,,-488307.2839472685,1.0,3306140.0,3306140.0,60.12194454431005,85.96336909095116,60.121944544310054,6.551278948936785,3.2814556516722524,,-3306140.0,0.8523029018894335,0.8523029018894335,,,,,,,2021-07-31,2021-04-01,3
ablation_20260811T165312Z_69334f2b,one_step_202109,one_step_ex_ante_snapshot_vintage_sensitivity,ridge_recursive_b1,2008-01,2021-08,2021-09,2021-09,0.03291110007558018,pre-specified first grid configuration; no tuning; parameters={'model__alpha': 0.1},1.0,347186.72857603896,347186.72857603896,7.879713763359404,8.202896131076665,7.879713763359404,0.687967571328024,0.34459455820728807,,-347186.72857603896,1.0,347186.72857603896,347186.72857603896,7.879713763359404,8.202896131076665,7.879713763359404,0.687967571328024,0.34459455820728807,,-347186.72857603896,1.0,1771888.0,1771888.0,40.21458515420613,50.335739583010785,40.21458515420613,3.511083182888112,1.7586587052363916,,-1771888.0,0.8040583103581947,0.8040583103581947,,,,,,,2021-08-31,2021-05-01,3
ablation_20260811T165312Z_69334f2b,one_step_202110,one_step_ex_ante_snapshot_vintage_sensitivity,ridge_recursive_b1,2008-01,2021-09,2021-10,2021-10,0.0329550999449566,pre-specified first grid configuration; no tuning; parameters={'model__alpha': 0.1},1.0,3183593.8223876427,3183593.8223876427,72.24282273079223,113.0939556977897,72.24282273079223,6.308447673290713,3.1598244300310325,,-3183593.8223876427,1.0,3183593.8223876427,3183593.8223876427,72.24282273079223,113.0939556977897,72.24282273079223,6.308447673290713,3.1598244300310325,,-3183593.8223876427,1.0,2051672.0,2051672.0,46.55699968866269,60.683119587336144,46.55699968866269,4.06548893383917,2.036353778054684,,-2051672.0,-0.5517070089115816,-0.5517070089115816,,,,,,,2021-09-30,2021-06-01,3
ablation_20260811T165312Z_69334f2b,one_step_202111,one_step_ex_ante_snapshot_vintage_sensitivity,ridge_recursive_b1,2008-01,2021-10,2021-11,2021-11,0.03380249999463558,pre-specified first grid configuration; no tuning; parameters={'model__alpha': 0.1},1.0,8046336.612980364,8046336.612980364,326.2008079266141,123.98339303656381,326.2008079266141,15.426890344492534,7.78427717845749,,8046336.612980364,1.0,8046336.612980364,8046336.612980364,326.2008079266141,123.98339303656381,326.2008079266141,15.426890344492534,7.78427717845749,,8046336.612980364,1.0,1203925.0,1203925.0,48.80746687250323,64.56332976621952,48.80746687250323,2.3082329078840016,1.1647146214285908,,-1203925.0,-5.683420157385521,-5.683420157385521,,,,,,,2021-10-31,2021-07-01,3
ablation_20260811T165312Z_69334f2b,one_step_202112,one_step_ex_ante_snapshot_vintage_sensitivity,ridge_recursive_b1,2008-01,2021-11,2021-12,2021-12,0.034791799960657954,pre-specified first grid configuration; no tuning; parameters={'model__alpha': 0.1},1.0,845150.0001147867,845150.0001147867,38.828300950678276,48.18252978619534,38.828300950678276,1.563208098253025,0.7929435262897893,,-845150.0001147867,1.0,845150.0001147867,845150.0001147867,38.828300950678276,48.18252978619534,38.828300950678276,1.563208098253025,0.7929435262897893,,-845150.0001147867,1.0,1211818.0,1211818.0,55.67394426440091,77.15023317257955,55.6739442644009,2.2414053256244464,1.1369617677464732,,-1211818.0,0.30257678948919176,0.30257678948919176,,,,,,,2021-11-30,2021-08-01,3
ablation_20260811T165312Z_69334f2b,one_step_202201,one_step_ex_ante_snapshot_vintage_sensitivity,ridge_recursive_b1,2008-01,2021-12,2022-01,2022-01,0.03553859994281083,pre-specified first grid configuration; no tuning; parameters={'model__alpha': 0.1},1.0,2158066.0,2158066.0,100.0,200.0,100.0,3.9307119492536278,2.012720080759727,,-2158066.0,1.0,2158066.0,2158066.0,100.0,200.0,100.0,3.9307119492536278,2.012720080759727,,-2158066.0,1.0,1328134.0,1328134.0,61.54278877476407,88.89791760235448,61.54278877476407,2.419069752273572,1.2386840679292197,,-1328134.0,-0.624885741950737,-0.624885741950737,,,,,,,2021-12-31,2021-09-01,3
ablation_20260811T165312Z_69334f2b,one_step_202202,one_step_ex_ante_snapshot_vintage_sensitivity,ridge_recursive_b1,2008-01,2022-01,2022-02,2022-02,0.0755450000287965,pre-specified first grid configuration; no tuning; parameters={'model__alpha': 0.1},1.0,1289797.8870230173,1289797.8870230173,69.66631019777623,106.90453144308599,69.66631019777623,2.3065890197882815,1.1922576110832939,,-1289797.8870230173,1.0,1289797.8870230173,1289797.8870230173,69.66631019777623,106.90453144308599,69.66631019777623,2.3065890197882815,1.1922576110832939,,-1289797.8870230173,1.0,1124268.0,1124268.0,60.72548576910155,87.20258132572174,60.72548576910155,2.0105663454642126,1.0392458333074257,,-1124268.0,-0.14723347726966995,-0.14723347726966995,,,,,,,2022-01-31,2021-10-01,3
ablation_20260811T165312Z_69334f2b,one_step_202203,one_step_ex_ante_snapshot_vintage_sensitivity,ridge_recursive_b1,2008-01,2022-02,2022-03,2022-03,0.034908800036646426,pre-specified first grid configuration; no tuning; parameters={'model__alpha': 0.1},1.0,2442196.0,2442196.0,100.0,200.0,100.0,4.333923814991327,2.2557016418151377,,-2442196.0,1.0,2442196.0,2442196.0,100.0,200.0,100.0,4.333923814991327,2.2557016418151377,,-2442196.0,1.0,1398785.0,1398785.0,57.27570596299396,80.26062605451504,57.27570596299396,2.482285460934603,1.2919690397684656,,-1398785.0,-0.745940941602891,-0.745940941602891,,,,,,,2022-02-28,2021-11-01,3
ablation_20260811T165312Z_69334f2b,one_step_202204,one_step_ex_ante_snapshot_vintage_sensitivity,ridge_recursive_b1,2008-01,2022-03,2022-04,2022-04,0.032255199970677495,pre-specified first grid configuration; no tuning; parameters={'model__alpha': 0.1},1.0,498420.8060517446,498420.8060517446,17.06079214537162,15.719828511402035,17.060792145371618,0.877765706941806,0.4599722856509607,,498420.8060517446,1.0,498420.8060517446,498420.8060517446,17.06079214537162,15.719828511402035,17.060792145371618,0.877765706941806,0.4599722856509607,,498420.8060517446,1.0,1741878.0,1741878.0,59.623952571334684,84.9488978547194,59.623952571334684,3.067610251241492,1.6075083448702263,,-1741878.0,0.7138600946497144,0.7138600946497144,,,,,,,2022-03-31,2021-12-01,3
ablation_20260811T165312Z_69334f2b,one_step_202205,one_step_ex_ante_snapshot_vintage_sensitivity,ridge_recursive_b1,2008-01,2022-04,2022-05,2022-05,0.03340110008139163,pre-specified first grid configuration; no tuning; parameters={'model__alpha': 0.1},1.0,540259.1846577143,540259.1846577143,13.24676032188196,12.42387954863825,13.246760321881961,0.9430843594337469,0.49775603100764765,,540259.1846577143,1.0,540259.1846577143,540259.1846577143,13.24676032188196,12.42387954863825,13.246760321881961,0.9430843594337469,0.49775603100764765,,540259.1846577143,1.0,3052866.0,3052866.0,74.85404292098052,119.6267856639049,74.85404292098053,5.329127681320493,2.812691586763004,,-3052866.0,0.8230321328686833,0.8230321328686833,,,,,,,2022-04-30,2022-01-01,3
ablation_20260811T165312Z_69334f2b,one_step_202206,one_step_ex_ante_snapshot_vintage_sensitivity,ridge_recursive_b1,2008-01,2022-05,2022-06,2022-06,0.03511709999293089,pre-specified first grid configuration; no tuning; parameters={'model__alpha': 0.1},1.0,348147.8796296604,348147.8796296604,7.048576653199625,6.808621210669596,7.048576653199624,0.603907805637162,0.320681549965935,,348147.8796296604,1.0,348147.8796296604,348147.8796296604,7.048576653199625,6.808621210669596,7.048576653199624,0.603907805637162,0.320681549965935,,348147.8796296604,1.0,3078176.0,3078176.0,62.320527446897465,90.52987535648879,62.320527446897465,5.339496869842792,2.8353303538656536,,-3078176.0,0.8868979942570989,0.8868979942570989,,,,,,,2022-05-31,2022-02-01,3
ablation_20260811T165312Z_69334f2b,one_step_202207,one_step_ex_ante_snapshot_vintage_sensitivity,ridge_recursive_b1,2008-01,2022-06,2022-07,2022-07,0.03364160005003214,pre-specified first grid configuration; no tuning; parameters={'model__alpha': 0.1},1.0,483405.6473637754,483405.6473637754,7.601765956780132,7.902116144239129,7.601765956780131,0.8307848402982637,0.4443110999629723,,-483405.6473637754,1.0,483405.6473637754,483405.6473637754,7.601765956780132,7.902116144239129,7.601765956780131,0.8307848402982637,0.4443110999629723,,-483405.6473637754,1.0,2623591.0,2623591.0,41.25711988901614,51.97980515431186,41.257119889016145,4.508924630544761,2.411412877404268,,-2623591.0,0.8157465674475269,0.8157465674475269,,,,,,,2022-06-30,2022-03-01,3
ablation_20260811T165312Z_69334f2b,one_step_202208,one_step_ex_ante_snapshot_vintage_sensitivity,ridge_recursive_b1,2008-01,2022-07,2022-08,2022-08,0.04107929999008775,pre-specified first grid configuration; no tuning; parameters={'model__alpha': 0.1},1.0,812978.4998236317,812978.4998236317,10.171866548383353,10.716922053048533,10.17186654838335,1.3793352285161473,0.7434664895067786,,-812978.4998236317,1.0,812978.4998236317,812978.4998236317,10.171866548383353,10.716922053048533,10.17186654838335,1.3793352285161473,0.7434664895067786,,-812978.4998236317,1.0,2493365.0,2493365.0,31.19661349213042,36.962070652150146,31.19661349213042,4.230353180059821,2.2801750895149375,,-2493365.0,0.6739432454439556,0.6739432454439556,,,,,,,2022-07-31,2022-04-01,3
ablation_20260811T165312Z_69334f2b,one_step_202209,one_step_ex_ante_snapshot_vintage_sensitivity,ridge_recursive_b1,2008-01,2022-08,2022-09,2022-09,0.044229599996469915,pre-specified first grid configuration; no tuning; parameters={'model__alpha': 0.1},1.0,727687.8496895721,727687.8496895721,10.945008269275645,10.377119950905989,10.945008269275647,1.2022093635438138,0.6513458171402261,,727687.8496895721,1.0,727687.8496895721,727687.8496895721,10.945008269275645,10.377119950905989,10.945008269275647,1.2022093635438138,0.6513458171402261,,727687.8496895721,1.0,2242499.0,2242499.0,33.72898160840913,40.571089218895374,33.72898160840913,3.7048210942201645,2.007237504672151,,-2242499.0,0.6755013715994647,0.6755013715994647,,,,,,,2022-08-31,2022-05-01,3
ablation_20260811T165312Z_69334f2b,one_step_202210,one_step_ex_ante_snapshot_vintage_sensitivity,ridge_recursive_b1,2008-01,2022-09,2022-10,2022-10,0.0394865000853315,pre-specified first grid configuration; no tuning; parameters={'model__alpha': 0.1},1.0,1360020.0379759576,1360020.0379759576,22.97403327158518,25.955551827976628,22.97403327158518,2.1895408767228566,1.1924093478542153,,-1360020.0379759576,1.0,1360020.0379759576,1360020.0379759576,22.97403327158518,25.955551827976628,22.97403327158518,2.1895408767228566,1.1924093478542153,,-1360020.0379759576,1.0,1513018.0,1513018.0,25.558539508166977,29.303285395691326,25.55853950816698,2.435857315122902,1.3265516362219822,,-1513018.0,0.10112104550246093,0.10112104550246093,,,,,,,2022-09-30,2022-06-01,3
ablation_20260811T165312Z_69334f2b,one_step_202211,one_step_ex_ante_snapshot_vintage_sensitivity,ridge_recursive_b1,2008-01,2022-10,2022-11,2022-11,0.03740129992365837,pre-specified first grid configuration; no tuning; parameters={'model__alpha': 0.1},1.0,1436289.0047042198,1436289.0047042198,41.7758433751411,52.80589799469042,41.77584337514109,2.2658032573442646,1.2424142376284262,,-1436289.0047042198,1.0,1436289.0047042198,1436289.0047042198,41.7758433751411,52.80589799469042,41.77584337514109,2.2658032573442646,1.2424142376284262,,-1436289.0047042198,1.0,971403.0,971403.0,28.2541880145488,32.90233128589155,28.254188014548795,1.5324270215709495,0.8402799949885464,,-971403.0,-0.47857172018638994,-0.47857172018638994,,,,,,,2022-10-31,2022-07-01,3
ablation_20260811T165312Z_69334f2b,one_step_202212,one_step_ex_ante_snapshot_vintage_sensitivity,ridge_recursive_b1,2008-01,2022-11,2022-12,2022-12,0.03472569992300123,pre-specified first grid configuration; no tuning; parameters={'model__alpha': 0.1},1.0,2106354.5367152453,2106354.5367152453,80.38870658997232,134.4165827459113,80.38870658997232,3.2622916165411557,1.801334344553572,,-2106354.5367152453,1.0,2106354.5367152453,2106354.5367152453,80.38870658997232,134.4165827459113,80.38870658997232,3.2622916165411557,1.801334344553572,,-2106354.5367152453,1.0,443578.0,443578.0,16.929088180651032,18.494569139805613,16.929088180651032,0.6870072276335507,0.379343682158292,,-443578.0,-3.7485550156122383,-3.7485550156122383,,,,,,,2022-11-30,2022-08-01,3
ablation_20260811T165312Z_69334f2b,one_step_202301,one_step_ex_ante_snapshot_vintage_sensitivity,ridge_recursive_b1,2008-01,2022-12,2023-01,2023-01,0.03387879999354482,pre-specified first grid configuration; no tuning; parameters={'model__alpha': 0.1},1.0,3077654.0,3077654.0,100.0,200.0,100.0,4.693619800105525,2.610093066314313,,-3077654.0,1.0,3077654.0,3077654.0,100.0,200.0,100.0,4.693619800105525,2.610093066314313,,-3077654.0,1.0,919588.0,919588.0,29.879512121895445,35.12747052936368,29.879512121895445,1.402430697128215,0.7798830741421378,,-919588.0,-2.3467748600460205,-2.3467748600460205,,,,,,,2022-12-31,2022-09-01,3
ablation_20260811T165312Z_69334f2b,one_step_202302,one_step_ex_ante_snapshot_vintage_sensitivity,ridge_recursive_b1,2008-01,2023-01,2023-02,2023-02,0.03452790004666895,pre-specified first grid configuration; no tuning; parameters={'model__alpha': 0.1},1.0,1419691.2136969315,1419691.2136969315,61.327953170542685,88.45034680416231,61.327953170542685,2.1475711770164314,1.2015848868190357,,-1419691.2136969315,1.0,1419691.2136969315,1419691.2136969315,61.327953170542685,88.45034680416231,61.327953170542685,2.1475711770164314,1.2015848868190357,,-1419691.2136969315,1.0,463523.0,463523.0,20.023309691016998,22.251003345645586,20.023309691017,0.7011726388670112,0.3923122338995594,,-463523.0,-2.0628279798347258,-2.0628279798347258,,,,,,,2023-01-31,2022-10-01,3
ablation_20260811T165312Z_69334f2b,one_step_202303,one_step_ex_ante_snapshot_vintage_sensitivity,ridge_recursive_b1,2008-01,2023-02,2023-03,2023-03,0.03761190001387149,pre-specified first grid configuration; no tuning; parameters={'model__alpha': 0.1},1.0,1328043.0879331958,1328043.0879331958,47.61726313360891,62.49692598100484,47.61726313360891,2.0030941535306988,1.1251494621928257,,-1328043.0879331958,1.0,1328043.0879331958,1328043.0879331958,47.61726313360891,62.49692598100484,47.61726313360891,2.0030941535306988,1.1251494621928257,,-1328043.0879331958,1.0,346799.0,346799.0,12.434550796971669,13.258892668992587,12.434550796971669,0.5230786980198014,0.2938163015074086,,-346799.0,-2.829431710971473,-2.829431710971473,,,,,,,2023-02-28,2022-11-01,3
ablation_20260811T165312Z_69334f2b,one_step_202304,one_step_ex_ante_snapshot_vintage_sensitivity,ridge_recursive_b1,2008-01,2023-03,2023-04,2023-04,0.033139599952846766,pre-specified first grid configuration; no tuning; parameters={'model__alpha': 0.1},1.0,1091010.3719387832,1091010.3719387832,30.808440583586606,36.41841317599187,30.808440583586606,1.648945123029446,0.9267894823423364,,-1091010.3719387832,1.0,1091010.3719387832,1091010.3719387832,30.808440583586606,36.41841317599187,30.808440583586606,1.648945123029446,0.9267894823423364,,-1091010.3719387832,1.0,619831.0,619831.0,17.503065989583966,19.18176443291368,17.503065989583966,0.9368080550290249,0.5265328968494585,,-619831.0,-0.7601739376358769,-0.7601739376358769,,,,,,,2023-03-31,2022-12-01,3
ablation_20260811T165312Z_69334f2b,one_step_202305,one_step_ex_ante_snapshot_vintage_sensitivity,ridge_recursive_b1,2008-01,2023-04,2023-05,2023-05,0.03348169999662787,pre-specified first grid configuration; no tuning; parameters={'model__alpha': 0.1},1.0,539752.0843115449,539752.0843115449,11.77352010448225,12.509950896406913,11.77352010448225,0.8138308689021863,0.4590567949777592,,-539752.0843115449,1.0,539752.0843115449,539752.0843115449,11.77352010448225,12.509950896406913,11.77352010448225,0.8138308689021863,0.4590567949777592,,-539752.0843115449,1.0,506033.0,506033.0,11.038011472675722,11.682785049734598,11.038011472675723,0.7629896911069166,0.43037886074914733,,-506033.0,-0.06663416083841356,-0.06663416083841356,,,,,,,2023-04-30,2023-01-01,3
ablation_20260811T165312Z_69334f2b,one_step_202306,one_step_ex_ante_snapshot_vintage_sensitivity,ridge_recursive_b1,2008-01,2023-05,2023-06,2023-06,0.03370139992330223,pre-specified first grid configuration; no tuning; parameters={'model__alpha': 0.1},1.0,769105.5257821959,769105.5257821959,13.102831114258997,14.021433489203226,13.102831114259,1.1617799201840455,0.6558117667130607,,-769105.5257821959,1.0,769105.5257821959,769105.5257821959,13.102831114258997,14.021433489203226,13.102831114259,1.1617799201840455,0.6558117667130607,,-769105.5257821959,1.0,930501.0,930501.0,15.852437729204198,17.217102994708778,15.852437729204196,1.4055774419404121,0.7934327400881042,,-930501.0,0.17345008142689167,0.17345008142689167,,,,,,,2023-05-31,2023-02-01,3
ablation_20260811T165312Z_69334f2b,one_step_202307,one_step_ex_ante_snapshot_vintage_sensitivity,ridge_recursive_b1,2008-01,2023-06,2023-07,2023-07,0.05077180010266602,pre-specified first grid configuration; no tuning; parameters={'model__alpha': 0.1},1.0,1236821.7980885077,1236821.7980885077,17.856771782531624,19.60739573717413,17.85677178253162,1.8737002616516525,1.0575592241854868,,-1236821.7980885077,1.0,1236821.7980885077,1236821.7980885077,17.856771782531624,19.60739573717413,17.85677178253162,1.8737002616516525,1.0575592241854868,,-1236821.7980885077,1.0,567223.0,567223.0,8.189354098105985,8.538998510327335,8.189354098105985,0.8593039718069233,0.4850107887387324,,-567223.0,-1.1804859783339317,-1.1804859783339317,,,,,,,2023-06-30,2023-03-01,3
ablation_20260811T165312Z_69334f2b,one_step_202308,one_step_ex_ante_snapshot_vintage_sensitivity,ridge_recursive_b1,2008-01,2023-07,2023-08,2023-08,0.0327444999711588,pre-specified first grid configuration; no tuning; parameters={'model__alpha': 0.1},1.0,864985.6263378095,864985.6263378095,10.190657124964149,10.737782419565447,10.19065712496415,1.310875639875712,0.7412234926543065,,-864985.6263378095,1.0,864985.6263378095,864985.6263378095,10.190657124964149,10.737782419565447,10.19065712496415,1.310875639875712,0.7412234926543065,,-864985.6263378095,1.0,495604.0,495604.0,5.838860531294319,6.014448150924053,5.83886053129432,0.7510820883528065,0.4246929852565892,,-495604.0,-0.7453160715769234,-0.7453160715769234,,,,,,,2023-07-31,2023-04-01,3
ablation_20260811T165312Z_69334f2b,one_step_202309,one_step_ex_ante_snapshot_vintage_sensitivity,ridge_recursive_b1,2008-01,2023-08,2023-09,2023-09,0.035987299983389676,pre-specified first grid configuration; no tuning; parameters={'model__alpha': 0.1},1.0,337468.0317213088,337468.0317213088,4.811444534206036,4.930047791710025,4.811444534206036,0.5121437647368802,0.28988869737682127,,-337468.0317213088,1.0,337468.0317213088,337468.0317213088,4.811444534206036,4.930047791710025,4.811444534206036,0.5121437647368802,0.28988869737682127,,-337468.0317213088,1.0,365279.0,365279.0,5.207958925904006,5.3471988867583935,5.207958925904006,0.5543498780762003,0.3137786205970325,,-365279.0,0.07613623635273636,0.07613623635273636,,,,,,,2023-08-31,2023-05-01,3
ablation_20260811T165312Z_69334f2b,one_step_202310,one_step_ex_ante_snapshot_vintage_sensitivity,ridge_recursive_b1,2008-01,2023-09,2023-10,2023-10,0.03334969992283732,pre-specified first grid configuration; no tuning; parameters={'model__alpha': 0.1},1.0,10304.042449120432,10304.042449120432,0.16750735563190658,0.16736717946364893,0.16750735563190658,0.015599216710481693,0.008860812091482033,,10304.042449120432,1.0,10304.042449120432,10304.042449120432,0.16750735563190658,0.16736717946364893,0.16750735563190658,0.015599216710481693,0.008860812091482033,,10304.042449120432,1.0,231583.0,231583.0,3.7647220623217783,3.836947262374918,3.7647220623217783,0.35059185958340566,0.1991464473010635,,-231583.0,0.9555060498865615,0.9555060498865615,,,,,,,2023-09-30,2023-06-01,3
ablation_20260811T165312Z_69334f2b,one_step_202311,one_step_ex_ante_snapshot_vintage_sensitivity,ridge_recursive_b1,2008-01,2023-10,2023-11,2023-11,0.0333980000577867,pre-specified first grid configuration; no tuning; parameters={'model__alpha': 0.1},1.0,625364.2921898109,625364.2921898109,17.763674313374075,16.314634999968963,17.763674313374075,0.9475267008332287,0.5389895789272384,,625364.2921898109,1.0,625364.2921898109,625364.2921898109,17.763674313374075,16.314634999968963,17.763674313374075,0.9475267008332287,0.5389895789272384,,625364.2921898109,1.0,82382.0,82382.0,2.340087266831361,2.3677914600623806,2.3400872668313606,0.12482187685310069,0.07100347756617117,,-82382.0,-6.591030712896154,-6.591030712896154,,,,,,,2023-10-31,2023-07-01,3
ablation_20260811T165312Z_69334f2b,one_step_202312,one_step_ex_ante_snapshot_vintage_sensitivity,ridge_recursive_b1,2008-01,2023-11,2023-12,2023-12,0.0330565000185743,pre-specified first grid configuration; no tuning; parameters={'model__alpha': 0.1},1.0,986116.6601900253,986116.6601900253,35.2149180810792,29.942759046380313,35.2149180810792,1.496316483858968,0.851966227986556,,986116.6601900253,1.0,986116.6601900253,986116.6601900253,35.2149180810792,29.942759046380313,35.2149180810792,1.496316483858968,0.851966227986556,,986116.6601900253,1.0,180069.0,180069.0,6.430390378679854,6.644008211061244,6.430390378679854,0.27323360795879786,0.15557257361187712,,-180069.0,-4.476326631402547,-4.476326631402547,,,,,,,2023-11-30,2023-08-01,3
ablation_20260811T165312Z_69334f2b,one_step_202401,one_step_ex_ante_snapshot_vintage_sensitivity,ridge_recursive_b1,2008-01,2023-12,2024-01,2024-01,0.03244249999988824,pre-specified first grid configuration; no tuning; parameters={'model__alpha': 0.1},1.0,334154.9655091809,334154.9655091809,10.294700580369746,9.790737048492907,10.294700580369744,0.5083661226357695,0.28945990681163775,,334154.9655091809,1.0,334154.9655091809,334154.9655091809,10.294700580369746,9.790737048492907,10.294700580369744,0.5083661226357695,0.28945990681163775,,334154.9655091809,1.0,168239.0,168239.0,5.183134502585267,5.321032641965024,5.183134502585267,0.2559501337225209,0.1457361113514416,,-168239.0,-0.986192057187578,-0.986192057187578,,,,,,,2023-12-31,2023-09-01,3
ablation_20260811T165312Z_69334f2b,one_step_202402,one_step_ex_ante_snapshot_vintage_sensitivity,ridge_recursive_b1,2008-01,2024-01,2024-02,2024-02,0.03568299999460578,pre-specified first grid configuration; no tuning; parameters={'model__alpha': 0.1},1.0,650661.8248906462,650661.8248906462,24.236618135605863,21.617002911584137,24.236618135605863,0.9936249117939826,0.5652113786314505,,650661.8248906462,1.0,650661.8248906462,650661.8248906462,24.236618135605863,21.617002911584137,24.236618135605863,0.9936249117939826,0.5652113786314505,,650661.8248906462,1.0,369706.0,369706.0,13.77124460305972,14.78960064325918,13.771244603059722,0.5645776002018328,0.3211530628578653,,-369706.0,-0.7599439145987519,-0.7599439145987519,,,,,,,2024-01-31,2023-10-01,3
ablation_20260811T165312Z_69334f2b,one_step_202403,one_step_ex_ante_snapshot_vintage_sensitivity,ridge_recursive_b1,2008-01,2024-02,2024-03,2024-03,0.03320740000344813,pre-specified first grid configuration; no tuning; parameters={'model__alpha': 0.1},1.0,37527.10309620993,37527.10309620993,1.2185809821816243,1.2112012481486811,1.2185809821816243,0.05759864972929084,0.03269286435002918,,37527.10309620993,1.0,37527.10309620993,37527.10309620993,1.2185809821816243,1.2112012481486811,1.2185809821816243,0.05759864972929084,0.03269286435002918,,37527.10309620993,1.0,290579.0,290579.0,9.43568818284607,9.902891147739764,9.43568818284607,0.445996537403335,0.2531466339304665,,-290579.0,0.8708540428034719,0.8708540428034719,,,,,,,2024-02-29,2023-11-01,3
ablation_20260811T165312Z_69334f2b,one_step_202404,one_step_ex_ante_snapshot_vintage_sensitivity,ridge_recursive_b1,2008-01,2024-03,2024-04,2024-04,0.03315900010056794,pre-specified first grid configuration; no tuning; parameters={'model__alpha': 0.1},1.0,547217.033455906,547217.033455906,13.541711316526808,14.52519103563679,13.541711316526808,0.8434061278823352,0.47806640466254835,,-547217.033455906,1.0,547217.033455906,547217.033455906,13.541711316526808,14.52519103563679,13.541711316526808,0.8434061278823352,0.47806640466254835,,-547217.033455906,1.0,499703.0,499703.0,12.365904853631822,13.180871892163864,12.365904853631822,0.7701744400380522,0.4365566164861331,,-499703.0,-0.09508454713280878,-0.09508454713280878,,,,,,,2024-03-31,2023-12-01,3
ablation_20260811T165312Z_69334f2b,one_step_202405,one_step_ex_ante_snapshot_vintage_sensitivity,ridge_recursive_b1,2008-01,2024-04,2024-05,2024-05,0.03453449998050928,pre-specified first grid configuration; no tuning; parameters={'model__alpha': 0.1},1.0,1255461.607201607,1255461.607201607,22.47661782353815,25.322430823446044,22.47661782353815,1.9432230914799298,1.0998906151567613,,-1255461.607201607,1.0,1255461.607201607,1255461.607201607,22.47661782353815,25.322430823446044,22.47661782353815,1.9432230914799298,1.0998906151567613,,-1255461.607201607,1.0,1001176.0,1001176.0,17.924124638313216,19.68863211856884,17.924124638313216,1.5496358555894036,0.8771149035570255,,-1001176.0,-0.2539869185853505,-0.2539869185853505,,,,,,,2024-04-30,2024-01-01,3
ablation_20260811T165312Z_69334f2b,one_step_202406,one_step_ex_ante_snapshot_vintage_sensitivity,ridge_recursive_b1,2008-01,2024-05,2024-06,2024-06,0.07988510001450777,pre-specified first grid configuration; no tuning; parameters={'model__alpha': 0.1},1.0,1019394.2628719602,1019394.2628719602,15.752600613417819,17.099400768600486,15.752600613417819,1.5816785948903447,0.8953553245930078,,-1019394.2628719602,1.0,1019394.2628719602,1019394.2628719602,15.752600613417819,17.099400768600486,15.752600613417819,1.5816785948903447,0.8953553245930078,,-1019394.2628719602,1.0,601510.0,601510.0,9.29507565432227,9.748123375643646,9.29507565432227,0.9332949245094879,0.5283188270832813,,-601510.0,-0.6947253792488242,-0.6947253792488242,,,,,,,2024-05-31,2024-02-01,3
ablation_20260811T165312Z_69334f2b,one_step_202407,one_step_ex_ante_snapshot_vintage_sensitivity,ridge_recursive_b1,2008-01,2024-06,2024-07,2024-07,0.03300719999242574,pre-specified first grid configuration; no tuning; parameters={'model__alpha': 0.1},1.0,1298999.1039178818,1298999.1039178818,17.56424582224027,19.255267040611145,17.56424582224027,2.021782319549783,1.1439631487164967,,-1298999.1039178818,1.0,1298999.1039178818,1298999.1039178818,17.56424582224027,19.255267040611145,17.56424582224027,2.021782319549783,1.1439631487164967,,-1298999.1039178818,1.0,469355.0,469355.0,6.34632200517571,6.55430051304817,6.346322005175709,0.7305113896770452,0.4133373318321964,,-469355.0,-1.7676260057267568,-1.7676260057267568,,,,,,,2024-06-30,2024-03-01,3
ablation_20260811T165312Z_69334f2b,one_step_202408,one_step_ex_ante_snapshot_vintage_sensitivity,ridge_recursive_b1,2008-01,2024-07,2024-08,2024-08,0.03389890003018081,pre-specified first grid configuration; no tuning; parameters={'model__alpha': 0.1},1.0,646993.2107241657,646993.2107241657,7.469936201505267,7.759760791772687,7.469936201505267,1.0082491724173683,0.5710693128399607,,-646993.2107241657,1.0,646993.2107241657,646993.2107241657,7.469936201505267,7.759760791772687,7.469936201505267,1.0082491724173683,0.5710693128399607,,-646993.2107241657,1.0,173269.0,173269.0,2.0004976161186057,2.020709741219492,2.0004976161186057,0.27001570180319034,0.15293608514951199,,-173269.0,-2.7340390417452958,-2.7340390417452958,,,,,,,2024-07-31,2024-04-01,3
ablation_20260811T165312Z_69334f2b,one_step_202409,one_step_ex_ante_snapshot_vintage_sensitivity,ridge_recursive_b1,2008-01,2024-08,2024-09,2024-09,0.033117700018920004,pre-specified first grid configuration; no tuning; parameters={'model__alpha': 0.1},1.0,129678.60187671985,129678.60187671985,1.8137925229586096,1.8303922821357042,1.8137925229586096,0.20145564235557573,0.11453108302323813,,-129678.60187671985,1.0,129678.60187671985,129678.60187671985,1.8137925229586096,1.8303922821357042,1.8137925229586096,0.20145564235557573,0.11453108302323813,,-129678.60187671985,1.0,135722.0,135722.0,1.8983205034475437,1.9165112666100137,1.8983205034475437,0.21084405828014968,0.11986856293266748,,-135722.0,0.04452777090877047,0.04452777090877047,,,,,,,2024-08-31,2024-05-01,3
ablation_20260811T165312Z_69334f2b,one_step_202410,one_step_ex_ante_snapshot_vintage_sensitivity,ridge_recursive_b1,2008-01,2024-09,2024-10,2024-10,0.03844040003605187,pre-specified first grid configuration; no tuning; parameters={'model__alpha': 0.1},1.0,829382.7072636988,829382.7072636988,12.334994550919632,13.145758871135426,12.334994550919632,1.2889150280467876,0.7339689022824628,,-829382.7072636988,1.0,829382.7072636988,829382.7072636988,12.334994550919632,13.145758871135426,12.334994550919632,1.2889150280467876,0.7339689022824628,,-829382.7072636988,1.0,572422.0,572422.0,8.513346358669084,8.891843057234924,8.513346358669084,0.8895812653470441,0.506569456178389,,-572422.0,-0.4489008236295928,-0.4489008236295928,,,,,,,2024-09-30,2024-06-01,3
ablation_20260811T165312Z_69334f2b,one_step_202411,one_step_ex_ante_snapshot_vintage_sensitivity,ridge_recursive_b1,2008-01,2024-10,2024-11,2024-11,0.035190199967473745,pre-specified first grid configuration; no tuning; parameters={'model__alpha': 0.1},1.0,143942.2230974706,143942.2230974706,3.5822144108480787,3.5191820869173105,3.5822144108480787,0.2240305602918555,0.1276750087007359,,143942.2230974706,1.0,143942.2230974706,143942.2230974706,3.5822144108480787,3.5191820869173105,3.5822144108480787,0.2240305602918555,0.1276750087007359,,143942.2230974706,1.0,497780.0,497780.0,12.3879890907652,13.205965898162471,12.387989090765203,0.7747409335658612,0.44152483172374396,,-497780.0,0.7108316463146961,0.7108316463146961,,,,,,,2024-10-31,2024-07-01,3
ablation_20260811T165312Z_69334f2b,one_step_202412,one_step_ex_ante_snapshot_vintage_sensitivity,ridge_recursive_b1,2008-01,2024-11,2024-12,2024-12,0.034565200097858906,pre-specified first grid configuration; no tuning; parameters={'model__alpha': 0.1},1.0,817909.5261010132,817909.5261010132,25.754213581497904,22.816153171998764,25.7542135814979,1.2781168448564642,0.7274296990488253,,817909.5261010132,1.0,817909.5261010132,817909.5261010132,25.754213581497904,22.816153171998764,25.7542135814979,1.2781168448564642,0.7274296990488253,,817909.5261010132,1.0,375547.0,375547.0,11.825168113638396,12.568278122102525,11.825168113638396,0.5868533516456814,0.3340027624949688,,-375547.0,-1.1779152172724405,-1.1779152172724405,,,,,,,2024-11-30,2024-08-01,3
ablation_20260811T165312Z_69334f2b,one_step_202501,one_step_ex_ante_snapshot_vintage_sensitivity,ridge_recursive_b1,2008-01,2024-12,2025-01,2025-01,0.03391850006300956,pre-specified first grid configuration; no tuning; parameters={'model__alpha': 0.1},1.0,590102.2259883601,590102.2259883601,17.584452612995104,16.163335570921106,17.584452612995108,0.9261182675834942,0.5262419701247529,,590102.2259883601,1.0,590102.2259883601,590102.2259883601,17.584452612995104,16.163335570921106,17.584452612995108,0.9261182675834942,0.5262419701247529,,590102.2259883601,1.0,109925.0,109925.0,3.275654400804811,3.330197277645144,3.2756544008048114,0.17251849947457018,0.09802902957885895,,-109925.0,-4.368225844788356,-4.368225844788356,,,,,,,2024-12-31,2024-09-01,3
ablation_20260811T165312Z_69334f2b,one_step_202502,one_step_ex_ante_snapshot_vintage_sensitivity,ridge_recursive_b1,2008-01,2025-01,2025-02,2025-02,0.03761160001158714,pre-specified first grid configuration; no tuning; parameters={'model__alpha': 0.1},1.0,1465680.343239463,1465680.343239463,52.670061257193865,41.690781246600324,52.67006125719387,2.3015393420999506,1.3097001281343892,,1465680.343239463,1.0,1465680.343239463,1465680.343239463,52.670061257193865,41.690781246600324,52.67006125719387,2.3015393420999506,1.3097001281343892,,1465680.343239463,1.0,98135.0,98135.0,3.526537341730758,3.5898357915791856,3.5265373417307577,0.154100151768275,0.0876913050429506,,-98135.0,-13.935347666372476,-13.935347666372476,,,,,,,2025-01-31,2024-10-01,3
ablation_20260811T165312Z_69334f2b,one_step_202503,one_step_ex_ante_snapshot_vintage_sensitivity,ridge_recursive_b1,2008-01,2025-02,2025-03,2025-03,0.03226039989385754,pre-specified first grid configuration; no tuning; parameters={'model__alpha': 0.1},1.0,1009799.7158887121,1009799.7158887121,33.85662983570954,28.955031002965118,33.85662983570954,1.587549419158746,0.9042977170387689,,1009799.7158887121,1.0,1009799.7158887121,1009799.7158887121,33.85662983570954,28.955031002965118,33.85662983570954,1.587549419158746,0.9042977170387689,,1009799.7158887121,1.0,96998.0,96998.0,3.2521551839751943,3.200118769743408,3.2521551839751948,0.15249471369085915,0.08686382911103274,,96998.0,-9.410520999285676,-9.410520999285676,,,,,,,2025-02-28,2024-11-01,3
ablation_20260811T165312Z_69334f2b,one_step_202504,one_step_ex_ante_snapshot_vintage_sensitivity,ridge_recursive_b1,2008-01,2025-03,2025-04,2025-04,0.03496940003242344,pre-specified first grid configuration; no tuning; parameters={'model__alpha': 0.1},1.0,347665.47807080485,347665.47807080485,8.19519846326079,7.872610438426567,8.195198463260787,0.5477860685307034,0.31208697867948243,,347665.47807080485,1.0,347665.47807080485,347665.47807080485,8.19519846326079,7.872610438426567,8.195198463260787,0.5477860685307034,0.31208697867948243,,347665.47807080485,1.0,201333.0,201333.0,4.745837583182924,4.861189666268716,4.745837583182924,0.31722278883562666,0.18072949902054902,,-201333.0,-0.7268181474015927,-0.7268181474015927,,,,,,,2025-03-31,2024-12-01,3
ablation_20260811T165312Z_69334f2b,one_step_202505,one_step_ex_ante_snapshot_vintage_sensitivity,ridge_recursive_b1,2008-01,2025-04,2025-05,2025-05,0.033563399920240045,pre-specified first grid configuration; no tuning; parameters={'model__alpha': 0.1},1.0,125721.68358370848,125721.68358370848,2.2375486602244297,2.2628650131162646,2.2375486602244297,0.19896837222937055,0.11315590752269983,,-125721.68358370848,1.0,125721.68358370848,125721.68358370848,2.2375486602244297,2.2628650131162646,2.2375486602244297,0.19896837222937055,0.11315590752269983,,-125721.68358370848,1.0,33090.0,33090.0,0.5889237485236861,0.5906630259404421,0.5889237485236861,0.052368559260393445,0.029782682455354446,,-33090.0,-2.7993860254973852,-2.7993860254973852,,,,,,,2025-04-30,2025-01-01,3
ablation_20260811T165312Z_69334f2b,one_step_202506,one_step_ex_ante_snapshot_vintage_sensitivity,ridge_recursive_b1,2008-01,2025-05,2025-06,2025-06,0.033185699954628944,pre-specified first grid configuration; no tuning; parameters={'model__alpha': 0.1},1.0,314960.62724868394,314960.62724868394,4.807724632360519,4.926142311016455,4.807724632360519,0.500709489885098,0.2842316085211753,,-314960.62724868394,1.0,314960.62724868394,314960.62724868394,4.807724632360519,4.926142311016455,4.807724632360519,0.500709489885098,0.2842316085211753,,-314960.62724868394,1.0,79861.0,79861.0,1.2190402978902746,1.2265161610217707,1.2190402978902746,0.12695923589249486,0.07206939066128758,,-79861.0,-2.943860297876109,-2.943860297876109,,,,,,,2025-05-31,2025-02-01,3
ablation_20260811T165312Z_69334f2b,one_step_202507,one_step_ex_ante_snapshot_vintage_sensitivity,ridge_recursive_b1,2008-01,2025-06,2025-07,2025-07,0.03460919996723533,pre-specified first grid configuration; no tuning; parameters={'model__alpha': 0.1},1.0,492744.5392360147,492744.5392360147,6.6554245483414025,6.884521619284261,6.6554245483414025,0.786863239314317,0.44584207728052594,,-492744.5392360147,1.0,492744.5392360147,492744.5392360147,6.6554245483414025,6.884521619284261,6.6554245483414025,0.786863239314317,0.44584207728052594,,-492744.5392360147,1.0,7952.0,7952.0,0.1074064384162791,0.10746415012439056,0.1074064384162791,0.012698540482516452,0.007195079633011615,,-7952.0,-60.96485654376443,-60.96485654376443,,,,,,,2025-06-30,2025-03-01,3
ablation_20260811T165312Z_69334f2b,one_step_202508,one_step_ex_ante_snapshot_vintage_sensitivity,ridge_recursive_b1,2008-01,2025-07,2025-08,2025-08,0.03688190004322678,pre-specified first grid configuration; no tuning; parameters={'model__alpha': 0.1},1.0,564942.9331873767,564942.9331873767,6.339122713546241,6.546621911837897,6.339122713546241,0.9053899339046796,0.5124737066044509,,-564942.9331873767,1.0,564942.9331873767,564942.9331873767,6.339122713546241,6.546621911837897,6.339122713546241,0.9053899339046796,0.5124737066044509,,-564942.9331873767,1.0,250710.0,250710.0,2.8131716712456964,2.853305867423876,2.813171671245696,0.40179334406145323,0.22742524144502876,,-250710.0,-1.2533721558269582,-1.2533721558269582,,,,,,,2025-07-31,2025-04-01,3
ablation_20260811T165312Z_69334f2b,one_step_202509,one_step_ex_ante_snapshot_vintage_sensitivity,ridge_recursive_b1,2008-01,2025-08,2025-09,2025-09,0.0354462000541389,pre-specified first grid configuration; no tuning; parameters={'model__alpha': 0.1},1.0,66933.08657625504,66933.08657625504,0.9138773040955468,0.9180723314316139,0.9138773040955468,0.10780291429232558,0.06087608484381165,,-66933.08657625504,1.0,66933.08657625504,66933.08657625504,0.9138773040955468,0.9180723314316139,0.9138773040955468,0.10780291429232558,0.06087608484381165,,-66933.08657625504,1.0,174495.0,174495.0,2.382484184357403,2.4112075030636686,2.382484184357403,0.2810429115353647,0.1587043563681903,,-174495.0,0.6164183124086362,0.6164183124086362,,,,,,,2025-08-31,2025-05-01,3
ablation_20260811T165312Z_69334f2b,one_step_202510,one_step_ex_ante_snapshot_vintage_sensitivity,ridge_recursive_b1,2008-01,2025-09,2025-10,2025-10,0.04161140008363873,pre-specified first grid configuration; no tuning; parameters={'model__alpha': 0.1},1.0,763565.3856073851,763565.3856073851,10.785938510404893,11.400779017682055,10.785938510404891,1.23541074767574,0.6962737564688292,,-763565.3856073851,1.0,763565.3856073851,763565.3856073851,10.785938510404893,11.400779017682055,10.785938510404891,1.23541074767574,0.6962737564688292,,-763565.3856073851,1.0,355448.0,355448.0,5.020971804001742,5.150268570376219,5.020971804001742,0.5750971530624599,0.32412301402644766,,-355448.0,-1.148177470705659,-1.148177470705659,,,,,,,2025-09-30,2025-06-01,3
ablation_20260811T165312Z_69334f2b,one_step_202511,one_step_ex_ante_snapshot_vintage_sensitivity,ridge_recursive_b1,2008-01,2025-10,2025-11,2025-11,0.035664600087329745,pre-specified first grid configuration; no tuning; parameters={'model__alpha': 0.1},1.0,136127.60143937264,136127.60143937264,3.1991558723363824,3.1487885455058793,3.1991558723363824,0.2213799649071493,0.1244537441844655,,136127.60143937264,1.0,136127.60143937264,136127.60143937264,3.1991558723363824,3.1487885455058793,3.1991558723363824,0.2213799649071493,0.1244537441844655,,136127.60143937264,1.0,236863.0,236863.0,5.566554096133825,5.7259223795129355,5.566554096133825,0.3852027221030258,0.2165504048926766,,-236863.0,0.4252897183630511,0.4252897183630511,,,,,,,2025-10-31,2025-07-01,3
ablation_20260811T165312Z_69334f2b,one_step_202512,one_step_ex_ante_snapshot_vintage_sensitivity,ridge_recursive_b1,2008-01,2025-11,2025-12,2025-12,0.03563960001338273,pre-specified first grid configuration; no tuning; parameters={'model__alpha': 0.1},1.0,869249.5661291797,869249.5661291797,25.494008168327692,22.611694541610007,25.49400816832769,1.4179617816968728,0.7966533105506778,,869249.5661291797,1.0,869249.5661291797,869249.5661291797,25.494008168327692,22.611694541610007,25.49400816832769,1.4179617816968728,0.7966533105506778,,869249.5661291797,1.0,233795.0,233795.0,6.856916439148844,7.100348935858759,6.856916439148844,0.38137767065914663,0.21426937440946214,,-233795.0,-2.717998956903183,-2.717998956903183,,,,,,,2025-11-30,2025-08-01,3
ablation_20260811T165312Z_69334f2b,one_step_201501,one_step_ex_ante_snapshot_vintage_sensitivity,ridge_recursive_b2,2008-01,2014-12,2015-01,2015-01,0.03674090001732111,pre-specified first grid configuration; no tuning; parameters={'model__alpha': 0.1},1.0,4438.81144498731,4438.81144498731,0.2519183523412722,0.25160143724368655,0.2519183523412722,0.024578958955655778,0.01898348492291393,,4438.81144498731,1.0,4438.81144498731,4438.81144498731,0.2519183523412722,0.25160143724368655,0.2519183523412722,0.024578958955655778,0.01898348492291393,,4438.81144498731,1.0,186605.0,186605.0,10.590498091945308,11.182647106148103,10.590498091945308,1.0332848540119186,0.7980544449665132,,-186605.0,0.9762127947001028,0.9762127947001028,,,,,,,2014-12-31,2014-09-01,3
ablation_20260811T165312Z_69334f2b,one_step_201502,one_step_ex_ante_snapshot_vintage_sensitivity,ridge_recursive_b2,2008-01,2015-01,2015-02,2015-02,0.03566239995416254,pre-specified first grid configuration; no tuning; parameters={'model__alpha': 0.1},1.0,119860.78196272696,119860.78196272696,7.659202962616544,7.3767045749428,7.659202962616545,0.6623377933383225,0.5134125358676372,,119860.78196272696,1.0,119860.78196272696,119860.78196272696,7.659202962616544,7.3767045749428,7.659202962616545,0.6623377933383225,0.5134125358676372,,119860.78196272696,1.0,41680.0,41680.0,2.6633864242695338,2.699333262093732,2.6633864242695338,0.23031919844245619,0.1785324118911352,,-41680.0,-1.8757385307755992,-1.8757385307755992,,,,,,,2015-01-31,2014-10-01,3
ablation_20260811T165312Z_69334f2b,one_step_201503,one_step_ex_ante_snapshot_vintage_sensitivity,ridge_recursive_b2,2008-01,2015-02,2015-03,2015-03,0.03835919999983162,pre-specified first grid configuration; no tuning; parameters={'model__alpha': 0.1},1.0,197921.00702059036,197921.00702059036,9.80950598448143,9.350868959394996,9.809505984481431,1.0977989165640536,0.8518414800762952,,197921.00702059036,1.0,197921.00702059036,197921.00702059036,9.80950598448143,9.350868959394996,9.809505984481431,1.0977989165640536,0.8518414800762952,,197921.00702059036,1.0,50531.0,50531.0,2.5044544506094977,2.5362136078994992,2.5044544506094977,0.2802778638203228,0.21748273453993303,,-50531.0,-2.9168234751061797,-2.9168234751061797,,,,,,,2015-02-28,2014-11-01,3
ablation_20260811T165312Z_69334f2b,one_step_201504,one_step_ex_ante_snapshot_vintage_sensitivity,ridge_recursive_b2,2008-01,2015-03,2015-04,2015-04,0.03666069998871535,pre-specified first grid configuration; no tuning; parameters={'model__alpha': 0.1},1.0,177317.6857046946,177317.6857046946,6.750682737172396,6.530264033762892,6.750682737172397,0.9825329029604657,0.7648018090503487,,177317.6857046946,1.0,177317.6857046946,177317.6857046946,6.750682737172396,6.530264033762892,6.750682737172397,0.9825329029604657,0.7648018090503487,,177317.6857046946,1.0,53524.0,53524.0,2.0377185805716227,2.058693773339831,2.0377185805716227,0.2965811948709842,0.23085825796184006,,-53524.0,-2.3128631213043604,-2.3128631213043604,,,,,,,2015-03-31,2014-12-01,3
ablation_20260811T165312Z_69334f2b,one_step_201505,one_step_ex_ante_snapshot_vintage_sensitivity,ridge_recursive_b2,2008-01,2015-04,2015-05,2015-05,0.0420829999493435,pre-specified first grid configuration; no tuning; parameters={'model__alpha': 0.1},1.0,49791.207588575315,49791.207588575315,1.3189678443114055,1.3103264520324978,1.3189678443114055,0.27576904311683587,0.21527803027511017,,49791.207588575315,1.0,49791.207588575315,49791.207588575315,1.3189678443114055,1.3103264520324978,1.3189678443114055,0.27576904311683587,0.21527803027511017,,49791.207588575315,1.0,88870.0,88870.0,2.3541640783753595,2.326776015801236,2.3541640783753595,0.49220728013466614,0.38423969767182065,,88870.0,0.4397298572231876,0.4397298572231876,,,,,,,2015-04-30,2015-01-01,3
ablation_20260811T165312Z_69334f2b,one_step_201506,one_step_ex_ante_snapshot_vintage_sensitivity,ridge_recursive_b2,2008-01,2015-05,2015-06,2015-06,0.04136819997802377,pre-specified first grid configuration; no tuning; parameters={'model__alpha': 0.1},1.0,24306.8765763063,24306.8765763063,0.5588205228277123,0.5572634715052157,0.5588205228277123,0.1360378258957859,0.10578742791395415,,24306.8765763063,1.0,24306.8765763063,24306.8765763063,0.5588205228277123,0.5572634715052157,0.5588205228277123,0.1360378258957859,0.10578742791395415,,24306.8765763063,1.0,180404.0,180404.0,4.147528263605901,4.063265716595302,4.147528263605902,1.0096635767191093,0.7851471613589394,,180404.0,0.8652642038075303,0.8652642038075303,,,,,,,2015-05-31,2015-02-01,3
ablation_20260811T165312Z_69334f2b,one_step_201507,one_step_ex_ante_snapshot_vintage_sensitivity,ridge_recursive_b2,2008-01,2015-06,2015-07,2015-07,0.03760019992478192,pre-specified first grid configuration; no tuning; parameters={'model__alpha': 0.1},1.0,18546.419730978087,18546.419730978087,0.3536042610575683,0.35423054821379407,0.3536042610575683,0.10480055306371706,0.08123400832094567,,-18546.419730978087,1.0,18546.419730978087,18546.419730978087,0.3536042610575683,0.35423054821379407,0.3536042610575683,0.10480055306371706,0.08123400832094567,,-18546.419730978087,1.0,292561.0,292561.0,5.577939986253483,5.737970254876528,5.577939986253483,1.653179160701394,1.2814280628345749,,-292561.0,0.9366066573091489,0.9366066573091489,,,,,,,2015-06-30,2015-03-01,3
ablation_20260811T165312Z_69334f2b,one_step_201508,one_step_ex_ante_snapshot_vintage_sensitivity,ridge_recursive_b2,2008-01,2015-07,2015-08,2015-08,0.03386309999041259,pre-specified first grid configuration; no tuning; parameters={'model__alpha': 0.1},1.0,606441.0878686588,606441.0878686588,8.986032406034736,9.408769965069963,8.986032406034738,3.4585702425720317,2.6729049300277676,,-606441.0878686588,1.0,606441.0878686588,606441.0878686588,8.986032406034736,9.408769965069963,8.986032406034738,3.4585702425720317,2.6729049300277676,,-606441.0878686588,1.0,113081.0,113081.0,1.6755947953297137,1.68975148933436,1.6755947953297134,0.6449077897653777,0.4984074602444012,,-113081.0,-4.362891094601736,-4.362891094601736,,,,,,,2015-07-31,2015-04-01,3
ablation_20260811T165312Z_69334f2b,one_step_201509,one_step_ex_ante_snapshot_vintage_sensitivity,ridge_recursive_b2,2008-01,2015-08,2015-09,2015-09,0.03421479999087751,pre-specified first grid configuration; no tuning; parameters={'model__alpha': 0.1},1.0,139951.14552686363,139951.14552686363,2.5843550120724794,2.618186630781486,2.5843550120724794,0.8032947929495667,0.6202574506222425,,-139951.14552686363,1.0,139951.14552686363,139951.14552686363,2.5843550120724794,2.618186630781486,2.5843550120724794,0.8032947929495667,0.6202574506222425,,-139951.14552686363,1.0,80660.0,80660.0,1.4894774493557354,1.4784667350483498,1.4894774493557354,0.4629741168276103,0.3574816467478419,,80660.0,-0.7350749507421726,-0.7350749507421726,,,,,,,2015-08-31,2015-05-01,3
ablation_20260811T165312Z_69334f2b,one_step_201510,one_step_ex_ante_snapshot_vintage_sensitivity,ridge_recursive_b2,2008-01,2015-09,2015-10,2015-10,0.03416679997462779,pre-specified first grid configuration; no tuning; parameters={'model__alpha': 0.1},1.0,84030.49306958728,84030.49306958728,2.019087220057525,1.998907378349009,2.019087220057525,0.48210081278855665,0.3732837011984596,,84030.49306958728,1.0,84030.49306958728,84030.49306958728,2.019087220057525,1.998907378349009,2.019087220057525,0.48210081278855665,0.3732837011984596,,84030.49306958728,1.0,131473.0,131473.0,3.159037206443549,3.109915512381011,3.1590372064435486,0.7542885665000325,0.5840347504211798,,131473.0,0.3608536119995187,0.3608536119995187,,,,,,,2015-09-30,2015-06-01,3
ablation_20260811T165312Z_69334f2b,one_step_201511,one_step_ex_ante_snapshot_vintage_sensitivity,ridge_recursive_b2,2008-01,2015-10,2015-11,2015-11,0.03717799996957183,pre-specified first grid configuration; no tuning; parameters={'model__alpha': 0.1},1.0,318224.4086504197,318224.4086504197,14.225511540485048,13.280875315166805,14.225511540485046,1.8101745932541362,1.4075047918789492,,318224.4086504197,1.0,318224.4086504197,318224.4086504197,14.225511540485048,13.280875315166805,14.225511540485046,1.8101745932541362,1.4075047918789492,,318224.4086504197,1.0,27375.0,27375.0,1.2237382420547538,1.2162961017876555,1.2237382420547538,0.15571882025168035,0.12107947294518578,,27375.0,-10.624635932435423,-10.624635932435423,,,,,,,2015-10-31,2015-07-01,3
ablation_20260811T165312Z_69334f2b,one_step_201512,one_step_ex_ante_snapshot_vintage_sensitivity,ridge_recursive_b2,2008-01,2015-11,2015-12,2015-12,0.03386790002696216,pre-specified first grid configuration; no tuning; parameters={'model__alpha': 0.1},1.0,369655.61117807636,369655.61117807636,21.5692672032543,19.46954780824179,21.569267203254295,2.1121527285115085,1.6427013941242925,,369655.61117807636,1.0,369655.61117807636,369655.61117807636,21.5692672032543,19.46954780824179,21.569267203254295,2.1121527285115085,1.6427013941242925,,369655.61117807636,1.0,26739.0,26739.0,1.560210688834857,1.5481336157595937,1.560210688834857,0.1527823468651807,0.11882463365700027,,26739.0,-12.824586229031615,-12.824586229031615,,,,,,,2015-11-30,2015-08-01,3
ablation_20260811T165312Z_69334f2b,one_step_201601,one_step_ex_ante_snapshot_vintage_sensitivity,ridge_recursive_b2,2008-01,2015-12,2016-01,2016-01,0.03418920002877712,pre-specified first grid configuration; no tuning; parameters={'model__alpha': 0.1},1.0,228647.0220807225,228647.0220807225,13.51911426509649,12.663141950197225,13.51911426509649,1.3152061020621808,1.021588338066452,,228647.0220807225,1.0,228647.0220807225,228647.0220807225,13.51911426509649,12.663141950197225,13.51911426509649,1.3152061020621808,1.021588338066452,,228647.0220807225,1.0,70717.0,70717.0,4.181253684324423,4.095629357618573,4.181253684324423,0.40677297728677836,0.315961528147697,,70717.0,-2.233268126203353,-2.233268126203353,,,,,,,2015-12-31,2015-09-01,3
ablation_20260811T165312Z_69334f2b,one_step_201602,one_step_ex_ante_snapshot_vintage_sensitivity,ridge_recursive_b2,2008-01,2016-01,2016-02,2016-02,0.040561300003901124,pre-specified first grid configuration; no tuning; parameters={'model__alpha': 0.1},1.0,310971.3812592479,310971.3812592479,20.492294007742178,18.58776434792105,20.492294007742178,1.794079083044148,1.3949933445614573,,310971.3812592479,1.0,310971.3812592479,310971.3812592479,20.492294007742178,18.58776434792105,20.492294007742178,1.794079083044148,1.3949933445614573,,310971.3812592479,1.0,47421.0,47421.0,3.124934102315381,3.0768591912417125,3.124934102315381,0.27358473906031333,0.2127269047221418,,47421.0,-5.557672365813625,-5.557672365813625,,,,,,,2016-01-31,2015-10-01,3
ablation_20260811T165312Z_69334f2b,one_step_201603,one_step_ex_ante_snapshot_vintage_sensitivity,ridge_recursive_b2,2008-01,2016-02,2016-03,2016-03,0.03789630008395761,pre-specified first grid configuration; no tuning; parameters={'model__alpha': 0.1},1.0,492496.1386591671,492496.1386591671,25.937749894887673,22.96008516235522,25.937749894887677,2.8704670988425116,2.2225253928054873,,492496.1386591671,1.0,492496.1386591671,492496.1386591671,25.937749894887673,22.96008516235522,25.937749894887677,2.8704670988425116,2.2225253928054873,,492496.1386591671,1.0,118883.0,118883.0,6.261079587647108,6.071023772554793,6.261079587647109,0.6928983058440928,0.5364925032554397,,118883.0,-3.1426960848831804,-3.1426960848831804,,,,,,,2016-02-29,2015-11-01,3
ablation_20260811T165312Z_69334f2b,one_step_201604,one_step_ex_ante_snapshot_vintage_sensitivity,ridge_recursive_b2,2008-01,2016-03,2016-04,2016-04,0.03505970002152026,pre-specified first grid configuration; no tuning; parameters={'model__alpha': 0.1},1.0,837658.0594682982,837658.0594682982,40.87656287206748,33.93984236961861,40.87656287206748,4.931772289968891,3.8025346441028223,,837658.0594682982,1.0,837658.0594682982,837658.0594682982,40.87656287206748,33.93984236961861,40.87656287206748,4.931772289968891,3.8025346441028223,,837658.0594682982,1.0,577425.0,577425.0,28.177546971118044,24.697913835215928,28.177546971118044,3.399631367891186,2.6212110562927964,,577425.0,-0.45067854607663027,-0.45067854607663027,,,,,,,2016-03-31,2015-12-01,3
ablation_20260811T165312Z_69334f2b,one_step_201605,one_step_ex_ante_snapshot_vintage_sensitivity,ridge_recursive_b2,2008-01,2016-04,2016-05,2016-05,0.03532600007019937,pre-specified first grid configuration; no tuning; parameters={'model__alpha': 0.1},1.0,1233249.3062400138,1233249.3062400138,44.851170267612936,36.635455095919966,44.851170267612936,7.311045263619465,5.628087881867903,,1233249.3062400138,1.0,1233249.3062400138,1233249.3062400138,44.851170267612936,36.635455095919966,44.851170267612936,7.311045263619465,5.628087881867903,,1233249.3062400138,1.0,1025365.0,1025365.0,37.29077321897203,31.430445198608787,37.29077321897203,6.0786492145589035,4.679381777708753,,1025365.0,-0.20274176146056644,-0.20274176146056644,,,,,,,2016-04-30,2016-01-01,3
ablation_20260811T165312Z_69334f2b,one_step_201606,one_step_ex_ante_snapshot_vintage_sensitivity,ridge_recursive_b2,2008-01,2016-05,2016-06,2016-06,0.035577000002376735,pre-specified first grid configuration; no tuning; parameters={'model__alpha': 0.1},1.0,1919656.245395612,1919656.245395612,71.19993165791698,52.50733746328987,71.19993165791698,11.476186305928543,8.809547604078304,,1919656.245395612,1.0,1919656.245395612,1919656.245395612,71.19993165791698,52.50733746328987,71.19993165791698,11.476186305928543,8.809547604078304,,1919656.245395612,1.0,1653526.0,1653526.0,61.329177282116085,46.936341299470435,61.329177282116085,9.88519297828039,7.588241929522742,,1653526.0,-0.16094711870004574,-0.16094711870004574,,,,,,,2016-05-31,2016-02-01,3
ablation_20260811T165312Z_69334f2b,one_step_201607,one_step_ex_ante_snapshot_vintage_sensitivity,ridge_recursive_b2,2008-01,2016-06,2016-07,2016-07,0.03536120010539889,pre-specified first grid configuration; no tuning; parameters={'model__alpha': 0.1},1.0,1950925.7982814154,1950925.7982814154,56.02013350818871,43.762287551808434,56.02013350818871,11.702034494897683,8.989407011626238,,1950925.7982814154,1.0,1950925.7982814154,1950925.7982814154,56.02013350818871,43.762287551808434,56.02013350818871,11.702034494897683,8.989407011626238,,1950925.7982814154,1.0,1762421.0,1762421.0,50.60728593809583,40.38772116992374,50.60728593809583,10.571345847545725,8.120821257678607,,1762421.0,-0.10695787117914235,-0.10695787117914235,,,,,,,2016-06-30,2016-03-01,3
ablation_20260811T165312Z_69334f2b,one_step_201608,one_step_ex_ante_snapshot_vintage_sensitivity,ridge_recursive_b2,2008-01,2016-07,2016-08,2016-08,0.04113319993484765,pre-specified first grid configuration; no tuning; parameters={'model__alpha': 0.1},1.0,1550253.1659184285,1550253.1659184285,33.95331821785202,29.025720580919877,33.95331821785202,9.04549829544879,6.908566072241674,,1550253.1659184285,1.0,1550253.1659184285,1550253.1659184285,33.95331821785202,29.025720580919877,33.95331821785202,9.04549829544879,6.908566072241674,,1550253.1659184285,1.0,2182871.0,2182871.0,47.80878073395962,38.58521929074479,47.80878073395962,12.736729937904574,9.727771477728925,,2182871.0,0.28980999522260886,0.28980999522260886,,,,,,,2016-07-31,2016-04-01,3
ablation_20260811T165312Z_69334f2b,one_step_201609,one_step_ex_ante_snapshot_vintage_sensitivity,ridge_recursive_b2,2008-01,2016-08,2016-09,2016-09,0.03619209991302341,pre-specified first grid configuration; no tuning; parameters={'model__alpha': 0.1},1.0,765048.7613546494,765048.7613546494,19.05509588846255,17.397537191433276,19.05509588846255,4.227273683178987,3.0824471128569395,,765048.7613546494,1.0,765048.7613546494,765048.7613546494,19.05509588846255,17.397537191433276,19.05509588846255,4.227273683178987,3.0824471128569395,,765048.7613546494,1.0,1400392.0,1400392.0,34.87961184877445,29.699991050080104,34.87961184877445,7.737860051236867,5.642299543920073,,1400392.0,0.4536895659539262,0.4536895659539262,,,,,,,2016-08-31,2016-05-01,3
ablation_20260811T165312Z_69334f2b,one_step_201610,one_step_ex_ante_snapshot_vintage_sensitivity,ridge_recursive_b2,2008-01,2016-09,2016-10,2016-10,0.03666540002450347,pre-specified first grid configuration; no tuning; parameters={'model__alpha': 0.1},1.0,368608.8050878928,368608.8050878928,11.553925234407833,10.92291265369409,11.553925234407833,1.8678787182510912,1.2199447695764805,,368608.8050878928,1.0,368608.8050878928,368608.8050878928,11.553925234407833,10.92291265369409,11.553925234407833,1.8678787182510912,1.2199447695764805,,368608.8050878928,1.0,971472.0,971472.0,30.450479479578004,26.426917876971874,30.450479479578,4.922812068323068,3.2151760045650883,,971472.0,0.6205667223678162,0.6205667223678162,,,,,,,2016-09-30,2016-06-01,3
ablation_20260811T165312Z_69334f2b,one_step_201611,one_step_ex_ante_snapshot_vintage_sensitivity,ridge_recursive_b2,2008-01,2016-10,2016-11,2016-11,0.03593300003558397,pre-specified first grid configuration; no tuning; parameters={'model__alpha': 0.1},1.0,637792.8955074232,637792.8955074232,33.93192235192782,40.86507513362755,33.93192235192782,2.9728453198529348,1.8081077984463003,,-637792.8955074232,1.0,637792.8955074232,637792.8955074232,33.93192235192782,40.86507513362755,33.93192235192782,2.9728453198529348,1.8081077984463003,,-637792.8955074232,1.0,357373.0,357373.0,19.012994613287223,17.36243518048653,19.012994613287226,1.6657674583323068,1.0131328097345182,,357373.0,-0.784670066030235,-0.784670066030235,,,,,,,2016-10-31,2016-07-01,3
ablation_20260811T165312Z_69334f2b,one_step_201612,one_step_ex_ante_snapshot_vintage_sensitivity,ridge_recursive_b2,2008-01,2016-11,2016-12,2016-12,0.03537209995556623,pre-specified first grid configuration; no tuning; parameters={'model__alpha': 0.1},1.0,497608.19007155346,497608.19007155346,30.538020625807604,36.04114709220526,30.538020625807604,2.109095031762364,1.1899664409667137,,-497608.19007155346,1.0,497608.19007155346,497608.19007155346,30.538020625807604,36.04114709220526,30.538020625807604,2.109095031762364,1.1899664409667137,,-497608.19007155346,1.0,84336.0,84336.0,5.175667440537451,5.045108423529243,5.175667440537451,0.35745520702368977,0.2016787741193286,,84336.0,-4.900305801455529,-4.900305801455529,,,,,,,2016-11-30,2016-08-01,3
ablation_20260811T165312Z_69334f2b,one_step_201701,one_step_ex_ante_snapshot_vintage_sensitivity,ridge_recursive_b2,2008-01,2016-12,2017-01,2017-01,0.03888479992747307,pre-specified first grid configuration; no tuning; parameters={'model__alpha': 0.1},1.0,722071.7417586641,722071.7417586641,46.040393036136464,59.80840552151161,46.040393036136464,2.90624166554457,1.6390715641477507,,-722071.7417586641,1.0,722071.7417586641,722071.7417586641,46.040393036136464,59.80840552151161,46.040393036136464,2.90624166554457,1.6390715641477507,,-722071.7417586641,1.0,122943.0,122943.0,7.839032763220313,7.543369172768329,7.839032763220314,0.4948290431873265,0.2790752824923147,,122943.0,-4.873223703331334,-4.873223703331334,,,,,,,2016-12-31,2016-09-01,3
ablation_20260811T165312Z_69334f2b,one_step_201702,one_step_ex_ante_snapshot_vintage_sensitivity,ridge_recursive_b2,2008-01,2017-01,2017-02,2017-02,0.03443880006670952,pre-specified first grid configuration; no tuning; parameters={'model__alpha': 0.1},1.0,978414.0089787156,978414.0089787156,68.30868668088456,103.74061122066331,68.30868668088458,3.819733820076975,2.1766826019079266,,-978414.0089787156,1.0,978414.0089787156,978414.0089787156,68.30868668088456,103.74061122066331,68.30868668088458,3.819733820076975,2.1766826019079266,,-978414.0089787156,1.0,85162.0,85162.0,5.945647059152074,5.7739963374359204,5.945647059152074,0.33247292925102817,0.189460332786093,,85162.0,-10.48885663768718,-10.48885663768718,,,,,,,2017-01-31,2016-10-01,3
ablation_20260811T165312Z_69334f2b,one_step_201703,one_step_ex_ante_snapshot_vintage_sensitivity,ridge_recursive_b2,2008-01,2017-02,2017-03,2017-03,0.034810999990440905,pre-specified first grid configuration; no tuning; parameters={'model__alpha': 0.1},1.0,1234894.4095053626,1234894.4095053626,66.96548349988628,100.6738480533043,66.96548349988626,4.801063027745558,2.7526108879485354,,-1234894.4095053626,1.0,1234894.4095053626,1234894.4095053626,66.96548349988628,100.6738480533043,66.96548349988626,4.801063027745558,2.7526108879485354,,-1234894.4095053626,1.0,54686.0,54686.0,2.9654959990802983,2.9221676171931565,2.9654959990802983,0.21261002618066627,0.12189647783622906,,54686.0,-21.581545724780796,-21.581545724780796,,,,,,,2017-02-28,2016-11-01,3
ablation_20260811T165312Z_69334f2b,one_step_201704,one_step_ex_ante_snapshot_vintage_sensitivity,ridge_recursive_b2,2008-01,2017-03,2017-04,2017-04,0.03302739991340786,pre-specified first grid configuration; no tuning; parameters={'model__alpha': 0.1},1.0,1521183.985305861,1521183.985305861,66.7614051337244,100.21331311806345,66.7614051337244,5.955806867581613,3.4079231724018997,,-1521183.985305861,1.0,1521183.985305861,1521183.985305861,66.7614051337244,100.21331311806345,66.7614051337244,5.955806867581613,3.4079231724018997,,-1521183.985305861,1.0,229300.0,229300.0,10.063470523642792,10.596666740607647,10.063470523642792,0.8977655089248605,0.5137030043572499,,-229300.0,-5.634033952489582,-5.634033952489582,,,,,,,2017-03-31,2016-12-01,3
ablation_20260811T165312Z_69334f2b,one_step_201705,one_step_ex_ante_snapshot_vintage_sensitivity,ridge_recursive_b2,2008-01,2017-04,2017-05,2017-05,0.032002100022509694,pre-specified first grid configuration; no tuning; parameters={'model__alpha': 0.1},1.0,1151390.3502984263,1151390.3502984263,37.1982375207954,45.697585768516355,37.1982375207954,4.532207666829855,2.5918469869376386,,-1151390.3502984263,1.0,1151390.3502984263,1151390.3502984263,37.1982375207954,45.697585768516355,37.1982375207954,4.532207666829855,2.5918469869376386,,-1151390.3502984263,1.0,345634.0,345634.0,11.166478530873762,11.826796899192976,11.166478530873762,1.3605160615694374,0.7780423392040896,,-345634.0,-2.331241574319732,-2.331241574319732,,,,,,,2017-04-30,2017-01-01,3
ablation_20260811T165312Z_69334f2b,one_step_201706,one_step_ex_ante_snapshot_vintage_sensitivity,ridge_recursive_b2,2008-01,2017-05,2017-06,2017-06,0.03242770000360906,pre-specified first grid configuration; no tuning; parameters={'model__alpha': 0.1},1.0,665401.9233886148,665401.9233886148,19.068296151751984,21.07789375348507,19.068296151751987,2.637104365610682,1.50527462440591,,-665401.9233886148,1.0,665401.9233886148,665401.9233886148,19.068296151751984,21.07789375348507,19.068296151751987,2.637104365610682,1.50527462440591,,-665401.9233886148,1.0,793423.0,793423.0,22.736971754702296,25.653371692645045,22.736971754702296,3.1444743147427525,1.7948843643821146,,-793423.0,0.1613528680305275,0.1613528680305275,,,,,,,2017-05-31,2017-02-01,3
ablation_20260811T165312Z_69334f2b,one_step_201707,one_step_ex_ante_snapshot_vintage_sensitivity,ridge_recursive_b2,2008-01,2017-06,2017-07,2017-07,0.03277900000102818,pre-specified first grid configuration; no tuning; parameters={'model__alpha': 0.1},1.0,1046239.6865303097,1046239.6865303097,20.789710507611936,23.201469699645767,20.789710507611936,4.179498547897089,2.3786663525417864,,-1046239.6865303097,1.0,1046239.6865303097,1046239.6865303097,20.789710507611936,23.201469699645767,20.789710507611936,4.179498547897089,2.3786663525417864,,-1046239.6865303097,1.0,1549944.0,1549944.0,30.79876196426102,36.40488961168907,30.79876196426102,6.191687029962553,3.5238575716342027,,-1549944.0,0.3249822661139308,0.3249822661139308,,,,,,,2017-06-30,2017-03-01,3
ablation_20260811T165312Z_69334f2b,one_step_201708,one_step_ex_ante_snapshot_vintage_sensitivity,ridge_recursive_b2,2008-01,2017-07,2017-08,2017-08,0.033829999971203506,pre-specified first grid configuration; no tuning; parameters={'model__alpha': 0.1},1.0,930229.5991669502,930229.5991669502,14.709773467951207,15.877549229944869,14.709773467951209,3.71918763550974,2.122655892334732,,-930229.5991669502,1.0,930229.5991669502,930229.5991669502,14.709773467951207,15.877549229944869,14.709773467951209,3.71918763550974,2.122655892334732,,-930229.5991669502,1.0,1758051.0,1758051.0,27.800160281143498,32.28825337646268,27.800160281143498,7.028933015731799,4.011630373315207,,-1758051.0,0.47087450866502156,0.47087450866502156,,,,,,,2017-07-31,2017-04-01,3
ablation_20260811T165312Z_69334f2b,one_step_201709,one_step_ex_ante_snapshot_vintage_sensitivity,ridge_recursive_b2,2008-01,2017-08,2017-09,2017-09,0.033591700019314885,pre-specified first grid configuration; no tuning; parameters={'model__alpha': 0.1},1.0,806333.7444418455,806333.7444418455,15.19409764143968,16.443303430818023,15.19409764143968,3.211690951431613,1.843395081700704,,-806333.7444418455,1.0,806333.7444418455,806333.7444418455,15.19409764143968,16.443303430818023,15.19409764143968,3.211690951431613,1.843395081700704,,-806333.7444418455,1.0,1291958.0,1291958.0,24.34492681963516,27.719013608718814,24.344926819635162,5.145970693688295,2.953602077775431,,-1291958.0,0.3758823859275259,0.3758823859275259,,,,,,,2017-08-31,2017-05-01,3
ablation_20260811T165312Z_69334f2b,one_step_201710,one_step_ex_ante_snapshot_vintage_sensitivity,ridge_recursive_b2,2008-01,2017-09,2017-10,2017-10,0.033809400047175586,pre-specified first grid configuration; no tuning; parameters={'model__alpha': 0.1},1.0,43430.11227072682,43430.11227072682,1.1096777361796377,1.1035547853001273,1.1096777361796375,0.16939787371638232,0.09819128977116336,,43430.11227072682,1.0,43430.11227072682,43430.11227072682,1.1096777361796377,1.1035547853001273,1.1096777361796375,0.16939787371638232,0.09819128977116336,,43430.11227072682,1.0,723425.0,723425.0,18.484147848653944,20.36642819850472,18.48414784865394,2.8216979046557507,1.6355940633978716,,-723425.0,0.9399659781307989,0.9399659781307989,,,,,,,2017-09-30,2017-06-01,3
ablation_20260811T165312Z_69334f2b,one_step_201711,one_step_ex_ante_snapshot_vintage_sensitivity,ridge_recursive_b2,2008-01,2017-10,2017-11,2017-11,0.03277159994468093,pre-specified first grid configuration; no tuning; parameters={'model__alpha': 0.1},1.0,909371.2050763946,909371.2050763946,39.64393462495078,33.085698319045385,39.64393462495078,3.3813388798801416,1.9518967116998478,,909371.2050763946,1.0,909371.2050763946,909371.2050763946,39.64393462495078,33.085698319045385,39.64393462495078,3.3813388798801416,1.9518967116998478,,909371.2050763946,1.0,414222.0,414222.0,18.057961145621306,19.850235008165864,18.05796114562131,1.5402125619141944,0.8890962845539102,,-414222.0,-1.1953715762957895,-1.1953715762957895,,,,,,,2017-10-31,2017-07-01,3
ablation_20260811T165312Z_69334f2b,one_step_201712,one_step_ex_ante_snapshot_vintage_sensitivity,ridge_recursive_b2,2008-01,2017-11,2017-12,2017-12,0.032059499993920326,pre-specified first grid configuration; no tuning; parameters={'model__alpha': 0.1},1.0,1223314.5265741684,1223314.5265741684,59.92753359336902,46.11095466871142,59.92753359336902,4.318750359867155,2.473053378105087,,1223314.5265741684,1.0,1223314.5265741684,1223314.5265741684,59.92753359336902,46.11095466871142,59.92753359336902,4.318750359867155,2.473053378105087,,1223314.5265741684,1.0,411852.0,411852.0,20.175738969286094,22.439395945400367,20.175738969286094,1.4539890883116784,0.8326002493665179,,-411852.0,-1.970277008668571,-1.970277008668571,,,,,,,2017-11-30,2017-08-01,3
ablation_20260811T165312Z_69334f2b,one_step_201801,one_step_ex_ante_snapshot_vintage_sensitivity,ridge_recursive_b2,2008-01,2017-12,2018-01,2018-01,0.033295199973508716,pre-specified first grid configuration; no tuning; parameters={'model__alpha': 0.1},1.0,1135423.7702150475,1135423.7702150475,55.512688114844785,43.45200117020695,55.51268811484479,3.876975580497761,2.2342704525590227,,1135423.7702150475,1.0,1135423.7702150475,1135423.7702150475,55.512688114844785,43.45200117020695,55.51268811484479,3.876975580497761,2.2342704525590227,,1135423.7702150475,1.0,476997.0,476997.0,23.321147916166545,26.399478648526365,23.321147916166545,1.6287361331359433,0.938627789039018,,-476997.0,-1.3803583045911139,-1.3803583045911139,,,,,,,2017-12-31,2017-09-01,3
ablation_20260811T165312Z_69334f2b,one_step_201802,one_step_ex_ante_snapshot_vintage_sensitivity,ridge_recursive_b2,2008-01,2018-01,2018-02,2018-02,0.03339399991091341,pre-specified first grid configuration; no tuning; parameters={'model__alpha': 0.1},1.0,1247634.6328640329,1247634.6328640329,69.051330616078,51.3294845693297,69.051330616078,4.2018485466111,2.4432757884156873,,1247634.6328640329,1.0,1247634.6328640329,1247634.6328640329,69.051330616078,51.3294845693297,69.051330616078,4.2018485466111,2.4432757884156873,,1247634.6328640329,1.0,374480.0,374480.0,20.72589330880408,23.12201543361188,20.72589330880408,1.2611931428376801,0.7333540550614217,,-374480.0,-2.331645569493786,-2.331645569493786,,,,,,,2018-01-31,2017-10-01,3
ablation_20260811T165312Z_69334f2b,one_step_201803,one_step_ex_ante_snapshot_vintage_sensitivity,ridge_recursive_b2,2008-01,2018-02,2018-03,2018-03,0.03265129995997995,pre-specified first grid configuration; no tuning; parameters={'model__alpha': 0.1},1.0,1096568.054165856,1096568.054165856,48.306558410562026,38.90880588879947,48.306558410562026,3.6794942004181594,2.150878099858093,,1096568.054165856,1.0,1096568.054165856,1096568.054165856,48.306558410562026,38.90880588879947,48.306558410562026,3.6794942004181594,2.150878099858093,,1096568.054165856,1.0,425943.0,425943.0,18.763851756306885,20.706522333587337,18.763851756306885,1.429236235958835,0.8354716034334589,,-425943.0,-1.5744478819134389,-1.5744478819134389,,,,,,,2018-02-28,2017-11-01,3
ablation_20260811T165312Z_69334f2b,one_step_201804,one_step_ex_ante_snapshot_vintage_sensitivity,ridge_recursive_b2,2008-01,2018-03,2018-04,2018-04,0.038792400038801134,pre-specified first grid configuration; no tuning; parameters={'model__alpha': 0.1},1.0,773527.1267589061,773527.1267589061,26.946822276660342,23.747256741767217,26.946822276660345,2.5863950413458494,1.5196913296132641,,773527.1267589061,1.0,773527.1267589061,773527.1267589061,26.946822276660342,23.747256741767217,26.946822276660345,2.5863950413458494,1.5196913296132641,,773527.1267589061,1.0,592031.0,592031.0,20.62416893654185,22.995482517648206,20.62416893654185,1.9795376138118026,1.1631193612201416,,-592031.0,-0.30656524195338775,-0.30656524195338775,,,,,,,2018-03-31,2017-12-01,3
ablation_20260811T165312Z_69334f2b,one_step_201805,one_step_ex_ante_snapshot_vintage_sensitivity,ridge_recursive_b2,2008-01,2018-04,2018-05,2018-05,0.033038900000974536,pre-specified first grid configuration; no tuning; parameters={'model__alpha': 0.1},1.0,818067.9889278756,818067.9889278756,21.581923473585068,19.479859309153316,21.581923473585068,2.7204756361640596,1.6080962117295055,,818067.9889278756,1.0,818067.9889278756,818067.9889278756,21.581923473585068,19.479859309153316,21.581923473585068,2.7204756361640596,1.6080962117295055,,818067.9889278756,1.0,695242.0,695242.0,18.34158021423951,20.193482070218067,18.34158021423951,2.312019230475874,1.3666541675838804,,-695242.0,-0.1766665260842637,-0.1766665260842637,,,,,,,2018-04-30,2018-01-01,3
ablation_20260811T165312Z_69334f2b,one_step_201806,one_step_ex_ante_snapshot_vintage_sensitivity,ridge_recursive_b2,2008-01,2018-05,2018-06,2018-06,0.03270049998536706,pre-specified first grid configuration; no tuning; parameters={'model__alpha': 0.1},1.0,509531.1341665294,509531.1341665294,11.56213728232468,10.93025191638642,11.56213728232468,1.6906692571379085,1.0036900178431487,,509531.1341665294,1.0,509531.1341665294,509531.1341665294,11.56213728232468,10.93025191638642,11.56213728232468,1.6906692571379085,1.0036900178431487,,509531.1341665294,1.0,917322.0,917322.0,20.815612991825986,23.233735192426586,20.81561299182599,3.0437553277939355,1.8069689422491686,,-917322.0,0.44454495349884837,0.44454495349884837,,,,,,,2018-05-31,2018-02-01,3
ablation_20260811T165312Z_69334f2b,one_step_201807,one_step_ex_ante_snapshot_vintage_sensitivity,ridge_recursive_b2,2008-01,2018-06,2018-07,2018-07,0.03767620003782213,pre-specified first grid configuration; no tuning; parameters={'model__alpha': 0.1},1.0,50951.61778411642,50951.61778411642,0.89185788112352,0.8958527477907366,0.89185788112352,0.16843478408593626,0.10050015406661737,,-50951.61778411642,1.0,50951.61778411642,50951.61778411642,0.89185788112352,0.8958527477907366,0.89185788112352,0.16843478408593626,0.10050015406661737,,-50951.61778411642,1.0,680487.0,680487.0,11.911254644033974,12.665568714907863,11.911254644033976,2.2495395809398078,1.342235071516213,,-680487.0,0.9251247741924292,0.9251247741924292,,,,,,,2018-06-30,2018-03-01,3
ablation_20260811T165312Z_69334f2b,one_step_201808,one_step_ex_ante_snapshot_vintage_sensitivity,ridge_recursive_b2,2008-01,2018-07,2018-08,2018-08,0.035603799973614514,pre-specified first grid configuration; no tuning; parameters={'model__alpha': 0.1},1.0,225703.39064588677,225703.39064588677,3.2003620686064904,3.2524064599368536,3.2003620686064904,0.7398033395520975,0.4444704614080416,,-225703.39064588677,1.0,225703.39064588677,225703.39064588677,3.2003620686064904,3.2524064599368536,3.2003620686064904,0.7398033395520975,0.4444704614080416,,-225703.39064588677,1.0,728545.0,728545.0,10.330406541969275,10.893054973785393,10.330406541969275,2.3880014494758117,1.4347003444647761,,-728545.0,0.6901997945962339,0.6901997945962339,,,,,,,2018-07-31,2018-04-01,3
ablation_20260811T165312Z_69334f2b,one_step_201809,one_step_ex_ante_snapshot_vintage_sensitivity,ridge_recursive_b2,2008-01,2018-08,2018-09,2018-09,0.03208000003360212,pre-specified first grid configuration; no tuning; parameters={'model__alpha': 0.1},1.0,131021.36585563608,131021.36585563608,2.175944157697942,2.1998782184837253,2.175944157697942,0.42465177067481047,0.2570235718067805,,-131021.36585563608,1.0,131021.36585563608,131021.36585563608,2.175944157697942,2.1998782184837253,2.175944157697942,0.42465177067481047,0.2570235718067805,,-131021.36585563608,1.0,714469.0,714469.0,11.865581130632181,12.613939758541592,11.865581130632181,2.3156568698616566,1.4015681574221606,,-714469.0,0.8166171438429994,0.8166171438429994,,,,,,,2018-08-31,2018-05-01,3
ablation_20260811T165312Z_69334f2b,one_step_201810,one_step_ex_ante_snapshot_vintage_sensitivity,ridge_recursive_b2,2008-01,2018-09,2018-10,2018-10,0.03429890004917979,pre-specified first grid configuration; no tuning; parameters={'model__alpha': 0.1},1.0,140850.99195254594,140850.99195254594,2.939638633666127,2.8970571283736026,2.939638633666127,0.44874356327503323,0.27363314820032963,,140850.99195254594,1.0,140850.99195254594,140850.99195254594,2.939638633666127,2.8970571283736026,2.939638633666127,0.44874356327503323,0.27363314820032963,,140850.99195254594,1.0,877680.0,877680.0,18.31767032826673,20.164504012430275,18.31767032826673,2.79624051741094,1.705080938254083,,-877680.0,0.8395189682429292,0.8395189682429292,,,,,,,2018-09-30,2018-06-01,3
ablation_20260811T165312Z_69334f2b,one_step_201811,one_step_ex_ante_snapshot_vintage_sensitivity,ridge_recursive_b2,2008-01,2018-10,2018-11,2018-11,0.033778300043195486,pre-specified first grid configuration; no tuning; parameters={'model__alpha': 0.1},1.0,533053.696113755,533053.696113755,19.894368785548924,18.094477721665374,19.894368785548924,1.681204834511644,1.0322207000380543,,533053.696113755,1.0,533053.696113755,533053.696113755,19.894368785548924,18.094477721665374,19.894368785548924,1.681204834511644,1.0322207000380543,,533053.696113755,1.0,385573.0,385573.0,14.390166528577081,15.505823435580675,14.39016652857708,1.2160635905595987,0.7466347853459762,,-385573.0,-0.3824974677006818,-0.3824974677006818,,,,,,,2018-10-31,2018-07-01,3
ablation_20260811T165312Z_69334f2b,one_step_201812,one_step_ex_ante_snapshot_vintage_sensitivity,ridge_recursive_b2,2008-01,2018-11,2018-12,2018-12,0.03303220006637275,pre-specified first grid configuration; no tuning; parameters={'model__alpha': 0.1},1.0,175851.97763516335,175851.97763516335,8.063345851294194,7.750856661756446,8.063345851294196,0.548485525891453,0.3390806062681081,,175851.97763516335,1.0,175851.97763516335,175851.97763516335,8.063345851294194,7.750856661756446,8.063345851294196,0.548485525891453,0.3390806062681081,,175851.97763516335,1.0,139558.0,139558.0,6.39915703791266,6.610670635525901,6.39915703791266,0.4352839476230796,0.26909797595646856,,-139558.0,-0.2600637558231227,-0.2600637558231227,,,,,,,2018-11-30,2018-08-01,3
ablation_20260811T165312Z_69334f2b,one_step_201901,one_step_ex_ante_snapshot_vintage_sensitivity,ridge_recursive_b2,2008-01,2018-12,2019-01,2019-01,0.03189109999220818,pre-specified first grid configuration; no tuning; parameters={'model__alpha': 0.1},1.0,193172.3193190773,193172.3193190773,8.676879151263327,9.070392655912627,8.676879151263327,0.596247683237272,0.3710568432911317,,-193172.3193190773,1.0,193172.3193190773,193172.3193190773,8.676879151263327,9.070392655912627,8.676879151263327,0.596247683237272,0.3710568432911317,,-193172.3193190773,1.0,180947.0,180947.0,8.127744478701768,8.472037248553187,8.127744478701768,0.558512885899174,0.347573725157265,,-180947.0,-0.06756298429417074,-0.06756298429417074,,,,,,,2018-12-31,2018-09-01,3
ablation_20260811T165312Z_69334f2b,one_step_201902,one_step_ex_ante_snapshot_vintage_sensitivity,ridge_recursive_b2,2008-01,2019-01,2019-02,2019-02,0.031579499947838485,pre-specified first grid configuration; no tuning; parameters={'model__alpha': 0.1},1.0,823.7958349832334,823.7958349832334,0.04235547803798405,0.042364449870614475,0.04235547803798405,0.0025064347483856803,0.0015701861967091551,,-823.7958349832334,1.0,823.7958349832334,823.7958349832334,0.04235547803798405,0.042364449870614475,0.04235547803798405,0.0025064347483856803,0.0015701861967091551,,-823.7958349832334,1.0,138135.0,138135.0,7.102213570788455,7.363706657561653,7.102213570788455,0.4202817606807913,0.26329056432633413,,-138135.0,0.9940362990191969,0.9940362990191969,,,,,,,2019-01-31,2018-10-01,3
ablation_20260811T165312Z_69334f2b,one_step_201903,one_step_ex_ante_snapshot_vintage_sensitivity,ridge_recursive_b2,2008-01,2019-02,2019-03,2019-03,0.03159039991442114,pre-specified first grid configuration; no tuning; parameters={'model__alpha': 0.1},1.0,2295.9237490324304,2295.9237490324304,0.092834099591833,0.09287721045285798,0.09283409959183302,0.0069753003640963835,0.004384598741267663,,-2295.9237490324304,1.0,2295.9237490324304,2295.9237490324304,0.092834099591833,0.09287721045285798,0.09283409959183302,0.0069753003640963835,0.004384598741267663,,-2295.9237490324304,1.0,203128.0,203128.0,8.213341139851371,8.56508079202794,8.213341139851371,0.6171279917093433,0.3879200141082897,,-203128.0,0.9886971577082804,0.9886971577082804,,,,,,,2019-02-28,2018-11-01,3
ablation_20260811T165312Z_69334f2b,one_step_201904,one_step_ex_ante_snapshot_vintage_sensitivity,ridge_recursive_b2,2008-01,2019-03,2019-04,2019-04,0.03204369999002665,pre-specified first grid configuration; no tuning; parameters={'model__alpha': 0.1},1.0,439859.15290465346,439859.15290465346,13.466769074581217,14.43900264609217,13.466769074581217,1.3427919822002337,0.8432834790328299,,-439859.15290465346,1.0,439859.15290465346,439859.15290465346,13.466769074581217,14.43900264609217,13.466769074581217,1.3427919822002337,0.8432834790328299,,-439859.15290465346,1.0,395687.0,395687.0,12.11439029886206,12.895495634957816,12.11439029886206,1.207944242042491,0.7585980825102736,,-395687.0,-0.11163407669358216,-0.11163407669358216,,,,,,,2019-03-31,2018-12-01,3
ablation_20260811T165312Z_69334f2b,one_step_201905,one_step_ex_ante_snapshot_vintage_sensitivity,ridge_recursive_b2,2008-01,2019-04,2019-05,2019-05,0.03290009999182075,pre-specified first grid configuration; no tuning; parameters={'model__alpha': 0.1},1.0,352381.4594316473,352381.4594316473,8.350594097157007,8.714448195462037,8.350594097157007,1.0797362896299363,0.6780432718281347,,-352381.4594316473,1.0,352381.4594316473,352381.4594316473,8.350594097157007,8.714448195462037,8.350594097157007,1.0797362896299363,0.6780432718281347,,-352381.4594316473,1.0,429313.0,429313.0,10.173686803542411,10.718942629427064,10.173686803542411,1.3154631530771903,0.8260729484117945,,-429313.0,0.17919685769672167,0.17919685769672167,,,,,,,2019-04-30,2019-01-01,3
ablation_20260811T165312Z_69334f2b,one_step_201906,one_step_ex_ante_snapshot_vintage_sensitivity,ridge_recursive_b2,2008-01,2019-05,2019-06,2019-06,0.03427699999883771,pre-specified first grid configuration; no tuning; parameters={'model__alpha': 0.1},1.0,841352.8715589996,841352.8715589996,15.946029721451941,17.32755853874725,15.946029721451941,2.5902445432460213,1.6251109823623664,,-841352.8715589996,1.0,841352.8715589996,841352.8715589996,15.946029721451941,17.32755853874725,15.946029721451941,2.5902445432460213,1.6251109823623664,,-841352.8715589996,1.0,869359.0,869359.0,16.476825504766357,17.95612521425111,16.476825504766357,2.676466060785183,1.6792060813885175,,-869359.0,0.032214687420272115,0.032214687420272115,,,,,,,2019-05-31,2019-02-01,3
ablation_20260811T165312Z_69334f2b,one_step_201907,one_step_ex_ante_snapshot_vintage_sensitivity,ridge_recursive_b2,2008-01,2019-06,2019-07,2019-07,0.034003600012511015,pre-specified first grid configuration; no tuning; parameters={'model__alpha': 0.1},1.0,1186830.2946127802,1186830.2946127802,17.705838087209326,19.425567885909345,17.705838087209322,3.6650171736302757,2.3003413422859014,,-1186830.2946127802,1.0,1186830.2946127802,1186830.2946127802,17.705838087209326,19.425567885909345,17.705838087209322,3.6650171736302757,2.3003413422859014,,-1186830.2946127802,1.0,990070.0,990070.0,14.770451339652352,15.94826683591038,14.770451339652352,3.057407254910034,1.9189760853720608,,-990070.0,-0.1987337204569175,-0.1987337204569175,,,,,,,2019-06-30,2019-03-01,3
ablation_20260811T165312Z_69334f2b,one_step_201908,one_step_ex_ante_snapshot_vintage_sensitivity,ridge_recursive_b2,2008-01,2019-07,2019-08,2019-08,0.0327452999772504,pre-specified first grid configuration; no tuning; parameters={'model__alpha': 0.1},1.0,1239530.5367305577,1239530.5367305577,15.177026707364966,16.423311925985285,15.177026707364965,3.8209214009952515,2.406485584148463,,-1239530.5367305577,1.0,1239530.5367305577,1239530.5367305577,15.177026707364966,16.423311925985285,15.177026707364965,3.8209214009952515,2.406485584148463,,-1239530.5367305577,1.0,1114717.0,1114717.0,13.648788132947235,14.648456531299182,13.648788132947233,3.436176774303282,2.164166441579438,,-1114717.0,-0.11196881067621445,-0.11196881067621445,,,,,,,2019-07-31,2019-04-01,3
ablation_20260811T165312Z_69334f2b,one_step_201909,one_step_ex_ante_snapshot_vintage_sensitivity,ridge_recursive_b2,2008-01,2019-08,2019-09,2019-09,0.03337889991234988,pre-specified first grid configuration; no tuning; parameters={'model__alpha': 0.1},1.0,676005.6121430099,676005.6121430099,10.02712510830629,10.556375602593686,10.02712510830629,2.078447624486326,1.3140362212863856,,-676005.6121430099,1.0,676005.6121430099,676005.6121430099,10.02712510830629,10.556375602593686,10.02712510830629,2.078447624486326,1.3140362212863856,,-676005.6121430099,1.0,720412.0,720412.0,10.685800714916219,11.28895852003655,10.685800714916219,2.2149795551322717,1.4003544426922643,,-720412.0,0.061640266759840356,0.061640266759840356,,,,,,,2019-08-31,2019-05-01,3
ablation_20260811T165312Z_69334f2b,one_step_201910,one_step_ex_ante_snapshot_vintage_sensitivity,ridge_recursive_b2,2008-01,2019-09,2019-10,2019-10,0.03284700005315244,pre-specified first grid configuration; no tuning; parameters={'model__alpha': 0.1},1.0,348289.1919135116,348289.1919135116,6.405325539918051,6.617253865874074,6.40532553991805,1.0568187107808005,0.672081994570533,,-348289.1919135116,1.0,348289.1919135116,348289.1919135116,6.405325539918051,6.617253865874074,6.40532553991805,1.0568187107808005,0.672081994570533,,-348289.1919135116,1.0,646055.0,646055.0,11.881484374971265,12.631913807627834,11.881484374971265,1.960333619433807,1.2466707066525573,,-646055.0,0.4608985428276051,0.4608985428276051,,,,,,,2019-09-30,2019-06-01,3
ablation_20260811T165312Z_69334f2b,one_step_201911,one_step_ex_ante_snapshot_vintage_sensitivity,ridge_recursive_b2,2008-01,2019-10,2019-11,2019-11,0.03211059991735965,pre-specified first grid configuration; no tuning; parameters={'model__alpha': 0.1},1.0,412971.407987847,412971.407987847,13.740444921384473,12.857131392646185,13.740444921384475,1.2336171786471621,0.7887108194324762,,412971.407987847,1.0,412971.407987847,412971.407987847,13.740444921384473,12.857131392646185,13.740444921384475,1.2336171786471621,0.7887108194324762,,412971.407987847,1.0,326097.0,326097.0,10.849946947563431,11.472317107471904,10.849946947563431,0.9741082634881637,0.6227942833563941,,-326097.0,-0.26640664583803897,-0.26640664583803897,,,,,,,2019-10-31,2019-07-01,3
ablation_20260811T165312Z_69334f2b,one_step_201912,one_step_ex_ante_snapshot_vintage_sensitivity,ridge_recursive_b2,2008-01,2019-11,2019-12,2019-12,0.03293159999884665,pre-specified first grid configuration; no tuning; parameters={'model__alpha': 0.1},1.0,243672.75054725353,243672.75054725353,10.160105246079814,9.668919069281188,10.160105246079814,0.7148805055983595,0.4590853668261374,,243672.75054725353,1.0,243672.75054725353,243672.75054725353,10.160105246079814,9.668919069281188,10.160105246079814,0.7148805055983595,0.4590853668261374,,243672.75054725353,1.0,217448.0,217448.0,9.066645985600807,9.497184012089422,9.066645985600807,0.6379430438251118,0.4096773013043624,,-217448.0,-0.12060239941159967,-0.12060239941159967,,,,,,,2019-11-30,2019-08-01,3
ablation_20260811T165312Z_69334f2b,one_step_202001,one_step_ex_ante_snapshot_vintage_sensitivity,ridge_recursive_b2,2008-01,2019-12,2020-01,2020-01,0.03158079995773733,pre-specified first grid configuration; no tuning; parameters={'model__alpha': 0.1},1.0,64010.24621733837,64010.24621733837,2.530626400461226,2.563057100280524,2.5306264004612267,0.18618438444539237,0.1202051067048357,,-64010.24621733837,1.0,64010.24621733837,64010.24621733837,2.530626400461226,2.563057100280524,2.5306264004612267,0.18618438444539237,0.1202051067048357,,-64010.24621733837,1.0,303135.0,303135.0,11.98435374391709,12.748251523273806,11.98435374391709,0.8817182672165141,0.5692584730458411,,-303135.0,0.7888391435586839,0.7888391435586839,,,,,,,2019-12-31,2019-09-01,3
ablation_20260811T165312Z_69334f2b,one_step_202002,one_step_ex_ante_snapshot_vintage_sensitivity,ridge_recursive_b2,2008-01,2020-01,2020-02,2020-02,0.03447979991324246,pre-specified first grid configuration; no tuning; parameters={'model__alpha': 0.1},1.0,359735.15094658127,359735.15094658127,17.531610637756938,16.11867864753811,17.531610637756938,1.0393204974253227,0.674325273452636,,359735.15094658127,1.0,359735.15094658127,359735.15094658127,17.531610637756938,16.11867864753811,17.531610637756938,1.0393204974253227,0.674325273452636,,359735.15094658127,1.0,106966.0,106966.0,5.212963644347278,5.352474930445748,5.212963644347278,0.30903834678114483,0.20050828230251416,,-106966.0,-2.3630793985619847,-2.3630793985619847,,,,,,,2020-01-31,2019-10-01,3
ablation_20260811T165312Z_69334f2b,one_step_202003,one_step_ex_ante_snapshot_vintage_sensitivity,ridge_recursive_b2,2008-01,2020-02,2020-03,2020-03,0.03593050001654774,pre-specified first grid configuration; no tuning; parameters={'model__alpha': 0.1},1.0,1807984.310494991,1807984.310494991,170.8760032904304,92.14724154402548,170.8760032904304,5.225804391049189,3.3972065394639013,,1807984.310494991,1.0,1807984.310494991,1807984.310494991,170.8760032904304,92.14724154402548,170.8760032904304,5.225804391049189,3.3972065394639013,,1807984.310494991,1.0,1415079.0,1415079.0,133.7417821916928,80.14686163261088,133.74178219169278,4.090149460343993,2.6589365874208766,,1415079.0,-0.27765609587520634,-0.27765609587520634,,,,,,,2020-02-29,2019-11-01,3
ablation_20260811T165312Z_69334f2b,one_step_202004,one_step_ex_ante_snapshot_vintage_sensitivity,ridge_recursive_b2,2008-01,2020-03,2020-04,2020-04,0.03305960004217923,pre-specified first grid configuration; no tuning; parameters={'model__alpha': 0.1},0.0,,,,,,,,,,0.0,,,,,,,,,,0.0,,,,,,,,,,,,,,,,,,2020-03-31,2019-12-01,3
ablation_20260811T165312Z_69334f2b,one_step_202005,one_step_ex_ante_snapshot_vintage_sensitivity,ridge_recursive_b2,2008-01,2020-04,2020-05,2020-05,0.032462399918586016,pre-specified first grid configuration; no tuning; parameters={'model__alpha': 0.1},0.0,,,,,,,,,,0.0,,,,,,,,,,0.0,,,,,,,,,,,,,,,,,,2020-04-30,2020-01-01,3
ablation_20260811T165312Z_69334f2b,one_step_202006,one_step_ex_ante_snapshot_vintage_sensitivity,ridge_recursive_b2,2008-01,2020-05,2020-06,2020-06,0.03206279990263283,pre-specified first grid configuration; no tuning; parameters={'model__alpha': 0.1},0.0,,,,,,,,,,0.0,,,,,,,,,,0.0,,,,,,,,,,,,,,,,,,2020-05-31,2020-02-01,3
ablation_20260811T165312Z_69334f2b,one_step_202007,one_step_ex_ante_snapshot_vintage_sensitivity,ridge_recursive_b2,2008-01,2020-06,2020-07,2020-07,0.03118789999280125,pre-specified first grid configuration; no tuning; parameters={'model__alpha': 0.1},1.0,3886632.8572539864,3886632.8572539864,500.18246831307744,142.8720343478887,500.1824683130775,11.077699489722313,7.207479094357392,,3886632.8572539864,1.0,3886632.8572539864,3886632.8572539864,500.18246831307744,142.8720343478887,500.1824683130775,11.077699489722313,7.207479094357392,,3886632.8572539864,1.0,5926002.0,5926002.0,762.6350150506472,158.44738724998956,762.6350150506471,16.89031913806092,10.989341442015435,,5926002.0,0.3441391249523732,0.3441391249523732,,,,,,,2020-06-30,2020-03-01,3
ablation_20260811T165312Z_69334f2b,one_step_202008,one_step_ex_ante_snapshot_vintage_sensitivity,ridge_recursive_b2,2008-01,2020-07,2020-08,2020-08,0.03259130008518696,pre-specified first grid configuration; no tuning; parameters={'model__alpha': 0.1},1.0,3470665.382808679,3470665.382808679,158.26706541144415,88.35144543899715,158.26706541144415,9.892107011954934,6.436097544797956,,3470665.382808679,1.0,3470665.382808679,3470665.382808679,158.26706541144415,88.35144543899715,158.26706541144415,9.892107011954934,6.436097544797956,,3470665.382808679,1.0,5974233.0,5974233.0,272.43315638485177,115.33193752511445,272.43315638485177,17.027787364083764,11.078782337764348,,5974233.0,0.4190609266815206,0.4190609266815206,,,,,,,2020-07-31,2020-04-01,3
ablation_20260811T165312Z_69334f2b,one_step_202009,one_step_ex_ante_snapshot_vintage_sensitivity,ridge_recursive_b2,2008-01,2020-08,2020-09,2020-09,0.032294899923726916,pre-specified first grid configuration; no tuning; parameters={'model__alpha': 0.1},1.0,1916824.3363172598,1916824.3363172598,72.76698711816171,53.35468774059472,72.76698711816171,5.463341857123966,3.554611881021133,,1916824.3363172598,1.0,1916824.3363172598,1916824.3363172598,72.76698711816171,53.35468774059472,72.76698711816171,5.463341857123966,3.554611881021133,,1916824.3363172598,1.0,4107574.0,4107574.0,155.932799204311,87.61923573938637,155.93279920431098,11.707426987571292,7.617198439073276,,4107574.0,0.5333439309146324,0.5333439309146324,,,,,,,2020-08-31,2020-05-01,3
ablation_20260811T165312Z_69334f2b,one_step_202010,one_step_ex_ante_snapshot_vintage_sensitivity,ridge_recursive_b2,2008-01,2020-09,2020-10,2020-10,0.03297049994580448,pre-specified first grid configuration; no tuning; parameters={'model__alpha': 0.1},1.0,1512082.6516730636,1512082.6516730636,64.20395069104912,48.601809717922784,64.20395069104912,4.309745178939099,2.8040477454755144,,1512082.6516730636,1.0,1512082.6516730636,1512082.6516730636,64.20395069104912,48.601809717922784,64.20395069104912,4.309745178939099,2.8040477454755144,,1512082.6516730636,1.0,3082370.0,3082370.0,130.8793082657219,79.10999871930075,130.8793082657219,8.785385661629011,5.716031884671169,,3082370.0,0.5094415493035996,0.5094415493035996,,,,,,,2020-09-30,2020-06-01,3
ablation_20260811T165312Z_69334f2b,one_step_202011,one_step_ex_ante_snapshot_vintage_sensitivity,ridge_recursive_b2,2008-01,2020-10,2020-11,2020-11,0.032474500010721385,pre-specified first grid configuration; no tuning; parameters={'model__alpha': 0.1},1.0,76391.40709771914,76391.40709771914,6.0495730451479695,6.2382673141072225,6.0495730451479695,0.19495275874415247,0.10330057756224692,,-76391.40709771914,1.0,76391.40709771914,76391.40709771914,6.0495730451479695,6.2382673141072225,6.0495730451479695,0.19495275874415247,0.10330057756224692,,-76391.40709771914,1.0,1742760.0,1742760.0,138.01230165423752,81.66111172806619,138.01230165423752,4.447566588141867,2.3566539927991017,,1742760.0,0.9561664215969387,0.9561664215969387,,,,,,,2020-10-31,2020-07-01,3
ablation_20260811T165312Z_69334f2b,one_step_202012,one_step_ex_ante_snapshot_vintage_sensitivity,ridge_recursive_b2,2008-01,2020-11,2020-12,2020-12,0.03231839998625219,pre-specified first grid configuration; no tuning; parameters={'model__alpha': 0.1},1.0,317893.486709805,317893.486709805,32.94861265876654,39.44727808990043,32.94861265876654,0.7348556780689569,0.3546630557249279,,-317893.486709805,1.0,317893.486709805,317893.486709805,32.94861265876654,39.44727808990043,32.94861265876654,0.7348556780689569,0.3546630557249279,,-317893.486709805,1.0,1433513.0,1433513.0,148.57890001824182,85.24836128088441,148.57890001824182,3.3137676979122994,1.5993221700245903,,1433513.0,0.7782416436336433,0.7782416436336433,,,,,,,2020-11-30,2020-08-01,3
ablation_20260811T165312Z_69334f2b,one_step_202101,one_step_ex_ante_snapshot_vintage_sensitivity,ridge_recursive_b2,2008-01,2020-12,2021-01,2021-01,0.035448500071652234,pre-specified first grid configuration; no tuning; parameters={'model__alpha': 0.1},1.0,385420.5605975194,385420.5605975194,46.440016844454654,37.68869799563937,46.44001684445466,0.8392877496605553,0.40186377699964776,,385420.5605975194,1.0,385420.5605975194,385420.5605975194,46.440016844454654,37.68869799563937,46.44001684445466,0.8392877496605553,0.40186377699964776,,385420.5605975194,1.0,1699491.0,1699491.0,204.77472853197614,101.17960144134811,204.7747285319761,3.70079368559651,1.7719964684242744,,1699491.0,0.7732141208176334,0.7732141208176334,,,,,,,2020-12-31,2020-09-01,3
ablation_20260811T165312Z_69334f2b,one_step_202102,one_step_ex_ante_snapshot_vintage_sensitivity,ridge_recursive_b2,2008-01,2021-01,2021-02,2021-02,0.03192009998019785,pre-specified first grid configuration; no tuning; parameters={'model__alpha': 0.1},1.0,391939.2677691649,391939.2677691649,53.90252415250794,42.45922669136688,53.902524152507944,0.8197937961106927,0.39560079213668686,,391939.2677691649,1.0,391939.2677691649,391939.2677691649,53.90252415250794,42.45922669136688,53.902524152507944,0.8197937961106927,0.39560079213668686,,391939.2677691649,1.0,1324797.0,1324797.0,182.19634561272738,95.34175180070592,182.19634561272736,2.7709914545885703,1.3371733472977068,,1324797.0,0.7041514528118913,0.7041514528118913,,,,,,,2021-01-31,2020-10-01,3
ablation_20260811T165312Z_69334f2b,one_step_202103,one_step_ex_ante_snapshot_vintage_sensitivity,ridge_recursive_b2,2008-01,2021-02,2021-03,2021-03,0.03609919990412891,pre-specified first grid configuration; no tuning; parameters={'model__alpha': 0.1},1.0,341137.0027389792,341137.0027389792,32.69440352257923,39.08345472112357,32.69440352257923,0.700302215555476,0.3417771379823809,,-341137.0027389792,1.0,341137.0027389792,341137.0027389792,32.69440352257923,39.08345472112357,32.69440352257923,0.700302215555476,0.3417771379823809,,-341137.0027389792,1.0,14657.0,14657.0,1.4047197125581385,1.3949223380295497,1.4047197125581385,0.030088584618451254,0.014684503502074555,,14657.0,-22.274681226647964,-22.274681226647964,,,,,,,2021-02-28,2020-11-01,3
ablation_20260811T165312Z_69334f2b,one_step_202104,one_step_ex_ante_snapshot_vintage_sensitivity,ridge_recursive_b2,2008-01,2021-03,2021-04,2021-04,0.032996100024320185,pre-specified first grid configuration; no tuning; parameters={'model__alpha': 0.1},1.0,416867.41066697007,416867.41066697007,35.34086471647697,30.033768048785998,35.34086471647697,0.8441341954154175,0.4160846366421695,,416867.41066697007,1.0,416867.41066697007,416867.41066697007,35.34086471647697,30.033768048785998,35.34086471647697,0.8441341954154175,0.4160846366421695,,416867.41066697007,1.0,2086694.0,2086694.0,176.90413899396555,93.87221879078271,176.90413899396555,4.225443667927734,2.0827757041123607,,2086694.0,0.8002259024720586,0.8002259024720586,,,,,,,2021-03-31,2020-12-01,3
ablation_20260811T165312Z_69334f2b,one_step_202105,one_step_ex_ante_snapshot_vintage_sensitivity,ridge_recursive_b2,2008-01,2021-04,2021-05,2021-05,0.03322009998373687,pre-specified first grid configuration; no tuning; parameters={'model__alpha': 0.1},1.0,1509954.1251111636,1509954.1251111636,147.23230210169905,84.803344165012,147.23230210169902,3.005896496554774,1.4972534431546407,,1509954.1251111636,1.0,1509954.1251111636,1509954.1251111636,147.23230210169905,84.803344165012,147.23230210169902,3.005896496554774,1.4972534431546407,,1509954.1251111636,1.0,3194278.0,3194278.0,311.4670145744906,121.79358812947584,311.4670145744906,6.358914413055503,3.167409959253576,,3194278.0,0.5272940786271065,0.5272940786271065,,,,,,,2021-04-30,2021-01-01,3
ablation_20260811T165312Z_69334f2b,one_step_202106,one_step_ex_ante_snapshot_vintage_sensitivity,ridge_recursive_b2,2008-01,2021-05,2021-06,2021-06,0.03285499999765307,pre-specified first grid configuration; no tuning; parameters={'model__alpha': 0.1},1.0,923418.6840367289,923418.6840367289,49.61711578740882,39.75457823145924,49.61711578740882,1.817459145044667,0.9133369937308564,,923418.6840367289,1.0,923418.6840367289,923418.6840367289,49.61711578740882,39.75457823145924,49.61711578740882,1.817459145044667,0.9133369937308564,,923418.6840367289,1.0,3415164.0,3415164.0,183.5035293852148,95.69848271247196,183.5035293852148,6.721675823683513,3.3778779602143945,,3415164.0,0.7296121989934513,0.7296121989934513,,,,,,,2021-05-31,2021-02-01,3
ablation_20260811T165312Z_69334f2b,one_step_202107,one_step_ex_ante_snapshot_vintage_sensitivity,ridge_recursive_b2,2008-01,2021-06,2021-07,2021-07,0.034464299911633134,pre-specified first grid configuration; no tuning; parameters={'model__alpha': 0.1},1.0,638545.793444803,638545.793444803,17.09383813188598,15.74787960725201,17.09383813188598,1.2653098823785667,0.6337782739844626,,638545.793444803,1.0,638545.793444803,638545.793444803,17.09383813188598,15.74787960725201,17.09383813188598,1.2653098823785667,0.6337782739844626,,638545.793444803,1.0,2958489.0,2958489.0,79.19859875380536,131.12198689218462,79.19859875380534,5.862391400957322,2.9364002883907485,,-2958489.0,0.7841648917928027,0.7841648917928027,,,,,,,2021-06-30,2021-03-01,3
ablation_20260811T165312Z_69334f2b,one_step_202108,one_step_ex_ante_snapshot_vintage_sensitivity,ridge_recursive_b2,2008-01,2021-07,2021-08,2021-08,0.036063099978491664,pre-specified first grid configuration; no tuning; parameters={'model__alpha': 0.1},1.0,66934.84069701098,66934.84069701098,1.2172057990490184,1.2246591099011679,1.2172057990490184,0.13263467754201735,0.06643509086094011,,-66934.84069701098,1.0,66934.84069701098,66934.84069701098,1.2172057990490184,1.2246591099011679,1.2172057990490184,0.13263467754201735,0.06643509086094011,,-66934.84069701098,1.0,3306140.0,3306140.0,60.12194454431005,85.96336909095116,60.121944544310054,6.551278948936785,3.2814556516722524,,-3306140.0,0.9797543840560258,0.9797543840560258,,,,,,,2021-07-31,2021-04-01,3
ablation_20260811T165312Z_69334f2b,one_step_202109,one_step_ex_ante_snapshot_vintage_sensitivity,ridge_recursive_b2,2008-01,2021-08,2021-09,2021-09,0.031561699928715825,pre-specified first grid configuration; no tuning; parameters={'model__alpha': 0.1},1.0,164328.18731065094,164328.18731065094,3.7295753918083463,3.8004456343879403,3.7295753918083463,0.3256243819817698,0.16310127791914197,,-164328.18731065094,1.0,164328.18731065094,164328.18731065094,3.7295753918083463,3.8004456343879403,3.7295753918083463,0.3256243819817698,0.16310127791914197,,-164328.18731065094,1.0,1771888.0,1771888.0,40.21458515420613,50.335739583010785,40.21458515420613,3.511083182888112,1.7586587052363916,,-1771888.0,0.9072581408584228,0.9072581408584228,,,,,,,2021-08-31,2021-05-01,3
ablation_20260811T165312Z_69334f2b,one_step_202110,one_step_ex_ante_snapshot_vintage_sensitivity,ridge_recursive_b2,2008-01,2021-09,2021-10,2021-10,0.03501640004105866,pre-specified first grid configuration; no tuning; parameters={'model__alpha': 0.1},1.0,2795488.8838539612,2795488.8838539612,63.43585870219455,92.90265819320747,63.435858702194544,5.539398657279863,2.774617165972868,,-2795488.8838539612,1.0,2795488.8838539612,2795488.8838539612,63.43585870219455,92.90265819320747,63.435858702194544,5.539398657279863,2.774617165972868,,-2795488.8838539612,1.0,2051672.0,2051672.0,46.55699968866269,60.683119587336144,46.55699968866269,4.06548893383917,2.036353778054684,,-2051672.0,-0.36254181168040556,-0.36254181168040556,,,,,,,2021-09-30,2021-06-01,3
ablation_20260811T165312Z_69334f2b,one_step_202111,one_step_ex_ante_snapshot_vintage_sensitivity,ridge_recursive_b2,2008-01,2021-10,2021-11,2021-11,0.05055970000103116,pre-specified first grid configuration; no tuning; parameters={'model__alpha': 0.1},1.0,9455690.874188824,9455690.874188824,383.3364363216995,131.42893618607988,383.3364363216995,18.128983817580902,9.147730478955596,,9455690.874188824,1.0,9455690.874188824,9455690.874188824,383.3364363216995,131.42893618607988,383.3364363216995,18.128983817580902,9.147730478955596,,9455690.874188824,1.0,1203925.0,1203925.0,48.80746687250323,64.56332976621952,48.80746687250323,2.3082329078840016,1.1647146214285908,,-1203925.0,-6.854053096487592,-6.854053096487592,,,,,,,2021-10-31,2021-07-01,3
ablation_20260811T165312Z_69334f2b,one_step_202112,one_step_ex_ante_snapshot_vintage_sensitivity,ridge_recursive_b2,2008-01,2021-11,2021-12,2021-12,0.03962569998111576,pre-specified first grid configuration; no tuning; parameters={'model__alpha': 0.1},1.0,637102.9603044698,637102.9603044698,29.270100545359018,34.28819514198263,29.270100545359018,1.1783997004480367,0.5977479357331555,,-637102.9603044698,1.0,637102.9603044698,637102.9603044698,29.270100545359018,34.28819514198263,29.270100545359018,1.1783997004480367,0.5977479357331555,,-637102.9603044698,1.0,1211818.0,1211818.0,55.67394426440091,77.15023317257955,55.6739442644009,2.2414053256244464,1.1369617677464732,,-1211818.0,0.47425854352347485,0.47425854352347485,,,,,,,2021-11-30,2021-08-01,3
ablation_20260811T165312Z_69334f2b,one_step_202201,one_step_ex_ante_snapshot_vintage_sensitivity,ridge_recursive_b2,2008-01,2021-12,2022-01,2022-01,0.033256700029596686,pre-specified first grid configuration; no tuning; parameters={'model__alpha': 0.1},1.0,2158066.0,2158066.0,100.0,200.0,100.0,3.9307119492536278,2.012720080759727,,-2158066.0,1.0,2158066.0,2158066.0,100.0,200.0,100.0,3.9307119492536278,2.012720080759727,,-2158066.0,1.0,1328134.0,1328134.0,61.54278877476407,88.89791760235448,61.54278877476407,2.419069752273572,1.2386840679292197,,-1328134.0,-0.624885741950737,-0.624885741950737,,,,,,,2021-12-31,2021-09-01,3
ablation_20260811T165312Z_69334f2b,one_step_202202,one_step_ex_ante_snapshot_vintage_sensitivity,ridge_recursive_b2,2008-01,2022-01,2022-02,2022-02,0.031721799983642995,pre-specified first grid configuration; no tuning; parameters={'model__alpha': 0.1},1.0,1043585.5421054373,1043585.5421054373,56.36755558813722,78.48861142612672,56.36755558813722,1.866279187498193,0.9646649431745339,,-1043585.5421054373,1.0,1043585.5421054373,1043585.5421054373,56.36755558813722,78.48861142612672,56.36755558813722,1.866279187498193,0.9646649431745339,,-1043585.5421054373,1.0,1124268.0,1124268.0,60.72548576910155,87.20258132572174,60.72548576910155,2.0105663454642126,1.0392458333074257,,-1124268.0,0.0717644350764789,0.0717644350764789,,,,,,,2022-01-31,2021-10-01,3
ablation_20260811T165312Z_69334f2b,one_step_202203,one_step_ex_ante_snapshot_vintage_sensitivity,ridge_recursive_b2,2008-01,2022-02,2022-03,2022-03,0.0344221000559628,pre-specified first grid configuration; no tuning; parameters={'model__alpha': 0.1},1.0,2442196.0,2442196.0,100.0,200.0,100.0,4.333923814991327,2.2557016418151377,,-2442196.0,1.0,2442196.0,2442196.0,100.0,200.0,100.0,4.333923814991327,2.2557016418151377,,-2442196.0,1.0,1398785.0,1398785.0,57.27570596299396,80.26062605451504,57.27570596299396,2.482285460934603,1.2919690397684656,,-1398785.0,-0.745940941602891,-0.745940941602891,,,,,,,2022-02-28,2021-11-01,3
ablation_20260811T165312Z_69334f2b,one_step_202204,one_step_ex_ante_snapshot_vintage_sensitivity,ridge_recursive_b2,2008-01,2022-03,2022-04,2022-04,0.032965000020340085,pre-specified first grid configuration; no tuning; parameters={'model__alpha': 0.1},1.0,838483.8770439797,838483.8770439797,28.701047327481643,25.09918311513811,28.701047327481646,1.4766486152995921,0.7738026597656886,,838483.8770439797,1.0,838483.8770439797,838483.8770439797,28.701047327481643,25.09918311513811,28.701047327481646,1.4766486152995921,0.7738026597656886,,838483.8770439797,1.0,1741878.0,1741878.0,59.623952571334684,84.9488978547194,59.623952571334684,3.067610251241492,1.6075083448702263,,-1741878.0,0.5186322595245019,0.5186322595245019,,,,,,,2022-03-31,2021-12-01,3
ablation_20260811T165312Z_69334f2b,one_step_202205,one_step_ex_ante_snapshot_vintage_sensitivity,ridge_recursive_b2,2008-01,2022-04,2022-05,2022-05,0.0321690000128001,pre-specified first grid configuration; no tuning; parameters={'model__alpha': 0.1},1.0,894650.901380349,894650.901380349,21.93618618413601,19.768012203233944,21.93618618413601,1.5617157397882344,0.82426711929133,,894650.901380349,1.0,894650.901380349,894650.901380349,21.93618618413601,19.768012203233944,21.93618618413601,1.5617157397882344,0.82426711929133,,894650.901380349,1.0,3052866.0,3052866.0,74.85404292098052,119.6267856639049,74.85404292098053,5.329127681320493,2.812691586763004,,-3052866.0,0.7069472091535138,0.7069472091535138,,,,,,,2022-04-30,2022-01-01,3
ablation_20260811T165312Z_69334f2b,one_step_202206,one_step_ex_ante_snapshot_vintage_sensitivity,ridge_recursive_b2,2008-01,2022-05,2022-06,2022-06,0.03525499999523163,pre-specified first grid configuration; no tuning; parameters={'model__alpha': 0.1},1.0,678576.2356228596,678576.2356228596,13.738405119443067,12.855345403897495,13.738405119443067,1.1770787914849454,0.6250415175329109,,678576.2356228596,1.0,678576.2356228596,678576.2356228596,13.738405119443067,12.855345403897495,13.738405119443067,1.1770787914849454,0.6250415175329109,,678576.2356228596,1.0,3078176.0,3078176.0,62.320527446897465,90.52987535648879,62.320527446897465,5.339496869842792,2.8353303538656536,,-3078176.0,0.7795524896487857,0.7795524896487857,,,,,,,2022-05-31,2022-02-01,3
ablation_20260811T165312Z_69334f2b,one_step_202207,one_step_ex_ante_snapshot_vintage_sensitivity,ridge_recursive_b2,2008-01,2022-06,2022-07,2022-07,0.03872449998743832,pre-specified first grid configuration; no tuning; parameters={'model__alpha': 0.1},1.0,122415.55648844689,122415.55648844689,1.9250383502323651,1.9437472906203876,1.9250383502323651,0.21038436166788257,0.11251542230128493,,-122415.55648844689,1.0,122415.55648844689,122415.55648844689,1.9250383502323651,1.9437472906203876,1.9250383502323651,0.21038436166788257,0.11251542230128493,,-122415.55648844689,1.0,2623591.0,2623591.0,41.25711988901614,51.97980515431186,41.257119889016145,4.508924630544761,2.411412877404268,,-2623591.0,0.9533404572250602,0.9533404572250602,,,,,,,2022-06-30,2022-03-01,3
ablation_20260811T165312Z_69334f2b,one_step_202208,one_step_ex_ante_snapshot_vintage_sensitivity,ridge_recursive_b2,2008-01,2022-07,2022-08,2022-08,0.03290170000400394,pre-specified first grid configuration; no tuning; parameters={'model__alpha': 0.1},1.0,568717.2569379406,568717.2569379406,7.1157060642936605,7.378212003788676,7.11570606429366,0.9649108158822779,0.5200902885246077,,-568717.2569379406,1.0,568717.2569379406,568717.2569379406,7.1157060642936605,7.378212003788676,7.11570606429366,0.9649108158822779,0.5200902885246077,,-568717.2569379406,1.0,2493365.0,2493365.0,31.19661349213042,36.962070652150146,31.19661349213042,4.230353180059821,2.2801750895149375,,-2493365.0,0.7719077403677598,0.7719077403677598,,,,,,,2022-07-31,2022-04-01,3
ablation_20260811T165312Z_69334f2b,one_step_202209,one_step_ex_ante_snapshot_vintage_sensitivity,ridge_recursive_b2,2008-01,2022-08,2022-09,2022-09,0.033402099972590804,pre-specified first grid configuration; no tuning; parameters={'model__alpha': 0.1},1.0,919705.1753555182,919705.1753555182,13.833102687994497,12.938223796133641,13.833102687994495,1.5194402022567588,0.8232185259456853,,919705.1753555182,1.0,919705.1753555182,919705.1753555182,13.833102687994497,12.938223796133641,13.833102687994495,1.5194402022567588,0.8232185259456853,,919705.1753555182,1.0,2242499.0,2242499.0,33.72898160840913,40.571089218895374,33.72898160840913,3.7048210942201645,2.007237504672151,,-2242499.0,0.5898748782695028,0.5898748782695028,,,,,,,2022-08-31,2022-05-01,3
ablation_20260811T165312Z_69334f2b,one_step_202210,one_step_ex_ante_snapshot_vintage_sensitivity,ridge_recursive_b2,2008-01,2022-09,2022-10,2022-10,0.03235700004734099,pre-specified first grid configuration; no tuning; parameters={'model__alpha': 0.1},1.0,971623.9365766365,971623.9365766365,16.413082177525112,17.880448533262328,16.413082177525112,1.5642492511382617,0.8518797019322841,,-971623.9365766365,1.0,971623.9365766365,971623.9365766365,16.413082177525112,17.880448533262328,16.413082177525112,1.5642492511382617,0.8518797019322841,,-971623.9365766365,1.0,1513018.0,1513018.0,25.558539508166977,29.303285395691326,25.55853950816698,2.435857315122902,1.3265516362219822,,-1513018.0,0.35782394090709,0.35782394090709,,,,,,,2022-09-30,2022-06-01,3
ablation_20260811T165312Z_69334f2b,one_step_202211,one_step_ex_ante_snapshot_vintage_sensitivity,ridge_recursive_b2,2008-01,2022-10,2022-11,2022-11,0.053590400028042495,pre-specified first grid configuration; no tuning; parameters={'model__alpha': 0.1},1.0,1053727.783476323,1053727.783476323,30.648683307024783,36.19538826803359,30.64868330702478,1.6622976548138926,0.9114923225672319,,-1053727.783476323,1.0,1053727.783476323,1053727.783476323,30.648683307024783,36.19538826803359,30.64868330702478,1.6622976548138926,0.9114923225672319,,-1053727.783476323,1.0,971403.0,971403.0,28.2541880145488,32.90233128589155,28.254188014548795,1.5324270215709495,0.8402799949885464,,-971403.0,-0.08474833151258832,-0.08474833151258832,,,,,,,2022-10-31,2022-07-01,3
ablation_20260811T165312Z_69334f2b,one_step_202212,one_step_ex_ante_snapshot_vintage_sensitivity,ridge_recursive_b2,2008-01,2022-11,2022-12,2022-12,0.03860999993048608,pre-specified first grid configuration; no tuning; parameters={'model__alpha': 0.1},1.0,1462331.9329234716,1462331.9329234716,55.80968001533737,77.41113276019331,55.80968001533737,2.2648386690001883,1.2505723457268896,,-1462331.9329234716,1.0,1462331.9329234716,1462331.9329234716,55.80968001533737,77.41113276019331,55.80968001533737,2.2648386690001883,1.2505723457268896,,-1462331.9329234716,1.0,443578.0,443578.0,16.929088180651032,18.494569139805613,16.929088180651032,0.6870072276335507,0.379343682158292,,-443578.0,-2.2966737144841978,-2.2966737144841978,,,,,,,2022-11-30,2022-08-01,3
ablation_20260811T165312Z_69334f2b,one_step_202301,one_step_ex_ante_snapshot_vintage_sensitivity,ridge_recursive_b2,2008-01,2022-12,2023-01,2023-01,0.034279200015589595,pre-specified first grid configuration; no tuning; parameters={'model__alpha': 0.1},1.0,2693209.032859733,2693209.032859733,87.50850592235946,155.58244050338942,87.50850592235948,4.10731656074838,2.2840534455147545,,-2693209.032859733,1.0,2693209.032859733,2693209.032859733,87.50850592235946,155.58244050338942,87.50850592235948,4.10731656074838,2.2840534455147545,,-2693209.032859733,1.0,919588.0,919588.0,29.879512121895445,35.12747052936368,29.879512121895445,1.402430697128215,0.7798830741421378,,-919588.0,-1.9287126766114095,-1.9287126766114095,,,,,,,2022-12-31,2022-09-01,3
ablation_20260811T165312Z_69334f2b,one_step_202302,one_step_ex_ante_snapshot_vintage_sensitivity,ridge_recursive_b2,2008-01,2023-01,2023-02,2023-02,0.042189600062556565,pre-specified first grid configuration; no tuning; parameters={'model__alpha': 0.1},1.0,1036574.644828333,1036574.644828333,44.7780479744342,57.6955094174554,44.77804797443421,1.5680295888163418,0.8773262912870465,,-1036574.644828333,1.0,1036574.644828333,1036574.644828333,44.7780479744342,57.6955094174554,44.77804797443421,1.5680295888163418,0.8773262912870465,,-1036574.644828333,1.0,463523.0,463523.0,20.023309691016998,22.251003345645586,20.023309691017,0.7011726388670112,0.3923122338995594,,-463523.0,-1.2362960302473298,-1.2362960302473298,,,,,,,2023-01-31,2022-10-01,3
ablation_20260811T165312Z_69334f2b,one_step_202303,one_step_ex_ante_snapshot_vintage_sensitivity,ridge_recursive_b2,2008-01,2023-02,2023-03,2023-03,0.07381550001446158,pre-specified first grid configuration; no tuning; parameters={'model__alpha': 0.1},1.0,1117454.2673227203,1117454.2673227203,40.06655685373119,50.104038361867694,40.06655685373119,1.6854619628310339,0.9467336408940993,,-1117454.2673227203,1.0,1117454.2673227203,1117454.2673227203,40.06655685373119,50.104038361867694,40.06655685373119,1.6854619628310339,0.9467336408940993,,-1117454.2673227203,1.0,346799.0,346799.0,12.434550796971669,13.258892668992587,12.434550796971669,0.5230786980198014,0.2938163015074086,,-346799.0,-2.2221957598572093,-2.2221957598572093,,,,,,,2023-02-28,2022-11-01,3
ablation_20260811T165312Z_69334f2b,one_step_202304,one_step_ex_ante_snapshot_vintage_sensitivity,ridge_recursive_b2,2008-01,2023-03,2023-04,2023-04,0.039301899960264564,pre-specified first grid configuration; no tuning; parameters={'model__alpha': 0.1},1.0,939727.1644463423,939727.1644463423,26.53643746684008,30.595978866474944,26.536437466840077,1.4202967860318676,0.7982777017349246,,-939727.1644463423,1.0,939727.1644463423,939727.1644463423,26.53643746684008,30.595978866474944,26.536437466840077,1.4202967860318676,0.7982777017349246,,-939727.1644463423,1.0,619831.0,619831.0,17.503065989583966,19.18176443291368,17.503065989583966,0.9368080550290249,0.5265328968494585,,-619831.0,-0.5161022350388127,-0.5161022350388127,,,,,,,2023-03-31,2022-12-01,3
ablation_20260811T165312Z_69334f2b,one_step_202305,one_step_ex_ante_snapshot_vintage_sensitivity,ridge_recursive_b2,2008-01,2023-04,2023-05,2023-05,0.035280499956570566,pre-specified first grid configuration; no tuning; parameters={'model__alpha': 0.1},1.0,422144.7566078501,422144.7566078501,9.2081715353887,9.652584819267204,9.208171535388699,0.6365041359884197,0.35903227540518623,,-422144.7566078501,1.0,422144.7566078501,422144.7566078501,9.2081715353887,9.652584819267204,9.208171535388699,0.6365041359884197,0.35903227540518623,,-422144.7566078501,1.0,506033.0,506033.0,11.038011472675722,11.682785049734598,11.038011472675723,0.7629896911069166,0.43037886074914733,,-506033.0,0.1657762307836641,0.1657762307836641,,,,,,,2023-04-30,2023-01-01,3
ablation_20260811T165312Z_69334f2b,one_step_202306,one_step_ex_ante_snapshot_vintage_sensitivity,ridge_recursive_b2,2008-01,2023-05,2023-06,2023-06,0.03560169995762408,pre-specified first grid configuration; no tuning; parameters={'model__alpha': 0.1},1.0,751773.4836373944,751773.4836373944,12.807554570955542,13.683837017675227,12.807554570955542,1.1355988333700675,0.6410328361259121,,-751773.4836373944,1.0,751773.4836373944,751773.4836373944,12.807554570955542,13.683837017675227,12.807554570955542,1.1355988333700675,0.6410328361259121,,-751773.4836373944,1.0,930501.0,930501.0,15.852437729204198,17.217102994708778,15.852437729204196,1.4055774419404121,0.7934327400881042,,-930501.0,0.19207665157007425,0.19207665157007425,,,,,,,2023-05-31,2023-02-01,3
ablation_20260811T165312Z_69334f2b,one_step_202307,one_step_ex_ante_snapshot_vintage_sensitivity,ridge_recursive_b2,2008-01,2023-06,2023-07,2023-07,0.03840289998333901,pre-specified first grid configuration; no tuning; parameters={'model__alpha': 0.1},1.0,1156937.0790414512,1156937.0790414512,16.70342600617196,18.22557360699431,16.70342600617196,1.7526803869924517,0.9892528427566926,,-1156937.0790414512,1.0,1156937.0790414512,1156937.0790414512,16.70342600617196,18.22557360699431,16.70342600617196,1.7526803869924517,0.9892528427566926,,-1156937.0790414512,1.0,567223.0,567223.0,8.189354098105985,8.538998510327335,8.189354098105985,0.8593039718069233,0.4850107887387324,,-567223.0,-1.0396512113250895,-1.0396512113250895,,,,,,,2023-06-30,2023-03-01,3
ablation_20260811T165312Z_69334f2b,one_step_202308,one_step_ex_ante_snapshot_vintage_sensitivity,ridge_recursive_b2,2008-01,2023-07,2023-08,2023-08,0.03458909993059933,pre-specified first grid configuration; no tuning; parameters={'model__alpha': 0.1},1.0,908128.7600064576,908128.7600064576,10.698939423682933,11.30362333006543,10.698939423682933,1.3762585563451764,0.7781937072430956,,-908128.7600064576,1.0,908128.7600064576,908128.7600064576,10.698939423682933,11.30362333006543,10.698939423682933,1.3762585563451764,0.7781937072430956,,-908128.7600064576,1.0,495604.0,495604.0,5.838860531294319,6.014448150924053,5.83886053129432,0.7510820883528065,0.4246929852565892,,-495604.0,-0.832367696803209,-0.832367696803209,,,,,,,2023-07-31,2023-04-01,3
ablation_20260811T165312Z_69334f2b,one_step_202309,one_step_ex_ante_snapshot_vintage_sensitivity,ridge_recursive_b2,2008-01,2023-08,2023-09,2023-09,0.03520330006722361,pre-specified first grid configuration; no tuning; parameters={'model__alpha': 0.1},1.0,351079.1935386909,351079.1935386909,5.005505434719777,5.133996676038498,5.005505434719778,0.5328001558624066,0.3015808329219283,,-351079.1935386909,1.0,351079.1935386909,351079.1935386909,5.005505434719777,5.133996676038498,5.005505434719778,0.5328001558624066,0.3015808329219283,,-351079.1935386909,1.0,365279.0,365279.0,5.207958925904006,5.3471988867583935,5.207958925904006,0.5543498780762003,0.3137786205970325,,-365279.0,0.0388738648028194,0.0388738648028194,,,,,,,2023-08-31,2023-05-01,3
ablation_20260811T165312Z_69334f2b,one_step_202310,one_step_ex_ante_snapshot_vintage_sensitivity,ridge_recursive_b2,2008-01,2023-09,2023-10,2023-10,0.032953400048427284,pre-specified first grid configuration; no tuning; parameters={'model__alpha': 0.1},1.0,30387.002517546527,30387.002517546527,0.49398539092090016,0.4952085197920845,0.4939853909209002,0.04600266737969655,0.026130862781369373,,-30387.002517546527,1.0,30387.002517546527,30387.002517546527,0.49398539092090016,0.4952085197920845,0.4939853909209002,0.04600266737969655,0.026130862781369373,,-30387.002517546527,1.0,231583.0,231583.0,3.7647220623217783,3.836947262374918,3.7647220623217783,0.35059185958340566,0.1991464473010635,,-231583.0,0.8687856944700323,0.8687856944700323,,,,,,,2023-09-30,2023-06-01,3
ablation_20260811T165312Z_69334f2b,one_step_202311,one_step_ex_ante_snapshot_vintage_sensitivity,ridge_recursive_b2,2008-01,2023-10,2023-11,2023-11,0.03573450003750622,pre-specified first grid configuration; no tuning; parameters={'model__alpha': 0.1},1.0,550457.7056144215,550457.7056144215,15.635928574658461,14.502155255862123,15.635928574658463,0.8340312682751532,0.4744290178888548,,550457.7056144215,1.0,550457.7056144215,550457.7056144215,15.635928574658461,14.502155255862123,15.635928574658463,0.8340312682751532,0.4744290178888548,,550457.7056144215,1.0,82382.0,82382.0,2.340087266831361,2.3677914600623806,2.3400872668313606,0.12482187685310069,0.07100347756617117,,-82382.0,-5.681771571634841,-5.681771571634841,,,,,,,2023-10-31,2023-07-01,3
ablation_20260811T165312Z_69334f2b,one_step_202312,one_step_ex_ante_snapshot_vintage_sensitivity,ridge_recursive_b2,2008-01,2023-11,2023-12,2023-12,0.03308279998600483,pre-specified first grid configuration; no tuning; parameters={'model__alpha': 0.1},1.0,939942.7302850098,939942.7302850098,33.56601463513875,28.742207797288785,33.56601463513876,1.4262529556470935,0.8120737583826947,,939942.7302850098,1.0,939942.7302850098,939942.7302850098,33.56601463513875,28.742207797288785,33.56601463513876,1.4262529556470935,0.8120737583826947,,939942.7302850098,1.0,180069.0,180069.0,6.430390378679854,6.644008211061244,6.430390378679854,0.27323360795879786,0.15557257361187712,,-180069.0,-4.219903094286134,-4.219903094286134,,,,,,,2023-11-30,2023-08-01,3
ablation_20260811T165312Z_69334f2b,one_step_202401,one_step_ex_ante_snapshot_vintage_sensitivity,ridge_recursive_b2,2008-01,2023-12,2024-01,2024-01,0.03737649996764958,pre-specified first grid configuration; no tuning; parameters={'model__alpha': 0.1},1.0,229251.9153673076,229251.9153673076,7.0628303325866755,6.821920014560099,7.062830332586675,0.3487720349883584,0.19858821477482158,,229251.9153673076,1.0,229251.9153673076,229251.9153673076,7.0628303325866755,6.821920014560099,7.062830332586675,0.3487720349883584,0.19858821477482158,,229251.9153673076,1.0,168239.0,168239.0,5.183134502585267,5.321032641965024,5.183134502585267,0.2559501337225209,0.1457361113514416,,-168239.0,-0.36265619367273705,-0.36265619367273705,,,,,,,2023-12-31,2023-09-01,3
ablation_20260811T165312Z_69334f2b,one_step_202402,one_step_ex_ante_snapshot_vintage_sensitivity,ridge_recursive_b2,2008-01,2024-01,2024-02,2024-02,0.033549999934621155,pre-specified first grid configuration; no tuning; parameters={'model__alpha': 0.1},1.0,643843.9734267616,643843.9734267616,23.9826587728244,21.41474603812873,23.982658772824397,0.9832133787974596,0.5592889054237219,,643843.9734267616,1.0,643843.9734267616,643843.9734267616,23.9826587728244,21.41474603812873,23.982658772824397,0.9832133787974596,0.5592889054237219,,643843.9734267616,1.0,369706.0,369706.0,13.77124460305972,14.78960064325918,13.771244603059722,0.5645776002018328,0.3211530628578653,,-369706.0,-0.7415026356801393,-0.7415026356801393,,,,,,,2024-01-31,2023-10-01,3
ablation_20260811T165312Z_69334f2b,one_step_202403,one_step_ex_ante_snapshot_vintage_sensitivity,ridge_recursive_b2,2008-01,2024-02,2024-03,2024-03,0.03266930009704083,pre-specified first grid configuration; no tuning; parameters={'model__alpha': 0.1},1.0,46451.61167513253,46451.61167513253,1.5083778365167562,1.4970869724736702,1.5083778365167562,0.07129647346819089,0.04046771836989238,,46451.61167513253,1.0,46451.61167513253,46451.61167513253,1.5083778365167562,1.4970869724736702,1.5083778365167562,0.07129647346819089,0.04046771836989238,,46451.61167513253,1.0,290579.0,290579.0,9.43568818284607,9.902891147739764,9.43568818284607,0.445996537403335,0.2531466339304665,,-290579.0,0.8401411950790232,0.8401411950790232,,,,,,,2024-02-29,2023-11-01,3
ablation_20260811T165312Z_69334f2b,one_step_202404,one_step_ex_ante_snapshot_vintage_sensitivity,ridge_recursive_b2,2008-01,2024-03,2024-04,2024-04,0.033569500083103776,pre-specified first grid configuration; no tuning; parameters={'model__alpha': 0.1},1.0,534523.6319776624,534523.6319776624,13.227593940907873,14.16439849976859,13.227593940907871,0.8238422401816721,0.466977040778317,,-534523.6319776624,1.0,534523.6319776624,534523.6319776624,13.227593940907873,14.16439849976859,13.227593940907871,0.8238422401816721,0.466977040778317,,-534523.6319776624,1.0,499703.0,499703.0,12.365904853631822,13.180871892163864,12.365904853631822,0.7701744400380522,0.4365566164861331,,-499703.0,-0.06968265545266372,-0.06968265545266372,,,,,,,2024-03-31,2023-12-01,3
ablation_20260811T165312Z_69334f2b,one_step_202405,one_step_ex_ante_snapshot_vintage_sensitivity,ridge_recursive_b2,2008-01,2024-04,2024-05,2024-05,0.03539820003788918,pre-specified first grid configuration; no tuning; parameters={'model__alpha': 0.1},1.0,1118996.6251519676,1118996.6251519676,20.033475611756295,22.2635578253852,20.033475611756298,1.7320004600779728,0.9803357421180742,,-1118996.6251519676,1.0,1118996.6251519676,1118996.6251519676,20.033475611756295,22.2635578253852,20.033475611756298,1.7320004600779728,0.9803357421180742,,-1118996.6251519676,1.0,1001176.0,1001176.0,17.924124638313216,19.68863211856884,17.924124638313216,1.5496358555894036,0.8771149035570255,,-1001176.0,-0.11768223084848972,-0.11768223084848972,,,,,,,2024-04-30,2024-01-01,3
ablation_20260811T165312Z_69334f2b,one_step_202406,one_step_ex_ante_snapshot_vintage_sensitivity,ridge_recursive_b2,2008-01,2024-05,2024-06,2024-06,0.036609599948860705,pre-specified first grid configuration; no tuning; parameters={'model__alpha': 0.1},1.0,1083569.9831631072,1083569.9831631072,16.744301790915845,18.274249537181174,16.744301790915845,1.6812527898737497,0.951722203400415,,-1083569.9831631072,1.0,1083569.9831631072,1083569.9831631072,16.744301790915845,18.274249537181174,16.744301790915845,1.6812527898737497,0.951722203400415,,-1083569.9831631072,1.0,601510.0,601510.0,9.29507565432227,9.748123375643646,9.29507565432227,0.9332949245094879,0.5283188270832813,,-601510.0,-0.8014164073134398,-0.8014164073134398,,,,,,,2024-05-31,2024-02-01,3
ablation_20260811T165312Z_69334f2b,one_step_202407,one_step_ex_ante_snapshot_vintage_sensitivity,ridge_recursive_b2,2008-01,2024-06,2024-07,2024-07,0.039335799985565245,pre-specified first grid configuration; no tuning; parameters={'model__alpha': 0.1},1.0,1348020.6230785549,1348020.6230785549,18.227083856940062,20.054785106263996,18.227083856940062,2.098080171039898,1.187133934011707,,-1348020.6230785549,1.0,1348020.6230785549,1348020.6230785549,18.227083856940062,20.054785106263996,18.227083856940062,2.098080171039898,1.187133934011707,,-1348020.6230785549,1.0,469355.0,469355.0,6.34632200517571,6.55430051304817,6.346322005175709,0.7305113896770452,0.4133373318321964,,-469355.0,-1.8720704436483149,-1.8720704436483149,,,,,,,2024-06-30,2024-03-01,3
ablation_20260811T165312Z_69334f2b,one_step_202408,one_step_ex_ante_snapshot_vintage_sensitivity,ridge_recursive_b2,2008-01,2024-07,2024-08,2024-08,0.03549119993112981,pre-specified first grid configuration; no tuning; parameters={'model__alpha': 0.1},1.0,743059.6106810654,743059.6106810654,8.579082119718418,8.963578499904534,8.579082119718418,1.1579553310728015,0.6558624329238504,,-743059.6106810654,1.0,743059.6106810654,743059.6106810654,8.579082119718418,8.963578499904534,8.579082119718418,1.1579553310728015,0.6558624329238504,,-743059.6106810654,1.0,173269.0,173269.0,2.0004976161186057,2.020709741219492,2.0004976161186057,0.27001570180319034,0.15293608514951199,,-173269.0,-3.288474052952723,-3.288474052952723,,,,,,,2024-07-31,2024-04-01,3
ablation_20260811T165312Z_69334f2b,one_step_202409,one_step_ex_ante_snapshot_vintage_sensitivity,ridge_recursive_b2,2008-01,2024-08,2024-09,2024-09,0.03518080001231283,pre-specified first grid configuration; no tuning; parameters={'model__alpha': 0.1},1.0,253794.69257729687,253794.69257729687,3.5497831492731375,3.613926424902293,3.5497831492731375,0.39426992641546876,0.22414940156480678,,-253794.69257729687,1.0,253794.69257729687,253794.69257729687,3.5497831492731375,3.613926424902293,3.5497831492731375,0.39426992641546876,0.22414940156480678,,-253794.69257729687,1.0,135722.0,135722.0,1.8983205034475437,1.9165112666100137,1.8983205034475437,0.21084405828014968,0.11986856293266748,,-135722.0,-0.8699598633773218,-0.8699598633773218,,,,,,,2024-08-31,2024-05-01,3
ablation_20260811T165312Z_69334f2b,one_step_202410,one_step_ex_ante_snapshot_vintage_sensitivity,ridge_recursive_b2,2008-01,2024-09,2024-10,2024-10,0.03292920009698719,pre-specified first grid configuration; no tuning; parameters={'model__alpha': 0.1},1.0,729005.7301054709,729005.7301054709,10.842137929433719,11.463586880030398,10.842137929433717,1.1329226337081217,0.6451394884376523,,-729005.7301054709,1.0,729005.7301054709,729005.7301054709,10.842137929433719,11.463586880030398,10.842137929433717,1.1329226337081217,0.6451394884376523,,-729005.7301054709,1.0,572422.0,572422.0,8.513346358669084,8.891843057234924,8.513346358669084,0.8895812653470441,0.506569456178389,,-572422.0,-0.27354596801917275,-0.27354596801917275,,,,,,,2024-09-30,2024-06-01,3
ablation_20260811T165312Z_69334f2b,one_step_202411,one_step_ex_ante_snapshot_vintage_sensitivity,ridge_recursive_b2,2008-01,2024-10,2024-11,2024-11,0.03358029993250966,pre-specified first grid configuration; no tuning; parameters={'model__alpha': 0.1},1.0,168365.83218652476,168365.83218652476,4.190031926522305,4.10405139466366,4.190031926522305,0.2620432761637296,0.1493384541849481,,168365.83218652476,1.0,168365.83218652476,168365.83218652476,4.190031926522305,4.10405139466366,4.190031926522305,0.2620432761637296,0.1493384541849481,,168365.83218652476,1.0,497780.0,497780.0,12.3879890907652,13.205965898162471,12.387989090765203,0.7747409335658612,0.44152483172374396,,-497780.0,0.6617665792387706,0.6617665792387706,,,,,,,2024-10-31,2024-07-01,3
ablation_20260811T165312Z_69334f2b,one_step_202412,one_step_ex_ante_snapshot_vintage_sensitivity,ridge_recursive_b2,2008-01,2024-11,2024-12,2024-12,0.03445820009801537,pre-specified first grid configuration; no tuning; parameters={'model__alpha': 0.1},1.0,890671.4554151567,890671.4554151567,28.045330396203973,24.596276843273447,28.04533039620397,1.391819209913864,0.7921424657475009,,890671.4554151567,1.0,890671.4554151567,890671.4554151567,28.045330396203973,24.596276843273447,28.04533039620397,1.391819209913864,0.7921424657475009,,890671.4554151567,1.0,375547.0,375547.0,11.825168113638396,12.568278122102525,11.825168113638396,0.5868533516456814,0.3340027624949688,,-375547.0,-1.3716644132829092,-1.3716644132829092,,,,,,,2024-11-30,2024-08-01,3
ablation_20260811T165312Z_69334f2b,one_step_202501,one_step_ex_ante_snapshot_vintage_sensitivity,ridge_recursive_b2,2008-01,2024-12,2025-01,2025-01,0.0333913000067696,pre-specified first grid configuration; no tuning; parameters={'model__alpha': 0.1},1.0,896684.5130368294,896684.5130368294,26.720296304413093,23.571155066360934,26.720296304413093,1.4072746571862587,0.7996462374472785,,896684.5130368294,1.0,896684.5130368294,896684.5130368294,26.720296304413093,23.571155066360934,26.720296304413093,1.4072746571862587,0.7996462374472785,,896684.5130368294,1.0,109925.0,109925.0,3.275654400804811,3.330197277645144,3.2756544008048114,0.17251849947457018,0.09802902957885895,,-109925.0,-7.157239145206544,-7.157239145206544,,,,,,,2024-12-31,2024-09-01,3
ablation_20260811T165312Z_69334f2b,one_step_202502,one_step_ex_ante_snapshot_vintage_sensitivity,ridge_recursive_b2,2008-01,2025-01,2025-02,2025-02,0.03314670000690967,pre-specified first grid configuration; no tuning; parameters={'model__alpha': 0.1},1.0,1766930.0222900081,1766930.0222900081,63.49564073807381,48.19483203609524,63.49564073807381,2.774587910519303,1.5788902998337047,,1766930.0222900081,1.0,1766930.0222900081,1766930.0222900081,63.49564073807381,48.19483203609524,63.49564073807381,2.774587910519303,1.5788902998337047,,1766930.0222900081,1.0,98135.0,98135.0,3.526537341730758,3.5898357915791856,3.5265373417307577,0.154100151768275,0.0876913050429506,,-98135.0,-17.00509524929952,-17.00509524929952,,,,,,,2025-01-31,2024-10-01,3
ablation_20260811T165312Z_69334f2b,one_step_202503,one_step_ex_ante_snapshot_vintage_sensitivity,ridge_recursive_b2,2008-01,2025-02,2025-03,2025-03,0.03723999997600913,pre-specified first grid configuration; no tuning; parameters={'model__alpha': 0.1},1.0,1057562.1802617689,1057562.1802617689,35.45801281381493,30.118331833415116,35.45801281381493,1.662638836772915,0.9470700478417029,,1057562.1802617689,1.0,1057562.1802617689,1057562.1802617689,35.45801281381493,30.118331833415116,35.45801281381493,1.662638836772915,0.9470700478417029,,1057562.1802617689,1.0,96998.0,96998.0,3.2521551839751943,3.200118769743408,3.2521551839751948,0.15249471369085915,0.08686382911103274,,96998.0,-9.90292769192941,-9.90292769192941,,,,,,,2025-02-28,2024-11-01,3
ablation_20260811T165312Z_69334f2b,one_step_202504,one_step_ex_ante_snapshot_vintage_sensitivity,ridge_recursive_b2,2008-01,2025-03,2025-04,2025-04,0.03891909995581955,pre-specified first grid configuration; no tuning; parameters={'model__alpha': 0.1},1.0,354129.84023906477,354129.84023906477,8.347576925457417,8.013125997087082,8.347576925457417,0.5579713982831978,0.31788980750613777,,354129.84023906477,1.0,354129.84023906477,354129.84023906477,8.347576925457417,8.013125997087082,8.347576925457417,0.5579713982831978,0.31788980750613777,,354129.84023906477,1.0,201333.0,201333.0,4.745837583182924,4.861189666268716,4.745837583182924,0.31722278883562666,0.18072949902054902,,-201333.0,-0.758925959674096,-0.758925959674096,,,,,,,2025-03-31,2024-12-01,3
ablation_20260811T165312Z_69334f2b,one_step_202505,one_step_ex_ante_snapshot_vintage_sensitivity,ridge_recursive_b2,2008-01,2025-04,2025-05,2025-05,0.03490209998562932,pre-specified first grid configuration; no tuning; parameters={'model__alpha': 0.1},1.0,220666.4557871744,220666.4557871744,3.927341079347809,4.0060058357622905,3.9273410793478094,0.34922890198463685,0.19861102995641966,,-220666.4557871744,1.0,220666.4557871744,220666.4557871744,3.927341079347809,4.0060058357622905,3.9273410793478094,0.34922890198463685,0.19861102995641966,,-220666.4557871744,1.0,33090.0,33090.0,0.5889237485236861,0.5906630259404421,0.5889237485236861,0.052368559260393445,0.029782682455354446,,-33090.0,-5.668675001123433,-5.668675001123433,,,,,,,2025-04-30,2025-01-01,3
ablation_20260811T165312Z_69334f2b,one_step_202506,one_step_ex_ante_snapshot_vintage_sensitivity,ridge_recursive_b2,2008-01,2025-05,2025-06,2025-06,0.03426710003986955,pre-specified first grid configuration; no tuning; parameters={'model__alpha': 0.1},1.0,286254.6910727145,286254.6910727145,4.36954212791939,4.467138885680632,4.369542127919391,0.45507415195444595,0.25832635653880687,,-286254.6910727145,1.0,286254.6910727145,286254.6910727145,4.36954212791939,4.467138885680632,4.369542127919391,0.45507415195444595,0.25832635653880687,,-286254.6910727145,1.0,79861.0,79861.0,1.2190402978902746,1.2265161610217707,1.2190402978902746,0.12695923589249486,0.07206939066128758,,-79861.0,-2.5844115534831085,-2.5844115534831085,,,,,,,2025-05-31,2025-02-01,3
ablation_20260811T165312Z_69334f2b,one_step_202507,one_step_ex_ante_snapshot_vintage_sensitivity,ridge_recursive_b2,2008-01,2025-06,2025-07,2025-07,0.03428560006432235,pre-specified first grid configuration; no tuning; parameters={'model__alpha': 0.1},1.0,559616.533778619,559616.533778619,7.558654272135917,7.855540859524846,7.558654272135917,0.8936510574538895,0.5063487832604501,,-559616.533778619,1.0,559616.533778619,559616.533778619,7.558654272135917,7.855540859524846,7.558654272135917,0.8936510574538895,0.5063487832604501,,-559616.533778619,1.0,7952.0,7952.0,0.1074064384162791,0.10746415012439056,0.1074064384162791,0.012698540482516452,0.007195079633011615,,-7952.0,-69.37431259791487,-69.37431259791487,,,,,,,2025-06-30,2025-03-01,3
ablation_20260811T165312Z_69334f2b,one_step_202508,one_step_ex_ante_snapshot_vintage_sensitivity,ridge_recursive_b2,2008-01,2025-07,2025-08,2025-08,0.04172650002874434,pre-specified first grid configuration; no tuning; parameters={'model__alpha': 0.1},1.0,603401.2656987272,603401.2656987272,6.7706567231361205,7.007897049502417,6.7706567231361205,0.9670241009772449,0.5473602111593833,,-603401.2656987272,1.0,603401.2656987272,603401.2656987272,6.7706567231361205,7.007897049502417,6.7706567231361205,0.9670241009772449,0.5473602111593833,,-603401.2656987272,1.0,250710.0,250710.0,2.8131716712456964,2.853305867423876,2.813171671245696,0.40179334406145323,0.22742524144502876,,-250710.0,-1.4067698364593642,-1.4067698364593642,,,,,,,2025-07-31,2025-04-01,3
ablation_20260811T165312Z_69334f2b,one_step_202509,one_step_ex_ante_snapshot_vintage_sensitivity,ridge_recursive_b2,2008-01,2025-08,2025-09,2025-09,0.040657500037923455,pre-specified first grid configuration; no tuning; parameters={'model__alpha': 0.1},1.0,84400.46658732928,84400.46658732928,1.1523698489738816,1.1590481094480722,1.1523698489738816,0.1359360031212716,0.07676278246893632,,-84400.46658732928,1.0,84400.46658732928,84400.46658732928,1.1523698489738816,1.1590481094480722,1.1523698489738816,0.1359360031212716,0.07676278246893632,,-84400.46658732928,1.0,174495.0,174495.0,2.382484184357403,2.4112075030636686,2.382484184357403,0.2810429115353647,0.1587043563681903,,-174495.0,0.5163158452257699,0.5163158452257699,,,,,,,2025-08-31,2025-05-01,3
ablation_20260811T165312Z_69334f2b,one_step_202510,one_step_ex_ante_snapshot_vintage_sensitivity,ridge_recursive_b2,2008-01,2025-09,2025-10,2025-10,0.033498400007374585,pre-specified first grid configuration; no tuning; parameters={'model__alpha': 0.1},1.0,753121.1184362005,753121.1184362005,10.638405338239123,11.236074936146924,10.638405338239123,1.2185124438001467,0.6867499235739422,,-753121.1184362005,1.0,753121.1184362005,753121.1184362005,10.638405338239123,11.236074936146924,10.638405338239123,1.2185124438001467,0.6867499235739422,,-753121.1184362005,1.0,355448.0,355448.0,5.020971804001742,5.150268570376219,5.020971804001742,0.5750971530624599,0.32412301402644766,,-355448.0,-1.1187940808112593,-1.1187940808112593,,,,,,,2025-09-30,2025-06-01,3
ablation_20260811T165312Z_69334f2b,one_step_202511,one_step_ex_ante_snapshot_vintage_sensitivity,ridge_recursive_b2,2008-01,2025-10,2025-11,2025-11,0.03587100002914667,pre-specified first grid configuration; no tuning; parameters={'model__alpha': 0.1},1.0,73379.78263728786,73379.78263728786,1.7245096516256422,1.7097671022761065,1.7245096516256422,0.11933519384290342,0.06708697281146185,,73379.78263728786,1.0,73379.78263728786,73379.78263728786,1.7245096516256422,1.7097671022761065,1.7245096516256422,0.11933519384290342,0.06708697281146185,,73379.78263728786,1.0,236863.0,236863.0,5.566554096133825,5.7259223795129355,5.566554096133825,0.3852027221030258,0.2165504048926766,,-236863.0,0.6902015821918668,0.6902015821918668,,,,,,,2025-10-31,2025-07-01,3
ablation_20260811T165312Z_69334f2b,one_step_202512,one_step_ex_ante_snapshot_vintage_sensitivity,ridge_recursive_b2,2008-01,2025-11,2025-12,2025-12,0.03436920000240207,pre-specified first grid configuration; no tuning; parameters={'model__alpha': 0.1},1.0,808752.0375656001,808752.0375656001,23.719690932563516,21.204830771658283,23.719690932563516,1.319275297707852,0.741208294196022,,808752.0375656001,1.0,808752.0375656001,808752.0375656001,23.719690932563516,21.204830771658283,23.719690932563516,1.319275297707852,0.741208294196022,,808752.0375656001,1.0,233795.0,233795.0,6.856916439148844,7.100348935858759,6.856916439148844,0.38137767065914663,0.21426937440946214,,-233795.0,-2.4592358158455063,-2.4592358158455063,,,,,,,2025-11-30,2025-08-01,3
ablation_20260811T165312Z_69334f2b,one_step_201501,one_step_ex_ante_snapshot_vintage_sensitivity,ridge_recursive_b5,2008-01,2014-12,2015-01,2015-01,0.035097000072710216,pre-specified first grid configuration; no tuning; parameters={'model__alpha': 0.1},1.0,27533.59287729324,27533.59287729324,1.5626294195298782,1.5505150176200981,1.5626294195298784,0.1524613193464138,0.11775304081681733,,27533.59287729324,1.0,27533.59287729324,27533.59287729324,1.5626294195298782,1.5505150176200981,1.5626294195298784,0.1524613193464138,0.11775304081681733,,27533.59287729324,1.0,186605.0,186605.0,10.590498091945308,11.182647106148103,10.590498091945308,1.0332848540119186,0.7980544449665132,,-186605.0,0.8524498653450163,0.8524498653450163,,,,,,,2014-12-31,2014-09-01,3
ablation_20260811T165312Z_69334f2b,one_step_201502,one_step_ex_ante_snapshot_vintage_sensitivity,ridge_recursive_b5,2008-01,2015-01,2015-02,2015-02,0.035764000029303133,pre-specified first grid configuration; no tuning; parameters={'model__alpha': 0.1},1.0,146345.49975519697,146345.49975519697,9.351598303765163,8.933868553700911,9.351598303765163,0.8086894961438972,0.6268573666196942,,146345.49975519697,1.0,146345.49975519697,146345.49975519697,9.351598303765163,8.933868553700911,9.351598303765163,0.8086894961438972,0.6268573666196942,,146345.49975519697,1.0,41680.0,41680.0,2.6633864242695338,2.699333262093732,2.6633864242695338,0.23031919844245619,0.1785324118911352,,-41680.0,-2.5111684202302538,-2.5111684202302538,,,,,,,2015-01-31,2014-10-01,3
ablation_20260811T165312Z_69334f2b,one_step_201503,one_step_ex_ante_snapshot_vintage_sensitivity,ridge_recursive_b5,2008-01,2015-02,2015-03,2015-03,0.042794999899342656,pre-specified first grid configuration; no tuning; parameters={'model__alpha': 0.1},1.0,227869.11932038935,227869.11932038935,11.2938162719601,10.690153144305581,11.293816271960099,1.2639106685744788,0.9807365614574135,,227869.11932038935,1.0,227869.11932038935,227869.11932038935,11.2938162719601,10.690153144305581,11.293816271960099,1.2639106685744788,0.9807365614574135,,227869.11932038935,1.0,50531.0,50531.0,2.5044544506094977,2.5362136078994992,2.5044544506094977,0.2802778638203228,0.21748273453993303,,-50531.0,-3.509491585766942,-3.509491585766942,,,,,,,2015-02-28,2014-11-01,3
ablation_20260811T165312Z_69334f2b,one_step_201504,one_step_ex_ante_snapshot_vintage_sensitivity,ridge_recursive_b5,2008-01,2015-03,2015-04,2015-04,0.037262899917550385,pre-specified first grid configuration; no tuning; parameters={'model__alpha': 0.1},1.0,189705.9377292646,189705.9377292646,7.222317355871866,6.970598001245847,7.222317355871865,1.051177297770455,0.8182344800313006,,189705.9377292646,1.0,189705.9377292646,189705.9377292646,7.222317355871866,6.970598001245847,7.222317355871865,1.051177297770455,0.8182344800313006,,189705.9377292646,1.0,53524.0,53524.0,2.0377185805716227,2.058693773339831,2.0377185805716227,0.2965811948709842,0.23085825796184006,,-53524.0,-2.5443154048513676,-2.5443154048513676,,,,,,,2015-03-31,2014-12-01,3
ablation_20260811T165312Z_69334f2b,one_step_201505,one_step_ex_ante_snapshot_vintage_sensitivity,ridge_recursive_b5,2008-01,2015-04,2015-05,2015-05,0.03634789993520826,pre-specified first grid configuration; no tuning; parameters={'model__alpha': 0.1},1.0,64690.87576148007,64690.87576148007,1.7136596817409655,1.699101274990238,1.7136596817409655,0.3582909869257084,0.2796984645517769,,64690.87576148007,1.0,64690.87576148007,64690.87576148007,1.7136596817409655,1.699101274990238,1.7136596817409655,0.3582909869257084,0.2796984645517769,,64690.87576148007,1.0,88870.0,88870.0,2.3541640783753595,2.326776015801236,2.3541640783753595,0.49220728013466614,0.38423969767182065,,88870.0,0.27207296318802665,0.27207296318802665,,,,,,,2015-04-30,2015-01-01,3
ablation_20260811T165312Z_69334f2b,one_step_201506,one_step_ex_ante_snapshot_vintage_sensitivity,ridge_recursive_b5,2008-01,2015-05,2015-06,2015-06,0.03925609996076673,pre-specified first grid configuration; no tuning; parameters={'model__alpha': 0.1},1.0,20462.92220656108,20462.92220656108,0.47044715309904944,0.46934314736153554,0.4704471530990495,0.11452444083945672,0.0890579215737469,,20462.92220656108,1.0,20462.92220656108,20462.92220656108,0.47044715309904944,0.46934314736153554,0.4704471530990495,0.11452444083945672,0.0890579215737469,,20462.92220656108,1.0,180404.0,180404.0,4.147528263605901,4.063265716595302,4.147528263605902,1.0096635767191093,0.7851471613589394,,180404.0,0.8865716824096966,0.8865716824096966,,,,,,,2015-05-31,2015-02-01,3
ablation_20260811T165312Z_69334f2b,one_step_201507,one_step_ex_ante_snapshot_vintage_sensitivity,ridge_recursive_b5,2008-01,2015-06,2015-07,2015-07,0.03857370000332594,pre-specified first grid configuration; no tuning; parameters={'model__alpha': 0.1},1.0,34347.97290093638,34347.97290093638,0.6548751593373145,0.6570265110428547,0.6548751593373145,0.19409064438583484,0.15044539899966633,,-34347.97290093638,1.0,34347.97290093638,34347.97290093638,0.6548751593373145,0.6570265110428547,0.6548751593373145,0.19409064438583484,0.15044539899966633,,-34347.97290093638,1.0,292561.0,292561.0,5.577939986253483,5.737970254876528,5.577939986253483,1.653179160701394,1.2814280628345749,,-292561.0,0.8825955171709955,0.8825955171709955,,,,,,,2015-06-30,2015-03-01,3
ablation_20260811T165312Z_69334f2b,one_step_201508,one_step_ex_ante_snapshot_vintage_sensitivity,ridge_recursive_b5,2008-01,2015-07,2015-08,2015-08,0.03501500003039837,pre-specified first grid configuration; no tuning; parameters={'model__alpha': 0.1},1.0,628335.5592956739,628335.5592956739,9.310457042972875,9.765042066382248,9.310457042972875,3.5834357387745546,2.7694053845456104,,-628335.5592956739,1.0,628335.5592956739,628335.5592956739,9.310457042972875,9.765042066382248,9.310457042972875,3.5834357387745546,2.7694053845456104,,-628335.5592956739,1.0,113081.0,113081.0,1.6755947953297137,1.68975148933436,1.6755947953297134,0.6449077897653777,0.4984074602444012,,-113081.0,-4.556508691076961,-4.556508691076961,,,,,,,2015-07-31,2015-04-01,3
ablation_20260811T165312Z_69334f2b,one_step_201509,one_step_ex_ante_snapshot_vintage_sensitivity,ridge_recursive_b5,2008-01,2015-08,2015-09,2015-09,0.03647960000671446,pre-specified first grid configuration; no tuning; parameters={'model__alpha': 0.1},1.0,164920.8966753725,164920.8966753725,3.0454494982084626,3.0925403758881527,3.045449498208463,0.9466167429295581,0.7309223125048704,,-164920.8966753725,1.0,164920.8966753725,164920.8966753725,3.0454494982084626,3.0925403758881527,3.045449498208463,0.9466167429295581,0.7309223125048704,,-164920.8966753725,1.0,80660.0,80660.0,1.4894774493557354,1.4784667350483498,1.4894774493557354,0.4629741168276103,0.3574816467478419,,80660.0,-1.0446429044801948,-1.0446429044801948,,,,,,,2015-08-31,2015-05-01,3
ablation_20260811T165312Z_69334f2b,one_step_201510,one_step_ex_ante_snapshot_vintage_sensitivity,ridge_recursive_b5,2008-01,2015-09,2015-10,2015-10,0.03637210000306368,pre-specified first grid configuration; no tuning; parameters={'model__alpha': 0.1},1.0,56169.08485355787,56169.08485355787,1.3496324637322805,1.3405859719911635,1.3496324637322803,0.3222539874788653,0.24951661142465556,,56169.08485355787,1.0,56169.08485355787,56169.08485355787,1.3496324637322805,1.3405859719911635,1.3496324637322803,0.3222539874788653,0.24951661142465556,,56169.08485355787,1.0,131473.0,131473.0,3.159037206443549,3.109915512381011,3.1590372064435486,0.7542885665000325,0.5840347504211798,,131473.0,0.5727709502821274,0.5727709502821274,,,,,,,2015-09-30,2015-06-01,3
ablation_20260811T165312Z_69334f2b,one_step_201511,one_step_ex_ante_snapshot_vintage_sensitivity,ridge_recursive_b5,2008-01,2015-10,2015-11,2015-11,0.03707379999104887,pre-specified first grid configuration; no tuning; parameters={'model__alpha': 0.1},1.0,303993.92971913517,303993.92971913517,13.589369758897199,12.72476226156487,13.589369758897199,1.729226524183962,1.3445634626092688,,303993.92971913517,1.0,303993.92971913517,303993.92971913517,13.589369758897199,12.72476226156487,13.589369758897199,1.729226524183962,1.3445634626092688,,303993.92971913517,1.0,27375.0,27375.0,1.2237382420547538,1.2162961017876555,1.2237382420547538,0.15571882025168035,0.12107947294518578,,27375.0,-10.104801085630509,-10.104801085630509,,,,,,,2015-10-31,2015-07-01,3
ablation_20260811T165312Z_69334f2b,one_step_201512,one_step_ex_ante_snapshot_vintage_sensitivity,ridge_recursive_b5,2008-01,2015-11,2015-12,2015-12,0.042385100037790835,pre-specified first grid configuration; no tuning; parameters={'model__alpha': 0.1},1.0,412148.1010608319,412148.1010608319,24.04868815805,21.467376895405344,24.04868815805,2.354947983698028,1.831532485170787,,412148.1010608319,1.0,412148.1010608319,412148.1010608319,24.04868815805,21.467376895405344,24.04868815805,2.354947983698028,1.831532485170787,,412148.1010608319,1.0,26739.0,26739.0,1.560210688834857,1.5481336157595937,1.560210688834857,0.1527823468651807,0.11882463365700027,,26739.0,-14.41374400915636,-14.41374400915636,,,,,,,2015-11-30,2015-08-01,3
ablation_20260811T165312Z_69334f2b,one_step_201601,one_step_ex_ante_snapshot_vintage_sensitivity,ridge_recursive_b5,2008-01,2015-12,2016-01,2016-01,0.03561230003833771,pre-specified first grid configuration; no tuning; parameters={'model__alpha': 0.1},1.0,233811.5482271947,233811.5482271947,13.824474984269061,12.930675953055534,13.824474984269063,1.3449130986383353,1.0446632927930115,,233811.5482271947,1.0,233811.5482271947,233811.5482271947,13.824474984269061,12.930675953055534,13.824474984269063,1.3449130986383353,1.0446632927930115,,233811.5482271947,1.0,70717.0,70717.0,4.181253684324423,4.095629357618573,4.181253684324423,0.40677297728677836,0.315961528147697,,70717.0,-2.30629902607852,-2.30629902607852,,,,,,,2015-12-31,2015-09-01,3
ablation_20260811T165312Z_69334f2b,one_step_201602,one_step_ex_ante_snapshot_vintage_sensitivity,ridge_recursive_b5,2008-01,2016-01,2016-02,2016-02,0.035541199962608516,pre-specified first grid configuration; no tuning; parameters={'model__alpha': 0.1},1.0,306175.72357364534,306175.72357364534,20.176271270035883,18.327380288215192,20.176271270035883,1.7664116201787896,1.373480398491885,,306175.72357364534,1.0,306175.72357364534,306175.72357364534,20.176271270035883,18.327380288215192,20.176271270035883,1.7664116201787896,1.373480398491885,,306175.72357364534,1.0,47421.0,47421.0,3.124934102315381,3.0768591912417125,3.124934102315381,0.27358473906031333,0.2127269047221418,,47421.0,-5.456542957205571,-5.456542957205571,,,,,,,2016-01-31,2015-10-01,3
ablation_20260811T165312Z_69334f2b,one_step_201603,one_step_ex_ante_snapshot_vintage_sensitivity,ridge_recursive_b5,2008-01,2016-02,2016-03,2016-03,0.03857169998809695,pre-specified first grid configuration; no tuning; parameters={'model__alpha': 0.1},1.0,496036.12743836176,496036.12743836176,26.124186572006487,23.10605244670504,26.124186572006487,2.8910995881623562,2.2385005737955894,,496036.12743836176,1.0,496036.12743836176,496036.12743836176,26.124186572006487,23.10605244670504,26.124186572006487,2.8910995881623562,2.2385005737955894,,496036.12743836176,1.0,118883.0,118883.0,6.261079587647108,6.071023772554793,6.261079587647109,0.6928983058440928,0.5364925032554397,,118883.0,-3.1724731663767045,-3.1724731663767045,,,,,,,2016-02-29,2015-11-01,3
ablation_20260811T165312Z_69334f2b,one_step_201604,one_step_ex_ante_snapshot_vintage_sensitivity,ridge_recursive_b5,2008-01,2016-03,2016-04,2016-04,0.0381945000262931,pre-specified first grid configuration; no tuning; parameters={'model__alpha': 0.1},1.0,846347.8102417118,846347.8102417118,41.30061077540587,34.2316670005009,41.30061077540587,4.982933824901486,3.841981621292415,,846347.8102417118,1.0,846347.8102417118,846347.8102417118,41.30061077540587,34.2316670005009,41.30061077540587,4.982933824901486,3.841981621292415,,846347.8102417118,1.0,577425.0,577425.0,28.177546971118044,24.697913835215928,28.177546971118044,3.399631367891186,2.6212110562927964,,577425.0,-0.4657276879970764,-0.4657276879970764,,,,,,,2016-03-31,2015-12-01,3
ablation_20260811T165312Z_69334f2b,one_step_201605,one_step_ex_ante_snapshot_vintage_sensitivity,ridge_recursive_b5,2008-01,2016-04,2016-05,2016-05,0.035678000072948635,pre-specified first grid configuration; no tuning; parameters={'model__alpha': 0.1},1.0,1243744.7715033395,1243744.7715033395,45.23287240778963,36.889730127675044,45.232872407789635,7.373265303975187,5.675985253927395,,1243744.7715033395,1.0,1243744.7715033395,1243744.7715033395,45.23287240778963,36.889730127675044,45.232872407789635,7.373265303975187,5.675985253927395,,1243744.7715033395,1.0,1025365.0,1025365.0,37.29077321897203,31.430445198608787,37.29077321897203,6.0786492145589035,4.679381777708753,,1025365.0,-0.21297759481095957,-0.21297759481095957,,,,,,,2016-04-30,2016-01-01,3
ablation_20260811T165312Z_69334f2b,one_step_201606,one_step_ex_ante_snapshot_vintage_sensitivity,ridge_recursive_b5,2008-01,2016-05,2016-06,2016-06,0.03665460005868226,pre-specified first grid configuration; no tuning; parameters={'model__alpha': 0.1},1.0,1920715.089388675,1920715.089388675,71.2392041162664,52.5286927812469,71.2392041162664,11.482516340778508,8.814406774351395,,1920715.089388675,1.0,1920715.089388675,1920715.089388675,71.2392041162664,52.5286927812469,71.2392041162664,11.482516340778508,8.814406774351395,,1920715.089388675,1.0,1653526.0,1653526.0,61.329177282116085,46.936341299470435,61.329177282116085,9.88519297828039,7.588241929522742,,1653526.0,-0.16158747391252093,-0.16158747391252093,,,,,,,2016-05-31,2016-02-01,3
ablation_20260811T165312Z_69334f2b,one_step_201607,one_step_ex_ante_snapshot_vintage_sensitivity,ridge_recursive_b5,2008-01,2016-06,2016-07,2016-07,0.03786839998792857,pre-specified first grid configuration; no tuning; parameters={'model__alpha': 0.1},1.0,1946072.5522986325,1946072.5522986325,55.880774293121135,43.677196497074526,55.880774293121135,11.67292377630819,8.967044396141215,,1946072.5522986325,1.0,1946072.5522986325,1946072.5522986325,55.880774293121135,43.677196497074526,55.880774293121135,11.67292377630819,8.967044396141215,,1946072.5522986325,1.0,1762421.0,1762421.0,50.60728593809583,40.38772116992374,50.60728593809583,10.571345847545725,8.120821257678607,,1762421.0,-0.10420413300717168,-0.10420413300717168,,,,,,,2016-06-30,2016-03-01,3
ablation_20260811T165312Z_69334f2b,one_step_201608,one_step_ex_ante_snapshot_vintage_sensitivity,ridge_recursive_b5,2008-01,2016-07,2016-08,2016-08,0.036756500019691885,pre-specified first grid configuration; no tuning; parameters={'model__alpha': 0.1},1.0,1551258.2385261692,1551258.2385261692,33.9753311063485,29.041806198710525,33.9753311063485,9.051362745694718,6.913045089392311,,1551258.2385261692,1.0,1551258.2385261692,1551258.2385261692,33.9753311063485,29.041806198710525,33.9753311063485,9.051362745694718,6.913045089392311,,1551258.2385261692,1.0,2182871.0,2182871.0,47.80878073395962,38.58521929074479,47.80878073395962,12.736729937904574,9.727771477728925,,2182871.0,0.28934955912366367,0.28934955912366367,,,,,,,2016-07-31,2016-04-01,3
ablation_20260811T165312Z_69334f2b,one_step_201609,one_step_ex_ante_snapshot_vintage_sensitivity,ridge_recursive_b5,2008-01,2016-08,2016-09,2016-09,0.03724790003616363,pre-specified first grid configuration; no tuning; parameters={'model__alpha': 0.1},1.0,822447.9767845226,822447.9767845226,20.484740127088706,18.58154910428829,20.48474012708871,4.544432804373021,3.31371347759006,,822447.9767845226,1.0,822447.9767845226,822447.9767845226,20.484740127088706,18.58154910428829,20.48474012708871,4.544432804373021,3.31371347759006,,822447.9767845226,1.0,1400392.0,1400392.0,34.87961184877445,29.699991050080104,34.87961184877445,7.737860051236867,5.642299543920073,,1400392.0,0.4127016029907893,0.4127016029907893,,,,,,,2016-08-31,2016-05-01,3
ablation_20260811T165312Z_69334f2b,one_step_201610,one_step_ex_ante_snapshot_vintage_sensitivity,ridge_recursive_b5,2008-01,2016-09,2016-10,2016-10,0.03748339996673167,pre-specified first grid configuration; no tuning; parameters={'model__alpha': 0.1},1.0,398417.8598225517,398417.8598225517,12.488280531836219,11.75432405079409,12.48828053183622,2.018932350669814,1.3186005800389977,,398417.8598225517,1.0,398417.8598225517,398417.8598225517,12.488280531836219,11.75432405079409,12.48828053183622,2.018932350669814,1.3186005800389977,,398417.8598225517,1.0,971472.0,971472.0,30.450479479578004,26.426917876971874,30.450479479578,4.922812068323068,3.2151760045650883,,971472.0,0.5898823025032613,0.5898823025032613,,,,,,,2016-09-30,2016-06-01,3
ablation_20260811T165312Z_69334f2b,one_step_201611,one_step_ex_ante_snapshot_vintage_sensitivity,ridge_recursive_b5,2008-01,2016-10,2016-11,2016-11,0.08317980007268488,pre-specified first grid configuration; no tuning; parameters={'model__alpha': 0.1},1.0,651624.25263938,651624.25263938,34.66777961770992,41.937112484849244,34.66777961770992,3.0373152843297873,1.8473189355874413,,-651624.25263938,1.0,651624.25263938,651624.25263938,34.66777961770992,41.937112484849244,34.66777961770992,3.0373152843297873,1.8473189355874413,,-651624.25263938,1.0,357373.0,357373.0,19.012994613287223,17.36243518048653,19.012994613287226,1.6657674583323068,1.0131328097345182,,357373.0,-0.8233729258768292,-0.8233729258768292,,,,,,,2016-10-31,2016-07-01,3
ablation_20260811T165312Z_69334f2b,one_step_201612,one_step_ex_ante_snapshot_vintage_sensitivity,ridge_recursive_b5,2008-01,2016-11,2016-12,2016-12,0.039248600020073354,pre-specified first grid configuration; no tuning; parameters={'model__alpha': 0.1},1.0,405368.90100213746,405368.90100213746,24.877331416277887,28.4113206102551,24.877331416277887,1.7181420084979684,0.9693879603041472,,-405368.90100213746,1.0,405368.90100213746,405368.90100213746,24.877331416277887,28.4113206102551,24.877331416277887,1.7181420084979684,0.9693879603041472,,-405368.90100213746,1.0,84336.0,84336.0,5.175667440537451,5.045108423529243,5.175667440537451,0.35745520702368977,0.2016787741193286,,84336.0,-3.806593874527336,-3.806593874527336,,,,,,,2016-11-30,2016-08-01,3
ablation_20260811T165312Z_69334f2b,one_step_201701,one_step_ex_ante_snapshot_vintage_sensitivity,ridge_recursive_b5,2008-01,2016-12,2017-01,2017-01,0.03640300000552088,pre-specified first grid configuration; no tuning; parameters={'model__alpha': 0.1},1.0,586679.0765548768,586679.0765548768,37.407550674780325,46.01388419945285,37.407550674780325,2.3613043939848057,1.331736081126071,,-586679.0765548768,1.0,586679.0765548768,586679.0765548768,37.407550674780325,46.01388419945285,37.407550674780325,2.3613043939848057,1.331736081126071,,-586679.0765548768,1.0,122943.0,122943.0,7.839032763220313,7.543369172768329,7.839032763220314,0.4948290431873265,0.2790752824923147,,122943.0,-3.7719599859681052,-3.7719599859681052,,,,,,,2016-12-31,2016-09-01,3
ablation_20260811T165312Z_69334f2b,one_step_201702,one_step_ex_ante_snapshot_vintage_sensitivity,ridge_recursive_b5,2008-01,2017-01,2017-02,2017-02,0.031114400015212595,pre-specified first grid configuration; no tuning; parameters={'model__alpha': 0.1},1.0,850503.5941089964,850503.5941089964,59.37852790108762,84.45158056562099,59.378527901087615,3.3203708376029866,1.8921196540200869,,-850503.5941089964,1.0,850503.5941089964,850503.5941089964,59.37852790108762,84.45158056562099,59.378527901087615,3.3203708376029866,1.8921196540200869,,-850503.5941089964,1.0,85162.0,85162.0,5.945647059152074,5.7739963374359204,5.945647059152074,0.33247292925102817,0.189460332786093,,85162.0,-8.986890797644447,-8.986890797644447,,,,,,,2017-01-31,2016-10-01,3
ablation_20260811T165312Z_69334f2b,one_step_201703,one_step_ex_ante_snapshot_vintage_sensitivity,ridge_recursive_b5,2008-01,2017-02,2017-03,2017-03,0.033551800064742565,pre-specified first grid configuration; no tuning; parameters={'model__alpha': 0.1},1.0,1102108.3547904794,1102108.3547904794,59.764801168199114,85.23509313789535,59.76480116819911,4.284813044763466,2.4566274118209512,,-1102108.3547904794,1.0,1102108.3547904794,1102108.3547904794,59.764801168199114,85.23509313789535,59.76480116819911,4.284813044763466,2.4566274118209512,,-1102108.3547904794,1.0,54686.0,54686.0,2.9654959990802983,2.9221676171931565,2.9654959990802983,0.21261002618066627,0.12189647783622906,,54686.0,-19.153391266329216,-19.153391266329216,,,,,,,2017-02-28,2016-11-01,3
ablation_20260811T165312Z_69334f2b,one_step_201704,one_step_ex_ante_snapshot_vintage_sensitivity,ridge_recursive_b5,2008-01,2017-03,2017-04,2017-04,0.03400560002774,pre-specified first grid configuration; no tuning; parameters={'model__alpha': 0.1},1.0,1481057.5840404849,1481057.5840404849,65.00034601312267,96.29705572347767,65.00034601312265,5.798702205334192,3.3180276081451687,,-1481057.5840404849,1.0,1481057.5840404849,1481057.5840404849,65.00034601312267,96.29705572347767,65.00034601312265,5.798702205334192,3.3180276081451687,,-1481057.5840404849,1.0,229300.0,229300.0,10.063470523642792,10.596666740607647,10.063470523642792,0.8977655089248605,0.5137030043572499,,-229300.0,-5.459038744180047,-5.459038744180047,,,,,,,2017-03-31,2016-12-01,3
ablation_20260811T165312Z_69334f2b,one_step_201705,one_step_ex_ante_snapshot_vintage_sensitivity,ridge_recursive_b5,2008-01,2017-04,2017-05,2017-05,0.03297469997778535,pre-specified first grid configuration; no tuning; parameters={'model__alpha': 0.1},1.0,1143863.1252842369,1143863.1252842369,36.955053700575164,45.33112437929703,36.95505370057516,4.5025783174867575,2.5749027634013095,,-1143863.1252842369,1.0,1143863.1252842369,1143863.1252842369,36.955053700575164,45.33112437929703,36.95505370057516,4.5025783174867575,2.5749027634013095,,-1143863.1252842369,1.0,345634.0,345634.0,11.166478530873762,11.826796899192976,11.166478530873762,1.3605160615694374,0.7780423392040896,,-345634.0,-2.3094635518619024,-2.3094635518619024,,,,,,,2017-04-30,2017-01-01,3
ablation_20260811T165312Z_69334f2b,one_step_201706,one_step_ex_ante_snapshot_vintage_sensitivity,ridge_recursive_b5,2008-01,2017-05,2017-06,2017-06,0.034996300004422665,pre-specified first grid configuration; no tuning; parameters={'model__alpha': 0.1},1.0,667615.0336234365,667615.0336234365,19.131716830128063,21.155413757269436,19.131716830128063,2.6458753090911347,1.5102811303392336,,-667615.0336234365,1.0,667615.0336234365,667615.0336234365,19.131716830128063,21.155413757269436,19.131716830128063,2.6458753090911347,1.5102811303392336,,-667615.0336234365,1.0,793423.0,793423.0,22.736971754702296,25.653371692645045,22.736971754702296,3.1444743147427525,1.7948843643821146,,-793423.0,0.1585635485441732,0.1585635485441732,,,,,,,2017-05-31,2017-02-01,3
ablation_20260811T165312Z_69334f2b,one_step_201707,one_step_ex_ante_snapshot_vintage_sensitivity,ridge_recursive_b5,2008-01,2017-06,2017-07,2017-07,0.03295089991297573,pre-specified first grid configuration; no tuning; parameters={'model__alpha': 0.1},1.0,1045450.4795773327,1045450.4795773327,20.774028265488813,23.181939608910636,20.774028265488816,4.176345838860696,2.3768720600403577,,-1045450.4795773327,1.0,1045450.4795773327,1045450.4795773327,20.774028265488813,23.181939608910636,20.774028265488816,4.176345838860696,2.3768720600403577,,-1045450.4795773327,1.0,1549944.0,1549944.0,30.79876196426102,36.40488961168907,30.79876196426102,6.191687029962553,3.5238575716342027,,-1549944.0,0.32549145028637627,0.32549145028637627,,,,,,,2017-06-30,2017-03-01,3
ablation_20260811T165312Z_69334f2b,one_step_201708,one_step_ex_ante_snapshot_vintage_sensitivity,ridge_recursive_b5,2008-01,2017-07,2017-08,2017-08,0.04271220008376986,pre-specified first grid configuration; no tuning; parameters={'model__alpha': 0.1},1.0,911014.7210415546,911014.7210415546,14.40592750917718,15.524124575572873,14.405927509177179,3.642363873713947,2.078810185522252,,-911014.7210415546,1.0,911014.7210415546,911014.7210415546,14.40592750917718,15.524124575572873,14.405927509177179,3.642363873713947,2.078810185522252,,-911014.7210415546,1.0,1758051.0,1758051.0,27.800160281143498,32.28825337646268,27.800160281143498,7.028933015731799,4.011630373315207,,-1758051.0,0.481804156397309,0.481804156397309,,,,,,,2017-07-31,2017-04-01,3
ablation_20260811T165312Z_69334f2b,one_step_201709,one_step_ex_ante_snapshot_vintage_sensitivity,ridge_recursive_b5,2008-01,2017-08,2017-09,2017-09,0.033489800058305264,pre-specified first grid configuration; no tuning; parameters={'model__alpha': 0.1},1.0,807831.7562722713,807831.7562722713,15.222325330255156,16.476368541234415,15.222325330255156,3.217657650796584,1.8468197525142118,,-807831.7562722713,1.0,807831.7562722713,807831.7562722713,15.222325330255156,16.476368541234415,15.222325330255156,3.217657650796584,1.8468197525142118,,-807831.7562722713,1.0,1291958.0,1291958.0,24.34492681963516,27.719013608718814,24.344926819635162,5.145970693688295,2.953602077775431,,-1291958.0,0.3747228963540059,0.3747228963540059,,,,,,,2017-08-31,2017-05-01,3
ablation_20260811T165312Z_69334f2b,one_step_201710,one_step_ex_ante_snapshot_vintage_sensitivity,ridge_recursive_b5,2008-01,2017-09,2017-10,2017-10,0.03301939996890724,pre-specified first grid configuration; no tuning; parameters={'model__alpha': 0.1},1.0,46412.960126907565,46412.960126907565,1.1858921340559694,1.1789018817142258,1.1858921340559694,0.18103238392226698,0.10493522071851559,,46412.960126907565,1.0,46412.960126907565,46412.960126907565,1.1858921340559694,1.1789018817142258,1.1858921340559694,0.18103238392226698,0.10493522071851559,,46412.960126907565,1.0,723425.0,723425.0,18.484147848653944,20.36642819850472,18.48414784865394,2.8216979046557507,1.6355940633978716,,-723425.0,0.935842747863417,0.935842747863417,,,,,,,2017-09-30,2017-06-01,3
ablation_20260811T165312Z_69334f2b,one_step_201711,one_step_ex_ante_snapshot_vintage_sensitivity,ridge_recursive_b5,2008-01,2017-10,2017-11,2017-11,0.03523460007272661,pre-specified first grid configuration; no tuning; parameters={'model__alpha': 0.1},1.0,887057.40953907,887057.40953907,38.671167237355846,32.40539499176103,38.671167237355846,3.2983689067966933,1.9040018323681587,,887057.40953907,1.0,887057.40953907,887057.40953907,38.671167237355846,32.40539499176103,38.671167237355846,3.2983689067966933,1.9040018323681587,,887057.40953907,1.0,414222.0,414222.0,18.057961145621306,19.850235008165864,18.05796114562131,1.5402125619141944,0.8890962845539102,,-414222.0,-1.1415024058091312,-1.1415024058091312,,,,,,,2017-10-31,2017-07-01,3
ablation_20260811T165312Z_69334f2b,one_step_201712,one_step_ex_ante_snapshot_vintage_sensitivity,ridge_recursive_b5,2008-01,2017-11,2017-12,2017-12,0.03439579997211695,pre-specified first grid configuration; no tuning; parameters={'model__alpha': 0.1},1.0,1122251.6123383767,1122251.6123383767,54.9766799442507,43.12290830382688,54.9766799442507,3.9619610896151713,2.2687445302800744,,1122251.6123383767,1.0,1122251.6123383767,1122251.6123383767,54.9766799442507,43.12290830382688,54.9766799442507,3.9619610896151713,2.2687445302800744,,1122251.6123383767,1.0,411852.0,411852.0,20.175738969286094,22.439395945400367,20.175738969286094,1.4539890883116784,0.8326002493665179,,-411852.0,-1.7248905246019848,-1.7248905246019848,,,,,,,2017-11-30,2017-08-01,3
ablation_20260811T165312Z_69334f2b,one_step_201801,one_step_ex_ante_snapshot_vintage_sensitivity,ridge_recursive_b5,2008-01,2017-12,2018-01,2018-01,0.03509000001940876,pre-specified first grid configuration; no tuning; parameters={'model__alpha': 0.1},1.0,984335.7250501951,984335.7250501951,48.12575140527643,38.79142018328456,48.12575140527644,3.3610759869052007,1.9369615852426396,,984335.7250501951,1.0,984335.7250501951,984335.7250501951,48.12575140527643,38.79142018328456,48.12575140527644,3.3610759869052007,1.9369615852426396,,984335.7250501951,1.0,476997.0,476997.0,23.321147916166545,26.399478648526365,23.321147916166545,1.6287361331359433,0.938627789039018,,-476997.0,-1.063609886540576,-1.063609886540576,,,,,,,2017-12-31,2017-09-01,3
ablation_20260811T165312Z_69334f2b,one_step_201802,one_step_ex_ante_snapshot_vintage_sensitivity,ridge_recursive_b5,2008-01,2018-01,2018-02,2018-02,0.03295969997998327,pre-specified first grid configuration; no tuning; parameters={'model__alpha': 0.1},1.0,1102588.293973919,1102588.293973919,61.023625679448166,46.7571665366327,61.023625679448166,3.713353972796953,2.1592277196353034,,1102588.293973919,1.0,1102588.293973919,1102588.293973919,61.023625679448166,46.7571665366327,61.023625679448166,3.713353972796953,2.1592277196353034,,1102588.293973919,1.0,374480.0,374480.0,20.72589330880408,23.12201543361188,20.72589330880408,1.2611931428376801,0.7333540550614217,,-374480.0,-1.9443182385545796,-1.9443182385545796,,,,,,,2018-01-31,2017-10-01,3
ablation_20260811T165312Z_69334f2b,one_step_201803,one_step_ex_ante_snapshot_vintage_sensitivity,ridge_recursive_b5,2008-01,2018-02,2018-03,2018-03,0.03442389995325357,pre-specified first grid configuration; no tuning; parameters={'model__alpha': 0.1},1.0,918517.4068936519,918517.4068936519,40.46298321263619,33.65423041171842,40.46298321263619,3.082051732958055,1.8016382725364244,,918517.4068936519,1.0,918517.4068936519,918517.4068936519,40.46298321263619,33.65423041171842,40.46298321263619,3.082051732958055,1.8016382725364244,,918517.4068936519,1.0,425943.0,425943.0,18.763851756306885,20.706522333587337,18.763851756306885,1.429236235958835,0.8354716034334589,,-425943.0,-1.156432684405312,-1.156432684405312,,,,,,,2018-02-28,2017-11-01,3
ablation_20260811T165312Z_69334f2b,one_step_201804,one_step_ex_ante_snapshot_vintage_sensitivity,ridge_recursive_b5,2008-01,2018-03,2018-04,2018-04,0.0328884000191465,pre-specified first grid configuration; no tuning; parameters={'model__alpha': 0.1},1.0,615043.1442574426,615043.1442574426,21.42582687465247,19.352599628571305,21.42582687465247,2.056481904114288,1.2083296129282826,,615043.1442574426,1.0,615043.1442574426,615043.1442574426,21.42582687465247,19.352599628571305,21.42582687465247,2.056481904114288,1.2083296129282826,,615043.1442574426,1.0,592031.0,592031.0,20.62416893654185,22.995482517648206,20.62416893654185,1.9795376138118026,1.1631193612201416,,-592031.0,-0.0388698298863448,-0.0388698298863448,,,,,,,2018-03-31,2017-12-01,3
ablation_20260811T165312Z_69334f2b,one_step_201805,one_step_ex_ante_snapshot_vintage_sensitivity,ridge_recursive_b5,2008-01,2018-04,2018-05,2018-05,0.03450369997881353,pre-specified first grid configuration; no tuning; parameters={'model__alpha': 0.1},1.0,684722.7485957043,684722.7485957043,18.0640657754892,16.56766850718752,18.0640657754892,2.2770375815867943,1.345976218363978,,684722.7485957043,1.0,684722.7485957043,684722.7485957043,18.0640657754892,16.56766850718752,18.0640657754892,2.2770375815867943,1.345976218363978,,684722.7485957043,1.0,695242.0,695242.0,18.34158021423951,20.193482070218067,18.34158021423951,2.312019230475874,1.3666541675838804,,-695242.0,0.015130345123418376,0.015130345123418376,,,,,,,2018-04-30,2018-01-01,3
ablation_20260811T165312Z_69334f2b,one_step_201806,one_step_ex_ante_snapshot_vintage_sensitivity,ridge_recursive_b5,2008-01,2018-05,2018-06,2018-06,0.03313300001900643,pre-specified first grid configuration; no tuning; parameters={'model__alpha': 0.1},1.0,341100.6728298124,341100.6728298124,7.740160594509702,7.4517710705132325,7.740160594509702,1.1318021264505131,0.6719105417549844,,341100.6728298124,1.0,341100.6728298124,341100.6728298124,7.740160594509702,7.4517710705132325,7.740160594509702,1.1318021264505131,0.6719105417549844,,341100.6728298124,1.0,917322.0,917322.0,20.815612991825986,23.233735192426586,20.81561299182599,3.0437553277939355,1.8069689422491686,,-917322.0,0.6281560097437842,0.6281560097437842,,,,,,,2018-05-31,2018-02-01,3
ablation_20260811T165312Z_69334f2b,one_step_201807,one_step_ex_ante_snapshot_vintage_sensitivity,ridge_recursive_b5,2008-01,2018-06,2018-07,2018-07,0.03444159997161478,pre-specified first grid configuration; no tuning; parameters={'model__alpha': 0.1},1.0,201219.33115150407,201219.33115150407,3.522146187433064,3.585285689035538,3.5221461874330635,0.665186623514546,0.3968975797312566,,-201219.33115150407,1.0,201219.33115150407,201219.33115150407,3.522146187433064,3.585285689035538,3.5221461874330635,0.665186623514546,0.3968975797312566,,-201219.33115150407,1.0,680487.0,680487.0,11.911254644033974,12.665568714907863,11.911254644033976,2.2495395809398078,1.342235071516213,,-680487.0,0.7043009915670628,0.7043009915670628,,,,,,,2018-06-30,2018-03-01,3
ablation_20260811T165312Z_69334f2b,one_step_201808,one_step_ex_ante_snapshot_vintage_sensitivity,ridge_recursive_b5,2008-01,2018-07,2018-08,2018-08,0.03658569999970496,pre-specified first grid configuration; no tuning; parameters={'model__alpha': 0.1},1.0,349896.1920018578,349896.1920018578,4.96135435816062,5.087560305634442,4.96135435816062,1.1468785231749627,0.689039369142577,,-349896.1920018578,1.0,349896.1920018578,349896.1920018578,4.96135435816062,5.087560305634442,4.96135435816062,1.1468785231749627,0.689039369142577,,-349896.1920018578,1.0,728545.0,728545.0,10.330406541969275,10.893054973785393,10.330406541969275,2.3880014494758117,1.4347003444647761,,-728545.0,0.5197329032498228,0.5197329032498228,,,,,,,2018-07-31,2018-04-01,3
ablation_20260811T165312Z_69334f2b,one_step_201809,one_step_ex_ante_snapshot_vintage_sensitivity,ridge_recursive_b5,2008-01,2018-08,2018-09,2018-09,0.0375478999922052,pre-specified first grid configuration; no tuning; parameters={'model__alpha': 0.1},1.0,211750.18265351094,211750.18265351094,3.5166521874306897,3.5795931070813367,3.5166521874306893,0.6863009663905126,0.41538864994210706,,-211750.18265351094,1.0,211750.18265351094,211750.18265351094,3.5166521874306897,3.5795931070813367,3.5166521874306893,0.6863009663905126,0.41538864994210706,,-211750.18265351094,1.0,714469.0,714469.0,11.865581130632181,12.613939758541592,11.865581130632181,2.3156568698616566,1.4015681574221606,,-714469.0,0.7036257939063684,0.7036257939063684,,,,,,,2018-08-31,2018-05-01,3
ablation_20260811T165312Z_69334f2b,one_step_201810,one_step_ex_ante_snapshot_vintage_sensitivity,ridge_recursive_b5,2008-01,2018-09,2018-10,2018-10,0.03399069991428405,pre-specified first grid configuration; no tuning; parameters={'model__alpha': 0.1},1.0,12920.065514087677,12920.065514087677,0.2696489617020623,0.2700130053347351,0.2696489617020623,0.04116262268491451,0.025099987955820843,,-12920.065514087677,1.0,12920.065514087677,12920.065514087677,0.2696489617020623,0.2700130053347351,0.2696489617020623,0.04116262268491451,0.025099987955820843,,-12920.065514087677,1.0,877680.0,877680.0,18.31767032826673,20.164504012430275,18.31767032826673,2.79624051741094,1.705080938254083,,-877680.0,0.985279298247553,0.985279298247553,,,,,,,2018-09-30,2018-06-01,3
ablation_20260811T165312Z_69334f2b,one_step_201811,one_step_ex_ante_snapshot_vintage_sensitivity,ridge_recursive_b5,2008-01,2018-10,2018-11,2018-11,0.03304720006417483,pre-specified first grid configuration; no tuning; parameters={'model__alpha': 0.1},1.0,336145.4949720488,336145.4949720488,12.545457411381896,11.804964043150688,12.545457411381895,1.0601735535583228,0.6509219252475473,,336145.4949720488,1.0,336145.4949720488,336145.4949720488,12.545457411381896,11.804964043150688,12.545457411381895,1.0601735535583228,0.6509219252475473,,336145.4949720488,1.0,385573.0,385573.0,14.390166528577081,15.505823435580675,14.39016652857708,1.2160635905595987,0.7466347853459762,,-385573.0,0.12819233978507627,0.12819233978507627,,,,,,,2018-10-31,2018-07-01,3
ablation_20260811T165312Z_69334f2b,one_step_201812,one_step_ex_ante_snapshot_vintage_sensitivity,ridge_recursive_b5,2008-01,2018-11,2018-12,2018-12,0.0335899000056088,pre-specified first grid configuration; no tuning; parameters={'model__alpha': 0.1},1.0,47943.96036811732,47943.96036811732,2.1983758108818097,2.222808654776203,2.1983758108818097,0.14953808691525086,0.0924463140371567,,-47943.96036811732,1.0,47943.96036811732,47943.96036811732,2.1983758108818097,2.222808654776203,2.1983758108818097,0.14953808691525086,0.0924463140371567,,-47943.96036811732,1.0,139558.0,139558.0,6.39915703791266,6.610670635525901,6.39915703791266,0.4352839476230796,0.26909797595646856,,-139558.0,0.6564585307319013,0.6564585307319013,,,,,,,2018-11-30,2018-08-01,3
ablation_20260811T165312Z_69334f2b,one_step_201901,one_step_ex_ante_snapshot_vintage_sensitivity,ridge_recursive_b5,2008-01,2018-12,2019-01,2019-01,0.032513099955394864,pre-specified first grid configuration; no tuning; parameters={'model__alpha': 0.1},1.0,388254.7155468054,388254.7155468054,17.439554790162163,19.10551299337254,17.439554790162163,1.19839102966067,0.7457826755485166,,-388254.7155468054,1.0,388254.7155468054,388254.7155468054,17.439554790162163,19.10551299337254,17.439554790162163,1.19839102966067,0.7457826755485166,,-388254.7155468054,1.0,180947.0,180947.0,8.127744478701768,8.472037248553187,8.127744478701768,0.558512885899174,0.347573725157265,,-180947.0,-1.1456819706698944,-1.1456819706698944,,,,,,,2018-12-31,2018-09-01,3
ablation_20260811T165312Z_69334f2b,one_step_201902,one_step_ex_ante_snapshot_vintage_sensitivity,ridge_recursive_b5,2008-01,2019-01,2019-02,2019-02,0.03196359996218234,pre-specified first grid configuration; no tuning; parameters={'model__alpha': 0.1},1.0,126028.99563993234,126028.99563993234,6.479783133505386,6.696750591154666,6.479783133505386,0.3834487145501324,0.24021605953247832,,-126028.99563993234,1.0,126028.99563993234,126028.99563993234,6.479783133505386,6.696750591154666,6.479783133505386,0.3834487145501324,0.24021605953247832,,-126028.99563993234,1.0,138135.0,138135.0,7.102213570788455,7.363706657561653,7.102213570788455,0.4202817606807913,0.26329056432633413,,-138135.0,0.08763893553456881,0.08763893553456881,,,,,,,2019-01-31,2018-10-01,3
ablation_20260811T165312Z_69334f2b,one_step_201903,one_step_ex_ante_snapshot_vintage_sensitivity,ridge_recursive_b5,2008-01,2019-02,2019-03,2019-03,0.07937399996444583,pre-specified first grid configuration; no tuning; parameters={'model__alpha': 0.1},1.0,74558.19987313123,74558.19987313123,3.014709593612156,3.0608474240819707,3.014709593612156,0.22651703434863385,0.14238617003403642,,-74558.19987313123,1.0,74558.19987313123,74558.19987313123,3.014709593612156,3.0608474240819707,3.014709593612156,0.22651703434863385,0.14238617003403642,,-74558.19987313123,1.0,203128.0,203128.0,8.213341139851371,8.56508079202794,8.213341139851371,0.6171279917093433,0.3879200141082897,,-203128.0,0.6329496678294906,0.6329496678294906,,,,,,,2019-02-28,2018-11-01,3
ablation_20260811T165312Z_69334f2b,one_step_201904,one_step_ex_ante_snapshot_vintage_sensitivity,ridge_recursive_b5,2008-01,2019-03,2019-04,2019-04,0.034082100028172135,pre-specified first grid configuration; no tuning; parameters={'model__alpha': 0.1},1.0,392647.59889084287,392647.59889084287,12.021335709474176,12.790106531340063,12.021335709474178,1.1986656277107999,0.7527710428213624,,-392647.59889084287,1.0,392647.59889084287,392647.59889084287,12.021335709474176,12.790106531340063,12.021335709474178,1.1986656277107999,0.7527710428213624,,-392647.59889084287,1.0,395687.0,395687.0,12.11439029886206,12.895495634957816,12.11439029886206,1.207944242042491,0.7585980825102736,,-395687.0,0.007681326677796196,0.007681326677796196,,,,,,,2019-03-31,2018-12-01,3
ablation_20260811T165312Z_69334f2b,one_step_201905,one_step_ex_ante_snapshot_vintage_sensitivity,ridge_recursive_b5,2008-01,2019-04,2019-05,2019-05,0.03351570002269,pre-specified first grid configuration; no tuning; parameters={'model__alpha': 0.1},1.0,302321.7339462219,302321.7339462219,7.164298856714653,7.430469372879522,7.164298856714653,0.9263476796199055,0.5817196454100425,,-302321.7339462219,1.0,302321.7339462219,302321.7339462219,7.164298856714653,7.430469372879522,7.164298856714653,0.9263476796199055,0.5817196454100425,,-302321.7339462219,1.0,429313.0,429313.0,10.173686803542411,10.718942629427064,10.173686803542411,1.3154631530771903,0.8260729484117945,,-429313.0,0.2958011195882214,0.2958011195882214,,,,,,,2019-04-30,2019-01-01,3
ablation_20260811T165312Z_69334f2b,one_step_201906,one_step_ex_ante_snapshot_vintage_sensitivity,ridge_recursive_b5,2008-01,2019-05,2019-06,2019-06,0.03192380000837147,pre-specified first grid configuration; no tuning; parameters={'model__alpha': 0.1},1.0,786169.9767995905,786169.9767995905,14.900156925749968,16.099588933495742,14.90015692574997,2.4203548371988775,1.5185227346204986,,-786169.9767995905,1.0,786169.9767995905,786169.9767995905,14.900156925749968,16.099588933495742,14.90015692574997,2.4203548371988775,1.5185227346204986,,-786169.9767995905,1.0,869359.0,869359.0,16.476825504766357,17.95612521425111,16.476825504766357,2.676466060785183,1.6792060813885175,,-869359.0,0.09569006958047188,0.09569006958047188,,,,,,,2019-05-31,2019-02-01,3
ablation_20260811T165312Z_69334f2b,one_step_201907,one_step_ex_ante_snapshot_vintage_sensitivity,ridge_recursive_b5,2008-01,2019-06,2019-07,2019-07,0.036326600005850196,pre-specified first grid configuration; no tuning; parameters={'model__alpha': 0.1},1.0,1111571.5239930581,1111571.5239930581,16.583083121074946,18.08239218416431,16.583083121074946,3.43261268577755,2.154473089502009,,-1111571.5239930581,1.0,1111571.5239930581,1111571.5239930581,16.583083121074946,18.08239218416431,16.583083121074946,3.43261268577755,2.154473089502009,,-1111571.5239930581,1.0,990070.0,990070.0,14.770451339652352,15.94826683591038,14.770451339652352,3.057407254910034,1.9189760853720608,,-990070.0,-0.12272013493294232,-0.12272013493294232,,,,,,,2019-06-30,2019-03-01,3
ablation_20260811T165312Z_69334f2b,one_step_201908,one_step_ex_ante_snapshot_vintage_sensitivity,ridge_recursive_b5,2008-01,2019-07,2019-08,2019-08,0.03583299997262657,pre-specified first grid configuration; no tuning; parameters={'model__alpha': 0.1},1.0,1118548.5995100867,1118548.5995100867,13.695702901380368,14.702508868199201,13.695702901380368,3.447987891604796,2.171605297430118,,-1118548.5995100867,1.0,1118548.5995100867,1118548.5995100867,13.695702901380368,14.702508868199201,13.695702901380368,3.447987891604796,2.171605297430118,,-1118548.5995100867,1.0,1114717.0,1114717.0,13.648788132947235,14.648456531299182,13.648788132947233,3.436176774303282,2.164166441579438,,-1114717.0,-0.0034372845395618246,-0.0034372845395618246,,,,,,,2019-07-31,2019-04-01,3
ablation_20260811T165312Z_69334f2b,one_step_201909,one_step_ex_ante_snapshot_vintage_sensitivity,ridge_recursive_b5,2008-01,2019-08,2019-09,2019-09,0.03312999999616295,pre-specified first grid configuration; no tuning; parameters={'model__alpha': 0.1},1.0,555015.4695204701,555015.4695204701,8.232490159785511,8.58590713999992,8.232490159785511,1.7064511942749148,1.0788526266996155,,-555015.4695204701,1.0,555015.4695204701,555015.4695204701,8.232490159785511,8.58590713999992,8.232490159785511,1.7064511942749148,1.0788526266996155,,-555015.4695204701,1.0,720412.0,720412.0,10.685800714916219,11.28895852003655,10.685800714916219,2.2149795551322717,1.4003544426922643,,-720412.0,0.22958602921596238,0.22958602921596238,,,,,,,2019-08-31,2019-05-01,3
ablation_20260811T165312Z_69334f2b,one_step_201910,one_step_ex_ante_snapshot_vintage_sensitivity,ridge_recursive_b5,2008-01,2019-09,2019-10,2019-10,0.036930000060237944,pre-specified first grid configuration; no tuning; parameters={'model__alpha': 0.1},1.0,182536.31766565144,182536.31766565144,3.3569934544415396,3.4143024086277767,3.3569934544415396,0.5538724726031463,0.35223422175200775,,-182536.31766565144,1.0,182536.31766565144,182536.31766565144,3.3569934544415396,3.4143024086277767,3.3569934544415396,0.5538724726031463,0.35223422175200775,,-182536.31766565144,1.0,646055.0,646055.0,11.881484374971265,12.631913807627834,11.881484374971265,1.960333619433807,1.2466707066525573,,-646055.0,0.7174600960202282,0.7174600960202282,,,,,,,2019-09-30,2019-06-01,3
ablation_20260811T165312Z_69334f2b,one_step_201911,one_step_ex_ante_snapshot_vintage_sensitivity,ridge_recursive_b5,2008-01,2019-10,2019-11,2019-11,0.03411990008316934,pre-specified first grid configuration; no tuning; parameters={'model__alpha': 0.1},1.0,576622.8807919314,576622.8807919314,19.18548059425155,17.50616011812118,19.185480594251555,1.7224724946741943,1.1012595448891291,,576622.8807919314,1.0,576622.8807919314,576622.8807919314,19.18548059425155,17.50616011812118,19.185480594251555,1.7224724946741943,1.1012595448891291,,576622.8807919314,1.0,326097.0,326097.0,10.849946947563431,11.472317107471904,10.849946947563431,0.9741082634881637,0.6227942833563941,,-326097.0,-0.768255705486194,-0.768255705486194,,,,,,,2019-10-31,2019-07-01,3
ablation_20260811T165312Z_69334f2b,one_step_201912,one_step_ex_ante_snapshot_vintage_sensitivity,ridge_recursive_b5,2008-01,2019-11,2019-12,2019-12,0.033074500039219856,pre-specified first grid configuration; no tuning; parameters={'model__alpha': 0.1},1.0,298087.46194492,298087.46194492,12.428964580961162,11.701760732561704,12.42896458096116,0.8745209098232425,0.5616040017027596,,298087.46194492,1.0,298087.46194492,298087.46194492,12.428964580961162,11.701760732561704,12.42896458096116,0.8745209098232425,0.5616040017027596,,298087.46194492,1.0,217448.0,217448.0,9.066645985600807,9.497184012089422,9.066645985600807,0.6379430438251118,0.4096773013043624,,-217448.0,-0.3708448086205438,-0.3708448086205438,,,,,,,2019-11-30,2019-08-01,3
ablation_20260811T165312Z_69334f2b,one_step_202001,one_step_ex_ante_snapshot_vintage_sensitivity,ridge_recursive_b5,2008-01,2019-12,2020-01,2020-01,0.04037689999677241,pre-specified first grid configuration; no tuning; parameters={'model__alpha': 0.1},1.0,65740.9822366992,65740.9822366992,2.5990505438077856,2.6332705602153896,2.5990505438077856,0.1912185163140319,0.1234552630497869,,-65740.9822366992,1.0,65740.9822366992,65740.9822366992,2.5990505438077856,2.6332705602153896,2.5990505438077856,0.1912185163140319,0.1234552630497869,,-65740.9822366992,1.0,303135.0,303135.0,11.98435374391709,12.748251523273806,11.98435374391709,0.8817182672165141,0.5692584730458411,,-303135.0,0.7831296873119263,0.7831296873119263,,,,,,,2019-12-31,2019-09-01,3
ablation_20260811T165312Z_69334f2b,one_step_202002,one_step_ex_ante_snapshot_vintage_sensitivity,ridge_recursive_b5,2008-01,2020-01,2020-02,2020-02,0.03302780003286898,pre-specified first grid configuration; no tuning; parameters={'model__alpha': 0.1},1.0,394331.5986024663,394331.5986024663,19.21766063358451,17.53294928706153,19.21766063358451,1.1392740246028847,0.7391764812499767,,394331.5986024663,1.0,394331.5986024663,394331.5986024663,19.21766063358451,17.53294928706153,19.21766063358451,1.1392740246028847,0.7391764812499767,,394331.5986024663,1.0,106966.0,106966.0,5.212963644347278,5.352474930445748,5.212963644347278,0.30903834678114483,0.20050828230251416,,-106966.0,-2.6865134585051913,-2.6865134585051913,,,,,,,2020-01-31,2019-10-01,3
ablation_20260811T165312Z_69334f2b,one_step_202003,one_step_ex_ante_snapshot_vintage_sensitivity,ridge_recursive_b5,2008-01,2020-02,2020-03,2020-03,0.0333284999942407,pre-specified first grid configuration; no tuning; parameters={'model__alpha': 0.1},1.0,1862456.138560874,1862456.138560874,176.02423838173672,93.62387868360675,176.0242383817367,5.383249959930941,3.4995592255175247,,1862456.138560874,1.0,1862456.138560874,1862456.138560874,176.02423838173672,93.62387868360675,176.0242383817367,5.383249959930941,3.4995592255175247,,1862456.138560874,1.0,1415079.0,1415079.0,133.7417821916928,80.14686163261088,133.74178219169278,4.090149460343993,2.6589365874208766,,1415079.0,-0.3161499383150155,-0.3161499383150155,,,,,,,2020-02-29,2019-11-01,3
ablation_20260811T165312Z_69334f2b,one_step_202004,one_step_ex_ante_snapshot_vintage_sensitivity,ridge_recursive_b5,2008-01,2020-03,2020-04,2020-04,0.034078899887390435,pre-specified first grid configuration; no tuning; parameters={'model__alpha': 0.1},0.0,,,,,,,,,,0.0,,,,,,,,,,0.0,,,,,,,,,,,,,,,,,,2020-03-31,2019-12-01,3
ablation_20260811T165312Z_69334f2b,one_step_202005,one_step_ex_ante_snapshot_vintage_sensitivity,ridge_recursive_b5,2008-01,2020-04,2020-05,2020-05,0.03277479996904731,pre-specified first grid configuration; no tuning; parameters={'model__alpha': 0.1},0.0,,,,,,,,,,0.0,,,,,,,,,,0.0,,,,,,,,,,,,,,,,,,2020-04-30,2020-01-01,3
ablation_20260811T165312Z_69334f2b,one_step_202006,one_step_ex_ante_snapshot_vintage_sensitivity,ridge_recursive_b5,2008-01,2020-05,2020-06,2020-06,0.034065800020471215,pre-specified first grid configuration; no tuning; parameters={'model__alpha': 0.1},0.0,,,,,,,,,,0.0,,,,,,,,,,0.0,,,,,,,,,,,,,,,,,,2020-05-31,2020-02-01,3
ablation_20260811T165312Z_69334f2b,one_step_202007,one_step_ex_ante_snapshot_vintage_sensitivity,ridge_recursive_b5,2008-01,2020-06,2020-07,2020-07,0.035780200036242604,pre-specified first grid configuration; no tuning; parameters={'model__alpha': 0.1},1.0,3721892.808298747,3721892.808298747,478.9815760902224,141.08823949195812,478.9815760902224,10.60815661719649,6.901980606988765,,3721892.808298747,1.0,3721892.808298747,3721892.808298747,478.9815760902224,141.08823949195812,478.9815760902224,10.60815661719649,6.901980606988765,,3721892.808298747,1.0,5926002.0,5926002.0,762.6350150506472,158.44738724998956,762.6350150506471,16.89031913806092,10.989341442015435,,5926002.0,0.3719386513371499,0.3719386513371499,,,,,,,2020-06-30,2020-03-01,3
ablation_20260811T165312Z_69334f2b,one_step_202008,one_step_ex_ante_snapshot_vintage_sensitivity,ridge_recursive_b5,2008-01,2020-07,2020-08,2020-08,0.034436400048434734,pre-specified first grid configuration; no tuning; parameters={'model__alpha': 0.1},1.0,3261169.093301166,3261169.093301166,148.71374946252712,85.29273634420196,148.71374946252712,9.29499968934156,6.047601851372039,,3261169.093301166,1.0,3261169.093301166,3261169.093301166,148.71374946252712,85.29273634420196,148.71374946252712,9.29499968934156,6.047601851372039,,3261169.093301166,1.0,5974233.0,5974233.0,272.43315638485177,115.33193752511445,272.43315638485177,17.027787364083764,11.078782337764348,,5974233.0,0.45412756862660597,0.45412756862660597,,,,,,,2020-07-31,2020-04-01,3
ablation_20260811T165312Z_69334f2b,one_step_202009,one_step_ex_ante_snapshot_vintage_sensitivity,ridge_recursive_b5,2008-01,2020-08,2020-09,2020-09,0.03254919999744743,pre-specified first grid configuration; no tuning; parameters={'model__alpha': 0.1},1.0,1751292.1732532866,1751292.1732532866,66.48301182157307,49.89662295327671,66.48301182157306,4.991541297190971,3.2476444754169203,,1751292.1732532866,1.0,1751292.1732532866,1751292.1732532866,66.48301182157307,49.89662295327671,66.48301182157306,4.991541297190971,3.2476444754169203,,1751292.1732532866,1.0,4107574.0,4107574.0,155.932799204311,87.61923573938637,155.93279920431098,11.707426987571292,7.617198439073276,,4107574.0,0.5736431837251657,0.5736431837251657,,,,,,,2020-08-31,2020-05-01,3
ablation_20260811T165312Z_69334f2b,one_step_202010,one_step_ex_ante_snapshot_vintage_sensitivity,ridge_recursive_b5,2008-01,2020-09,2020-10,2020-10,0.03311189997475594,pre-specified first grid configuration; no tuning; parameters={'model__alpha': 0.1},1.0,1289567.5518060904,1289567.5518060904,54.7558239738583,42.986906536415084,54.7558239738583,3.6755315810039852,2.3914096112929184,,1289567.5518060904,1.0,1289567.5518060904,1289567.5518060904,54.7558239738583,42.986906536415084,54.7558239738583,3.6755315810039852,2.3914096112929184,,1289567.5518060904,1.0,3082370.0,3082370.0,130.8793082657219,79.10999871930075,130.8793082657219,8.785385661629011,5.716031884671169,,3082370.0,0.5816311630965489,0.5816311630965489,,,,,,,2020-09-30,2020-06-01,3
ablation_20260811T165312Z_69334f2b,one_step_202011,one_step_ex_ante_snapshot_vintage_sensitivity,ridge_recursive_b5,2008-01,2020-10,2020-11,2020-11,0.03270080010406673,pre-specified first grid configuration; no tuning; parameters={'model__alpha': 0.1},1.0,1227017.8944078032,1227017.8944078032,97.16975589189394,188.990616009311,97.16975589189394,3.13137998933894,1.6592397232505312,,-1227017.8944078032,1.0,1227017.8944078032,1227017.8944078032,97.16975589189394,188.990616009311,97.16975589189394,3.13137998933894,1.6592397232505312,,-1227017.8944078032,1.0,1742760.0,1742760.0,138.01230165423752,81.66111172806619,138.01230165423752,4.447566588141867,2.3566539927991017,,1742760.0,0.2959340962566256,0.2959340962566256,,,,,,,2020-10-31,2020-07-01,3
ablation_20260811T165312Z_69334f2b,one_step_202012,one_step_ex_ante_snapshot_vintage_sensitivity,ridge_recursive_b5,2008-01,2020-11,2020-12,2020-12,0.03303940000478178,pre-specified first grid configuration; no tuning; parameters={'model__alpha': 0.1},1.0,964816.0,964816.0,100.0,200.0,100.0,2.2303084068501318,1.076412713937331,,-964816.0,1.0,964816.0,964816.0,100.0,200.0,100.0,2.2303084068501318,1.076412713937331,,-964816.0,1.0,1433513.0,1433513.0,148.57890001824182,85.24836128088441,148.57890001824182,3.3137676979122994,1.5993221700245903,,1433513.0,0.3269569233065902,0.3269569233065902,,,,,,,2020-11-30,2020-08-01,3
ablation_20260811T165312Z_69334f2b,one_step_202101,one_step_ex_ante_snapshot_vintage_sensitivity,ridge_recursive_b5,2008-01,2020-12,2021-01,2021-01,0.03893529996275902,pre-specified first grid configuration; no tuning; parameters={'model__alpha': 0.1},1.0,820039.2345536603,820039.2345536603,98.8080028910393,195.28817636565788,98.80800289103931,1.7857087923252204,0.8550246088966821,,-820039.2345536603,1.0,820039.2345536603,820039.2345536603,98.8080028910393,195.28817636565788,98.80800289103931,1.7857087923252204,0.8550246088966821,,-820039.2345536603,1.0,1699491.0,1699491.0,204.77472853197614,101.17960144134811,204.7747285319761,3.70079368559651,1.7719964684242744,,1699491.0,0.51747950736211,0.51747950736211,,,,,,,2020-12-31,2020-09-01,3
ablation_20260811T165312Z_69334f2b,one_step_202102,one_step_ex_ante_snapshot_vintage_sensitivity,ridge_recursive_b5,2008-01,2021-01,2021-02,2021-02,0.03429190011229366,pre-specified first grid configuration; no tuning; parameters={'model__alpha': 0.1},1.0,727126.0,727126.0,100.0,200.0,100.0,1.5208820161950614,0.7339188625330464,,-727126.0,1.0,727126.0,727126.0,100.0,200.0,100.0,1.5208820161950614,0.7339188625330464,,-727126.0,1.0,1324797.0,1324797.0,182.19634561272738,95.34175180070592,182.19634561272736,2.7709914545885703,1.3371733472977068,,1324797.0,0.4511415711237269,0.4511415711237269,,,,,,,2021-01-31,2020-10-01,3
ablation_20260811T165312Z_69334f2b,one_step_202103,one_step_ex_ante_snapshot_vintage_sensitivity,ridge_recursive_b5,2008-01,2021-02,2021-03,2021-03,0.032806599978357553,pre-specified first grid configuration; no tuning; parameters={'model__alpha': 0.1},1.0,777157.2460071519,777157.2460071519,74.48237041847861,118.6803330604705,74.48237041847861,1.5953852465258052,0.778615562574513,,-777157.2460071519,1.0,777157.2460071519,777157.2460071519,74.48237041847861,118.6803330604705,74.48237041847861,1.5953852465258052,0.778615562574513,,-777157.2460071519,1.0,14657.0,14657.0,1.4047197125581385,1.3949223380295497,1.4047197125581385,0.030088584618451254,0.014684503502074555,,14657.0,-52.022940984318204,-52.022940984318204,,,,,,,2021-02-28,2020-11-01,3
ablation_20260811T165312Z_69334f2b,one_step_202104,one_step_ex_ante_snapshot_vintage_sensitivity,ridge_recursive_b5,2008-01,2021-03,2021-04,2021-04,0.033793099923059344,pre-specified first grid configuration; no tuning; parameters={'model__alpha': 0.1},1.0,45341.27669044421,45341.27669044421,3.8439078819463672,3.91923374944987,3.8439078819463672,0.09181365858501384,0.04525613697278724,,-45341.27669044421,1.0,45341.27669044421,45341.27669044421,3.8439078819463672,3.91923374944987,3.8439078819463672,0.09181365858501384,0.04525613697278724,,-45341.27669044421,1.0,2086694.0,2086694.0,176.90413899396555,93.87221879078271,176.90413899396555,4.225443667927734,2.0827757041123607,,2086694.0,0.9782712382886786,0.9782712382886786,,,,,,,2021-03-31,2020-12-01,3
ablation_20260811T165312Z_69334f2b,one_step_202105,one_step_ex_ante_snapshot_vintage_sensitivity,ridge_recursive_b5,2008-01,2021-04,2021-05,2021-05,0.03353470005095005,pre-specified first grid configuration; no tuning; parameters={'model__alpha': 0.1},1.0,943692.9402126553,943692.9402126553,92.01742076395949,63.02187076594863,92.01742076395949,1.8786287978118934,0.9357552527697508,,943692.9402126553,1.0,943692.9402126553,943692.9402126553,92.01742076395949,63.02187076594863,92.01742076395949,1.8786287978118934,0.9357552527697508,,943692.9402126553,1.0,3194278.0,3194278.0,311.4670145744906,121.79358812947584,311.4670145744906,6.358914413055503,3.167409959253576,,3194278.0,0.7045676862775703,0.7045676862775703,,,,,,,2021-04-30,2021-01-01,3
ablation_20260811T165312Z_69334f2b,one_step_202106,one_step_ex_ante_snapshot_vintage_sensitivity,ridge_recursive_b5,2008-01,2021-05,2021-06,2021-06,0.03273189999163151,pre-specified first grid configuration; no tuning; parameters={'model__alpha': 0.1},1.0,372749.45641747024,372749.45641747024,20.028566952868466,18.205424168543274,20.02856695286847,0.7336400270945937,0.36867985652064406,,372749.45641747024,1.0,372749.45641747024,372749.45641747024,20.028566952868466,18.205424168543274,20.02856695286847,0.7336400270945937,0.36867985652064406,,372749.45641747024,1.0,3415164.0,3415164.0,183.5035293852148,95.69848271247196,183.5035293852148,6.721675823683513,3.3778779602143945,,3415164.0,0.8908545954403742,0.8908545954403742,,,,,,,2021-05-31,2021-02-01,3
ablation_20260811T165312Z_69334f2b,one_step_202107,one_step_ex_ante_snapshot_vintage_sensitivity,ridge_recursive_b5,2008-01,2021-06,2021-07,2021-07,0.033511699992232025,pre-specified first grid configuration; no tuning; parameters={'model__alpha': 0.1},1.0,184200.15555074625,184200.15555074625,4.931028714270049,4.812378823457967,4.931028714270049,0.3650016640101403,0.18282487779431733,,184200.15555074625,1.0,184200.15555074625,184200.15555074625,4.931028714270049,4.812378823457967,4.931028714270049,0.3650016640101403,0.18282487779431733,,184200.15555074625,1.0,2958489.0,2958489.0,79.19859875380536,131.12198689218462,79.19859875380534,5.862391400957322,2.9364002883907485,,-2958489.0,0.9377384348730902,0.9377384348730902,,,,,,,2021-06-30,2021-03-01,3
ablation_20260811T165312Z_69334f2b,one_step_202108,one_step_ex_ante_snapshot_vintage_sensitivity,ridge_recursive_b5,2008-01,2021-07,2021-08,2021-08,0.035715000005438924,pre-specified first grid configuration; no tuning; parameters={'model__alpha': 0.1},1.0,415528.0041279774,415528.0041279774,7.55635019109599,7.853052255659694,7.55635019109599,0.8233891686792864,0.412425583179733,,-415528.0041279774,1.0,415528.0041279774,415528.0041279774,7.55635019109599,7.853052255659694,7.55635019109599,0.8233891686792864,0.412425583179733,,-415528.0041279774,1.0,3306140.0,3306140.0,60.12194454431005,85.96336909095116,60.121944544310054,6.551278948936785,3.2814556516722524,,-3306140.0,0.8743162708996057,0.8743162708996057,,,,,,,2021-07-31,2021-04-01,3
ablation_20260811T165312Z_69334f2b,one_step_202109,one_step_ex_ante_snapshot_vintage_sensitivity,ridge_recursive_b5,2008-01,2021-08,2021-09,2021-09,0.03349930001422763,pre-specified first grid configuration; no tuning; parameters={'model__alpha': 0.1},1.0,402730.28298763186,402730.28298763186,9.140324478400244,9.578057233326719,9.140324478400245,0.798029855068517,0.3997234125624838,,-402730.28298763186,1.0,402730.28298763186,402730.28298763186,9.140324478400244,9.578057233326719,9.140324478400245,0.798029855068517,0.3997234125624838,,-402730.28298763186,1.0,1771888.0,1771888.0,40.21458515420613,50.335739583010785,40.21458515420613,3.511083182888112,1.7586587052363916,,-1771888.0,0.7727112080517324,0.7727112080517324,,,,,,,2021-08-31,2021-05-01,3
ablation_20260811T165312Z_69334f2b,one_step_202110,one_step_ex_ante_snapshot_vintage_sensitivity,ridge_recursive_b5,2008-01,2021-09,2021-10,2021-10,0.034954499918967485,pre-specified first grid configuration; no tuning; parameters={'model__alpha': 0.1},1.0,3332830.517831371,3332830.517831371,75.62933518663834,121.61925048826012,75.62933518663836,6.604167522198923,3.307946892389164,,-3332830.517831371,1.0,3332830.517831371,3332830.517831371,75.62933518663834,121.61925048826012,75.62933518663836,6.604167522198923,3.307946892389164,,-3332830.517831371,1.0,2051672.0,2051672.0,46.55699968866269,60.683119587336144,46.55699968866269,4.06548893383917,2.036353778054684,,-2051672.0,-0.62444607024484,-0.62444607024484,,,,,,,2021-09-30,2021-06-01,3
ablation_20260811T165312Z_69334f2b,one_step_202111,one_step_ex_ante_snapshot_vintage_sensitivity,ridge_recursive_b5,2008-01,2021-10,2021-11,2021-11,0.03457599994726479,pre-specified first grid configuration; no tuning; parameters={'model__alpha': 0.1},1.0,7657621.208647668,7657621.208647668,310.44217327761214,121.63656904923222,310.44217327761214,14.681623248882623,7.408221763875338,,7657621.208647668,1.0,7657621.208647668,7657621.208647668,310.44217327761214,121.63656904923222,310.44217327761214,14.681623248882623,7.408221763875338,,7657621.208647668,1.0,1203925.0,1203925.0,48.80746687250323,64.56332976621952,48.80746687250323,2.3082329078840016,1.1647146214285908,,-1203925.0,-5.360546718979728,-5.360546718979728,,,,,,,2021-10-31,2021-07-01,3
ablation_20260811T165312Z_69334f2b,one_step_202112,one_step_ex_ante_snapshot_vintage_sensitivity,ridge_recursive_b5,2008-01,2021-11,2021-12,2021-12,0.0350959999486804,pre-specified first grid configuration; no tuning; parameters={'model__alpha': 0.1},1.0,1236143.717408572,1236143.717408572,56.7915284521225,79.31308509655582,56.791528452122506,2.286398709572538,1.1597848407380869,,-1236143.717408572,1.0,1236143.717408572,1236143.717408572,56.7915284521225,79.31308509655582,56.791528452122506,2.286398709572538,1.1597848407380869,,-1236143.717408572,1.0,1211818.0,1211818.0,55.67394426440091,77.15023317257955,55.6739442644009,2.2414053256244464,1.1369617677464732,,-1211818.0,-0.020073738307709643,-0.020073738307709643,,,,,,,2021-11-30,2021-08-01,3
ablation_20260811T165312Z_69334f2b,one_step_202201,one_step_ex_ante_snapshot_vintage_sensitivity,ridge_recursive_b5,2008-01,2021-12,2022-01,2022-01,0.034432000014930964,pre-specified first grid configuration; no tuning; parameters={'model__alpha': 0.1},1.0,2158066.0,2158066.0,100.0,200.0,100.0,3.9307119492536278,2.012720080759727,,-2158066.0,1.0,2158066.0,2158066.0,100.0,200.0,100.0,3.9307119492536278,2.012720080759727,,-2158066.0,1.0,1328134.0,1328134.0,61.54278877476407,88.89791760235448,61.54278877476407,2.419069752273572,1.2386840679292197,,-1328134.0,-0.624885741950737,-0.624885741950737,,,,,,,2021-12-31,2021-09-01,3
ablation_20260811T165312Z_69334f2b,one_step_202202,one_step_ex_ante_snapshot_vintage_sensitivity,ridge_recursive_b5,2008-01,2022-01,2022-02,2022-02,0.03348410001490265,pre-specified first grid configuration; no tuning; parameters={'model__alpha': 0.1},1.0,1466840.0307078562,1466840.0307078562,79.22895022387758,131.20520252286803,79.22895022387758,2.6231994505944383,1.355911037263069,,-1466840.0307078562,1.0,1466840.0307078562,1466840.0307078562,79.22895022387758,131.20520252286803,79.22895022387758,2.6231994505944383,1.355911037263069,,-1466840.0307078562,1.0,1124268.0,1124268.0,60.72548576910155,87.20258132572174,60.72548576910155,2.0105663454642126,1.0392458333074257,,-1124268.0,-0.3047067342554055,-0.3047067342554055,,,,,,,2022-01-31,2021-10-01,3
ablation_20260811T165312Z_69334f2b,one_step_202203,one_step_ex_ante_snapshot_vintage_sensitivity,ridge_recursive_b5,2008-01,2022-02,2022-03,2022-03,0.0331614000024274,pre-specified first grid configuration; no tuning; parameters={'model__alpha': 0.1},1.0,2442196.0,2442196.0,100.0,200.0,100.0,4.333923814991327,2.2557016418151377,,-2442196.0,1.0,2442196.0,2442196.0,100.0,200.0,100.0,4.333923814991327,2.2557016418151377,,-2442196.0,1.0,1398785.0,1398785.0,57.27570596299396,80.26062605451504,57.27570596299396,2.482285460934603,1.2919690397684656,,-1398785.0,-0.745940941602891,-0.745940941602891,,,,,,,2022-02-28,2021-11-01,3
ablation_20260811T165312Z_69334f2b,one_step_202204,one_step_ex_ante_snapshot_vintage_sensitivity,ridge_recursive_b5,2008-01,2022-03,2022-04,2022-04,0.0330758000491187,pre-specified first grid configuration; no tuning; parameters={'model__alpha': 0.1},1.0,473518.34626590554,473518.34626590554,16.20838854352325,14.993302205071899,16.208388543523245,0.8339101436244158,0.4369908185714456,,473518.34626590554,1.0,473518.34626590554,473518.34626590554,16.20838854352325,14.993302205071899,16.208388543523245,0.8339101436244158,0.4369908185714456,,473518.34626590554,1.0,1741878.0,1741878.0,59.623952571334684,84.9488978547194,59.623952571334684,3.067610251241492,1.6075083448702263,,-1741878.0,0.7281564229722716,0.7281564229722716,,,,,,,2022-03-31,2021-12-01,3
ablation_20260811T165312Z_69334f2b,one_step_202205,one_step_ex_ante_snapshot_vintage_sensitivity,ridge_recursive_b5,2008-01,2022-04,2022-05,2022-05,0.034704499994404614,pre-specified first grid configuration; no tuning; parameters={'model__alpha': 0.1},1.0,554173.1220142525,554173.1220142525,13.587919895897373,12.723491012525537,13.587919895897373,0.9673727326289303,0.5105753340957891,,554173.1220142525,1.0,554173.1220142525,554173.1220142525,13.587919895897373,12.723491012525537,13.587919895897373,0.9673727326289303,0.5105753340957891,,554173.1220142525,1.0,3052866.0,3052866.0,74.85404292098052,119.6267856639049,74.85404292098053,5.329127681320493,2.812691586763004,,-3052866.0,0.818474468904219,0.818474468904219,,,,,,,2022-04-30,2022-01-01,3
ablation_20260811T165312Z_69334f2b,one_step_202206,one_step_ex_ante_snapshot_vintage_sensitivity,ridge_recursive_b5,2008-01,2022-05,2022-06,2022-06,0.0379182999022305,pre-specified first grid configuration; no tuning; parameters={'model__alpha': 0.1},1.0,467537.2785107186,467537.2785107186,9.46572574078772,9.037970968578875,9.465725740787722,0.8110042554885749,0.4306519956380598,,467537.2785107186,1.0,467537.2785107186,467537.2785107186,9.46572574078772,9.037970968578875,9.465725740787722,0.8110042554885749,0.4306519956380598,,467537.2785107186,1.0,3078176.0,3078176.0,62.320527446897465,90.52987535648879,62.320527446897465,5.339496869842792,2.8353303538656536,,-3078176.0,0.8481122331826645,0.8481122331826645,,,,,,,2022-05-31,2022-02-01,3
ablation_20260811T165312Z_69334f2b,one_step_202207,one_step_ex_ante_snapshot_vintage_sensitivity,ridge_recursive_b5,2008-01,2022-06,2022-07,2022-07,0.0446912000188604,pre-specified first grid configuration; no tuning; parameters={'model__alpha': 0.1},1.0,392279.66986459214,392279.66986459214,6.168769968195177,6.365093970855957,6.168769968195176,0.6741750011775566,0.36055476919053786,,-392279.66986459214,1.0,392279.66986459214,392279.66986459214,6.168769968195177,6.365093970855957,6.168769968195176,0.6741750011775566,0.36055476919053786,,-392279.66986459214,1.0,2623591.0,2623591.0,41.25711988901614,51.97980515431186,41.257119889016145,4.508924630544761,2.411412877404268,,-2623591.0,0.8504798690555837,0.8504798690555837,,,,,,,2022-06-30,2022-03-01,3
ablation_20260811T165312Z_69334f2b,one_step_202208,one_step_ex_ante_snapshot_vintage_sensitivity,ridge_recursive_b5,2008-01,2022-07,2022-08,2022-08,0.038969899993389845,pre-specified first grid configuration; no tuning; parameters={'model__alpha': 0.1},1.0,754200.6695322692,754200.6695322692,9.43644704361543,9.903727021478453,9.43644704361543,1.2796101656833563,0.6897143335063128,,-754200.6695322692,1.0,754200.6695322692,754200.6695322692,9.43644704361543,9.903727021478453,9.43644704361543,1.2796101656833563,0.6897143335063128,,-754200.6695322692,1.0,2493365.0,2493365.0,31.19661349213042,36.962070652150146,31.19661349213042,4.230353180059821,2.2801750895149375,,-2493365.0,0.6975169421515626,0.6975169421515626,,,,,,,2022-07-31,2022-04-01,3
ablation_20260811T165312Z_69334f2b,one_step_202209,one_step_ex_ante_snapshot_vintage_sensitivity,ridge_recursive_b5,2008-01,2022-08,2022-09,2022-09,0.038470199913717806,pre-specified first grid configuration; no tuning; parameters={'model__alpha': 0.1},1.0,807062.1278608963,807062.1278608963,12.138861006164868,11.444259621825825,12.138861006164868,1.3333432013326472,0.7223929070393796,,807062.1278608963,1.0,807062.1278608963,807062.1278608963,12.138861006164868,11.444259621825825,12.138861006164868,1.3333432013326472,0.7223929070393796,,807062.1278608963,1.0,2242499.0,2242499.0,33.72898160840913,40.571089218895374,33.72898160840913,3.7048210942201645,2.007237504672151,,-2242499.0,0.640105914044601,0.640105914044601,,,,,,,2022-08-31,2022-05-01,3
ablation_20260811T165312Z_69334f2b,one_step_202210,one_step_ex_ante_snapshot_vintage_sensitivity,ridge_recursive_b5,2008-01,2022-09,2022-10,2022-10,0.037787299952469766,pre-specified first grid configuration; no tuning; parameters={'model__alpha': 0.1},1.0,1287589.2411410604,1287589.2411410604,21.75050163976538,24.40455859887868,21.750501639765375,2.072932160692733,1.1289050193834402,,-1287589.2411410604,1.0,1287589.2411410604,1287589.2411410604,21.75050163976538,24.40455859887868,21.750501639765375,2.072932160692733,1.1289050193834402,,-1287589.2411410604,1.0,1513018.0,1513018.0,25.558539508166977,29.303285395691326,25.55853950816698,2.435857315122902,1.3265516362219822,,-1513018.0,0.1489927805610638,0.1489927805610638,,,,,,,2022-09-30,2022-06-01,3
ablation_20260811T165312Z_69334f2b,one_step_202211,one_step_ex_ante_snapshot_vintage_sensitivity,ridge_recursive_b5,2008-01,2022-10,2022-11,2022-11,0.03751579998061061,pre-specified first grid configuration; no tuning; parameters={'model__alpha': 0.1},1.0,1281389.7987997807,1281389.7987997807,37.27045139372007,45.806618051765135,37.270451393720066,2.021443574753368,1.1084238093910088,,-1281389.7987997807,1.0,1281389.7987997807,1281389.7987997807,37.27045139372007,45.806618051765135,37.270451393720066,2.021443574753368,1.1084238093910088,,-1281389.7987997807,1.0,971403.0,971403.0,28.2541880145488,32.90233128589155,28.254188014548795,1.5324270215709495,0.8402799949885464,,-971403.0,-0.31911245775417685,-0.31911245775417685,,,,,,,2022-10-31,2022-07-01,3
ablation_20260811T165312Z_69334f2b,one_step_202212,one_step_ex_ante_snapshot_vintage_sensitivity,ridge_recursive_b5,2008-01,2022-11,2022-12,2022-12,0.033828599960543215,pre-specified first grid configuration; no tuning; parameters={'model__alpha': 0.1},1.0,1921820.4424467767,1921820.4424467767,73.3459904178279,115.82103189594105,73.34599041782789,2.976487864986189,1.6435225441406882,,-1921820.4424467767,1.0,1921820.4424467767,1921820.4424467767,73.3459904178279,115.82103189594105,73.34599041782789,2.976487864986189,1.6435225441406882,,-1921820.4424467767,1.0,443578.0,443578.0,16.929088180651032,18.494569139805613,16.929088180651032,0.6870072276335507,0.379343682158292,,-443578.0,-3.3325422866931556,-3.3325422866931556,,,,,,,2022-11-30,2022-08-01,3
ablation_20260811T165312Z_69334f2b,one_step_202301,one_step_ex_ante_snapshot_vintage_sensitivity,ridge_recursive_b5,2008-01,2022-12,2023-01,2023-01,0.03590999997686595,pre-specified first grid configuration; no tuning; parameters={'model__alpha': 0.1},1.0,3077654.0,3077654.0,100.0,200.0,100.0,4.693619800105525,2.610093066314313,,-3077654.0,1.0,3077654.0,3077654.0,100.0,200.0,100.0,4.693619800105525,2.610093066314313,,-3077654.0,1.0,919588.0,919588.0,29.879512121895445,35.12747052936368,29.879512121895445,1.402430697128215,0.7798830741421378,,-919588.0,-2.3467748600460205,-2.3467748600460205,,,,,,,2022-12-31,2022-09-01,3
ablation_20260811T165312Z_69334f2b,one_step_202302,one_step_ex_ante_snapshot_vintage_sensitivity,ridge_recursive_b5,2008-01,2023-01,2023-02,2023-02,0.03598659997805953,pre-specified first grid configuration; no tuning; parameters={'model__alpha': 0.1},1.0,1409742.519253896,1409742.519253896,60.898188542133305,87.55915958805338,60.89818854213331,2.1325217569533392,1.1931646044569277,,-1409742.519253896,1.0,1409742.519253896,1409742.519253896,60.898188542133305,87.55915958805338,60.89818854213331,2.1325217569533392,1.1931646044569277,,-1409742.519253896,1.0,463523.0,463523.0,20.023309691016998,22.251003345645586,20.023309691017,0.7011726388670112,0.3923122338995594,,-463523.0,-2.0413647634613517,-2.0413647634613517,,,,,,,2023-01-31,2022-10-01,3
ablation_20260811T165312Z_69334f2b,one_step_202303,one_step_ex_ante_snapshot_vintage_sensitivity,ridge_recursive_b5,2008-01,2023-02,2023-03,2023-03,0.044593799975700676,pre-specified first grid configuration; no tuning; parameters={'model__alpha': 0.1},1.0,1362159.648083853,1362159.648083853,48.84051954499212,64.6211794298001,48.84051954499213,2.0545523349687076,1.1540538175214778,,-1362159.648083853,1.0,1362159.648083853,1362159.648083853,48.84051954499212,64.6211794298001,48.84051954499213,2.0545523349687076,1.1540538175214778,,-1362159.648083853,1.0,346799.0,346799.0,12.434550796971669,13.258892668992587,12.434550796971669,0.5230786980198014,0.2938163015074086,,-346799.0,-2.9278073122582624,-2.9278073122582624,,,,,,,2023-02-28,2022-11-01,3
ablation_20260811T165312Z_69334f2b,one_step_202304,one_step_ex_ante_snapshot_vintage_sensitivity,ridge_recursive_b5,2008-01,2023-03,2023-04,2023-04,0.040051700081676245,pre-specified first grid configuration; no tuning; parameters={'model__alpha': 0.1},1.0,1050823.806265791,1050823.806265791,29.673634304344144,34.843265965488705,29.673634304344144,1.5882074406185758,0.8926518725128318,,-1050823.806265791,1.0,1050823.806265791,1050823.806265791,29.673634304344144,34.843265965488705,29.673634304344144,1.5882074406185758,0.8926518725128318,,-1050823.806265791,1.0,619831.0,619831.0,17.503065989583966,19.18176443291368,17.503065989583966,0.9368080550290249,0.5265328968494585,,-619831.0,-0.6953392235396276,-0.6953392235396276,,,,,,,2023-03-31,2022-12-01,3
ablation_20260811T165312Z_69334f2b,one_step_202305,one_step_ex_ante_snapshot_vintage_sensitivity,ridge_recursive_b5,2008-01,2023-04,2023-05,2023-05,0.04004910006187856,pre-specified first grid configuration; no tuning; parameters={'model__alpha': 0.1},1.0,500639.7338933721,500639.7338933721,10.920369079471818,11.551079327060613,10.920369079471818,0.7548577976518387,0.4257919114342064,,-500639.7338933721,1.0,500639.7338933721,500639.7338933721,10.920369079471818,11.551079327060613,10.920369079471818,0.7548577976518387,0.4257919114342064,,-500639.7338933721,1.0,506033.0,506033.0,11.038011472675722,11.682785049734598,11.038011472675723,0.7629896911069166,0.43037886074914733,,-506033.0,0.010657933586599833,0.010657933586599833,,,,,,,2023-04-30,2023-01-01,3
ablation_20260811T165312Z_69334f2b,one_step_202306,one_step_ex_ante_snapshot_vintage_sensitivity,ridge_recursive_b5,2008-01,2023-05,2023-06,2023-06,0.03831680002622306,pre-specified first grid configuration; no tuning; parameters={'model__alpha': 0.1},1.0,730388.3971422669,730388.3971422669,12.443228522947368,13.268759560056498,12.44322852294737,1.1032953805296128,0.6227978984150981,,-730388.3971422669,1.0,730388.3971422669,730388.3971422669,12.443228522947368,13.268759560056498,12.44322852294737,1.1032953805296128,0.6227978984150981,,-730388.3971422669,1.0,930501.0,930501.0,15.852437729204198,17.217102994708778,15.852437729204196,1.4055774419404121,0.7934327400881042,,-930501.0,0.21505898742476703,0.21505898742476703,,,,,,,2023-05-31,2023-02-01,3
ablation_20260811T165312Z_69334f2b,one_step_202307,one_step_ex_ante_snapshot_vintage_sensitivity,ridge_recursive_b5,2008-01,2023-06,2023-07,2023-07,0.03679990000091493,pre-specified first grid configuration; no tuning; parameters={'model__alpha': 0.1},1.0,1185521.3395283679,1185521.3395283679,17.116114897066474,18.7180132218133,17.116114897066474,1.795983582680164,1.013694155475452,,-1185521.3395283679,1.0,1185521.3395283679,1185521.3395283679,17.116114897066474,18.7180132218133,17.116114897066474,1.795983582680164,1.013694155475452,,-1185521.3395283679,1.0,567223.0,567223.0,8.189354098105985,8.538998510327335,8.189354098105985,0.8593039718069233,0.4850107887387324,,-567223.0,-1.090044549548181,-1.090044549548181,,,,,,,2023-06-30,2023-03-01,3
ablation_20260811T165312Z_69334f2b,one_step_202308,one_step_ex_ante_snapshot_vintage_sensitivity,ridge_recursive_b5,2008-01,2023-07,2023-08,2023-08,0.03800170007161796,pre-specified first grid configuration; no tuning; parameters={'model__alpha': 0.1},1.0,857956.7140681054,857956.7140681054,10.107847384870233,10.645882144857929,10.107847384870233,1.3002234052158261,0.7352002770730617,,-857956.7140681054,1.0,857956.7140681054,857956.7140681054,10.107847384870233,10.645882144857929,10.107847384870233,1.3002234052158261,0.7352002770730617,,-857956.7140681054,1.0,495604.0,495604.0,5.838860531294319,6.014448150924053,5.83886053129432,0.7510820883528065,0.4246929852565892,,-495604.0,-0.7311335543460211,-0.7311335543460211,,,,,,,2023-07-31,2023-04-01,3
ablation_20260811T165312Z_69334f2b,one_step_202309,one_step_ex_ante_snapshot_vintage_sensitivity,ridge_recursive_b5,2008-01,2023-08,2023-09,2023-09,0.036661499994806945,pre-specified first grid configuration; no tuning; parameters={'model__alpha': 0.1},1.0,313277.45206598006,313277.45206598006,4.466547769708868,4.568576597776583,4.466547769708868,0.47543197763024625,0.2691087272288201,,-313277.45206598006,1.0,313277.45206598006,313277.45206598006,4.466547769708868,4.568576597776583,4.466547769708868,0.47543197763024625,0.2691087272288201,,-313277.45206598006,1.0,365279.0,365279.0,5.207958925904006,5.3471988867583935,5.207958925904006,0.5543498780762003,0.3137786205970325,,-365279.0,0.142361175797185,0.142361175797185,,,,,,,2023-08-31,2023-05-01,3
ablation_20260811T165312Z_69334f2b,one_step_202310,one_step_ex_ante_snapshot_vintage_sensitivity,ridge_recursive_b5,2008-01,2023-09,2023-10,2023-10,0.03360269998665899,pre-specified first grid configuration; no tuning; parameters={'model__alpha': 0.1},1.0,6870.315996650606,6870.315996650606,0.1116870850093175,0.11174948988319916,0.1116870850093175,0.010400922611726055,0.005908028752406842,,-6870.315996650606,1.0,6870.315996650606,6870.315996650606,0.1116870850093175,0.11174948988319916,0.1116870850093175,0.010400922611726055,0.005908028752406842,,-6870.315996650606,1.0,231583.0,231583.0,3.7647220623217783,3.836947262374918,3.7647220623217783,0.35059185958340566,0.1991464473010635,,-231583.0,0.9703332455463026,0.9703332455463026,,,,,,,2023-09-30,2023-06-01,3
ablation_20260811T165312Z_69334f2b,one_step_202311,one_step_ex_ante_snapshot_vintage_sensitivity,ridge_recursive_b5,2008-01,2023-10,2023-11,2023-11,0.03380690002813935,pre-specified first grid configuration; no tuning; parameters={'model__alpha': 0.1},1.0,630515.5340426331,630515.5340426331,17.909996998768435,16.43797645398495,17.909996998768435,0.9553316542962852,0.5434293362205159,,630515.5340426331,1.0,630515.5340426331,630515.5340426331,17.909996998768435,16.43797645398495,17.909996998768435,0.9553316542962852,0.5434293362205159,,630515.5340426331,1.0,82382.0,82382.0,2.340087266831361,2.3677914600623806,2.3400872668313606,0.12482187685310069,0.07100347756617117,,-82382.0,-6.653559443114189,-6.653559443114189,,,,,,,2023-10-31,2023-07-01,3
ablation_20260811T165312Z_69334f2b,one_step_202312,one_step_ex_ante_snapshot_vintage_sensitivity,ridge_recursive_b5,2008-01,2023-11,2023-12,2023-12,0.04169970005750656,pre-specified first grid configuration; no tuning; parameters={'model__alpha': 0.1},1.0,966131.79085737,966131.79085737,34.50124437002465,29.42521218828535,34.50124437002465,1.4659917863688583,0.8347000824791212,,966131.79085737,1.0,966131.79085737,966131.79085737,34.50124437002465,29.42521218828535,34.50124437002465,1.4659917863688583,0.8347000824791212,,966131.79085737,1.0,180069.0,180069.0,6.430390378679854,6.644008211061244,6.430390378679854,0.27323360795879786,0.15557257361187712,,-180069.0,-4.365342123615781,-4.365342123615781,,,,,,,2023-11-30,2023-08-01,3
ablation_20260811T165312Z_69334f2b,one_step_202401,one_step_ex_ante_snapshot_vintage_sensitivity,ridge_recursive_b5,2008-01,2023-12,2024-01,2024-01,0.03710499999579042,pre-specified first grid configuration; no tuning; parameters={'model__alpha': 0.1},1.0,225029.78350178152,225029.78350178152,6.932754206678456,6.700489956997548,6.932754206678456,0.3423487014237538,0.1949308161948563,,225029.78350178152,1.0,225029.78350178152,225029.78350178152,6.932754206678456,6.700489956997548,6.932754206678456,0.3423487014237538,0.1949308161948563,,225029.78350178152,1.0,168239.0,168239.0,5.183134502585267,5.321032641965024,5.183134502585267,0.2559501337225209,0.1457361113514416,,-168239.0,-0.33756015847563003,-0.33756015847563003,,,,,,,2023-12-31,2023-09-01,3
ablation_20260811T165312Z_69334f2b,one_step_202402,one_step_ex_ante_snapshot_vintage_sensitivity,ridge_recursive_b5,2008-01,2024-01,2024-02,2024-02,0.04280050005763769,pre-specified first grid configuration; no tuning; parameters={'model__alpha': 0.1},1.0,656802.3384402487,656802.3384402487,24.465347217849537,21.79877430622311,24.465347217849537,1.0030020828538015,0.5705454677021583,,656802.3384402487,1.0,656802.3384402487,656802.3384402487,24.465347217849537,21.79877430622311,24.465347217849537,1.0030020828538015,0.5705454677021583,,656802.3384402487,1.0,369706.0,369706.0,13.77124460305972,14.78960064325918,13.771244603059722,0.5645776002018328,0.3211530628578653,,-369706.0,-0.7765530947299983,-0.7765530947299983,,,,,,,2024-01-31,2023-10-01,3
ablation_20260811T165312Z_69334f2b,one_step_202403,one_step_ex_ante_snapshot_vintage_sensitivity,ridge_recursive_b5,2008-01,2024-02,2024-03,2024-03,0.051316100056283176,pre-specified first grid configuration; no tuning; parameters={'model__alpha': 0.1},1.0,105948.72040273249,105948.72040273249,3.4403693628642302,3.3821894579122125,3.4403693628642302,0.1626158891108193,0.09230041379174636,,105948.72040273249,1.0,105948.72040273249,105948.72040273249,3.4403693628642302,3.3821894579122125,3.4403693628642302,0.1626158891108193,0.09230041379174636,,105948.72040273249,1.0,290579.0,290579.0,9.43568818284607,9.902891147739764,9.43568818284607,0.445996537403335,0.2531466339304665,,-290579.0,0.6353875524290038,0.6353875524290038,,,,,,,2024-02-29,2023-11-01,3
ablation_20260811T165312Z_69334f2b,one_step_202404,one_step_ex_ante_snapshot_vintage_sensitivity,ridge_recursive_b5,2008-01,2024-03,2024-04,2024-04,0.04835840000305325,pre-specified first grid configuration; no tuning; parameters={'model__alpha': 0.1},1.0,439775.83738082275,439775.83738082275,10.882916776520284,11.5091842482151,10.882916776520283,0.6778108382319912,0.3842023193363415,,-439775.83738082275,1.0,439775.83738082275,439775.83738082275,10.882916776520284,11.5091842482151,10.882916776520283,0.6778108382319912,0.3842023193363415,,-439775.83738082275,1.0,499703.0,499703.0,12.365904853631822,13.180871892163864,12.365904853631822,0.7701744400380522,0.4365566164861331,,-499703.0,0.11992556102160135,0.11992556102160135,,,,,,,2024-03-31,2023-12-01,3
ablation_20260811T165312Z_69334f2b,one_step_202405,one_step_ex_ante_snapshot_vintage_sensitivity,ridge_recursive_b5,2008-01,2024-04,2024-05,2024-05,0.038750599953345954,pre-specified first grid configuration; no tuning; parameters={'model__alpha': 0.1},1.0,1057175.3176385155,1057175.3176385155,18.926684377073677,20.904995649924803,18.926684377073677,1.6363124743868815,0.9261750449205477,,-1057175.3176385155,1.0,1057175.3176385155,1057175.3176385155,18.926684377073677,20.904995649924803,18.926684377073677,1.6363124743868815,0.9261750449205477,,-1057175.3176385155,1.0,1001176.0,1001176.0,17.924124638313216,19.68863211856884,17.924124638313216,1.5496358555894036,0.8771149035570255,,-1001176.0,-0.05593353979571569,-0.05593353979571569,,,,,,,2024-04-30,2024-01-01,3
ablation_20260811T165312Z_69334f2b,one_step_202406,one_step_ex_ante_snapshot_vintage_sensitivity,ridge_recursive_b5,2008-01,2024-05,2024-06,2024-06,0.04293400002643466,pre-specified first grid configuration; no tuning; parameters={'model__alpha': 0.1},1.0,962815.3513365434,962815.3513365434,14.878292184362765,16.07406539181246,14.878292184362765,1.4938915074432935,0.8456608819735333,,-962815.3513365434,1.0,962815.3513365434,962815.3513365434,14.878292184362765,16.07406539181246,14.878292184362765,1.4938915074432935,0.8456608819735333,,-962815.3513365434,1.0,601510.0,601510.0,9.29507565432227,9.748123375643646,9.29507565432227,0.9332949245094879,0.5283188270832813,,-601510.0,-0.6006639147088884,-0.6006639147088884,,,,,,,2024-05-31,2024-02-01,3
ablation_20260811T165312Z_69334f2b,one_step_202407,one_step_ex_ante_snapshot_vintage_sensitivity,ridge_recursive_b5,2008-01,2024-06,2024-07,2024-07,0.03822810004930943,pre-specified first grid configuration; no tuning; parameters={'model__alpha': 0.1},1.0,1234372.0901199682,1234372.0901199682,16.690400140838147,18.210066634438686,16.690400140838147,1.9211958345646618,1.08704938952034,,-1234372.0901199682,1.0,1234372.0901199682,1234372.0901199682,16.690400140838147,18.210066634438686,16.690400140838147,1.9211958345646618,1.08704938952034,,-1234372.0901199682,1.0,469355.0,469355.0,6.34632200517571,6.55430051304817,6.346322005175709,0.7305113896770452,0.4133373318321964,,-469355.0,-1.629932759041596,-1.629932759041596,,,,,,,2024-06-30,2024-03-01,3
ablation_20260811T165312Z_69334f2b,one_step_202408,one_step_ex_ante_snapshot_vintage_sensitivity,ridge_recursive_b5,2008-01,2024-07,2024-08,2024-08,0.04224470001645386,pre-specified first grid configuration; no tuning; parameters={'model__alpha': 0.1},1.0,562526.8584455643,562526.8584455643,6.494719997939849,6.71270571828397,6.49471999793985,0.8766200789888725,0.4965149883829092,,-562526.8584455643,1.0,562526.8584455643,562526.8584455643,6.494719997939849,6.71270571828397,6.49471999793985,0.8766200789888725,0.4965149883829092,,-562526.8584455643,1.0,173269.0,173269.0,2.0004976161186057,2.020709741219492,2.0004976161186057,0.27001570180319034,0.15293608514951199,,-173269.0,-2.246552230610001,-2.246552230610001,,,,,,,2024-07-31,2024-04-01,3
ablation_20260811T165312Z_69334f2b,one_step_202409,one_step_ex_ante_snapshot_vintage_sensitivity,ridge_recursive_b5,2008-01,2024-08,2024-09,2024-09,0.041286899941042066,pre-specified first grid configuration; no tuning; parameters={'model__alpha': 0.1},1.0,64852.66860488616,64852.66860488616,0.9070832327547798,0.9112159764229373,0.9070832327547796,0.10074858784096793,0.05727734772561725,,-64852.66860488616,1.0,64852.66860488616,64852.66860488616,0.9070832327547798,0.9112159764229373,0.9070832327547796,0.10074858784096793,0.05727734772561725,,-64852.66860488616,1.0,135722.0,135722.0,1.8983205034475437,1.9165112666100137,1.8983205034475437,0.21084405828014968,0.11986856293266748,,-135722.0,0.5221653924574781,0.5221653924574781,,,,,,,2024-08-31,2024-05-01,3
ablation_20260811T165312Z_69334f2b,one_step_202410,one_step_ex_ante_snapshot_vintage_sensitivity,ridge_recursive_b5,2008-01,2024-09,2024-10,2024-10,0.0430523999966681,pre-specified first grid configuration; no tuning; parameters={'model__alpha': 0.1},1.0,650973.9258536659,650973.9258536659,9.681609898387597,10.174119162334772,9.681609898387597,1.0116561010388088,0.5760846152069671,,-650973.9258536659,1.0,650973.9258536659,650973.9258536659,9.681609898387597,10.174119162334772,9.681609898387597,1.0116561010388088,0.5760846152069671,,-650973.9258536659,1.0,572422.0,572422.0,8.513346358669084,8.891843057234924,8.513346358669084,0.8895812653470441,0.506569456178389,,-572422.0,-0.13722730058185384,-0.13722730058185384,,,,,,,2024-09-30,2024-06-01,3
ablation_20260811T165312Z_69334f2b,one_step_202411,one_step_ex_ante_snapshot_vintage_sensitivity,ridge_recursive_b5,2008-01,2024-10,2024-11,2024-11,0.03495410003233701,pre-specified first grid configuration; no tuning; parameters={'model__alpha': 0.1},1.0,280677.90468987636,280677.90468987636,6.985083412987712,6.749359227061499,6.985083412987712,0.4368449152451778,0.2489579023600199,,280677.90468987636,1.0,280677.90468987636,280677.90468987636,6.985083412987712,6.749359227061499,6.985083412987712,0.4368449152451778,0.2489579023600199,,280677.90468987636,1.0,497780.0,497780.0,12.3879890907652,13.205965898162471,12.387989090765203,0.7747409335658612,0.44152483172374396,,-497780.0,0.4361406551290201,0.4361406551290201,,,,,,,2024-10-31,2024-07-01,3
ablation_20260811T165312Z_69334f2b,one_step_202412,one_step_ex_ante_snapshot_vintage_sensitivity,ridge_recursive_b5,2008-01,2024-11,2024-12,2024-12,0.03599750006105751,pre-specified first grid configuration; no tuning; parameters={'model__alpha': 0.1},1.0,1002866.1434602076,1002866.1434602076,31.578100056432767,27.27209528771293,31.578100056432767,1.567141682776328,0.891925810426884,,1002866.1434602076,1.0,1002866.1434602076,1002866.1434602076,31.578100056432767,27.27209528771293,31.578100056432767,1.567141682776328,0.891925810426884,,1002866.1434602076,1.0,375547.0,375547.0,11.825168113638396,12.568278122102525,11.825168113638396,0.5868533516456814,0.3340027624949688,,-375547.0,-1.6704144713183906,-1.6704144713183906,,,,,,,2024-11-30,2024-08-01,3
ablation_20260811T165312Z_69334f2b,one_step_202501,one_step_ex_ante_snapshot_vintage_sensitivity,ridge_recursive_b5,2008-01,2024-12,2025-01,2025-01,0.03617749991826713,pre-specified first grid configuration; no tuning; parameters={'model__alpha': 0.1},1.0,985676.7378979111,985676.7378979111,29.372175067238782,25.610931281118592,29.37217506723878,1.5469408395645834,0.8790078152793953,,985676.7378979111,1.0,985676.7378979111,985676.7378979111,29.372175067238782,25.610931281118592,29.37217506723878,1.5469408395645834,0.8790078152793953,,985676.7378979111,1.0,109925.0,109925.0,3.275654400804811,3.330197277645144,3.2756544008048114,0.17251849947457018,0.09802902957885895,,-109925.0,-7.966811352266646,-7.966811352266646,,,,,,,2024-12-31,2024-09-01,3
ablation_20260811T165312Z_69334f2b,one_step_202502,one_step_ex_ante_snapshot_vintage_sensitivity,ridge_recursive_b5,2008-01,2025-01,2025-02,2025-02,0.03530539991334081,pre-specified first grid configuration; no tuning; parameters={'model__alpha': 0.1},1.0,1832517.0127854655,1832517.0127854655,65.8525467462663,49.54065518816863,65.85254674626631,2.877578333807369,1.6374974103486712,,1832517.0127854655,1.0,1832517.0127854655,1832517.0127854655,65.8525467462663,49.54065518816863,65.85254674626631,2.877578333807369,1.6374974103486712,,1832517.0127854655,1.0,98135.0,98135.0,3.526537341730758,3.5898357915791856,3.5265373417307577,0.154100151768275,0.0876913050429506,,-98135.0,-17.673429589702607,-17.673429589702607,,,,,,,2025-01-31,2024-10-01,3
ablation_20260811T165312Z_69334f2b,one_step_202503,one_step_ex_ante_snapshot_vintage_sensitivity,ridge_recursive_b5,2008-01,2025-02,2025-03,2025-03,0.03578859998378903,pre-specified first grid configuration; no tuning; parameters={'model__alpha': 0.1},1.0,1204057.1631354094,1204057.1631354094,40.36970602376634,33.58967874244089,40.36970602376635,1.8929498789641264,1.0782595069847736,,1204057.1631354094,1.0,1204057.1631354094,1204057.1631354094,40.36970602376634,33.58967874244089,40.36970602376635,1.8929498789641264,1.0782595069847736,,1204057.1631354094,1.0,96998.0,96998.0,3.2521551839751943,3.200118769743408,3.2521551839751948,0.15249471369085915,0.08686382911103274,,96998.0,-11.413216387300865,-11.413216387300865,,,,,,,2025-02-28,2024-11-01,3
ablation_20260811T165312Z_69334f2b,one_step_202504,one_step_ex_ante_snapshot_vintage_sensitivity,ridge_recursive_b5,2008-01,2025-03,2025-04,2025-04,0.0357068000594154,pre-specified first grid configuration; no tuning; parameters={'model__alpha': 0.1},1.0,483447.94064408075,483447.94064408075,11.395873534001211,10.781547760125301,11.395873534001211,0.7617266120703302,0.43397408331034076,,483447.94064408075,1.0,483447.94064408075,483447.94064408075,11.395873534001211,10.781547760125301,11.395873534001211,0.7617266120703302,0.43397408331034076,,483447.94064408075,1.0,201333.0,201333.0,4.745837583182924,4.861189666268716,4.745837583182924,0.31722278883562666,0.18072949902054902,,-201333.0,-1.4012354688207136,-1.4012354688207136,,,,,,,2025-03-31,2024-12-01,3
ablation_20260811T165312Z_69334f2b,one_step_202505,one_step_ex_ante_snapshot_vintage_sensitivity,ridge_recursive_b5,2008-01,2025-04,2025-05,2025-05,0.03767529991455376,pre-specified first grid configuration; no tuning; parameters={'model__alpha': 0.1},1.0,122693.60314363707,122693.60314363707,2.18365598921814,2.2077609412285177,2.1836559892181406,0.194176102360192,0.11043048116440679,,-122693.60314363707,1.0,122693.60314363707,122693.60314363707,2.18365598921814,2.2077609412285177,2.1836559892181406,0.194176102360192,0.11043048116440679,,-122693.60314363707,1.0,33090.0,33090.0,0.5889237485236861,0.5906630259404421,0.5889237485236861,0.052368559260393445,0.029782682455354446,,-33090.0,-2.707875586087551,-2.707875586087551,,,,,,,2025-04-30,2025-01-01,3
ablation_20260811T165312Z_69334f2b,one_step_202506,one_step_ex_ante_snapshot_vintage_sensitivity,ridge_recursive_b5,2008-01,2025-05,2025-06,2025-06,0.036928299930877984,pre-specified first grid configuration; no tuning; parameters={'model__alpha': 0.1},1.0,152314.84120426513,152314.84120426513,2.3250138289622875,2.352360178693096,2.3250138289622875,0.24214292150586886,0.13745429927326439,,-152314.84120426513,1.0,152314.84120426513,152314.84120426513,2.3250138289622875,2.352360178693096,2.3250138289622875,0.24214292150586886,0.13745429927326439,,-152314.84120426513,1.0,79861.0,79861.0,1.2190402978902746,1.2265161610217707,1.2190402978902746,0.12695923589249486,0.07206939066128758,,-79861.0,-0.907249360817735,-0.907249360817735,,,,,,,2025-05-31,2025-02-01,3
ablation_20260811T165312Z_69334f2b,one_step_202507,one_step_ex_ante_snapshot_vintage_sensitivity,ridge_recursive_b5,2008-01,2025-06,2025-07,2025-07,0.046191200031898916,pre-specified first grid configuration; no tuning; parameters={'model__alpha': 0.1},1.0,484779.954219684,484779.954219684,6.547848126049181,6.769475617221995,6.547848126049182,0.7741446018323855,0.4386356105505976,,-484779.954219684,1.0,484779.954219684,484779.954219684,6.547848126049181,6.769475617221995,6.547848126049182,0.7741446018323855,0.4386356105505976,,-484779.954219684,1.0,7952.0,7952.0,0.1074064384162791,0.10746415012439056,0.1074064384162791,0.012698540482516452,0.007195079633011615,,-7952.0,-59.96327392098642,-59.96327392098642,,,,,,,2025-06-30,2025-03-01,3
ablation_20260811T165312Z_69334f2b,one_step_202508,one_step_ex_ante_snapshot_vintage_sensitivity,ridge_recursive_b5,2008-01,2025-07,2025-08,2025-08,0.03802229999564588,pre-specified first grid configuration; no tuning; parameters={'model__alpha': 0.1},1.0,502864.30769336596,502864.30769336596,5.642549658504073,5.806363119695002,5.642549658504073,0.8059013673059114,0.45616065011866697,,-502864.30769336596,1.0,502864.30769336596,502864.30769336596,5.642549658504073,5.806363119695002,5.642549658504073,0.8059013673059114,0.45616065011866697,,-502864.30769336596,1.0,250710.0,250710.0,2.8131716712456964,2.853305867423876,2.813171671245696,0.40179334406145323,0.22742524144502876,,-250710.0,-1.0057608699029394,-1.0057608699029394,,,,,,,2025-07-31,2025-04-01,3
ablation_20260811T165312Z_69334f2b,one_step_202509,one_step_ex_ante_snapshot_vintage_sensitivity,ridge_recursive_b5,2008-01,2025-08,2025-09,2025-09,0.044529000064358115,pre-specified first grid configuration; no tuning; parameters={'model__alpha': 0.1},1.0,25422.89654277172,25422.89654277172,0.3471139513092531,0.34771743918051856,0.3471139513092531,0.04094630140716308,0.023122292517468557,,-25422.89654277172,1.0,25422.89654277172,25422.89654277172,0.3471139513092531,0.34771743918051856,0.3471139513092531,0.04094630140716308,0.023122292517468557,,-25422.89654277172,1.0,174495.0,174495.0,2.382484184357403,2.4112075030636686,2.382484184357403,0.2810429115353647,0.1587043563681903,,-174495.0,0.8543058738486964,0.8543058738486964,,,,,,,2025-08-31,2025-05-01,3
ablation_20260811T165312Z_69334f2b,one_step_202510,one_step_ex_ante_snapshot_vintage_sensitivity,ridge_recursive_b5,2008-01,2025-09,2025-10,2025-10,0.036086700041778386,pre-specified first grid configuration; no tuning; parameters={'model__alpha': 0.1},1.0,745453.1365166735,745453.1365166735,10.530089294791022,11.115315625154327,10.530089294791022,1.2061060311275353,0.6797577069592547,,-745453.1365166735,1.0,745453.1365166735,745453.1365166735,10.530089294791022,11.115315625154327,10.530089294791022,1.2061060311275353,0.6797577069592547,,-745453.1365166735,1.0,355448.0,355448.0,5.020971804001742,5.150268570376219,5.020971804001742,0.5750971530624599,0.32412301402644766,,-355448.0,-1.097221355913308,-1.097221355913308,,,,,,,2025-09-30,2025-06-01,3
ablation_20260811T165312Z_69334f2b,one_step_202511,one_step_ex_ante_snapshot_vintage_sensitivity,ridge_recursive_b5,2008-01,2025-10,2025-11,2025-11,0.03567110002040863,pre-specified first grid configuration; no tuning; parameters={'model__alpha': 0.1},1.0,106965.39096363261,106965.39096363261,2.5138102414187324,2.4826062365050503,2.513810241418732,0.17395439460787746,0.09779238936717889,,106965.39096363261,1.0,106965.39096363261,106965.39096363261,2.5138102414187324,2.4826062365050503,2.513810241418732,0.17395439460787746,0.09779238936717889,,106965.39096363261,1.0,236863.0,236863.0,5.566554096133825,5.7259223795129355,5.566554096133825,0.3852027221030258,0.2165504048926766,,-236863.0,0.5484081896977046,0.5484081896977046,,,,,,,2025-10-31,2025-07-01,3
ablation_20260811T165312Z_69334f2b,one_step_202512,one_step_ex_ante_snapshot_vintage_sensitivity,ridge_recursive_b5,2008-01,2025-11,2025-12,2025-12,0.03461960004642606,pre-specified first grid configuration; no tuning; parameters={'model__alpha': 0.1},1.0,855554.9323218418,855554.9323218418,25.09236159897566,22.295169343578337,25.09236159897566,1.3956224350813655,0.7841023979192489,,855554.9323218418,1.0,855554.9323218418,855554.9323218418,25.09236159897566,22.295169343578337,25.09236159897566,1.3956224350813655,0.7841023979192489,,855554.9323218418,1.0,233795.0,233795.0,6.856916439148844,7.100348935858759,6.856916439148844,0.38137767065914663,0.21426937440946214,,-233795.0,-2.6594235647547717,-2.6594235647547717,,,,,,,2025-11-30,2025-08-01,3
