run_id,fold_id,protocol,model,train_start,train_end,test_start,test_end,runtime_seconds,notes,full_n,full_mae,full_rmse,full_mape,full_smape,full_wape,full_mase,full_rmsse,full_r2,full_bias,paired_n,paired_mae,paired_rmse,paired_mape,paired_smape,paired_wape,paired_mase,paired_rmsse,paired_r2,paired_bias,paired_seasonal_naive_n,paired_seasonal_naive_mae,paired_seasonal_naive_rmse,paired_seasonal_naive_mape,paired_seasonal_naive_smape,paired_seasonal_naive_wape,paired_seasonal_naive_mase,paired_seasonal_naive_rmsse,paired_seasonal_naive_r2,paired_seasonal_naive_bias,paired_mae_skill_vs_seasonal_naive,paired_rmse_skill_vs_seasonal_naive,full_interval_95_coverage,full_interval_95_mean_width,full_interval_95_winkler,paired_interval_95_coverage,paired_interval_95_mean_width,paired_interval_95_winkler,forecast_origin,target_available_through,target_publication_delay_months
run_20260811T161321Z_ebb0c846,one_step_201501,one_step_ex_ante,naive_last,2008-01,2014-12,2015-01,2015-01,0.0010594000341370702,,1.0,3733978.0,3733978.0,211.9165450248694,102.89295129530423,211.9165450248694,20.676096099320574,15.969120550398817,,3733978.0,1.0,3733978.0,3733978.0,211.9165450248694,102.89295129530423,211.9165450248694,20.676096099320574,15.969120550398817,,3733978.0,1.0,186605.0,186605.0,10.590498091945308,11.182647106148103,10.590498091945308,1.0332848540119186,0.7980544449665132,,-186605.0,-19.01006403901289,-19.01006403901289,0.0,6717130.240386136,21733645.432663437,0.0,6717130.240386136,21733645.432663437,2014-12-31,2014-09-01,3
run_20260811T161321Z_ebb0c846,one_step_201501,one_step_ex_ante,seasonal_naive,2008-01,2014-12,2015-01,2015-01,0.0011867000721395016,,1.0,186605.0,186605.0,10.590498091945308,11.182647106148103,10.590498091945308,1.0332848540119186,0.7980544449665132,,-186605.0,1.0,186605.0,186605.0,10.590498091945308,11.182647106148103,10.590498091945308,1.0332848540119186,0.7980544449665132,,-186605.0,1.0,186605.0,186605.0,10.590498091945308,11.182647106148103,10.590498091945308,1.0332848540119186,0.7980544449665132,,-186605.0,0.0,0.0,1.0,728937.2942065448,728937.2942065448,1.0,728937.2942065448,728937.2942065448,2014-12-31,2014-09-01,3
run_20260811T161321Z_ebb0c846,one_step_201501,one_step_ex_ante,drift,2008-01,2014-12,2015-01,2015-01,0.0010868000099435449,,1.0,3950140.3,3950140.3,224.18452512026076,105.70141617339866,224.1845251202608,21.873048113459426,16.89358283355942,,3950140.3,1.0,3950140.3,3950140.3,224.18452512026076,105.70141617339866,224.1845251202608,21.873048113459426,16.89358283355942,,3950140.3,1.0,186605.0,186605.0,10.590498091945308,11.182647106148103,10.590498091945308,1.0332848540119186,0.7980544449665132,,-186605.0,-20.168459044505774,-20.168459044505774,1.0,13246644.705586748,13246644.705586748,1.0,13246644.705586748,13246644.705586748,2014-12-31,2014-09-01,3
run_20260811T161321Z_ebb0c846,one_step_201501,one_step_ex_ante,same_month_historical_mean,2008-01,2014-12,2015-01,2015-01,0.002380399964749813,,1.0,446929.2857142857,446929.2857142857,25.364828099952426,29.048934214088302,25.364828099952422,2.4747743187103066,1.9113844915730793,,-446929.2857142857,1.0,446929.2857142857,446929.2857142857,25.364828099952426,29.048934214088302,25.364828099952422,2.4747743187103066,1.9113844915730793,,-446929.2857142857,1.0,186605.0,186605.0,10.590498091945308,11.182647106148103,10.590498091945308,1.0332848540119186,0.7980544449665132,,-186605.0,-1.3950552542230148,-1.3950552542230148,1.0,1370715.0129033239,1370715.0129033239,1.0,1370715.0129033239,1370715.0129033239,2014-12-31,2014-09-01,3
run_20260811T161321Z_ebb0c846,one_step_201501,one_step_ex_ante,seasonal_moving_average_3,2008-01,2014-12,2015-01,2015-01,0.01498049998190254,,1.0,290028.0,290028.0,16.460121543424417,17.936289030853622,16.460121543424417,1.6059673622859447,1.2403640554366062,,-290028.0,1.0,290028.0,290028.0,16.460121543424417,17.936289030853622,16.460121543424417,1.6059673622859447,1.2403640554366062,,-290028.0,1.0,186605.0,186605.0,10.590498091945308,11.182647106148103,10.590498091945308,1.0332848540119186,0.7980544449665132,,-186605.0,-0.5542348811660995,-0.5542348811660995,1.0,950508.4383307062,950508.4383307062,1.0,950508.4383307062,950508.4383307062,2014-12-31,2014-09-01,3
run_20260811T161321Z_ebb0c846,one_step_201502,one_step_ex_ante,naive_last,2008-01,2015-01,2015-02,2015-02,0.0009321999968960881,,1.0,2728354.0,2728354.0,174.3440739971564,93.14643190984813,174.3440739971564,15.076590843264613,11.686651154338442,,2728354.0,1.0,2728354.0,2728354.0,174.3440739971564,93.14643190984813,174.3440739971564,15.076590843264613,11.686651154338442,,2728354.0,1.0,41680.0,41680.0,2.6633864242695338,2.699333262093732,2.6633864242695338,0.23031919844245619,0.1785324118911352,,-41680.0,-64.45954894433781,-64.45954894433781,1.0,6764192.731081361,6764192.731081361,1.0,6764192.731081361,6764192.731081361,2015-01-31,2014-10-01,3
run_20260811T161321Z_ebb0c846,one_step_201502,one_step_ex_ante,seasonal_naive,2008-01,2015-01,2015-02,2015-02,0.0014649999793618917,,1.0,41680.0,41680.0,2.6633864242695338,2.699333262093732,2.6633864242695338,0.23031919844245619,0.1785324118911352,,-41680.0,1.0,41680.0,41680.0,2.6633864242695338,2.699333262093732,2.6633864242695338,0.23031919844245619,0.1785324118911352,,-41680.0,1.0,41680.0,41680.0,2.6633864242695338,2.699333262093732,2.6633864242695338,0.23031919844245619,0.1785324118911352,,-41680.0,0.0,0.0,1.0,724240.3416740457,724240.3416740457,1.0,724240.3416740457,724240.3416740457,2015-01-31,2014-10-01,3
run_20260811T161321Z_ebb0c846,one_step_201502,one_step_ex_ante,drift,2008-01,2015-01,2015-02,2015-02,0.0015758000081405044,,1.0,2882454.888888889,2882454.888888889,184.19124807188135,95.8851868678797,184.19124807188135,15.92813578587879,12.346728010574076,,2882454.888888889,1.0,2882454.888888889,2882454.888888889,184.19124807188135,95.8851868678797,184.19124807188135,15.92813578587879,12.346728010574076,,2882454.888888889,1.0,41680.0,41680.0,2.6633864242695338,2.699333262093732,2.6633864242695338,0.23031919844245619,0.1785324118911352,,-41680.0,-68.15678716144167,-68.15678716144167,1.0,11969319.749044375,11969319.749044375,1.0,11969319.749044375,11969319.749044375,2015-01-31,2014-10-01,3
run_20260811T161321Z_ebb0c846,one_step_201502,one_step_ex_ante,same_month_historical_mean,2008-01,2015-01,2015-02,2015-02,0.0016346999909728765,,1.0,329631.14285714296,329631.14285714296,21.06370227692336,23.5432414160281,21.063702276923365,1.8215062525078678,1.4119444090383175,,-329631.14285714296,1.0,329631.14285714296,329631.14285714296,21.06370227692336,23.5432414160281,21.063702276923365,1.8215062525078678,1.4119444090383175,,-329631.14285714296,1.0,41680.0,41680.0,2.6633864242695338,2.699333262093732,2.6633864242695338,0.23031919844245619,0.1785324118911352,,-41680.0,-6.9086166712366355,-6.9086166712366355,1.0,1383246.1577007687,1383246.1577007687,1.0,1383246.1577007687,1383246.1577007687,2015-01-31,2014-10-01,3
run_20260811T161321Z_ebb0c846,one_step_201502,one_step_ex_ante,seasonal_moving_average_3,2008-01,2015-01,2015-02,2015-02,0.013942199992015958,,1.0,182379.33333333326,182379.33333333326,11.654190030406138,12.37531117075295,11.654190030406138,1.007808586031738,0.781204948634772,,-182379.33333333326,1.0,182379.33333333326,182379.33333333326,11.654190030406138,12.37531117075295,11.654190030406138,1.007808586031738,0.781204948634772,,-182379.33333333326,1.0,41680.0,41680.0,2.6633864242695338,2.699333262093732,2.6633864242695338,0.23031919844245619,0.1785324118911352,,-41680.0,-3.375703774792065,-3.375703774792065,1.0,944815.8818747955,944815.8818747955,1.0,944815.8818747955,944815.8818747955,2015-01-31,2014-10-01,3
run_20260811T161321Z_ebb0c846,one_step_201503,one_step_ex_ante,naive_last,2008-01,2015-02,2015-03,2015-03,0.0009544999338686466,,1.0,246728.0,246728.0,12.228513935801393,11.523912323582012,12.228513935801391,1.3685143136819105,1.061904180158093,,246728.0,1.0,246728.0,246728.0,12.228513935801393,11.523912323582012,12.228513935801391,1.3685143136819105,1.061904180158093,,246728.0,1.0,50531.0,50531.0,2.5044544506094977,2.5362136078994992,2.5044544506094977,0.2802778638203228,0.21748273453993303,,-50531.0,-3.8827056658288974,-3.8827056658288974,1.0,6956524.160947777,6956524.160947777,1.0,6956524.160947777,6956524.160947777,2015-02-28,2014-11-01,3
run_20260811T161321Z_ebb0c846,one_step_201503,one_step_ex_ante,seasonal_naive,2008-01,2015-02,2015-03,2015-03,0.0013892999850213528,,1.0,50531.0,50531.0,2.5044544506094977,2.5362136078994992,2.5044544506094977,0.2802778638203228,0.21748273453993303,,-50531.0,1.0,50531.0,50531.0,2.5044544506094977,2.5362136078994992,2.5044544506094977,0.2802778638203228,0.21748273453993303,,-50531.0,1.0,50531.0,50531.0,2.5044544506094977,2.5362136078994992,2.5044544506094977,0.2802778638203228,0.21748273453993303,,-50531.0,0.0,0.0,1.0,719068.6101001333,719068.6101001333,1.0,719068.6101001333,719068.6101001333,2015-02-28,2014-11-01,3
run_20260811T161321Z_ebb0c846,one_step_201503,one_step_ex_ante,drift,2008-01,2015-02,2015-03,2015-03,0.001036900095641613,,1.0,299978.58536585374,299978.58536585374,14.867758469198186,13.83898503444342,14.867758469198186,1.6638767706592754,1.29109186536555,,299978.58536585374,1.0,299978.58536585374,299978.58536585374,14.867758469198186,13.83898503444342,14.867758469198186,1.6638767706592754,1.29109186536555,,299978.58536585374,1.0,50531.0,50531.0,2.5044544506094977,2.5362136078994992,2.5044544506094977,0.2802778638203228,0.21748273453993303,,-50531.0,-4.936525803286176,-4.936525803286176,1.0,11353233.39637859,11353233.39637859,1.0,11353233.39637859,11353233.39637859,2015-02-28,2014-11-01,3
run_20260811T161321Z_ebb0c846,one_step_201503,one_step_ex_ante,same_month_historical_mean,2008-01,2015-02,2015-03,2015-03,0.0015412999782711267,,1.0,343495.0,343495.0,17.024550899687508,18.60856304318089,17.024550899687508,1.9052471716958264,1.4783841978348795,,-343495.0,1.0,343495.0,343495.0,17.024550899687508,18.60856304318089,17.024550899687508,1.9052471716958264,1.4783841978348795,,-343495.0,1.0,50531.0,50531.0,2.5044544506094977,2.5362136078994992,2.5044544506094977,0.2802778638203228,0.21748273453993303,,-50531.0,-5.797708337456215,-5.797708337456215,1.0,1377853.9386258295,1377853.9386258295,1.0,1377853.9386258295,1377853.9386258295,2015-02-28,2014-11-01,3
run_20260811T161321Z_ebb0c846,one_step_201503,one_step_ex_ante,seasonal_moving_average_3,2008-01,2015-02,2015-03,2015-03,0.015043099992908537,,1.0,185918.33333333326,185918.33333333326,9.214620675754816,9.659671729974974,9.214620675754816,1.0312242645445642,0.8001826113561992,,-185918.33333333326,1.0,185918.33333333326,185918.33333333326,9.214620675754816,9.659671729974974,9.214620675754816,1.0312242645445642,0.8001826113561992,,-185918.33333333326,1.0,50531.0,50531.0,2.5044544506094977,2.5362136078994992,2.5044544506094977,0.2802778638203228,0.21748273453993303,,-50531.0,-2.679292579472665,-2.679292579472665,1.0,940527.6563903342,940527.6563903342,1.0,940527.6563903342,940527.6563903342,2015-02-28,2014-11-01,3
run_20260811T161321Z_ebb0c846,one_step_201504,one_step_ex_ante,naive_last,2008-01,2015-03,2015-04,2015-04,0.0009235999314114451,,1.0,886117.0,886117.0,33.7354658743813,40.580471417786505,33.7354658743813,4.91005228786137,3.8219756925934503,,-886117.0,1.0,886117.0,886117.0,33.7354658743813,40.580471417786505,33.7354658743813,4.91005228786137,3.8219756925934503,,-886117.0,1.0,53524.0,53524.0,2.0377185805716227,2.058693773339831,2.0377185805716227,0.2965811948709842,0.23085825796184006,,-53524.0,-15.55550780958075,-15.55550780958075,1.0,6929409.917096052,6929409.917096052,1.0,6929409.917096052,6929409.917096052,2015-03-31,2014-12-01,3
run_20260811T161321Z_ebb0c846,one_step_201504,one_step_ex_ante,seasonal_naive,2008-01,2015-03,2015-04,2015-04,0.0012661999789997935,,1.0,53524.0,53524.0,2.0377185805716227,2.058693773339831,2.0377185805716227,0.2965811948709842,0.23085825796184006,,-53524.0,1.0,53524.0,53524.0,2.0377185805716227,2.058693773339831,2.0377185805716227,0.2965811948709842,0.23085825796184006,,-53524.0,1.0,53524.0,53524.0,2.0377185805716227,2.058693773339831,2.0377185805716227,0.2965811948709842,0.23085825796184006,,-53524.0,0.0,0.0,1.0,714346.6009831913,714346.6009831913,1.0,714346.6009831913,714346.6009831913,2015-03-31,2014-12-01,3
run_20260811T161321Z_ebb0c846,one_step_201504,one_step_ex_ante,drift,2008-01,2015-03,2015-04,2015-04,0.0010821000905707479,,1.0,858752.6626506024,858752.6626506024,32.693674927107224,39.08241354636544,32.693674927107224,4.758424086158637,3.70394857857428,,-858752.6626506024,1.0,858752.6626506024,858752.6626506024,32.693674927107224,39.08241354636544,32.693674927107224,4.758424086158637,3.70394857857428,,-858752.6626506024,1.0,53524.0,53524.0,2.0377185805716227,2.058693773339831,2.0377185805716227,0.2965811948709842,0.23085825796184006,,-53524.0,-15.044254215877036,-15.044254215877036,1.0,11492203.354243014,11492203.354243014,1.0,11492203.354243014,11492203.354243014,2015-03-31,2014-12-01,3
run_20260811T161321Z_ebb0c846,one_step_201504,one_step_ex_ante,same_month_historical_mean,2008-01,2015-03,2015-04,2015-04,0.0016079999040812254,,1.0,500730.57142857136,500730.57142857136,19.063373239299118,21.071878679944138,19.063373239299118,2.7745921676764893,2.159737452885373,,-500730.57142857136,1.0,500730.57142857136,500730.57142857136,19.063373239299118,21.071878679944138,19.063373239299118,2.7745921676764893,2.159737452885373,,-500730.57142857136,1.0,53524.0,53524.0,2.0377185805716227,2.058693773339831,2.0377185805716227,0.2965811948709842,0.23085825796184006,,-53524.0,-8.35525318415237,-8.35525318415237,1.0,1374287.815350769,1374287.815350769,1.0,1374287.815350769,1374287.815350769,2015-03-31,2014-12-01,3
run_20260811T161321Z_ebb0c846,one_step_201504,one_step_ex_ante,seasonal_moving_average_3,2008-01,2015-03,2015-04,2015-04,0.013966699945740402,,1.0,218648.3333333335,218648.3333333335,8.324186746961201,8.685693417115822,8.324186746961201,1.2115496591538244,0.9430680319033161,,-218648.3333333335,1.0,218648.3333333335,218648.3333333335,8.324186746961201,8.685693417115822,8.324186746961201,1.2115496591538244,0.9430680319033161,,-218648.3333333335,1.0,53524.0,53524.0,2.0377185805716227,2.058693773339831,2.0377185805716227,0.2965811948709842,0.23085825796184006,,-53524.0,-3.0850521884263786,-3.0850521884263786,1.0,933895.6126456319,933895.6126456319,1.0,933895.6126456319,933895.6126456319,2015-03-31,2014-12-01,3
run_20260811T161321Z_ebb0c846,one_step_201505,one_step_ex_ante,naive_last,2008-01,2015-04,2015-05,2015-05,0.0010664000874385238,,1.0,2013009.0,2013009.0,53.324558087614534,72.71095609784113,53.324558087614534,11.149068130714573,8.70347664645723,,-2013009.0,1.0,2013009.0,2013009.0,53.324558087614534,72.71095609784113,53.324558087614534,11.149068130714573,8.70347664645723,,-2013009.0,1.0,88870.0,88870.0,2.3541640783753595,2.326776015801236,2.3541640783753595,0.49220728013466614,0.38423969767182065,,88870.0,-21.651164622482277,-21.651164622482277,1.0,6887551.336349452,6887551.336349452,1.0,6887551.336349452,6887551.336349452,2015-04-30,2015-01-01,3
run_20260811T161321Z_ebb0c846,one_step_201505,one_step_ex_ante,seasonal_naive,2008-01,2015-04,2015-05,2015-05,0.0012601999333128333,,1.0,88870.0,88870.0,2.3541640783753595,2.326776015801236,2.3541640783753595,0.49220728013466614,0.38423969767182065,,88870.0,1.0,88870.0,88870.0,2.3541640783753595,2.326776015801236,2.3541640783753595,0.49220728013466614,0.38423969767182065,,88870.0,1.0,88870.0,88870.0,2.3541640783753595,2.326776015801236,2.3541640783753595,0.49220728013466614,0.38423969767182065,,88870.0,0.0,0.0,1.0,709626.1272722245,709626.1272722245,1.0,709626.1272722245,709626.1272722245,2015-04-30,2015-01-01,3
run_20260811T161321Z_ebb0c846,one_step_201505,one_step_ex_ante,drift,2008-01,2015-04,2015-05,2015-05,0.0010738000273704529,,1.0,1984948.619047619,1984948.619047619,52.5812392976559,71.33588567309101,52.5812392976559,10.99365546290638,8.58215435216558,,-1984948.619047619,1.0,1984948.619047619,1984948.619047619,52.5812392976559,71.33588567309101,52.5812392976559,10.99365546290638,8.58215435216558,,-1984948.619047619,1.0,88870.0,88870.0,2.3541640783753595,2.326776015801236,2.3541640783753595,0.49220728013466614,0.38423969767182065,,88870.0,-21.335418240661852,-21.335418240661852,1.0,11490425.869522227,11490425.869522227,1.0,11490425.869522227,11490425.869522227,2015-04-30,2015-01-01,3
run_20260811T161321Z_ebb0c846,one_step_201505,one_step_ex_ante,same_month_historical_mean,2008-01,2015-04,2015-05,2015-05,0.0016995000187307596,,1.0,572147.2857142859,572147.2857142859,15.156167295696358,16.39888880679272,15.156167295696356,3.1688427966452166,2.4737447967436705,,-572147.2857142859,1.0,572147.2857142859,572147.2857142859,15.156167295696358,16.39888880679272,15.156167295696356,3.1688427966452166,2.4737447967436705,,-572147.2857142859,1.0,88870.0,88870.0,2.3541640783753595,2.326776015801236,2.3541640783753595,0.49220728013466614,0.38423969767182065,,88870.0,-5.438025044607696,-5.438025044607696,1.0,1377735.2197326226,1377735.2197326226,1.0,1377735.2197326226,1377735.2197326226,2015-04-30,2015-01-01,3
run_20260811T161321Z_ebb0c846,one_step_201505,one_step_ex_ante,seasonal_moving_average_3,2008-01,2015-04,2015-05,2015-05,0.014070000033825636,,1.0,182958.3333333335,182958.3333333335,4.84656167629975,4.966924198651093,4.846561676299751,1.0133163455381085,0.7910414615341538,,-182958.3333333335,1.0,182958.3333333335,182958.3333333335,4.84656167629975,4.966924198651093,4.846561676299751,1.0133163455381085,0.7910414615341538,,-182958.3333333335,1.0,88870.0,88870.0,2.3541640783753595,2.326776015801236,2.3541640783753595,0.49220728013466614,0.38423969767182065,,88870.0,-1.0587187277296444,-1.0587187277296444,1.0,927644.9646327058,927644.9646327058,1.0,927644.9646327058,927644.9646327058,2015-04-30,2015-01-01,3
run_20260811T161321Z_ebb0c846,one_step_201506,one_step_ex_ante,naive_last,2008-01,2015-05,2015-06,2015-06,0.001589599996805191,,1.0,2784750.0,2784750.0,64.02202463402438,94.1652859026815,64.02202463402438,15.585356451456397,12.119678929482196,,-2784750.0,1.0,2784750.0,2784750.0,64.02202463402438,94.1652859026815,64.02202463402438,15.585356451456397,12.119678929482196,,-2784750.0,1.0,180404.0,180404.0,4.147528263605901,4.063265716595302,4.147528263605902,1.0096635767191093,0.7851471613589394,,180404.0,-14.436187667679208,-14.436187667679208,1.0,6848630.608221505,6848630.608221505,1.0,6848630.608221505,6848630.608221505,2015-05-31,2015-02-01,3
run_20260811T161321Z_ebb0c846,one_step_201506,one_step_ex_ante,seasonal_naive,2008-01,2015-05,2015-06,2015-06,0.0014032999752089381,,1.0,180404.0,180404.0,4.147528263605901,4.063265716595302,4.147528263605902,1.0096635767191093,0.7851471613589394,,180404.0,1.0,180404.0,180404.0,4.147528263605901,4.063265716595302,4.147528263605902,1.0096635767191093,0.7851471613589394,,180404.0,1.0,180404.0,180404.0,4.147528263605901,4.063265716595302,4.147528263605902,1.0096635767191093,0.7851471613589394,,180404.0,0.0,0.0,1.0,706335.1067736209,706335.1067736209,1.0,706335.1067736209,706335.1067736209,2015-05-31,2015-02-01,3
run_20260811T161321Z_ebb0c846,one_step_201506,one_step_ex_ante,drift,2008-01,2015-05,2015-06,2015-06,0.0012058999855071306,,1.0,2766294.0470588235,2766294.0470588235,63.5977181527085,93.25022615664014,63.59771815270851,15.482064376677856,12.039355660253472,,-2766294.0470588235,1.0,2766294.0470588235,2766294.0470588235,63.5977181527085,93.25022615664014,63.59771815270851,15.482064376677856,12.039355660253472,,-2766294.0470588235,1.0,180404.0,180404.0,4.147528263605901,4.063265716595302,4.147528263605902,1.0096635767191093,0.7851471613589394,,180404.0,-14.333884210210547,-14.333884210210547,1.0,11560608.94772295,11560608.94772295,1.0,11560608.94772295,11560608.94772295,2015-05-31,2015-02-01,3
run_20260811T161321Z_ebb0c846,one_step_201506,one_step_ex_ante,same_month_historical_mean,2008-01,2015-05,2015-06,2015-06,0.0015334999188780785,,1.0,587858.1428571427,587858.1428571427,13.514990036201388,14.494451901335108,13.514990036201388,3.2900542954734697,2.5584529841135644,,-587858.1428571427,1.0,587858.1428571427,587858.1428571427,13.514990036201388,14.494451901335108,13.514990036201388,3.2900542954734697,2.5584529841135644,,-587858.1428571427,1.0,180404.0,180404.0,4.147528263605901,4.063265716595302,4.147528263605902,1.0096635767191093,0.7851471613589394,,180404.0,-2.2585649035339723,-2.2585649035339723,1.0,1375867.0631042696,1375867.0631042696,1.0,1375867.0631042696,1375867.0631042696,2015-05-31,2015-02-01,3
run_20260811T161321Z_ebb0c846,one_step_201506,one_step_ex_ante,seasonal_moving_average_3,2008-01,2015-05,2015-06,2015-06,0.014652900048531592,,1.0,163631.3333333335,163631.3333333335,3.7619209097997777,3.834037641665482,3.7619209097997777,0.9157923176684015,0.712149824150491,,-163631.3333333335,1.0,163631.3333333335,163631.3333333335,3.7619209097997777,3.834037641665482,3.7619209097997777,0.9157923176684015,0.712149824150491,,-163631.3333333335,1.0,180404.0,180404.0,4.147528263605901,4.063265716595302,4.147528263605902,1.0096635767191093,0.7851471613589394,,180404.0,0.09297280917644013,0.09297280917644013,1.0,921684.0679477258,921684.0679477258,1.0,921684.0679477258,921684.0679477258,2015-05-31,2015-02-01,3
run_20260811T161321Z_ebb0c846,one_step_201507,one_step_ex_ante,naive_last,2008-01,2015-06,2015-07,2015-07,0.0010080999927595258,,1.0,3227320.0,3227320.0,61.53177380592626,88.87493614554548,61.53177380592626,18.236669169557196,14.135781651509532,,-3227320.0,1.0,3227320.0,3227320.0,61.53177380592626,88.87493614554548,61.53177380592626,18.236669169557196,14.135781651509532,,-3227320.0,1.0,292561.0,292561.0,5.577939986253483,5.737970254876528,5.577939986253483,1.653179160701394,1.2814280628345749,,-292561.0,-10.03127211077348,-10.03127211077348,1.0,6818756.59678068,6818756.59678068,1.0,6818756.59678068,6818756.59678068,2015-06-30,2015-03-01,3
run_20260811T161321Z_ebb0c846,one_step_201507,one_step_ex_ante,seasonal_naive,2008-01,2015-06,2015-07,2015-07,0.0012305999407544732,,1.0,292561.0,292561.0,5.577939986253483,5.737970254876528,5.577939986253483,1.653179160701394,1.2814280628345749,,-292561.0,1.0,292561.0,292561.0,5.577939986253483,5.737970254876528,5.577939986253483,1.653179160701394,1.2814280628345749,,-292561.0,1.0,292561.0,292561.0,5.577939986253483,5.737970254876528,5.577939986253483,1.653179160701394,1.2814280628345749,,-292561.0,0.0,0.0,1.0,702823.5840260033,702823.5840260033,1.0,702823.5840260033,702823.5840260033,2015-06-30,2015-03-01,3
run_20260811T161321Z_ebb0c846,one_step_201507,one_step_ex_ante,drift,2008-01,2015-06,2015-07,2015-07,0.0010874000145122409,,1.0,3188021.906976744,3188021.906976744,60.782520130768155,87.32024195217683,60.782520130768155,18.01460680156778,13.963654542236991,,-3188021.906976744,1.0,3188021.906976744,3188021.906976744,60.782520130768155,87.32024195217683,60.782520130768155,18.01460680156778,13.963654542236991,,-3188021.906976744,1.0,292561.0,292561.0,5.577939986253483,5.737970254876528,5.577939986253483,1.653179160701394,1.2814280628345749,,-292561.0,-9.896947668953635,-9.896947668953635,1.0,11467458.071993688,11467458.071993688,1.0,11467458.071993688,11467458.071993688,2015-06-30,2015-03-01,3
run_20260811T161321Z_ebb0c846,one_step_201507,one_step_ex_ante,same_month_historical_mean,2008-01,2015-06,2015-07,2015-07,0.0019932000432163477,,1.0,601963.0,601963.0,11.476968864425215,12.1756676574669,11.476968864425215,3.4015220316901202,2.636620332129331,,-601963.0,1.0,601963.0,601963.0,11.476968864425215,12.1756676574669,11.476968864425215,3.4015220316901202,2.636620332129331,,-601963.0,1.0,292561.0,292561.0,5.577939986253483,5.737970254876528,5.577939986253483,1.653179160701394,1.2814280628345749,,-292561.0,-1.0575640635628125,-1.0575640635628125,1.0,1374570.7025952823,1374570.7025952823,1.0,1374570.7025952823,1374570.7025952823,2015-06-30,2015-03-01,3
run_20260811T161321Z_ebb0c846,one_step_201507,one_step_ex_ante,seasonal_moving_average_3,2008-01,2015-06,2015-07,2015-07,0.014789100037887692,,1.0,336181.0,336181.0,6.409594725608274,6.621810328382157,6.409594725608274,1.8996633981417732,1.4724852854337735,,-336181.0,1.0,336181.0,336181.0,6.409594725608274,6.621810328382157,6.409594725608274,1.8996633981417732,1.4724852854337735,,-336181.0,1.0,292561.0,292561.0,5.577939986253483,5.737970254876528,5.577939986253483,1.653179160701394,1.2814280628345749,,-292561.0,-0.1490971113716455,-0.1490971113716455,1.0,915790.0767004956,915790.0767004956,1.0,915790.0767004956,915790.0767004956,2015-06-30,2015-03-01,3
run_20260811T161321Z_ebb0c846,one_step_201508,one_step_ex_ante,naive_last,2008-01,2015-07,2015-08,2015-08,0.0009618999902158976,,1.0,4122045.0,4122045.0,61.07902431102368,87.93348017907772,61.07902431102368,23.508272214283796,18.168020971366833,,-4122045.0,1.0,4122045.0,4122045.0,61.07902431102368,87.93348017907772,61.07902431102368,23.508272214283796,18.168020971366833,,-4122045.0,1.0,113081.0,113081.0,1.6755947953297137,1.68975148933436,1.6755947953297134,0.6449077897653777,0.4984074602444012,,-113081.0,-35.45214492266605,-35.45214492266605,0.0,6797679.356745847,35725892.221828915,0.0,6797679.356745847,35725892.221828915,2015-07-31,2015-04-01,3
run_20260811T161321Z_ebb0c846,one_step_201508,one_step_ex_ante,seasonal_naive,2008-01,2015-07,2015-08,2015-08,0.001306000049225986,,1.0,113081.0,113081.0,1.6755947953297137,1.68975148933436,1.6755947953297134,0.6449077897653777,0.4984074602444012,,-113081.0,1.0,113081.0,113081.0,1.6755947953297137,1.68975148933436,1.6755947953297134,0.6449077897653777,0.4984074602444012,,-113081.0,1.0,113081.0,113081.0,1.6755947953297137,1.68975148933436,1.6755947953297134,0.6449077897653777,0.4984074602444012,,-113081.0,0.0,0.0,1.0,699276.881162323,699276.881162323,1.0,699276.881162323,699276.881162323,2015-07-31,2015-04-01,3
run_20260811T161321Z_ebb0c846,one_step_201508,one_step_ex_ante,drift,2008-01,2015-07,2015-08,2015-08,0.0010426000226289034,,1.0,4055197.7816091953,4055197.7816091953,60.08850555705174,85.89502355941748,60.08850555705174,23.127038480372907,17.87339011081056,,-4055197.7816091953,1.0,4055197.7816091953,4055197.7816091953,60.08850555705174,85.89502355941748,60.08850555705174,23.127038480372907,17.87339011081056,,-4055197.7816091953,1.0,113081.0,113081.0,1.6755947953297137,1.68975148933436,1.6755947953297134,0.6449077897653777,0.4984074602444012,,-113081.0,-34.86100035911599,-34.86100035911599,1.0,11490826.674053779,11490826.674053779,1.0,11490826.674053779,11490826.674053779,2015-07-31,2015-04-01,3
run_20260811T161321Z_ebb0c846,one_step_201508,one_step_ex_ante,same_month_historical_mean,2008-01,2015-07,2015-08,2015-08,0.0021016000537201762,,1.0,1169114.7142857146,1169114.7142857146,17.323533842117847,18.96635533462269,17.32353384211785,6.667532002477703,5.152903630861964,,-1169114.7142857146,1.0,1169114.7142857146,1169114.7142857146,17.323533842117847,18.96635533462269,17.32353384211785,6.667532002477703,5.152903630861964,,-1169114.7142857146,1.0,113081.0,113081.0,1.6755947953297137,1.68975148933436,1.6755947953297134,0.6449077897653777,0.4984074602444012,,-113081.0,-9.338736960990039,-9.338736960990039,0.0,1380751.6829515304,20530306.595349506,0.0,1380751.6829515304,20530306.595349506,2015-07-31,2015-04-01,3
run_20260811T161321Z_ebb0c846,one_step_201508,one_step_ex_ante,seasonal_moving_average_3,2008-01,2015-07,2015-08,2015-08,0.014159400016069412,,1.0,754508.0,754508.0,11.180036238047341,11.842006549839331,11.180036238047341,4.303004807529962,3.325513711534941,,-754508.0,1.0,754508.0,754508.0,11.180036238047341,11.842006549839331,11.180036238047341,4.303004807529962,3.325513711534941,,-754508.0,1.0,113081.0,113081.0,1.6755947953297137,1.68975148933436,1.6755947953297134,0.6449077897653777,0.4984074602444012,,-113081.0,-5.672279162724065,-5.672279162724065,0.0,909722.2517436668,12895597.21687033,0.0,909722.2517436668,12895597.21687033,2015-07-31,2015-04-01,3
run_20260811T161321Z_ebb0c846,one_step_201509,one_step_ex_ante,naive_last,2008-01,2015-08,2015-09,2015-09,0.001034500077366829,,1.0,1640309.0,1640309.0,30.2901471048259,35.6963919160727,30.2901471048259,9.415083196124233,7.269778855632355,,-1640309.0,1.0,1640309.0,1640309.0,30.2901471048259,35.6963919160727,30.2901471048259,9.415083196124233,7.269778855632355,,-1640309.0,1.0,80660.0,80660.0,1.4894774493557354,1.4784667350483498,1.4894774493557354,0.4629741168276103,0.3574816467478419,,80660.0,-19.336089759484256,-19.336089759484256,1.0,6824349.631164651,6824349.631164651,1.0,6824349.631164651,6824349.631164651,2015-08-31,2015-05-01,3
run_20260811T161321Z_ebb0c846,one_step_201509,one_step_ex_ante,seasonal_naive,2008-01,2015-08,2015-09,2015-09,0.001779999933205545,,1.0,80660.0,80660.0,1.4894774493557354,1.4784667350483498,1.4894774493557354,0.4629741168276103,0.3574816467478419,,80660.0,1.0,80660.0,80660.0,1.4894774493557354,1.4784667350483498,1.4894774493557354,0.4629741168276103,0.3574816467478419,,80660.0,1.0,80660.0,80660.0,1.4894774493557354,1.4784667350483498,1.4894774493557354,0.4629741168276103,0.3574816467478419,,80660.0,0.0,0.0,1.0,702254.138943078,702254.138943078,1.0,702254.138943078,702254.138943078,2015-08-31,2015-05-01,3
run_20260811T161321Z_ebb0c846,one_step_201509,one_step_ex_ante,drift,2008-01,2015-08,2015-09,2015-09,0.001156599959358573,,1.0,1522023.6818181816,1522023.6818181816,28.105875916855577,32.70138065133732,28.105875916855574,8.73614641557749,6.745543418864083,,-1522023.6818181816,1.0,1522023.6818181816,1522023.6818181816,28.105875916855577,32.70138065133732,28.105875916855574,8.73614641557749,6.745543418864083,,-1522023.6818181816,1.0,80660.0,80660.0,1.4894774493557354,1.4784667350483498,1.4894774493557354,0.4629741168276103,0.3574816467478419,,80660.0,-17.869621644162926,-17.869621644162926,1.0,11993673.57244495,11993673.57244495,1.0,11993673.57244495,11993673.57244495,2015-08-31,2015-05-01,3
run_20260811T161321Z_ebb0c846,one_step_201509,one_step_ex_ante,same_month_historical_mean,2008-01,2015-08,2015-09,2015-09,0.0015901000006124377,,1.0,695087.2857142854,695087.2857142854,12.835567039490641,13.715818584184607,12.835567039490641,3.9896779348087295,3.080596919546621,,-695087.2857142854,1.0,695087.2857142854,695087.2857142854,12.835567039490641,13.715818584184607,12.835567039490641,3.9896779348087295,3.080596919546621,,-695087.2857142854,1.0,80660.0,80660.0,1.4894774493557354,1.4784667350483498,1.4894774493557354,0.4629741168276103,0.3574816467478419,,80660.0,-7.6174967234600235,-7.6174967234600235,1.0,1390980.0032478613,1390980.0032478613,1.0,1390980.0032478613,1390980.0032478613,2015-08-31,2015-05-01,3
run_20260811T161321Z_ebb0c846,one_step_201509,one_step_ex_ante,seasonal_moving_average_3,2008-01,2015-08,2015-09,2015-09,0.016658200067467988,,1.0,87045.0,87045.0,1.6073836421915448,1.620406718456264,1.6073836421915446,0.4996228861797587,0.3857796918071646,,-87045.0,1.0,87045.0,87045.0,1.6073836421915448,1.620406718456264,1.6073836421915446,0.4996228861797587,0.3857796918071646,,-87045.0,1.0,80660.0,80660.0,1.4894774493557354,1.4784667350483498,1.4894774493557354,0.4629741168276103,0.3574816467478419,,80660.0,-0.07915943466402187,-0.07915943466402187,1.0,904091.5981846116,904091.5981846116,1.0,904091.5981846116,904091.5981846116,2015-08-31,2015-05-01,3
run_20260811T161321Z_ebb0c846,one_step_201510,one_step_ex_ante,naive_last,2008-01,2015-09,2015-10,2015-10,0.0012257000198587775,,1.0,187869.0,187869.0,4.5141219941535,4.414484388792033,4.514121994153499,1.077844414440947,0.8345593736118947,,187869.0,1.0,187869.0,187869.0,4.5141219941535,4.414484388792033,4.514121994153499,1.077844414440947,0.8345593736118947,,187869.0,1.0,131473.0,131473.0,3.159037206443549,3.109915512381011,3.1590372064435486,0.7542885665000325,0.5840347504211798,,131473.0,-0.4289549945616211,-0.4289549945616211,1.0,6800567.40333095,6800567.40333095,1.0,6800567.40333095,6800567.40333095,2015-09-30,2015-06-01,3
run_20260811T161321Z_ebb0c846,one_step_201510,one_step_ex_ante,seasonal_naive,2008-01,2015-09,2015-10,2015-10,0.0013326999032869935,,1.0,131473.0,131473.0,3.159037206443549,3.109915512381011,3.1590372064435486,0.7542885665000325,0.5840347504211798,,131473.0,1.0,131473.0,131473.0,3.159037206443549,3.109915512381011,3.1590372064435486,0.7542885665000325,0.5840347504211798,,131473.0,1.0,131473.0,131473.0,3.159037206443549,3.109915512381011,3.1590372064435486,0.7542885665000325,0.5840347504211798,,131473.0,0.0,0.0,1.0,711908.5450483151,711908.5450483151,1.0,711908.5450483151,711908.5450483151,2015-09-30,2015-06-01,3
run_20260811T161321Z_ebb0c846,one_step_201510,one_step_ex_ante,drift,2008-01,2015-09,2015-10,2015-10,0.001133799902163446,,1.0,330652.77528089844,330652.77528089844,7.944934849940109,7.641383384186236,7.9449348499401085,1.8970253046320253,1.4688393136784736,,330652.77528089844,1.0,330652.77528089844,330652.77528089844,7.944934849940109,7.641383384186236,7.9449348499401085,1.8970253046320253,1.4688393136784736,,330652.77528089844,1.0,131473.0,131473.0,3.159037206443549,3.109915512381011,3.1590372064435486,0.7542885665000325,0.5840347504211798,,131473.0,-1.5149861589900468,-1.5149861589900468,1.0,12378884.638276715,12378884.638276715,1.0,12378884.638276715,12378884.638276715,2015-09-30,2015-06-01,3
run_20260811T161321Z_ebb0c846,one_step_201510,one_step_ex_ante,same_month_historical_mean,2008-01,2015-09,2015-10,2015-10,0.0014699000166729093,,1.0,379151.7142857141,379151.7142857141,9.110268818049521,9.545059088973082,9.110268818049523,2.175274033867039,1.6842832887712267,,-379151.7142857141,1.0,379151.7142857141,379151.7142857141,9.110268818049521,9.545059088973082,9.110268818049523,2.175274033867039,1.6842832887712267,,-379151.7142857141,1.0,131473.0,131473.0,3.159037206443549,3.109915512381011,3.1590372064435486,0.7542885665000325,0.5840347504211798,,131473.0,-1.8838751248219339,-1.8838751248219339,1.0,1401888.591717464,1401888.591717464,1.0,1401888.591717464,1401888.591717464,2015-09-30,2015-06-01,3
run_20260811T161321Z_ebb0c846,one_step_201510,one_step_ex_ante,seasonal_moving_average_3,2008-01,2015-09,2015-10,2015-10,0.015401399927213788,,1.0,69740.66666666651,69740.66666666651,1.675730840569371,1.689889843206501,1.675730840569371,0.4001170391392642,0.30980484853067375,,-69740.66666666651,1.0,69740.66666666651,69740.66666666651,1.675730840569371,1.689889843206501,1.675730840569371,0.4001170391392642,0.30980484853067375,,-69740.66666666651,1.0,131473.0,131473.0,3.159037206443549,3.109915512381011,3.1590372064435486,0.7542885665000325,0.5840347504211798,,131473.0,0.4695438100091539,0.4695438100091539,1.0,898848.1422213675,898848.1422213675,1.0,898848.1422213675,898848.1422213675,2015-09-30,2015-06-01,3
run_20260811T161321Z_ebb0c846,one_step_201511,one_step_ex_ante,naive_last,2008-01,2015-10,2015-11,2015-11,0.0010532999876886606,,1.0,3007967.0,3007967.0,134.46444744251,80.40582397961604,134.46444744251,17.110395345972098,13.304221333205906,,3007967.0,1.0,3007967.0,3007967.0,134.46444744251,80.40582397961604,134.46444744251,17.110395345972098,13.304221333205906,,3007967.0,1.0,27375.0,27375.0,1.2237382420547538,1.2162961017876555,1.2237382420547538,0.15571882025168035,0.12107947294518578,,27375.0,-108.88007305936073,-108.88007305936073,1.0,6799462.8533462435,6799462.8533462435,1.0,6799462.8533462435,6799462.8533462435,2015-10-31,2015-07-01,3
run_20260811T161321Z_ebb0c846,one_step_201511,one_step_ex_ante,seasonal_naive,2008-01,2015-10,2015-11,2015-11,0.001235299976542592,,1.0,27375.0,27375.0,1.2237382420547538,1.2162961017876555,1.2237382420547538,0.15571882025168035,0.12107947294518578,,27375.0,1.0,27375.0,27375.0,1.2237382420547538,1.2162961017876555,1.2237382420547538,0.15571882025168035,0.12107947294518578,,27375.0,1.0,27375.0,27375.0,1.2237382420547538,1.2162961017876555,1.2237382420547538,0.15571882025168035,0.12107947294518578,,27375.0,0.0,0.0,1.0,710753.0362389358,710753.0362389358,1.0,710753.0362389358,710753.0362389358,2015-10-31,2015-07-01,3
run_20260811T161321Z_ebb0c846,one_step_201511,one_step_ex_ante,drift,2008-01,2015-10,2015-11,2015-11,0.0011397000635042787,,1.0,3188954.9555555554,3188954.9555555554,142.5551098193005,83.2304675849086,142.55510981930047,18.13991976309994,14.104730055328037,,3188954.9555555554,1.0,3188954.9555555554,3188954.9555555554,142.5551098193005,83.2304675849086,142.55510981930047,18.13991976309994,14.104730055328037,,3188954.9555555554,1.0,27375.0,27375.0,1.2237382420547538,1.2162961017876555,1.2237382420547538,0.15571882025168035,0.12107947294518578,,27375.0,-115.49150522577371,-115.49150522577371,1.0,13219158.984797774,13219158.984797774,1.0,13219158.984797774,13219158.984797774,2015-10-31,2015-07-01,3
run_20260811T161321Z_ebb0c846,one_step_201511,one_step_ex_ante,same_month_historical_mean,2008-01,2015-10,2015-11,2015-11,0.001667100004851818,,1.0,169170.71428571432,169170.71428571432,7.562398995694869,7.85958560720749,7.56239899569487,0.9623037095782839,0.748241129624654,,-169170.71428571432,1.0,169170.71428571432,169170.71428571432,7.562398995694869,7.85958560720749,7.56239899569487,0.9623037095782839,0.748241129624654,,-169170.71428571432,1.0,27375.0,27375.0,1.2237382420547538,1.2162961017876555,1.2237382420547538,0.15571882025168035,0.12107947294518578,,27375.0,-5.179752120026094,-5.179752120026094,1.0,1413360.5174811636,1413360.5174811636,1.0,1413360.5174811636,1413360.5174811636,2015-10-31,2015-07-01,3
run_20260811T161321Z_ebb0c846,one_step_201511,one_step_ex_ante,seasonal_moving_average_3,2008-01,2015-10,2015-11,2015-11,0.015744199976325035,,1.0,32610.33333333349,32610.33333333349,1.457772127348057,1.4684756416484808,1.457772127348057,0.185499274326237,0.14423532319878876,,-32610.33333333349,1.0,32610.33333333349,32610.33333333349,1.457772127348057,1.4684756416484808,1.457772127348057,0.185499274326237,0.14423532319878876,,-32610.33333333349,1.0,27375.0,27375.0,1.2237382420547538,1.2162961017876555,1.2237382420547538,0.15571882025168035,0.12107947294518578,,27375.0,-0.1912450532724561,-0.1912450532724561,1.0,894086.2889268969,894086.2889268969,1.0,894086.2889268969,894086.2889268969,2015-10-31,2015-07-01,3
run_20260811T161321Z_ebb0c846,one_step_201512,one_step_ex_ante,naive_last,2008-01,2015-11,2015-12,2015-12,0.0009445999749004841,,1.0,5034901.0,5034901.0,293.7845976822361,118.99301803305518,293.7845976822361,28.768614795386704,22.374444325676514,,5034901.0,1.0,5034901.0,5034901.0,293.7845976822361,118.99301803305518,293.7845976822361,28.768614795386704,22.374444325676514,,5034901.0,1.0,26739.0,26739.0,1.560210688834857,1.5481336157595937,1.560210688834857,0.1527823468651807,0.11882463365700027,,26739.0,-187.2980290960769,-187.2980290960769,0.0,6867005.308475404,70922939.13896734,0.0,6867005.308475404,70922939.13896734,2015-11-30,2015-08-01,3
run_20260811T161321Z_ebb0c846,one_step_201512,one_step_ex_ante,seasonal_naive,2008-01,2015-11,2015-12,2015-12,0.0017677000723779202,,1.0,26739.0,26739.0,1.560210688834857,1.5481336157595937,1.560210688834857,0.1527823468651807,0.11882463365700027,,26739.0,1.0,26739.0,26739.0,1.560210688834857,1.5481336157595937,1.560210688834857,0.1527823468651807,0.11882463365700027,,26739.0,1.0,26739.0,26739.0,1.560210688834857,1.5481336157595937,1.560210688834857,0.1527823468651807,0.11882463365700027,,26739.0,0.0,0.0,1.0,706315.431570543,706315.431570543,1.0,706315.431570543,706315.431570543,2015-11-30,2015-08-01,3
run_20260811T161321Z_ebb0c846,one_step_201512,one_step_ex_ante,drift,2008-01,2015-11,2015-12,2015-12,0.001131500001065433,,1.0,5279998.67032967,5279998.67032967,308.08595543895376,121.2731633854304,308.08595543895376,30.169063476495026,23.463626452424236,,5279998.67032967,1.0,5279998.67032967,5279998.67032967,308.08595543895376,121.2731633854304,308.08595543895376,30.169063476495026,23.463626452424236,,5279998.67032967,1.0,26739.0,26739.0,1.560210688834857,1.5481336157595937,1.560210688834857,0.1527823468651807,0.11882463365700027,,26739.0,-196.4643281472632,-196.4643281472632,1.0,15127454.461901765,15127454.461901765,1.0,15127454.461901765,15127454.461901765,2015-11-30,2015-08-01,3
run_20260811T161321Z_ebb0c846,one_step_201512,one_step_ex_ante,same_month_historical_mean,2008-01,2015-11,2015-12,2015-12,0.0015680999495089054,,1.0,219150.0,219150.0,12.787320859349974,13.660742336519904,12.787320859349974,1.2521878647482834,0.9738740590871614,,-219150.0,1.0,219150.0,219150.0,12.787320859349974,13.660742336519904,12.787320859349974,1.2521878647482834,0.9738740590871614,,-219150.0,1.0,26739.0,26739.0,1.560210688834857,1.5481336157595937,1.560210688834857,0.1527823468651807,0.11882463365700027,,26739.0,-7.195893638505554,-7.195893638505554,1.0,1475663.6771783577,1475663.6771783577,1.0,1475663.6771783577,1475663.6771783577,2015-11-30,2015-08-01,3
run_20260811T161321Z_ebb0c846,one_step_201512,one_step_ex_ante,seasonal_moving_average_3,2008-01,2015-11,2015-12,2015-12,0.015778200002387166,,1.0,95111.66666666674,95111.66666666674,5.549730317746791,5.708123035072649,5.549730317746792,0.5434527711429793,0.42266385983669547,,-95111.66666666674,1.0,95111.66666666674,95111.66666666674,5.549730317746791,5.708123035072649,5.549730317746792,0.5434527711429793,0.42266385983669547,,-95111.66666666674,1.0,26739.0,26739.0,1.560210688834857,1.5481336157595937,1.560210688834857,0.1527823468651807,0.11882463365700027,,26739.0,-2.5570390316267155,-2.5570390316267155,1.0,916507.2695389977,916507.2695389977,1.0,916507.2695389977,916507.2695389977,2015-11-30,2015-08-01,3
run_20260811T161321Z_ebb0c846,one_step_201601,one_step_ex_ante,naive_last,2008-01,2015-12,2016-01,2016-01,0.0011745999800041318,,1.0,3724035.0,3724035.0,220.18941788117567,104.80483730004,220.1894178811757,21.421112384153282,16.638881591067335,,3724035.0,1.0,3724035.0,3724035.0,220.18941788117567,104.80483730004,220.1894178811757,21.421112384153282,16.638881591067335,,3724035.0,1.0,70717.0,70717.0,4.181253684324423,4.095629357618573,4.181253684324423,0.40677297728677836,0.315961528147697,,70717.0,-51.66109987697442,-51.66109987697442,0.0,6923657.546312906,17411906.620054808,0.0,6923657.546312906,17411906.620054808,2015-12-31,2015-09-01,3
run_20260811T161321Z_ebb0c846,one_step_201601,one_step_ex_ante,seasonal_naive,2008-01,2015-12,2016-01,2016-01,0.001538699958473444,,1.0,70717.0,70717.0,4.181253684324423,4.095629357618573,4.181253684324423,0.40677297728677836,0.315961528147697,,70717.0,1.0,70717.0,70717.0,4.181253684324423,4.095629357618573,4.181253684324423,0.40677297728677836,0.315961528147697,,70717.0,1.0,70717.0,70717.0,4.181253684324423,4.095629357618573,4.181253684324423,0.40677297728677836,0.315961528147697,,70717.0,0.0,0.0,1.0,708219.4797146497,708219.4797146497,1.0,708219.4797146497,708219.4797146497,2015-12-31,2015-09-01,3
run_20260811T161321Z_ebb0c846,one_step_201601,one_step_ex_ante,drift,2008-01,2015-12,2016-01,2016-01,0.0012562000192701817,,1.0,3908495.2608695654,3908495.2608695654,231.0959204954313,107.21322541389274,231.09592049543133,22.48215074133768,17.463044747124165,,3908495.2608695654,1.0,3908495.2608695654,3908495.2608695654,231.0959204954313,107.21322541389274,231.09592049543133,22.48215074133768,17.463044747124165,,3908495.2608695654,1.0,70717.0,70717.0,4.181253684324423,4.095629357618573,4.181253684324423,0.40677297728677836,0.315961528147697,,70717.0,-54.269528697053964,-54.269528697053964,1.0,13236887.593359066,13236887.593359066,1.0,13236887.593359066,13236887.593359066,2015-12-31,2015-09-01,3
run_20260811T161321Z_ebb0c846,one_step_201601,one_step_ex_ante,same_month_historical_mean,2008-01,2015-12,2016-01,2016-01,0.0015437999973073602,,1.0,320346.125,320346.125,18.94096773640429,20.922422371979746,18.94096773640429,1.8426707443547161,1.4312973003831209,,-320346.125,1.0,320346.125,320346.125,18.94096773640429,20.922422371979746,18.94096773640429,1.8426707443547161,1.4312973003831209,,-320346.125,1.0,70717.0,70717.0,4.181253684324423,4.095629357618573,4.181253684324423,0.40677297728677836,0.315961528147697,,70717.0,-3.5299733444574857,-3.5299733444574857,1.0,1491483.1866730412,1491483.1866730412,1.0,1491483.1866730412,1491483.1866730412,2015-12-31,2015-09-01,3
run_20260811T161321Z_ebb0c846,one_step_201601,one_step_ex_ante,seasonal_moving_average_3,2008-01,2015-12,2016-01,2016-01,0.01661589997820556,,1.0,90110.0,90110.0,5.327895265558123,5.4737120891830555,5.327895265558122,0.5183239247042662,0.4026088960418142,,-90110.0,1.0,90110.0,90110.0,5.327895265558123,5.4737120891830555,5.327895265558122,0.5183239247042662,0.4026088960418142,,-90110.0,1.0,70717.0,70717.0,4.181253684324423,4.095629357618573,4.181253684324423,0.40677297728677836,0.315961528147697,,70717.0,-0.2742339182940452,-0.2742339182940452,1.0,913424.686683529,913424.686683529,1.0,913424.686683529,913424.686683529,2015-12-31,2015-09-01,3
run_20260811T161321Z_ebb0c846,one_step_201602,one_step_ex_ante,naive_last,2008-01,2016-01,2016-02,2016-02,0.0010313000530004501,,1.0,2644302.0,2644302.0,174.25337923326728,93.12053753008728,174.25337923326725,15.255702593084596,11.862132380392,,2644302.0,1.0,2644302.0,2644302.0,174.25337923326728,93.12053753008728,174.25337923326725,15.255702593084596,11.862132380392,,2644302.0,1.0,47421.0,47421.0,3.124934102315381,3.0768591912417125,3.124934102315381,0.27358473906031333,0.2127269047221418,,47421.0,-54.762257227810466,-54.762257227810466,1.0,6966509.866502631,6966509.866502631,1.0,6966509.866502631,6966509.866502631,2016-01-31,2015-10-01,3
run_20260811T161321Z_ebb0c846,one_step_201602,one_step_ex_ante,seasonal_naive,2008-01,2016-01,2016-02,2016-02,0.0015406999737024307,,1.0,47421.0,47421.0,3.124934102315381,3.0768591912417125,3.124934102315381,0.27358473906031333,0.2127269047221418,,47421.0,1.0,47421.0,47421.0,3.124934102315381,3.0768591912417125,3.124934102315381,0.27358473906031333,0.2127269047221418,,47421.0,1.0,47421.0,47421.0,3.124934102315381,3.0768591912417125,3.124934102315381,0.27358473906031333,0.2127269047221418,,47421.0,0.0,0.0,1.0,713127.6364026573,713127.6364026573,1.0,713127.6364026573,713127.6364026573,2016-01-31,2015-10-01,3
run_20260811T161321Z_ebb0c846,one_step_201602,one_step_ex_ante,drift,2008-01,2016-01,2016-02,2016-02,0.0010393999982625246,,1.0,2772864.1505376343,2772864.1505376343,182.72532728333067,95.48640461312327,182.7253272833307,15.997412856636005,12.438852153241434,,2772864.1505376343,1.0,2772864.1505376343,2772864.1505376343,182.72532728333067,95.48640461312327,182.7253272833307,15.997412856636005,12.438852153241434,,2772864.1505376343,1.0,47421.0,47421.0,3.124934102315381,3.0768591912417125,3.124934102315381,0.27358473906031333,0.2127269047221418,,47421.0,-57.473337773088595,-57.473337773088595,1.0,12029509.637794219,12029509.637794219,1.0,12029509.637794219,12029509.637794219,2016-01-31,2015-10-01,3
run_20260811T161321Z_ebb0c846,one_step_201602,one_step_ex_ante,same_month_historical_mean,2008-01,2016-01,2016-02,2016-02,0.0018034999957308173,,1.0,241006.25,241006.25,15.881753853696596,17.251689266121613,15.881753853696596,1.3904310752231002,1.0811352266124858,,-241006.25,1.0,241006.25,241006.25,15.881753853696596,17.251689266121613,15.881753853696596,1.3904310752231002,1.0811352266124858,,-241006.25,1.0,47421.0,47421.0,3.124934102315381,3.0768591912417125,3.124934102315381,0.27358473906031333,0.2127269047221418,,47421.0,-4.0822684042934565,-4.0822684042934565,1.0,1490431.3000128483,1490431.3000128483,1.0,1490431.3000128483,1490431.3000128483,2016-01-31,2015-10-01,3
run_20260811T161321Z_ebb0c846,one_step_201602,one_step_ex_ante,seasonal_moving_average_3,2008-01,2016-01,2016-02,2016-02,0.015641900012269616,,1.0,16338.0,16338.0,1.076636371304458,1.082463469011187,1.0766363713044578,0.09425839747722314,0.07329099279539346,,-16338.0,1.0,16338.0,16338.0,1.076636371304458,1.082463469011187,1.0766363713044578,0.09425839747722314,0.07329099279539346,,-16338.0,1.0,47421.0,47421.0,3.124934102315381,3.0768591912417125,3.124934102315381,0.27358473906031333,0.2127269047221418,,47421.0,0.6554690959701398,0.6554690959701398,1.0,910937.5317538186,910937.5317538186,1.0,910937.5317538186,910937.5317538186,2016-01-31,2015-10-01,3
run_20260811T161321Z_ebb0c846,one_step_201603,one_step_ex_ante,naive_last,2008-01,2016-02,2016-03,2016-03,0.0012300999369472265,,1.0,338236.0,338236.0,17.81350163948931,16.356655125055614,17.81350163948931,1.9713764909657612,1.5263837414189323,,338236.0,1.0,338236.0,338236.0,17.81350163948931,16.356655125055614,17.81350163948931,1.9713764909657612,1.5263837414189323,,338236.0,1.0,118883.0,118883.0,6.261079587647108,6.071023772554793,6.261079587647109,0.6928983058440928,0.5364925032554397,,118883.0,-1.845116627272192,-1.845116627272192,1.0,7107354.025764015,7107354.025764015,1.0,7107354.025764015,7107354.025764015,2016-02-29,2015-11-01,3
run_20260811T161321Z_ebb0c846,one_step_201603,one_step_ex_ante,seasonal_naive,2008-01,2016-02,2016-03,2016-03,0.00138819997664541,,1.0,118883.0,118883.0,6.261079587647108,6.071023772554793,6.261079587647109,0.6928983058440928,0.5364925032554397,,118883.0,1.0,118883.0,118883.0,6.261079587647108,6.071023772554793,6.261079587647109,0.6928983058440928,0.5364925032554397,,118883.0,1.0,118883.0,118883.0,6.261079587647108,6.071023772554793,6.261079587647109,0.6928983058440928,0.5364925032554397,,118883.0,0.0,0.0,1.0,712009.0034536142,712009.0034536142,1.0,712009.0034536142,712009.0034536142,2016-02-29,2015-11-01,3
run_20260811T161321Z_ebb0c846,one_step_201603,one_step_ex_ante,drift,2008-01,2016-02,2016-03,2016-03,0.0013447999954223633,,1.0,383523.74468085123,383523.74468085123,20.198621242728223,18.345819904533354,20.198621242728223,2.2353318215417195,1.7307572473922261,,383523.74468085123,1.0,383523.74468085123,383523.74468085123,20.198621242728223,18.345819904533354,20.198621242728223,2.2353318215417195,1.7307572473922261,,383523.74468085123,1.0,118883.0,118883.0,6.261079587647108,6.071023772554793,6.261079587647109,0.6928983058440928,0.5364925032554397,,118883.0,-2.2260604517117772,-2.2260604517117772,1.0,11571170.872112917,11571170.872112917,1.0,11571170.872112917,11571170.872112917,2016-02-29,2015-11-01,3
run_20260811T161321Z_ebb0c846,one_step_201603,one_step_ex_ante,same_month_historical_mean,2008-01,2016-02,2016-03,2016-03,0.001712299999780953,,1.0,181675.125,181675.125,9.568083045689772,10.048822906073474,9.56808304568977,1.0588762592339847,0.8198593793098671,,-181675.125,1.0,181675.125,181675.125,9.568083045689772,10.048822906073474,9.56808304568977,1.0588762592339847,0.8198593793098671,,-181675.125,1.0,118883.0,118883.0,6.261079587647108,6.071023772554793,6.261079587647109,0.6928983058440928,0.5364925032554397,,118883.0,-0.5281842231437632,-0.5281842231437632,1.0,1483862.232120449,1483862.232120449,1.0,1483862.232120449,1483862.232120449,2016-02-29,2015-11-01,3
run_20260811T161321Z_ebb0c846,one_step_201603,one_step_ex_ante,seasonal_moving_average_3,2008-01,2016-02,2016-03,2016-03,0.015837999992072582,,1.0,60281.0,60281.0,3.174752812622119,3.125144998256781,3.174752812622119,0.35134209916125736,0.2720347281675359,,60281.0,1.0,60281.0,60281.0,3.174752812622119,3.125144998256781,3.174752812622119,0.35134209916125736,0.2720347281675359,,60281.0,1.0,118883.0,118883.0,6.261079587647108,6.071023772554793,6.261079587647109,0.6928983058440928,0.5364925032554397,,118883.0,0.49293843526828895,0.49293843526828895,1.0,909879.1220563296,909879.1220563296,1.0,909879.1220563296,909879.1220563296,2016-02-29,2015-11-01,3
run_20260811T161321Z_ebb0c846,one_step_201604,one_step_ex_ante,naive_last,2008-01,2016-03,2016-04,2016-04,0.0010363999754190445,,1.0,335431.0,335431.0,16.368572122906173,17.82763692700991,16.368572122906173,1.9748742249869824,1.5226833715605472,,-335431.0,1.0,335431.0,335431.0,16.368572122906173,17.82763692700991,16.368572122906173,1.9748742249869824,1.5226833715605472,,-335431.0,1.0,577425.0,577425.0,28.177546971118044,24.697913835215928,28.177546971118044,3.399631367891186,2.6212110562927964,,577425.0,0.41909165692514183,0.41909165692514183,1.0,7082509.350458674,7082509.350458674,1.0,7082509.350458674,7082509.350458674,2016-03-31,2015-12-01,3
run_20260811T161321Z_ebb0c846,one_step_201604,one_step_ex_ante,seasonal_naive,2008-01,2016-03,2016-04,2016-04,0.0012481999583542347,,1.0,577425.0,577425.0,28.177546971118044,24.697913835215928,28.177546971118044,3.399631367891186,2.6212110562927964,,577425.0,1.0,577425.0,577425.0,28.177546971118044,24.697913835215928,28.177546971118044,3.399631367891186,2.6212110562927964,,577425.0,1.0,577425.0,577425.0,28.177546971118044,24.697913835215928,28.177546971118044,3.399631367891186,2.6212110562927964,,577425.0,0.0,0.0,0.0,710813.9382849252,9591535.172586422,0.0,710813.9382849252,9591535.172586422,2016-03-31,2015-12-01,3
run_20260811T161321Z_ebb0c846,one_step_201604,one_step_ex_ante,drift,2008-01,2016-03,2016-04,2016-04,0.0011021000100299716,,1.0,312649.06315789465,312649.06315789465,15.256844893462576,16.51681750770607,15.256844893462578,1.8407439273557105,1.4192651532044132,,-312649.06315789465,1.0,312649.06315789465,312649.06315789465,15.256844893462576,16.51681750770607,15.256844893462578,1.8407439273557105,1.4192651532044132,,-312649.06315789465,1.0,577425.0,577425.0,28.177546971118044,24.697913835215928,28.177546971118044,3.399631367891186,2.6212110562927964,,577425.0,0.4585460221537089,0.4585460221537089,1.0,11729249.787919518,11729249.787919518,1.0,11729249.787919518,11729249.787919518,2016-03-31,2015-12-01,3
run_20260811T161321Z_ebb0c846,one_step_201604,one_step_ex_ante,same_month_historical_mean,2008-01,2016-03,2016-04,2016-04,0.0017456000205129385,,1.0,139285.75,139285.75,6.79695330654614,6.573552654299171,6.796953306546141,0.82005490721782,0.6322853147751385,,139285.75,1.0,139285.75,139285.75,6.79695330654614,6.573552654299171,6.796953306546141,0.82005490721782,0.6322853147751385,,139285.75,1.0,577425.0,577425.0,28.177546971118044,24.697913835215928,28.177546971118044,3.399631367891186,2.6212110562927964,,577425.0,0.7587812269991774,0.7587812269991774,1.0,1478332.4674731025,1478332.4674731025,1.0,1478332.4674731025,1478332.4674731025,2016-03-31,2015-12-01,3
run_20260811T161321Z_ebb0c846,one_step_201604,one_step_ex_ante,seasonal_moving_average_3,2008-01,2016-03,2016-04,2016-04,0.016462399973534048,,1.0,490350.0,490350.0,23.928406558925804,21.371479328263916,23.928406558925804,2.8869710200380014,2.2259355612472143,,490350.0,1.0,490350.0,490350.0,23.928406558925804,21.371479328263916,23.928406558925804,2.8869710200380014,2.2259355612472143,,490350.0,1.0,577425.0,577425.0,28.177546971118044,24.697913835215928,28.177546971118044,3.399631367891186,2.6212110562927964,,577425.0,0.1507988050396155,0.1507988050396155,0.0,906514.7073851309,2390220.5596825173,0.0,906514.7073851309,2390220.5596825173,2016-03-31,2015-12-01,3
run_20260811T161321Z_ebb0c846,one_step_201605,one_step_ex_ante,naive_last,2008-01,2016-04,2016-05,2016-05,0.0010134000331163406,,1.0,1058361.0,1058361.0,38.490781365469324,47.66388159250248,38.490781365469324,6.274258689705398,4.829963162032655,,-1058361.0,1.0,1058361.0,1058361.0,38.490781365469324,47.66388159250248,38.490781365469324,6.274258689705398,4.829963162032655,,-1058361.0,1.0,1025365.0,1025365.0,37.29077321897203,31.430445198608787,37.29077321897203,6.0786492145589035,4.679381777708753,,1025365.0,-0.032179760378011624,-0.032179760378011624,1.0,7045170.54429551,7045170.54429551,1.0,7045170.54429551,7045170.54429551,2016-04-30,2016-01-01,3
run_20260811T161321Z_ebb0c846,one_step_201605,one_step_ex_ante,seasonal_naive,2008-01,2016-04,2016-05,2016-05,0.0012908000499010086,,1.0,1025365.0,1025365.0,37.29077321897203,31.430445198608787,37.29077321897203,6.0786492145589035,4.679381777708753,,1025365.0,1.0,1025365.0,1025365.0,37.29077321897203,31.430445198608787,37.29077321897203,6.0786492145589035,4.679381777708753,,1025365.0,1.0,1025365.0,1025365.0,37.29077321897203,31.430445198608787,37.29077321897203,6.0786492145589035,4.679381777708753,,1025365.0,0.0,0.0,0.0,711535.2758605564,27495429.758649427,0.0,711535.2758605564,27495429.758649427,2016-04-30,2016-01-01,3
run_20260811T161321Z_ebb0c846,one_step_201605,one_step_ex_ante,drift,2008-01,2016-04,2016-05,2016-05,0.0011089000618085265,,1.0,1036754.7083333333,1036754.7083333333,37.704997451795045,46.46476707204324,37.70499745179504,6.146170576819632,4.731360140173258,,-1036754.7083333333,1.0,1036754.7083333333,1036754.7083333333,37.704997451795045,46.46476707204324,37.70499745179504,6.146170576819632,4.731360140173258,,-1036754.7083333333,1.0,1025365.0,1025365.0,37.29077321897203,31.430445198608787,37.29077321897203,6.0786492145589035,4.679381777708753,,1025365.0,-0.011107955053403673,-0.011107955053403673,1.0,11747091.496813225,11747091.496813225,1.0,11747091.496813225,11747091.496813225,2016-04-30,2016-01-01,3
run_20260811T161321Z_ebb0c846,one_step_201605,one_step_ex_ante,same_month_historical_mean,2008-01,2016-04,2016-05,2016-05,0.0015799999237060547,,1.0,524736.125,524736.125,19.083756357177357,17.421425188697842,19.083756357177354,3.1107818523959105,2.394699118294951,,524736.125,1.0,524736.125,524736.125,19.083756357177357,17.421425188697842,19.083756357177354,3.1107818523959105,2.394699118294951,,524736.125,1.0,1025365.0,1025365.0,37.29077321897203,31.430445198608787,37.29077321897203,6.0786492145589035,4.679381777708753,,1025365.0,0.4882445519400409,0.4882445519400409,1.0,1475568.4418853913,1475568.4418853913,1.0,1475568.4418853913,1475568.4418853913,2016-04-30,2016-01-01,3
run_20260811T161321Z_ebb0c846,one_step_201605,one_step_ex_ante,seasonal_moving_average_3,2008-01,2016-04,2016-05,2016-05,0.01784620003309101,,1.0,1035895.3333333335,1035895.3333333335,37.67374345128298,31.70206595328451,37.67374345128298,6.141075962542023,4.727438274578843,,1035895.3333333335,1.0,1035895.3333333335,1035895.3333333335,37.67374345128298,31.70206595328451,37.67374345128298,6.141075962542023,4.727438274578843,,1035895.3333333335,1.0,1025365.0,1025365.0,37.29077321897203,31.430445198608787,37.29077321897203,6.0786492145589035,4.679381777708753,,1025365.0,-0.010269838870386128,-0.010269838870386128,0.0,903314.8337641405,24272831.49181467,0.0,903314.8337641405,24272831.49181467,2016-04-30,2016-01-01,3
run_20260811T161321Z_ebb0c846,one_step_201606,one_step_ex_ante,naive_last,2008-01,2016-05,2016-06,2016-06,0.0012786999577656388,,1.0,1178645.0,1178645.0,43.71587030242023,55.94409411501137,43.71587030242023,7.0462353043649095,5.408952389634232,,-1178645.0,1.0,1178645.0,1178645.0,43.71587030242023,55.94409411501137,43.71587030242023,7.0462353043649095,5.408952389634232,,-1178645.0,1.0,1653526.0,1653526.0,61.329177282116085,46.936341299470435,61.329177282116085,9.88519297828039,7.588241929522742,,1653526.0,0.2871929440480525,0.2871929440480525,1.0,7009832.176515954,7009832.176515954,1.0,7009832.176515954,7009832.176515954,2016-05-31,2016-02-01,3
run_20260811T161321Z_ebb0c846,one_step_201606,one_step_ex_ante,seasonal_naive,2008-01,2016-05,2016-06,2016-06,0.0013580999802798033,,1.0,1653526.0,1653526.0,61.329177282116085,46.936341299470435,61.329177282116085,9.88519297828039,7.588241929522742,,1653526.0,1.0,1653526.0,1653526.0,61.329177282116085,46.936341299470435,61.329177282116085,9.88519297828039,7.588241929522742,,1653526.0,1.0,1653526.0,1653526.0,61.329177282116085,46.936341299470435,61.329177282116085,9.88519297828039,7.588241929522742,,1653526.0,0.0,0.0,0.0,711052.6427458581,52631039.7878287,0.0,711052.6427458581,52631039.7878287,2016-05-31,2016-02-01,3
run_20260811T161321Z_ebb0c846,one_step_201606,one_step_ex_ante,drift,2008-01,2016-05,2016-06,2016-06,0.0011092000640928745,,1.0,1164427.762886598,1164427.762886598,43.18855385539145,55.08342014212888,43.18855385539145,6.961241096542384,5.343707673321404,,-1164427.762886598,1.0,1164427.762886598,1164427.762886598,43.18855385539145,55.08342014212888,43.18855385539145,6.961241096542384,5.343707673321404,,-1164427.762886598,1.0,1653526.0,1653526.0,61.329177282116085,46.936341299470435,61.329177282116085,9.88519297828039,7.588241929522742,,1653526.0,0.29579107743900124,0.29579107743900124,1.0,11822093.580226174,11822093.580226174,1.0,11822093.580226174,11822093.580226174,2016-05-31,2016-02-01,3
run_20260811T161321Z_ebb0c846,one_step_201606,one_step_ex_ante,same_month_historical_mean,2008-01,2016-05,2016-06,2016-06,0.0019136000191792846,,1.0,1139150.125,1139150.125,42.25100782634787,34.88200788550242,42.25100782634787,6.810125039979552,5.227705365713072,,1139150.125,1.0,1139150.125,1139150.125,42.25100782634787,34.88200788550242,42.25100782634787,6.810125039979552,5.227705365713072,,1139150.125,1.0,1653526.0,1653526.0,61.329177282116085,46.936341299470435,61.329177282116085,9.88519297828039,7.588241929522742,,1653526.0,0.3110781898802921,0.3110781898802921,0.0,1470725.8724847003,17622213.422790702,0.0,1470725.8724847003,17622213.422790702,2016-05-31,2016-02-01,3
run_20260811T161321Z_ebb0c846,one_step_201606,one_step_ex_ante,seasonal_moving_average_3,2008-01,2016-05,2016-06,2016-06,0.016409600037150085,,1.0,1640796.0,1640796.0,60.857022367829074,46.65929390393474,60.857022367829074,9.809089846782301,7.529822334207746,,1640796.0,1.0,1640796.0,1640796.0,60.857022367829074,46.65929390393474,60.857022367829074,9.809089846782301,7.529822334207746,,1640796.0,1.0,1653526.0,1653526.0,61.329177282116085,46.936341299470435,61.329177282116085,9.88519297828039,7.588241929522742,,1653526.0,0.007698699627341821,0.007698699627341821,0.0,902814.8403661456,48478358.033043236,0.0,902814.8403661456,48478358.033043236,2016-05-31,2016-02-01,3
run_20260811T161321Z_ebb0c846,one_step_201607,one_step_ex_ante,naive_last,2008-01,2016-06,2016-07,2016-07,0.0011264000786468387,,1.0,1583782.0,1583782.0,45.47773122177351,58.86236538119185,45.47773122177351,9.499834187811915,7.297694780718534,,-1583782.0,1.0,1583782.0,1583782.0,45.47773122177351,58.86236538119185,45.47773122177351,9.499834187811915,7.297694780718534,,-1583782.0,1.0,1762421.0,1762421.0,50.60728593809583,40.38772116992374,50.60728593809583,10.571345847545725,8.120821257678607,,1762421.0,0.10136000422146585,0.10136000422146585,1.0,6980017.588999853,6980017.588999853,1.0,6980017.588999853,6980017.588999853,2016-06-30,2016-03-01,3
run_20260811T161321Z_ebb0c846,one_step_201607,one_step_ex_ante,seasonal_naive,2008-01,2016-06,2016-07,2016-07,0.0013901999918743968,,1.0,1762421.0,1762421.0,50.60728593809583,40.38772116992374,50.60728593809583,10.571345847545725,8.120821257678607,,1762421.0,1.0,1762421.0,1762421.0,50.60728593809583,40.38772116992374,50.60728593809583,10.571345847545725,8.120821257678607,,1762421.0,1.0,1762421.0,1762421.0,50.60728593809583,40.38772116992374,50.60728593809583,10.571345847545725,8.120821257678607,,1762421.0,0.0,0.0,0.0,714137.3944447953,56928229.50554889,0.0,714137.3944447953,56928229.50554889,2016-06-30,2016-03-01,3
run_20260811T161321Z_ebb0c846,one_step_201607,one_step_ex_ante,drift,2008-01,2016-06,2016-07,2016-07,0.0010988999856635928,,1.0,1554148.2857142857,1554148.2857142857,44.626809760746326,57.44467200812069,44.62680976074633,9.322085373844287,7.161149598315803,,-1554148.2857142857,1.0,1554148.2857142857,1554148.2857142857,44.626809760746326,57.44467200812069,44.62680976074633,9.322085373844287,7.161149598315803,,-1554148.2857142857,1.0,1762421.0,1762421.0,50.60728593809583,40.38772116992374,50.60728593809583,10.571345847545725,8.120821257678607,,1762421.0,0.11817421279348939,0.11817421279348939,1.0,11725696.024769483,11725696.024769483,1.0,11725696.024769483,11725696.024769483,2016-06-30,2016-03-01,3
run_20260811T161321Z_ebb0c846,one_step_201607,one_step_ex_ante,same_month_historical_mean,2008-01,2016-06,2016-07,2016-07,0.001525399973616004,,1.0,1235703.375,1235703.375,35.482778537758605,30.136198288546268,35.482778537758605,7.411990518783246,5.693830382119368,,1235703.375,1.0,1235703.375,1235703.375,35.482778537758605,30.136198288546268,35.482778537758605,7.411990518783246,5.693830382119368,,1235703.375,1.0,1762421.0,1762421.0,50.60728593809583,40.38772116992374,50.60728593809583,10.571345847545725,8.120821257678607,,1762421.0,0.29886027515559566,0.29886027515559566,0.0,1464774.0179140512,21597428.659633026,0.0,1464774.0179140512,21597428.659633026,2016-06-30,2016-03-01,3
run_20260811T161321Z_ebb0c846,one_step_201607,one_step_ex_ante,seasonal_moving_average_3,2008-01,2016-06,2016-07,2016-07,0.018378500011749566,,1.0,1513774.0,1513774.0,43.46747664925411,35.70700879434056,43.46747664925411,9.079912511836094,6.975114390103826,,1513774.0,1.0,1513774.0,1513774.0,43.46747664925411,35.70700879434056,43.46747664925411,9.079912511836094,6.975114390103826,,1513774.0,1.0,1762421.0,1762421.0,50.60728593809583,40.38772116992374,50.60728593809583,10.571345847545725,8.120821257678607,,1762421.0,0.14108263576069513,0.14108263576069513,0.0,906053.7783631291,43335938.21110055,0.0,906053.7783631291,43335938.21110055,2016-06-30,2016-03-01,3
run_20260811T161321Z_ebb0c846,one_step_201608,one_step_ex_ante,naive_last,2008-01,2016-07,2016-08,2016-08,0.0010127000277861953,,1.0,2516599.0,2516599.0,55.11802107696793,76.08678661995518,55.11802107696793,14.683983535903272,11.215000782492936,,-2516599.0,1.0,2516599.0,2516599.0,55.11802107696793,76.08678661995518,55.11802107696793,14.683983535903272,11.215000782492936,,-2516599.0,1.0,2182871.0,2182871.0,47.80878073395962,38.58521929074479,47.80878073395962,12.736729937904574,9.727771477728925,,2182871.0,-0.15288489333542854,-0.15288489333542854,1.0,6945228.843880981,6945228.843880981,1.0,6945228.843880981,6945228.843880981,2016-07-31,2016-04-01,3
run_20260811T161321Z_ebb0c846,one_step_201608,one_step_ex_ante,seasonal_naive,2008-01,2016-07,2016-08,2016-08,0.0013550999574363232,,1.0,2182871.0,2182871.0,47.80878073395962,38.58521929074479,47.80878073395962,12.736729937904574,9.727771477728925,,2182871.0,1.0,2182871.0,2182871.0,47.80878073395962,38.58521929074479,47.80878073395962,12.736729937904574,9.727771477728925,,2182871.0,1.0,2182871.0,2182871.0,47.80878073395962,38.58521929074479,47.80878073395962,12.736729937904574,9.727771477728925,,2182871.0,0.0,0.0,0.0,767431.5767478999,72733640.04178989,0.0,767431.5767478999,72733640.04178989,2016-07-31,2016-04-01,3
run_20260811T161321Z_ebb0c846,one_step_201608,one_step_ex_ante,drift,2008-01,2016-07,2016-08,2016-08,0.0013330000219866633,,1.0,2481184.777777778,2481184.777777778,54.342386243262254,74.61660924092753,54.342386243262254,14.477346778895928,11.057180434502017,,-2481184.777777778,1.0,2481184.777777778,2481184.777777778,54.342386243262254,74.61660924092753,54.342386243262254,14.477346778895928,11.057180434502017,,-2481184.777777778,1.0,2182871.0,2182871.0,47.80878073395962,38.58521929074479,47.80878073395962,12.736729937904574,9.727771477728925,,2182871.0,-0.1366612034232797,-0.1366612034232797,1.0,11703565.026024885,11703565.026024885,1.0,11703565.026024885,11703565.026024885,2016-07-31,2016-04-01,3
run_20260811T161321Z_ebb0c846,one_step_201608,one_step_ex_ante,same_month_historical_mean,2008-01,2016-07,2016-08,2016-08,0.001730400021187961,,1.0,1159895.625,1159895.625,25.403789600899024,22.540694320959812,25.403789600899024,6.767819688741129,5.1689722287838205,,1159895.625,1.0,1159895.625,1159895.625,25.403789600899024,22.540694320959812,25.403789600899024,6.767819688741129,5.1689722287838205,,1159895.625,1.0,2182871.0,2182871.0,47.80878073395962,38.58521929074479,47.80878073395962,12.736729937904574,9.727771477728925,,2182871.0,0.46863757638449544,0.46863757638449544,0.0,1458275.406315824,18688592.279999346,0.0,1458275.406315824,18688592.279999346,2016-07-31,2016-04-01,3
run_20260811T161321Z_ebb0c846,one_step_201608,one_step_ex_ante,seasonal_moving_average_3,2008-01,2016-07,2016-08,2016-08,0.01777480007149279,,1.0,1872568.333333333,1872568.333333333,41.012597106145776,34.033571355677466,41.012597106145776,10.926159700659698,8.34493509836284,,1872568.333333333,1.0,1872568.333333333,1872568.333333333,41.012597106145776,34.033571355677466,41.012597106145776,10.926159700659698,8.34493509836284,,1872568.333333333,1.0,2182871.0,2182871.0,47.80878073395962,38.58521929074479,47.80878073395962,12.736729937904574,9.727771477728925,,2182871.0,0.14215346058776124,0.14215346058776124,0.0,949925.1207106821,56854156.03983036,0.0,949925.1207106821,56854156.03983036,2016-07-31,2016-04-01,3
run_20260811T161321Z_ebb0c846,one_step_201609,one_step_ex_ante,naive_last,2008-01,2016-08,2016-09,2016-09,0.0013473000144585967,,1.0,1265282.0,1265282.0,31.514422418323605,37.40904458489502,31.51442241832361,6.9913103197883775,5.097929759331871,,-1265282.0,1.0,1265282.0,1265282.0,31.514422418323605,37.40904458489502,31.51442241832361,6.9913103197883775,5.097929759331871,,-1265282.0,1.0,1400392.0,1400392.0,34.87961184877445,29.699991050080104,34.87961184877445,7.737860051236867,5.642299543920073,,1400392.0,0.09648012842118492,0.09648012842118492,1.0,6931299.873488609,6931299.873488609,1.0,6931299.873488609,6931299.873488609,2016-08-31,2016-05-01,3
run_20260811T161321Z_ebb0c846,one_step_201609,one_step_ex_ante,seasonal_naive,2008-01,2016-08,2016-09,2016-09,0.0014392000157386065,,1.0,1400392.0,1400392.0,34.87961184877445,29.699991050080104,34.87961184877445,7.737860051236867,5.642299543920073,,1400392.0,1.0,1400392.0,1400392.0,34.87961184877445,29.699991050080104,34.87961184877445,7.737860051236867,5.642299543920073,,1400392.0,1.0,1400392.0,1400392.0,34.87961184877445,29.699991050080104,34.87961184877445,7.737860051236867,5.642299543920073,,1400392.0,0.0,0.0,0.0,897469.4946984444,38963759.600729555,0.0,897469.4946984444,38963759.600729555,2016-08-31,2016-05-01,3
run_20260811T161321Z_ebb0c846,one_step_201609,one_step_ex_ante,drift,2008-01,2016-08,2016-09,2016-09,0.001178500009700656,,1.0,1202205.52,1202205.52,29.94337435521914,35.21576914946639,29.943374355219145,6.642781497312498,4.84378920844606,,-1202205.52,1.0,1202205.52,1202205.52,29.94337435521914,35.21576914946639,29.943374355219145,6.642781497312498,4.84378920844606,,-1202205.52,1.0,1400392.0,1400392.0,34.87961184877445,29.699991050080104,34.87961184877445,7.737860051236867,5.642299543920073,,1400392.0,0.14152214522790763,0.14152214522790763,1.0,11761298.301017923,11761298.301017923,1.0,11761298.301017923,11761298.301017923,2016-08-31,2016-05-01,3
run_20260811T161321Z_ebb0c846,one_step_201609,one_step_ex_ante,same_month_historical_mean,2008-01,2016-08,2016-09,2016-09,0.0016190999886021018,,1.0,792190.625,792190.625,19.73111922250201,17.959330742335204,19.731119222502013,4.37724593553224,3.1918040106879055,,792190.625,1.0,792190.625,792190.625,19.73111922250201,17.959330742335204,19.731119222502013,4.37724593553224,3.1918040106879055,,792190.625,1.0,1400392.0,1400392.0,34.87961184877445,29.699991050080104,34.87961184877445,7.737860051236867,5.642299543920073,,1400392.0,0.4343079473461716,0.4343079473461716,0.0,1463868.146904232,3874130.2088195924,0.0,1463868.146904232,3874130.2088195924,2016-08-31,2016-05-01,3
run_20260811T161321Z_ebb0c846,one_step_201609,one_step_ex_ante,seasonal_moving_average_3,2008-01,2016-08,2016-09,2016-09,0.016391800018027425,,1.0,1400566.0,1400566.0,34.88394567277636,29.703133241276692,34.88394567277636,7.738821487498225,5.643000604852042,,1400566.0,1.0,1400566.0,1400566.0,34.88394567277636,29.703133241276692,34.88394567277636,7.738821487498225,5.643000604852042,,1400566.0,1.0,1400392.0,1400392.0,34.87961184877445,29.699991050080104,34.87961184877445,7.737860051236867,5.642299543920073,,1400392.0,-0.00012425092402690296,-0.00012425092402690296,0.0,1079647.8662252761,35509330.54171975,0.0,1079647.8662252761,35509330.54171975,2016-08-31,2016-05-01,3
run_20260811T161321Z_ebb0c846,one_step_201610,one_step_ex_ante,naive_last,2008-01,2016-09,2016-10,2016-10,0.001030299928970635,,1.0,494185.0,494185.0,15.490070945549903,16.790501221187593,15.4900709455499,2.504220278077222,1.6355507454831413,,-494185.0,1.0,494185.0,494185.0,15.490070945549903,16.790501221187593,15.4900709455499,2.504220278077222,1.6355507454831413,,-494185.0,1.0,971472.0,971472.0,30.450479479578004,26.426917876971874,30.450479479578,4.922812068323068,3.2151760045650883,,971472.0,0.49130288881202955,0.49130288881202955,1.0,6896767.983187992,6896767.983187992,1.0,6896767.983187992,6896767.983187992,2016-09-30,2016-06-01,3
run_20260811T161321Z_ebb0c846,one_step_201610,one_step_ex_ante,seasonal_naive,2008-01,2016-09,2016-10,2016-10,0.0014924999559298158,,1.0,971472.0,971472.0,30.450479479578004,26.426917876971874,30.450479479578,4.922812068323068,3.2151760045650883,,971472.0,1.0,971472.0,971472.0,30.450479479578004,26.426917876971874,30.450479479578,4.922812068323068,3.2151760045650883,,971472.0,1.0,971472.0,971472.0,30.450479479578004,26.426917876971874,30.450479479578,4.922812068323068,3.2151760045650883,,971472.0,0.0,0.0,0.0,1149211.9376423433,17023853.184795476,0.0,1149211.9376423433,17023853.184795476,2016-09-30,2016-06-01,3
run_20260811T161321Z_ebb0c846,one_step_201610,one_step_ex_ante,drift,2008-01,2016-09,2016-10,2016-10,0.0011405000695958734,,1.0,433851.8118811883,433851.8118811883,13.598946438874057,14.59106177682048,13.598946438874059,2.1984894421996133,1.4358725059471433,,-433851.8118811883,1.0,433851.8118811883,433851.8118811883,13.598946438874057,14.59106177682048,13.598946438874059,2.1984894421996133,1.4358725059471433,,-433851.8118811883,1.0,971472.0,971472.0,30.450479479578004,26.426917876971874,30.450479479578,4.922812068323068,3.2151760045650883,,971472.0,0.5534078060086258,0.5534078060086258,1.0,11711557.685412265,11711557.685412265,1.0,11711557.685412265,11711557.685412265,2016-09-30,2016-06-01,3
run_20260811T161321Z_ebb0c846,one_step_201610,one_step_ex_ante,same_month_historical_mean,2008-01,2016-09,2016-10,2016-10,0.0019069999689236283,,1.0,639714.25,639714.25,20.051638793931918,18.224484856219902,20.05163879393192,3.2416714328135448,2.1171931938114037,,639714.25,1.0,639714.25,639714.25,20.051638793931918,18.224484856219902,20.05163879393192,3.2416714328135448,2.1171931938114037,,639714.25,1.0,971472.0,971472.0,30.450479479578004,26.426917876971874,30.450479479578,4.922812068323068,3.2151760045650883,,971472.0,0.3415000638206762,0.3415000638206762,1.0,1515644.98447882,1515644.98447882,1.0,1515644.98447882,1515644.98447882,2016-09-30,2016-06-01,3
run_20260811T161321Z_ebb0c846,one_step_201610,one_step_ex_ante,seasonal_moving_average_3,2008-01,2016-09,2016-10,2016-10,0.01808589999563992,,1.0,990236.0,990236.0,31.038631064960597,26.868780274441235,31.038631064960597,5.017896276257021,3.2772771897249893,,990236.0,1.0,990236.0,990236.0,31.038631064960597,26.868780274441235,31.038631064960597,5.017896276257021,3.2772771897249893,,990236.0,1.0,971472.0,971472.0,30.450479479578004,26.426917876971874,30.450479479578,4.922812068323068,3.2151760045650883,,971472.0,-0.01931501885798048,-0.01931501885798048,0.0,1317775.371133374,14571707.948465893,0.0,1317775.371133374,14571707.948465893,2016-09-30,2016-06-01,3
run_20260811T161321Z_ebb0c846,one_step_201611,one_step_ex_ante,naive_last,2008-01,2016-10,2016-11,2016-11,0.0011535999365150928,,1.0,1602919.0,1602919.0,85.27865930704263,59.78621710729371,85.27865930704263,7.471438269098569,4.5441872504269885,,1602919.0,1.0,1602919.0,1602919.0,85.27865930704263,59.78621710729371,85.27865930704263,7.471438269098569,4.5441872504269885,,1602919.0,1.0,357373.0,357373.0,19.012994613287223,17.36243518048653,19.012994613287226,1.6657674583323068,1.0131328097345182,,357373.0,-3.485282883709737,-3.485282883709737,1.0,6888610.380521236,6888610.380521236,1.0,6888610.380521236,6888610.380521236,2016-10-31,2016-07-01,3
run_20260811T161321Z_ebb0c846,one_step_201611,one_step_ex_ante,seasonal_naive,2008-01,2016-10,2016-11,2016-11,0.0012619000626727939,,1.0,357373.0,357373.0,19.012994613287223,17.36243518048653,19.012994613287226,1.6657674583323068,1.0131328097345182,,357373.0,1.0,357373.0,357373.0,19.012994613287223,17.36243518048653,19.012994613287226,1.6657674583323068,1.0131328097345182,,357373.0,1.0,357373.0,357373.0,19.012994613287223,17.36243518048653,19.012994613287226,1.6657674583323068,1.0131328097345182,,357373.0,0.0,0.0,1.0,1370696.9555174103,1370696.9555174103,1.0,1370696.9555174103,1370696.9555174103,2016-10-31,2016-07-01,3
run_20260811T161321Z_ebb0c846,one_step_201611,one_step_ex_ante,drift,2008-01,2016-10,2016-11,2016-11,0.0014424000401049852,,1.0,1693499.7058823528,1693499.7058823528,90.09774321379811,62.11543889701844,90.09774321379813,7.893648095279039,4.800978572262506,,1693499.7058823528,1.0,1693499.7058823528,1693499.7058823528,90.09774321379811,62.11543889701844,90.09774321379813,7.893648095279039,4.800978572262506,,1693499.7058823528,1.0,357373.0,357373.0,19.012994613287223,17.36243518048653,19.012994613287226,1.6657674583323068,1.0131328097345182,,357373.0,-3.738745528851796,-3.738745528851796,1.0,12016453.532213591,12016453.532213591,1.0,12016453.532213591,12016453.532213591,2016-10-31,2016-07-01,3
run_20260811T161321Z_ebb0c846,one_step_201611,one_step_ex_ante,same_month_historical_mean,2008-01,2016-10,2016-11,2016-11,0.001927300007082522,,1.0,209348.625,209348.625,11.137786792578307,10.550254373481772,11.137786792578307,0.9758043471991819,0.593491843704779,,209348.625,1.0,209348.625,209348.625,11.137786792578307,10.550254373481772,11.137786792578307,0.9758043471991819,0.593491843704779,,209348.625,1.0,357373.0,357373.0,19.012994613287223,17.36243518048653,19.012994613287226,1.6657674583323068,1.0131328097345182,,357373.0,0.4142013386573692,0.4142013386573692,1.0,1574525.1520934906,1574525.1520934906,1.0,1574525.1520934906,1574525.1520934906,2016-10-31,2016-07-01,3
run_20260811T161321Z_ebb0c846,one_step_201611,one_step_ex_ante,seasonal_moving_average_3,2008-01,2016-10,2016-11,2016-11,0.017420400050468743,,1.0,331330.3333333335,331330.3333333335,17.62747001839907,16.199673705629877,17.62747001839907,1.5443788065272501,0.9393032813342772,,331330.3333333335,1.0,331330.3333333335,331330.3333333335,17.62747001839907,16.199673705629877,17.62747001839907,1.5443788065272501,0.9393032813342772,,331330.3333333335,1.0,357373.0,357373.0,19.012994613287223,17.36243518048653,19.012994613287226,1.6657674583323068,1.0131328097345182,,357373.0,0.0728725076227541,0.0728725076227541,1.0,1485367.1616810977,1485367.1616810977,1.0,1485367.1616810977,1485367.1616810977,2016-10-31,2016-07-01,3
run_20260811T161321Z_ebb0c846,one_step_201612,one_step_ex_ante,naive_last,2008-01,2016-11,2016-12,2016-12,0.0010568000143393874,,1.0,2936366.0,2936366.0,180.20363664035753,94.79322093429414,180.2036366403575,12.445685311460394,7.021944309021965,,2936366.0,1.0,2936366.0,2936366.0,180.20363664035753,94.79322093429414,180.2036366403575,12.445685311460394,7.021944309021965,,2936366.0,1.0,84336.0,84336.0,5.175667440537451,5.045108423529243,5.175667440537451,0.35745520702368977,0.2016787741193286,,84336.0,-33.8174682223487,-33.8174682223487,1.0,6903552.362017525,6903552.362017525,1.0,6903552.362017525,6903552.362017525,2016-11-30,2016-08-01,3
run_20260811T161321Z_ebb0c846,one_step_201612,one_step_ex_ante,seasonal_naive,2008-01,2016-11,2016-12,2016-12,0.0013894999865442514,,1.0,84336.0,84336.0,5.175667440537451,5.045108423529243,5.175667440537451,0.35745520702368977,0.2016787741193286,,84336.0,1.0,84336.0,84336.0,5.175667440537451,5.045108423529243,5.175667440537451,0.35745520702368977,0.2016787741193286,,84336.0,1.0,84336.0,84336.0,5.175667440537451,5.045108423529243,5.175667440537451,0.35745520702368977,0.2016787741193286,,84336.0,0.0,0.0,1.0,1642470.3998525096,1642470.3998525096,1.0,1642470.3998525096,1642470.3998525096,2016-11-30,2016-08-01,3
run_20260811T161321Z_ebb0c846,one_step_201612,one_step_ex_ante,drift,2008-01,2016-11,2016-12,2016-12,0.0012444000458344817,,1.0,3068136.9126213593,3068136.9126213593,188.2903661753636,96.98430997915926,188.2903661753636,13.004191748222496,7.3370576191393635,,3068136.9126213593,1.0,3068136.9126213593,3068136.9126213593,188.2903661753636,96.98430997915926,188.2903661753636,13.004191748222496,7.3370576191393635,,3068136.9126213593,1.0,84336.0,84336.0,5.175667440537451,5.045108423529243,5.175667440537451,0.35745520702368977,0.2016787741193286,,84336.0,-35.3799197569408,-35.3799197569408,1.0,12826008.615595913,12826008.615595913,1.0,12826008.615595913,12826008.615595913,2016-11-30,2016-08-01,3
run_20260811T161321Z_ebb0c846,one_step_201612,one_step_ex_ante,same_month_historical_mean,2008-01,2016-11,2016-12,2016-12,0.0015133999986574054,,1.0,107420.25,107420.25,6.592338863348902,6.8170400537454645,6.592338863348902,0.4552969989362374,0.2568818100881214,,-107420.25,1.0,107420.25,107420.25,6.592338863348902,6.8170400537454645,6.592338863348902,0.4552969989362374,0.2568818100881214,,-107420.25,1.0,84336.0,84336.0,5.175667440537451,5.045108423529243,5.175667440537451,0.35745520702368977,0.2016787741193286,,84336.0,-0.2737176294820718,-0.2737176294820718,1.0,1622795.1493181335,1622795.1493181335,1.0,1622795.1493181335,1622795.1493181335,2016-11-30,2016-08-01,3
run_20260811T161321Z_ebb0c846,one_step_201612,one_step_ex_ante,seasonal_moving_average_3,2008-01,2016-11,2016-12,2016-12,0.017955000046640635,,1.0,37721.0,37721.0,2.3149230639882514,2.288435305640886,2.3149230639882514,0.159879148455471,0.09020495445071137,,37721.0,1.0,37721.0,37721.0,2.3149230639882514,2.288435305640886,2.3149230639882514,0.159879148455471,0.09020495445071137,,37721.0,1.0,84336.0,84336.0,5.175667440537451,5.045108423529243,5.175667440537451,0.35745520702368977,0.2016787741193286,,84336.0,0.5527295579586416,0.5527295579586416,1.0,1696612.2389709856,1696612.2389709856,1.0,1696612.2389709856,1696612.2389709856,2016-11-30,2016-08-01,3
run_20260811T161321Z_ebb0c846,one_step_201701,one_step_ex_ante,naive_last,2008-01,2016-12,2017-01,2017-01,0.0010538999922573566,,1.0,2446586.0,2446586.0,155.9980463469749,87.63983282926827,155.9980463469749,9.847179664198112,5.5536442017173995,,2446586.0,1.0,2446586.0,2446586.0,155.9980463469749,87.63983282926827,155.9980463469749,9.847179664198112,5.5536442017173995,,2446586.0,1.0,122943.0,122943.0,7.839032763220313,7.543369172768329,7.839032763220314,0.4948290431873265,0.2790752824923147,,122943.0,-18.900165117168118,-18.900165117168118,1.0,6884604.880040776,6884604.880040776,1.0,6884604.880040776,6884604.880040776,2016-12-31,2016-09-01,3
run_20260811T161321Z_ebb0c846,one_step_201701,one_step_ex_ante,seasonal_naive,2008-01,2016-12,2017-01,2017-01,0.0018087999196723104,,1.0,122943.0,122943.0,7.839032763220313,7.543369172768329,7.839032763220314,0.4948290431873265,0.2790752824923147,,122943.0,1.0,122943.0,122943.0,7.839032763220313,7.543369172768329,7.839032763220314,0.4948290431873265,0.2790752824923147,,122943.0,1.0,122943.0,122943.0,7.839032763220313,7.543369172768329,7.839032763220314,0.4948290431873265,0.2790752824923147,,122943.0,0.0,0.0,1.0,1734559.5408366118,1734559.5408366118,1.0,1734559.5408366118,1734559.5408366118,2016-12-31,2016-09-01,3
run_20260811T161321Z_ebb0c846,one_step_201701,one_step_ex_ante,drift,2008-01,2016-12,2017-01,2017-01,0.0010723000159487128,,1.0,2555901.153846154,2555901.153846154,162.96814690183749,89.79749231048157,162.96814690183749,10.287158459115819,5.8017848639780105,,2555901.153846154,1.0,2555901.153846154,2555901.153846154,162.96814690183749,89.79749231048157,162.96814690183749,10.287158459115819,5.8017848639780105,,2555901.153846154,1.0,122943.0,122943.0,7.839032763220313,7.543369172768329,7.839032763220314,0.4948290431873265,0.2790752824923147,,122943.0,-19.789318251922875,-19.789318251922875,1.0,12247716.974815942,12247716.974815942,1.0,12247716.974815942,12247716.974815942,2016-12-31,2016-09-01,3
run_20260811T161321Z_ebb0c846,one_step_201701,one_step_ex_ante,same_month_historical_mean,2008-01,2016-12,2017-01,2017-01,0.0017387999687343836,,1.0,161809.111111111,161809.111111111,10.317195150497021,10.878366290168294,10.317195150497021,0.6512599141887123,0.3672996705234429,,-161809.111111111,1.0,161809.111111111,161809.111111111,10.317195150497021,10.878366290168294,10.317195150497021,0.6512599141887123,0.3672996705234429,,-161809.111111111,1.0,122943.0,122943.0,7.839032763220313,7.543369172768329,7.839032763220314,0.4948290431873265,0.2790752824923147,,122943.0,-0.3161311429777296,-0.3161311429777296,1.0,1640293.1981357913,1640293.1981357913,1.0,1640293.1981357913,1640293.1981357913,2016-12-31,2016-09-01,3
run_20260811T161321Z_ebb0c846,one_step_201701,one_step_ex_ante,seasonal_moving_average_3,2008-01,2016-12,2017-01,2017-01,0.01741319999564439,,1.0,107886.0,107886.0,6.87897553087843,6.650241295159241,6.87897553087843,0.4342266428613903,0.2448965449595818,,107886.0,1.0,107886.0,107886.0,6.87897553087843,6.650241295159241,6.87897553087843,0.4342266428613903,0.2448965449595818,,107886.0,1.0,122943.0,122943.0,7.839032763220313,7.543369172768329,7.839032763220314,0.4948290431873265,0.2790752824923147,,122943.0,0.12247138918035183,0.12247138918035183,1.0,1800839.4337085579,1800839.4337085579,1.0,1800839.4337085579,1800839.4337085579,2016-12-31,2016-09-01,3
run_20260811T161321Z_ebb0c846,one_step_201702,one_step_ex_ante,naive_last,2008-01,2017-01,2017-02,2017-02,0.0012701000086963177,,1.0,1757992.0,1757992.0,122.73549194256678,76.05949454385295,122.7354919425668,6.863210702424479,3.9110137074668185,,1757992.0,1.0,1757992.0,1757992.0,122.73549194256678,76.05949454385295,122.7354919425668,6.863210702424479,3.9110137074668185,,1757992.0,1.0,85162.0,85162.0,5.945647059152074,5.7739963374359204,5.945647059152074,0.33247292925102817,0.189460332786093,,85162.0,-19.64291585448909,-19.64291585448909,1.0,6882360.083352305,6882360.083352305,1.0,6882360.083352305,6882360.083352305,2017-01-31,2016-10-01,3
run_20260811T161321Z_ebb0c846,one_step_201702,one_step_ex_ante,seasonal_naive,2008-01,2017-01,2017-02,2017-02,0.0014798000920563936,,1.0,85162.0,85162.0,5.945647059152074,5.7739963374359204,5.945647059152074,0.33247292925102817,0.189460332786093,,85162.0,1.0,85162.0,85162.0,5.945647059152074,5.7739963374359204,5.945647059152074,0.33247292925102817,0.189460332786093,,85162.0,1.0,85162.0,85162.0,5.945647059152074,5.7739963374359204,5.945647059152074,0.33247292925102817,0.189460332786093,,85162.0,0.0,0.0,1.0,1771107.3326905891,1771107.3326905891,1.0,1771107.3326905891,1771107.3326905891,2017-01-31,2016-10-01,3
run_20260811T161321Z_ebb0c846,one_step_201702,one_step_ex_ante,drift,2008-01,2017-01,2017-02,2017-02,0.0011617999989539385,,1.0,1834852.8761904761,1834852.8761904761,128.10158999669605,78.08654020724863,128.10158999669605,7.16327599741342,4.082006488064718,,1834852.8761904761,1.0,1834852.8761904761,1834852.8761904761,128.10158999669605,78.08654020724863,128.10158999669605,7.16327599741342,4.082006488064718,,1834852.8761904761,1.0,85162.0,85162.0,5.945647059152074,5.7739963374359204,5.945647059152074,0.33247292925102817,0.189460332786093,,85162.0,-20.545441349316317,-20.545441349316317,1.0,11677111.65312723,11677111.65312723,1.0,11677111.65312723,11677111.65312723,2017-01-31,2016-10-01,3
run_20260811T161321Z_ebb0c846,one_step_201702,one_step_ex_ante,same_month_historical_mean,2008-01,2017-01,2017-02,2017-02,0.0015829999465495348,,1.0,129065.77777777775,129065.77777777775,9.01082128275075,9.435949558263571,9.01082128275075,0.5038735257960126,0.2871332896018612,,-129065.77777777775,1.0,129065.77777777775,129065.77777777775,9.01082128275075,9.435949558263571,9.01082128275075,0.5038735257960126,0.2871332896018612,,-129065.77777777775,1.0,85162.0,85162.0,5.945647059152074,5.7739963374359204,5.945647059152074,0.33247292925102817,0.189460332786093,,85162.0,-0.5155324884077142,-0.5155324884077142,1.0,1648687.6742494176,1648687.6742494176,1.0,1648687.6742494176,1648687.6742494176,2017-01-31,2016-10-01,3
run_20260811T161321Z_ebb0c846,one_step_201702,one_step_ex_ante,seasonal_moving_average_3,2008-01,2017-01,2017-02,2017-02,0.017921999911777675,,1.0,102882.66666666674,102882.66666666674,7.182828309626245,6.933806597998365,7.182828309626245,0.40165451205730024,0.2288835896830436,,102882.66666666674,1.0,102882.66666666674,102882.66666666674,7.182828309626245,6.933806597998365,7.182828309626245,0.40165451205730024,0.2288835896830436,,102882.66666666674,1.0,85162.0,85162.0,5.945647059152074,5.7739963374359204,5.945647059152074,0.33247292925102817,0.189460332786093,,85162.0,-0.20808185184315464,-0.20808185184315464,1.0,1847566.3629735883,1847566.3629735883,1.0,1847566.3629735883,1847566.3629735883,2017-01-31,2016-10-01,3
run_20260811T161321Z_ebb0c846,one_step_201703,one_step_ex_ante,naive_last,2008-01,2017-02,2017-03,2017-03,0.0010183000704273582,,1.0,35549.0,35549.0,1.927740505272017,1.9093369741555513,1.927740505272017,0.1382085692992083,0.07923962057199478,,35549.0,1.0,35549.0,35549.0,1.927740505272017,1.9093369741555513,1.927740505272017,0.1382085692992083,0.07923962057199478,,35549.0,1.0,54686.0,54686.0,2.9654959990802983,2.9221676171931565,2.9654959990802983,0.21261002618066627,0.12189647783622906,,54686.0,0.34994331273086343,0.34994331273086343,1.0,6923968.103074878,6923968.103074878,1.0,6923968.103074878,6923968.103074878,2017-02-28,2016-11-01,3
run_20260811T161321Z_ebb0c846,one_step_201703,one_step_ex_ante,seasonal_naive,2008-01,2017-02,2017-03,2017-03,0.0014492000918835402,,1.0,54686.0,54686.0,2.9654959990802983,2.9221676171931565,2.9654959990802983,0.21261002618066627,0.12189647783622906,,54686.0,1.0,54686.0,54686.0,2.9654959990802983,2.9221676171931565,2.9654959990802983,0.21261002618066627,0.12189647783622906,,54686.0,1.0,54686.0,54686.0,2.9654959990802983,2.9221676171931565,2.9654959990802983,0.21261002618066627,0.12189647783622906,,54686.0,0.0,0.0,1.0,1767805.943175558,1767805.943175558,1.0,1767805.943175558,1767805.943175558,2017-02-28,2016-11-01,3
run_20260811T161321Z_ebb0c846,one_step_201703,one_step_ex_ante,drift,2008-01,2017-02,2017-03,2017-03,0.0010369999799877405,,1.0,62224.0566037735,62224.0566037735,3.3742674707427187,3.318283588879442,3.3742674707427187,0.2419167301246305,0.1386989967575273,,62224.0566037735,1.0,62224.0566037735,62224.0566037735,3.3742674707427187,3.318283588879442,3.3742674707427187,0.2419167301246305,0.1386989967575273,,62224.0566037735,1.0,54686.0,54686.0,2.9654959990802983,2.9221676171931565,2.9654959990802983,0.21261002618066627,0.12189647783622906,,54686.0,-0.13784253014982806,-0.13784253014982806,1.0,11450327.655332757,11450327.655332757,1.0,11450327.655332757,11450327.655332757,2017-02-28,2016-11-01,3
run_20260811T161321Z_ebb0c846,one_step_201703,one_step_ex_ante,same_month_historical_mean,2008-01,2017-02,2017-03,2017-03,0.0016484999796375632,,1.0,106803.0,106803.0,5.791681037007152,5.964400565261861,5.791681037007152,0.415232209819217,0.23806658966358432,,-106803.0,1.0,106803.0,106803.0,5.791681037007152,5.964400565261861,5.791681037007152,0.415232209819217,0.23806658966358432,,-106803.0,1.0,54686.0,54686.0,2.9654959990802983,2.9221676171931565,2.9654959990802983,0.21261002618066627,0.12189647783622906,,54686.0,-0.9530227114800862,-0.9530227114800862,1.0,1642612.3057804108,1642612.3057804108,1.0,1642612.3057804108,1642612.3057804108,2017-02-28,2016-11-01,3
run_20260811T161321Z_ebb0c846,one_step_201703,one_step_ex_ante,seasonal_moving_average_3,2008-01,2017-02,2017-03,2017-03,0.019442099961452186,,1.0,117097.66666666674,117097.66666666674,6.34993713201987,6.154532654843764,6.349937132019871,0.4552561528671863,0.26101366217144206,,117097.66666666674,1.0,117097.66666666674,117097.66666666674,6.34993713201987,6.154532654843764,6.349937132019871,0.4552561528671863,0.26101366217144206,,117097.66666666674,1.0,54686.0,54686.0,2.9654959990802983,2.9221676171931565,2.9654959990802983,0.21261002618066627,0.12189647783622906,,54686.0,-1.1412732082556185,-1.1412732082556185,1.0,1846601.9518817854,1846601.9518817854,1.0,1846601.9518817854,1846601.9518817854,2017-02-28,2016-11-01,3
run_20260811T161321Z_ebb0c846,one_step_201704,one_step_ex_ante,naive_last,2008-01,2017-03,2017-04,2017-04,0.0010627999436110258,,1.0,649067.0,649067.0,28.486116975007658,33.21727252931096,28.486116975007658,2.5412558464079043,1.4541110681602578,,-649067.0,1.0,649067.0,649067.0,28.486116975007658,33.21727252931096,28.486116975007658,2.5412558464079043,1.4541110681602578,,-649067.0,1.0,229300.0,229300.0,10.063470523642792,10.596666740607647,10.063470523642792,0.8977655089248605,0.5137030043572499,,-229300.0,-1.8306454426515484,-1.8306454426515484,1.0,6893978.92051217,6893978.92051217,1.0,6893978.92051217,6893978.92051217,2017-03-31,2016-12-01,3
run_20260811T161321Z_ebb0c846,one_step_201704,one_step_ex_ante,seasonal_naive,2008-01,2017-03,2017-04,2017-04,0.001676799962297082,,1.0,229300.0,229300.0,10.063470523642792,10.596666740607647,10.063470523642792,0.8977655089248605,0.5137030043572499,,-229300.0,1.0,229300.0,229300.0,10.063470523642792,10.596666740607647,10.063470523642792,0.8977655089248605,0.5137030043572499,,-229300.0,1.0,229300.0,229300.0,10.063470523642792,10.596666740607647,10.063470523642792,0.8977655089248605,0.5137030043572499,,-229300.0,0.0,0.0,1.0,1758839.815832437,1758839.815832437,1.0,1758839.815832437,1758839.815832437,2017-03-31,2016-12-01,3
run_20260811T161321Z_ebb0c846,one_step_201704,one_step_ex_ante,drift,2008-01,2017-03,2017-04,2017-04,0.0012002999428659678,,1.0,631992.7943925234,631992.7943925234,27.73676780429044,32.20277182861458,27.73676780429044,2.4744061609012142,1.415859560451692,,-631992.7943925234,1.0,631992.7943925234,631992.7943925234,27.73676780429044,32.20277182861458,27.73676780429044,2.4744061609012142,1.415859560451692,,-631992.7943925234,1.0,229300.0,229300.0,10.063470523642792,10.596666740607647,10.063470523642792,0.8977655089248605,0.5137030043572499,,-229300.0,-1.756183141703111,-1.756183141703111,1.0,11497132.297371449,11497132.297371449,1.0,11497132.297371449,11497132.297371449,2017-03-31,2016-12-01,3
run_20260811T161321Z_ebb0c846,one_step_201704,one_step_ex_ante,same_month_historical_mean,2008-01,2017-03,2017-04,2017-04,0.0016470999689772725,,1.0,105490.4444444445,105490.4444444445,4.629742600055145,4.739454880870164,4.6297426000551445,0.4130208571451218,0.23633126141340036,,-105490.4444444445,1.0,105490.4444444445,105490.4444444445,4.629742600055145,4.739454880870164,4.6297426000551445,0.4130208571451218,0.23633126141340036,,-105490.4444444445,1.0,229300.0,229300.0,10.063470523642792,10.596666740607647,10.063470523642792,0.8977655089248605,0.5137030043572499,,-229300.0,0.5399457285458156,0.5399457285458156,1.0,1635368.9372019311,1635368.9372019311,1.0,1635368.9372019311,1635368.9372019311,2017-03-31,2016-12-01,3
run_20260811T161321Z_ebb0c846,one_step_201704,one_step_ex_ante,seasonal_moving_average_3,2008-01,2017-03,2017-04,2017-04,0.024358100024983287,,1.0,137808.6666666665,137808.6666666665,6.0481179891082135,5.8705879462853625,6.0481179891082135,0.5395545912091423,0.30873408675592406,,137808.6666666665,1.0,137808.6666666665,137808.6666666665,6.0481179891082135,5.8705879462853625,6.0481179891082135,0.5395545912091423,0.30873408675592406,,137808.6666666665,1.0,229300.0,229300.0,10.063470523642792,10.596666740607647,10.063470523642792,0.8977655089248605,0.5137030043572499,,-229300.0,0.39900276202936547,0.39900276202936547,1.0,1837858.8418554803,1837858.8418554803,1.0,1837858.8418554803,1837858.8418554803,2017-03-31,2016-12-01,3
run_20260811T161321Z_ebb0c846,one_step_201705,one_step_ex_ante,naive_last,2008-01,2017-04,2017-05,2017-05,0.001116400002501905,,1.0,1526938.0,1526938.0,49.33114333362841,65.48286676504506,49.331143333628404,6.010472563523015,3.4372267003235044,,-1526938.0,1.0,1526938.0,1526938.0,49.33114333362841,65.48286676504506,49.331143333628404,6.010472563523015,3.4372267003235044,,-1526938.0,1.0,345634.0,345634.0,11.166478530873762,11.826796899192976,11.166478530873762,1.3605160615694374,0.7780423392040896,,-345634.0,-3.417788759207717,-3.417788759207717,1.0,6861865.789937081,6861865.789937081,1.0,6861865.789937081,6861865.789937081,2017-04-30,2017-01-01,3
run_20260811T161321Z_ebb0c846,one_step_201705,one_step_ex_ante,seasonal_naive,2008-01,2017-04,2017-05,2017-05,0.001307800062932074,,1.0,345634.0,345634.0,11.166478530873762,11.826796899192976,11.166478530873762,1.3605160615694374,0.7780423392040896,,-345634.0,1.0,345634.0,345634.0,11.166478530873762,11.826796899192976,11.166478530873762,1.3605160615694374,0.7780423392040896,,-345634.0,1.0,345634.0,345634.0,11.166478530873762,11.826796899192976,11.166478530873762,1.3605160615694374,0.7780423392040896,,-345634.0,0.0,0.0,1.0,1750384.7106071897,1750384.7106071897,1.0,1750384.7106071897,1750384.7106071897,2017-04-30,2017-01-01,3
run_20260811T161321Z_ebb0c846,one_step_201705,one_step_ex_ante,drift,2008-01,2017-04,2017-05,2017-05,0.001245299936272204,,1.0,1512285.851851852,1512285.851851852,48.857772954188086,64.65138685481863,48.85777295418808,5.9527974421748535,3.404243858301163,,-1512285.851851852,1.0,1512285.851851852,1512285.851851852,48.857772954188086,64.65138685481863,48.85777295418808,5.9527974421748535,3.404243858301163,,-1512285.851851852,1.0,345634.0,345634.0,11.166478530873762,11.826796899192976,11.166478530873762,1.3605160615694374,0.7780423392040896,,-345634.0,-3.3753966677232334,-3.3753966677232334,1.0,11519097.303868778,11519097.303868778,1.0,11519097.303868778,11519097.303868778,2017-04-30,2017-01-01,3
run_20260811T161321Z_ebb0c846,one_step_201705,one_step_ex_ante,same_month_historical_mean,2008-01,2017-04,2017-05,2017-05,0.0015733999898657203,,1.0,120798.11111111101,120798.11111111101,3.9026528474985804,3.8279569127699626,3.9026528474985804,0.4754965378808684,0.27192360977312513,,120798.11111111101,1.0,120798.11111111101,120798.11111111101,3.9026528474985804,3.8279569127699626,3.9026528474985804,0.4754965378808684,0.27192360977312513,,120798.11111111101,1.0,345634.0,345634.0,11.166478530873762,11.826796899192976,11.166478530873762,1.3605160615694374,0.7780423392040896,,-345634.0,0.6505028119018643,0.6505028119018643,1.0,1628809.657038984,1628809.657038984,1.0,1628809.657038984,1628809.657038984,2017-04-30,2017-01-01,3
run_20260811T161321Z_ebb0c846,one_step_201705,one_step_ex_ante,seasonal_moving_average_3,2008-01,2017-04,2017-05,2017-05,0.018436900107190013,,1.0,367566.0,367566.0,11.875040787882977,11.209475871933005,11.875040787882979,1.44684679946658,0.8274125533133037,,367566.0,1.0,367566.0,367566.0,11.875040787882977,11.209475871933005,11.875040787882979,1.44684679946658,0.8274125533133037,,367566.0,1.0,345634.0,345634.0,11.166478530873762,11.826796899192976,11.166478530873762,1.3605160615694374,0.7780423392040896,,-345634.0,-0.06345440552723391,-0.06345440552723391,1.0,1830361.4772337582,1830361.4772337582,1.0,1830361.4772337582,1830361.4772337582,2017-04-30,2017-01-01,3
run_20260811T161321Z_ebb0c846,one_step_201706,one_step_ex_ante,naive_last,2008-01,2017-05,2017-06,2017-06,0.001039800001308322,,1.0,2057230.0,2057230.0,58.95364818378873,83.59471538917583,58.95364818378873,8.153162807882092,4.653873105440374,,-2057230.0,1.0,2057230.0,2057230.0,58.95364818378873,83.59471538917583,58.95364818378873,8.153162807882092,4.653873105440374,,-2057230.0,1.0,793423.0,793423.0,22.736971754702296,25.653371692645045,22.736971754702296,3.1444743147427525,1.7948843643821146,,-793423.0,-1.592854000955354,-1.592854000955354,1.0,6830829.182899311,6830829.182899311,1.0,6830829.182899311,6830829.182899311,2017-05-31,2017-02-01,3
run_20260811T161321Z_ebb0c846,one_step_201706,one_step_ex_ante,seasonal_naive,2008-01,2017-05,2017-06,2017-06,0.0014690000098198652,,1.0,793423.0,793423.0,22.736971754702296,25.653371692645045,22.736971754702296,3.1444743147427525,1.7948843643821146,,-793423.0,1.0,793423.0,793423.0,22.736971754702296,25.653371692645045,22.736971754702296,3.1444743147427525,1.7948843643821146,,-793423.0,1.0,793423.0,793423.0,22.736971754702296,25.653371692645045,22.736971754702296,3.1444743147427525,1.7948843643821146,,-793423.0,0.0,0.0,1.0,1741686.2921943655,1741686.2921943655,1.0,1741686.2921943655,1741686.2921943655,2017-05-31,2017-02-01,3
run_20260811T161321Z_ebb0c846,one_step_201706,one_step_ex_ante,drift,2008-01,2017-05,2017-06,2017-06,0.0011732999701052904,,1.0,2047703.1743119266,2047703.1743119266,58.680639755016564,83.04685168867316,58.680639755016564,8.115406329084303,4.632321486102748,,-2047703.1743119266,1.0,2047703.1743119266,2047703.1743119266,58.680639755016564,83.04685168867316,58.680639755016564,8.115406329084303,4.632321486102748,,-2047703.1743119266,1.0,793423.0,793423.0,22.736971754702296,25.653371692645045,22.736971754702296,3.1444743147427525,1.7948843643821146,,-793423.0,-1.5808467542684377,-1.5808467542684377,1.0,11558218.122925494,11558218.122925494,1.0,11558218.122925494,11558218.122925494,2017-05-31,2017-02-01,3
run_20260811T161321Z_ebb0c846,one_step_201706,one_step_ex_ante,same_month_historical_mean,2008-01,2017-05,2017-06,2017-06,0.0018522999016568065,,1.0,219154.888888889,219154.888888889,6.28027989933691,6.089074440272851,6.28027989933691,0.8685492090113512,0.4957729779002707,,219154.888888889,1.0,219154.888888889,219154.888888889,6.28027989933691,6.089074440272851,6.28027989933691,0.8685492090113512,0.4957729779002707,,219154.888888889,1.0,793423.0,793423.0,22.736971754702296,25.653371692645045,22.736971754702296,3.1444743147427525,1.7948843643821146,,-793423.0,0.7237855609316985,0.7237855609316985,1.0,1621972.4779821974,1621972.4779821974,1.0,1621972.4779821974,1621972.4779821974,2017-05-31,2017-02-01,3
run_20260811T161321Z_ebb0c846,one_step_201706,one_step_ex_ante,seasonal_moving_average_3,2008-01,2017-05,2017-06,2017-06,0.018325399956665933,,1.0,369062.3333333335,369062.3333333335,10.576148975671902,10.044963807267438,10.576148975671902,1.4626586671998356,0.834894137909262,,369062.3333333335,1.0,369062.3333333335,369062.3333333335,10.576148975671902,10.044963807267438,10.576148975671902,1.4626586671998356,0.834894137909262,,369062.3333333335,1.0,793423.0,793423.0,22.736971754702296,25.653371692645045,22.736971754702296,3.1444743147427525,1.7948843643821146,,-793423.0,0.5348479520591998,0.5348479520591998,1.0,1822853.529615751,1822853.529615751,1.0,1822853.529615751,1822853.529615751,2017-05-31,2017-02-01,3
run_20260811T161321Z_ebb0c846,one_step_201707,one_step_ex_ante,naive_last,2008-01,2017-06,2017-07,2017-07,0.0011422999668866396,,1.0,3188412.0,3188412.0,63.35657432268095,92.7327077883664,63.35657432268095,12.737008063889382,7.248977877710002,,-3188412.0,1.0,3188412.0,3188412.0,63.35657432268095,92.7327077883664,63.35657432268095,12.737008063889382,7.248977877710002,,-3188412.0,1.0,1549944.0,1549944.0,30.79876196426102,36.40488961168907,30.79876196426102,6.191687029962553,3.5238575716342027,,-1549944.0,-1.0571143215496819,-1.0571143215496819,1.0,6806304.612178065,6806304.612178065,1.0,6806304.612178065,6806304.612178065,2017-06-30,2017-03-01,3
run_20260811T161321Z_ebb0c846,one_step_201707,one_step_ex_ante,seasonal_naive,2008-01,2017-06,2017-07,2017-07,0.00151119998190552,,1.0,1549944.0,1549944.0,30.79876196426102,36.40488961168907,30.79876196426102,6.191687029962553,3.5238575716342027,,-1549944.0,1.0,1549944.0,1549944.0,30.79876196426102,36.40488961168907,30.79876196426102,6.191687029962553,3.5238575716342027,,-1549944.0,1.0,1549944.0,1549944.0,30.79876196426102,36.40488961168907,30.79876196426102,6.191687029962553,3.5238575716342027,,-1549944.0,0.0,0.0,0.0,1732920.2893852685,29072274.501679897,0.0,1732920.2893852685,29072274.501679897,2017-06-30,2017-03-01,3
run_20260811T161321Z_ebb0c846,one_step_201707,one_step_ex_ante,drift,2008-01,2017-06,2017-07,2017-07,0.0011647999053820968,,1.0,3163999.6363636367,3163999.6363636367,62.87147900528798,91.6971590581254,62.87147900528798,12.639486014513405,7.193475425723681,,-3163999.6363636367,1.0,3163999.6363636367,3163999.6363636367,62.87147900528798,91.6971590581254,62.87147900528798,12.639486014513405,7.193475425723681,,-3163999.6363636367,1.0,1549944.0,1549944.0,30.79876196426102,36.40488961168907,30.79876196426102,6.191687029962553,3.5238575716342027,,-1549944.0,-1.041363840476583,-1.041363840476583,1.0,11526960.9776365,11526960.9776365,1.0,11526960.9776365,11526960.9776365,2017-06-30,2017-03-01,3
run_20260811T161321Z_ebb0c846,one_step_201707,one_step_ex_ante,same_month_historical_mean,2008-01,2017-06,2017-07,2017-07,0.002136999974027276,,1.0,451541.0,451541.0,8.97252015305352,9.393957518826518,8.97252015305352,1.8038074622027127,1.0265959104027496,,-451541.0,1.0,451541.0,451541.0,8.97252015305352,9.393957518826518,8.97252015305352,1.8038074622027127,1.0265959104027496,,-451541.0,1.0,1549944.0,1549944.0,30.79876196426102,36.40488961168907,30.79876196426102,6.191687029962553,3.5238575716342027,,-1549944.0,0.708672700433048,0.708672700433048,1.0,1615027.0840216936,1615027.0840216936,1.0,1615027.0840216936,1615027.0840216936,2017-06-30,2017-03-01,3
run_20260811T161321Z_ebb0c846,one_step_201707,one_step_ex_ante,seasonal_moving_average_3,2008-01,2017-06,2017-07,2017-07,0.01832770009059459,,1.0,472517.0,472517.0,9.38933187719474,9.851842994585644,9.38933187719474,1.8876019909989108,1.0742856568855896,,-472517.0,1.0,472517.0,472517.0,9.38933187719474,9.851842994585644,9.38933187719474,1.8876019909989108,1.0742856568855896,,-472517.0,1.0,1549944.0,1549944.0,30.79876196426102,36.40488961168907,30.79876196426102,6.191687029962553,3.5238575716342027,,-1549944.0,0.695139308258879,0.695139308258879,1.0,1815694.3215557747,1815694.3215557747,1.0,1815694.3215557747,1815694.3215557747,2017-06-30,2017-03-01,3
run_20260811T161321Z_ebb0c846,one_step_201708,one_step_ex_ante,naive_last,2008-01,2017-07,2017-08,2017-08,0.001146900001913309,,1.0,4045350.0,4045350.0,63.96934923578659,94.05137573982037,63.969349235786595,16.17387332630887,9.230931827740307,,-4045350.0,1.0,4045350.0,4045350.0,63.96934923578659,94.05137573982037,63.969349235786595,16.17387332630887,9.230931827740307,,-4045350.0,1.0,1758051.0,1758051.0,27.800160281143498,32.28825337646268,27.800160281143498,7.028933015731799,4.011630373315207,,-1758051.0,-1.3010424612255278,-1.3010424612255278,0.0,6782790.1726334505,32940986.71996444,0.0,6782790.1726334505,32940986.71996444,2017-07-31,2017-04-01,3
run_20260811T161321Z_ebb0c846,one_step_201708,one_step_ex_ante,seasonal_naive,2008-01,2017-07,2017-08,2017-08,0.0012462000595405698,,1.0,1758051.0,1758051.0,27.800160281143498,32.28825337646268,27.800160281143498,7.028933015731799,4.011630373315207,,-1758051.0,1.0,1758051.0,1758051.0,27.800160281143498,32.28825337646268,27.800160281143498,7.028933015731799,4.011630373315207,,-1758051.0,1.0,1758051.0,1758051.0,27.800160281143498,32.28825337646268,27.800160281143498,7.028933015731799,4.011630373315207,,-1758051.0,0.0,0.0,0.0,1726462.102368651,37519260.05499563,0.0,1726462.102368651,37519260.05499563,2017-07-31,2017-04-01,3
run_20260811T161321Z_ebb0c846,one_step_201708,one_step_ex_ante,drift,2008-01,2017-07,2017-08,2017-08,0.0011515999212861061,,1.0,4005501.279279279,4005501.279279279,63.33921915250996,92.69553233885722,63.33921915250996,16.014552584926196,9.140002532525891,,-4005501.279279279,1.0,4005501.279279279,4005501.279279279,63.33921915250996,92.69553233885722,63.33921915250996,16.014552584926196,9.140002532525891,,-4005501.279279279,1.0,1758051.0,1758051.0,27.800160281143498,32.28825337646268,27.800160281143498,7.028933015731799,4.011630373315207,,-1758051.0,-1.2783760421508132,-1.2783760421508132,1.0,11574517.755029539,11574517.755029539,1.0,11574517.755029539,11574517.755029539,2017-07-31,2017-04-01,3
run_20260811T161321Z_ebb0c846,one_step_201708,one_step_ex_ante,same_month_historical_mean,2008-01,2017-07,2017-08,2017-08,0.001676600077189505,,1.0,727032.666666667,727032.666666667,11.496608837263832,12.197774020244271,11.496608837263832,2.90677796847126,1.658988463925308,,-727032.666666667,1.0,727032.666666667,727032.666666667,11.496608837263832,12.197774020244271,11.496608837263832,2.90677796847126,1.658988463925308,,-727032.666666667,1.0,1758051.0,1758051.0,27.800160281143498,32.28825337646268,27.800160281143498,7.028933015731799,4.011630373315207,,-1758051.0,0.5864553038184518,0.5864553038184518,1.0,1608166.8490074184,1608166.8490074184,1.0,1608166.8490074184,1608166.8490074184,2017-07-31,2017-04-01,3
run_20260811T161321Z_ebb0c846,one_step_201708,one_step_ex_ante,seasonal_moving_average_3,2008-01,2017-07,2017-08,2017-08,0.017542399931699038,,1.0,340497.333333333,340497.333333333,5.384303664665361,5.533267630569611,5.384303664665361,1.3613558127922911,0.7769680426977552,,-340497.333333333,1.0,340497.333333333,340497.333333333,5.384303664665361,5.533267630569611,5.384303664665361,1.3613558127922911,0.7769680426977552,,-340497.333333333,1.0,1758051.0,1758051.0,27.800160281143498,32.28825337646268,27.800160281143498,7.028933015731799,4.011630373315207,,-1758051.0,0.8063211287196259,0.8063211287196259,1.0,1809019.326264726,1809019.326264726,1.0,1809019.326264726,1809019.326264726,2017-07-31,2017-04-01,3
run_20260811T161321Z_ebb0c846,one_step_201709,one_step_ex_ante,naive_last,2008-01,2017-08,2017-09,2017-09,0.0010599999222904444,,1.0,2211606.0,2211606.0,41.67425428989645,52.64368609537774,41.67425428989645,8.809001269379651,5.056049869129345,,-2211606.0,1.0,2211606.0,2211606.0,41.67425428989645,52.64368609537774,41.67425428989645,8.809001269379651,5.056049869129345,,-2211606.0,1.0,1291958.0,1291958.0,24.34492681963516,27.719013608718814,24.344926819635162,5.145970693688295,2.953602077775431,,-1291958.0,-0.7118249974070365,-0.7118249974070365,1.0,6778567.028977387,6778567.028977387,1.0,6778567.028977387,6778567.028977387,2017-08-31,2017-05-01,3
run_20260811T161321Z_ebb0c846,one_step_201709,one_step_ex_ante,seasonal_naive,2008-01,2017-08,2017-09,2017-09,0.0014823999954387546,,1.0,1291958.0,1291958.0,24.34492681963516,27.719013608718814,24.344926819635162,5.145970693688295,2.953602077775431,,-1291958.0,1.0,1291958.0,1291958.0,24.34492681963516,27.719013608718814,24.344926819635162,5.145970693688295,2.953602077775431,,-1291958.0,1.0,1291958.0,1291958.0,24.34492681963516,27.719013608718814,24.344926819635162,5.145970693688295,2.953602077775431,,-1291958.0,0.0,0.0,0.0,1722983.2384306919,18941638.469816856,0.0,1722983.2384306919,18941638.469816856,2017-08-31,2017-05-01,3
run_20260811T161321Z_ebb0c846,one_step_201709,one_step_ex_ante,drift,2008-01,2017-08,2017-09,2017-09,0.0010460999328643084,,1.0,2142943.6428571427,2142943.6428571427,40.38041961422858,50.595822287762516,40.38041961422858,8.535513681070508,4.899077830779722,,-2142943.6428571427,1.0,2142943.6428571427,2142943.6428571427,40.38041961422858,50.595822287762516,40.38041961422858,8.535513681070508,4.899077830779722,,-2142943.6428571427,1.0,1291958.0,1291958.0,24.34492681963516,27.719013608718814,24.344926819635162,5.145970693688295,2.953602077775431,,-1291958.0,-0.6586790304771073,-0.6586790304771073,1.0,11893952.105686832,11893952.105686832,1.0,11893952.105686832,11893952.105686832,2017-08-31,2017-05-01,3
run_20260811T161321Z_ebb0c846,one_step_201709,one_step_ex_ante,same_month_historical_mean,2008-01,2017-08,2017-09,2017-09,0.0020517000230029225,,1.0,587788.555555556,587788.555555556,11.075955542222786,11.725300052739618,11.075955542222786,2.3412082134049754,1.343769301309725,,-587788.555555556,1.0,587788.555555556,587788.555555556,11.075955542222786,11.725300052739618,11.075955542222786,2.3412082134049754,1.343769301309725,,-587788.555555556,1.0,1291958.0,1291958.0,24.34492681963516,27.719013608718814,24.344926819635162,5.145970693688295,2.953602077775431,,-1291958.0,0.5450405078527661,0.5450405078527661,1.0,1601534.0502007548,1601534.0502007548,1.0,1601534.0502007548,1601534.0502007548,2017-08-31,2017-05-01,3
run_20260811T161321Z_ebb0c846,one_step_201709,one_step_ex_ante,seasonal_moving_average_3,2008-01,2017-08,2017-09,2017-09,0.0180191999534145,,1.0,331476.666666667,331476.666666667,6.24615907979718,6.4475202660572295,6.24615907979718,1.320297728183232,0.7578034049100215,,-331476.666666667,1.0,331476.666666667,331476.666666667,6.24615907979718,6.4475202660572295,6.24615907979718,1.320297728183232,0.7578034049100215,,-331476.666666667,1.0,1291958.0,1291958.0,24.34492681963516,27.719013608718814,24.344926819635162,5.145970693688295,2.953602077775431,,-1291958.0,0.74343077200136,0.74343077200136,1.0,1809292.7510008365,1809292.7510008365,1.0,1809292.7510008365,1809292.7510008365,2017-08-31,2017-05-01,3
run_20260811T161321Z_ebb0c846,one_step_201710,one_step_ex_ante,naive_last,2008-01,2017-09,2017-10,2017-10,0.0011106000747531652,,1.0,424187.0,424187.0,10.838352591460026,11.459355255087203,10.838352591460026,1.6545288994466723,0.9590458429976196,,-424187.0,1.0,424187.0,424187.0,10.838352591460026,11.459355255087203,10.838352591460026,1.6545288994466723,0.9590458429976196,,-424187.0,1.0,723425.0,723425.0,18.484147848653944,20.36642819850472,18.48414784865394,2.8216979046557507,1.6355940633978716,,-723425.0,0.41364066765732455,0.41364066765732455,1.0,6753967.027871512,6753967.027871512,1.0,6753967.027871512,6753967.027871512,2017-09-30,2017-06-01,3
run_20260811T161321Z_ebb0c846,one_step_201710,one_step_ex_ante,seasonal_naive,2008-01,2017-09,2017-10,2017-10,0.001205099979415536,,1.0,723425.0,723425.0,18.484147848653944,20.36642819850472,18.48414784865394,2.8216979046557507,1.6355940633978716,,-723425.0,1.0,723425.0,723425.0,18.484147848653944,20.36642819850472,18.48414784865394,2.8216979046557507,1.6355940633978716,,-723425.0,1.0,723425.0,723425.0,18.484147848653944,20.36642819850472,18.48414784865394,2.8216979046557507,1.6355940633978716,,-723425.0,0.0,0.0,1.0,1741398.6086850846,1741398.6086850846,1.0,1741398.6086850846,1741398.6086850846,2017-09-30,2017-06-01,3
run_20260811T161321Z_ebb0c846,one_step_201710,one_step_ex_ante,drift,2008-01,2017-09,2017-10,2017-10,0.0010879000183194876,,1.0,342175.10619469034,342175.10619469034,8.74287625259221,9.14253658246882,8.74287625259221,1.3346439232469387,0.7736248710434002,,-342175.10619469034,1.0,342175.10619469034,342175.10619469034,8.74287625259221,9.14253658246882,8.74287625259221,1.3346439232469387,0.7736248710434002,,-342175.10619469034,1.0,723425.0,723425.0,18.484147848653944,20.36642819850472,18.48414784865394,2.8216979046557507,1.6355940633978716,,-723425.0,0.527006799330006,0.527006799330006,1.0,12110855.314923555,12110855.314923555,1.0,12110855.314923555,12110855.314923555,2017-09-30,2017-06-01,3
run_20260811T161321Z_ebb0c846,one_step_201710,one_step_ex_ante,same_month_historical_mean,2008-01,2017-09,2017-10,2017-10,0.001775900018401444,,1.0,154790.111111111,154790.111111111,3.955024085824166,4.034812998784103,3.955024085824166,0.6037542691829184,0.3499654930449322,,-154790.111111111,1.0,154790.111111111,154790.111111111,3.955024085824166,4.034812998784103,3.955024085824166,0.6037542691829184,0.3499654930449322,,-154790.111111111,1.0,723425.0,723425.0,18.484147848653944,20.36642819850472,18.48414784865394,2.8216979046557507,1.6355940633978716,,-723425.0,0.7860315704998984,0.7860315704998984,1.0,1596274.0644341526,1596274.0644341526,1.0,1596274.0644341526,1596274.0644341526,2017-09-30,2017-06-01,3
run_20260811T161321Z_ebb0c846,one_step_201710,one_step_ex_ante,seasonal_moving_average_3,2008-01,2017-09,2017-10,2017-10,0.01832010003272444,,1.0,31952.66666666651,31952.66666666651,0.8164188614236725,0.8197652203628895,0.8164188614236725,0.12463043519576535,0.07224189364444249,,-31952.66666666651,1.0,31952.66666666651,31952.66666666651,0.8164188614236725,0.8197652203628895,0.8164188614236725,0.12463043519576535,0.07224189364444249,,-31952.66666666651,1.0,723425.0,723425.0,18.484147848653944,20.36642819850472,18.48414784865394,2.8216979046557507,1.6355940633978716,,-723425.0,0.9558314038543505,0.9558314038543505,1.0,1809438.0178160346,1809438.0178160346,1.0,1809438.0178160346,1809438.0178160346,2017-09-30,2017-06-01,3
run_20260811T161321Z_ebb0c846,one_step_201711,one_step_ex_ante,naive_last,2008-01,2017-10,2017-11,2017-11,0.0013496000319719315,,1.0,2738641.0,2738641.0,119.3907440208523,74.76155540253073,119.39074402085231,10.18316089143805,5.878286372590073,,2738641.0,1.0,2738641.0,2738641.0,119.3907440208523,74.76155540253073,119.39074402085231,10.18316089143805,5.878286372590073,,2738641.0,1.0,414222.0,414222.0,18.057961145621306,19.850235008165864,18.05796114562131,1.5402125619141944,0.8890962845539102,,-414222.0,-5.611529566271226,-5.611529566271226,1.0,6816304.25990716,6816304.25990716,1.0,6816304.25990716,6816304.25990716,2017-10-31,2017-07-01,3
run_20260811T161321Z_ebb0c846,one_step_201711,one_step_ex_ante,seasonal_naive,2008-01,2017-10,2017-11,2017-11,0.0013304000021889806,,1.0,414222.0,414222.0,18.057961145621306,19.850235008165864,18.05796114562131,1.5402125619141944,0.8890962845539102,,-414222.0,1.0,414222.0,414222.0,18.057961145621306,19.850235008165864,18.05796114562131,1.5402125619141944,0.8890962845539102,,-414222.0,1.0,414222.0,414222.0,18.057961145621306,19.850235008165864,18.05796114562131,1.5402125619141944,0.8890962845539102,,-414222.0,0.0,0.0,1.0,1831501.375873034,1831501.375873034,1.0,1831501.375873034,1831501.375873034,2017-10-31,2017-07-01,3
run_20260811T161321Z_ebb0c846,one_step_201711,one_step_ex_ante,drift,2008-01,2017-10,2017-11,2017-11,0.0012322000693529844,,1.0,2874070.8947368423,2874070.8947368423,125.29479493343898,77.03461407003239,125.29479493343901,10.686733432569136,6.168976428231863,,2874070.8947368423,1.0,2874070.8947368423,2874070.8947368423,125.29479493343898,77.03461407003239,125.29479493343901,10.686733432569136,6.168976428231863,,2874070.8947368423,1.0,414222.0,414222.0,18.057961145621306,19.850235008165864,18.05796114562131,1.5402125619141944,0.8890962845539102,,-414222.0,-5.938479594847309,-5.938479594847309,1.0,13618160.266760852,13618160.266760852,1.0,13618160.266760852,13618160.266760852,2017-10-31,2017-07-01,3
run_20260811T161321Z_ebb0c846,one_step_201711,one_step_ex_ante,same_month_historical_mean,2008-01,2017-10,2017-11,2017-11,0.0016289999475702643,,1.0,228134.33333333326,228134.33333333326,9.945490406872528,10.465934671230935,9.945490406872526,0.8482778944718533,0.48967314180765353,,-228134.33333333326,1.0,228134.33333333326,228134.33333333326,9.945490406872528,10.465934671230935,9.945490406872526,0.8482778944718533,0.48967314180765353,,-228134.33333333326,1.0,414222.0,414222.0,18.057961145621306,19.850235008165864,18.05796114562131,1.5402125619141944,0.8890962845539102,,-414222.0,0.4492462174067692,0.4492462174067692,1.0,1597019.9949926625,1597019.9949926625,1.0,1597019.9949926625,1597019.9949926625,2017-10-31,2017-07-01,3
run_20260811T161321Z_ebb0c846,one_step_201711,one_step_ex_ante,seasonal_moving_average_3,2008-01,2017-10,2017-11,2017-11,0.019386500003747642,,1.0,166848.3333333335,166848.3333333335,7.273734182503606,7.548254153786723,7.273734182503606,0.6203965480695064,0.3581273646756549,,-166848.3333333335,1.0,166848.3333333335,166848.3333333335,7.273734182503606,7.548254153786723,7.273734182503606,0.6203965480695064,0.3581273646756549,,-166848.3333333335,1.0,414222.0,414222.0,18.057961145621306,19.850235008165864,18.05796114562131,1.5402125619141944,0.8890962845539102,,-414222.0,0.5972006959231198,0.5972006959231198,1.0,1806473.9138555557,1806473.9138555557,1.0,1806473.9138555557,1806473.9138555557,2017-10-31,2017-07-01,3
run_20260811T161321Z_ebb0c846,one_step_201712,one_step_ex_ante,naive_last,2008-01,2017-11,2017-12,2017-12,0.0010608999291434884,,1.0,4282565.0,4282565.0,209.79359954304147,102.38988592158644,209.79359954304144,15.119030088443186,8.657635963715903,,4282565.0,1.0,4282565.0,4282565.0,209.79359954304147,102.38988592158644,209.79359954304144,15.119030088443186,8.657635963715903,,4282565.0,1.0,411852.0,411852.0,20.175738969286094,22.439395945400367,20.175738969286094,1.4539890883116784,0.8326002493665179,,-411852.0,-9.39831055816167,-9.39831055816167,0.0,6848331.949832153,41184292.95318912,0.0,6848331.949832153,41184292.95318912,2017-11-30,2017-08-01,3
run_20260811T161321Z_ebb0c846,one_step_201712,one_step_ex_ante,seasonal_naive,2008-01,2017-11,2017-12,2017-12,0.0013368000509217381,,1.0,411852.0,411852.0,20.175738969286094,22.439395945400367,20.175738969286094,1.4539890883116784,0.8326002493665179,,-411852.0,1.0,411852.0,411852.0,20.175738969286094,22.439395945400367,20.175738969286094,1.4539890883116784,0.8326002493665179,,-411852.0,1.0,411852.0,411852.0,20.175738969286094,22.439395945400367,20.175738969286094,1.4539890883116784,0.8326002493665179,,-411852.0,0.0,0.0,1.0,1939916.0883780345,1939916.0883780345,1.0,1939916.0883780345,1939916.0883780345,2017-11-30,2017-08-01,3
run_20260811T161321Z_ebb0c846,one_step_201712,one_step_ex_ante,drift,2008-01,2017-11,2017-12,2017-12,0.0010403000051155686,,1.0,4461735.504347826,4461735.504347826,218.57077514669783,104.43671088603575,218.57077514669783,15.751567889082832,9.0198471623968,,4461735.504347826,1.0,4461735.504347826,4461735.504347826,218.57077514669783,104.43671088603575,218.57077514669783,15.751567889082832,9.0198471623968,,4461735.504347826,1.0,411852.0,411852.0,20.175738969286094,22.439395945400367,20.175738969286094,1.4539890883116784,0.8326002493665179,,-411852.0,-9.833346698201845,-9.833346698201845,1.0,15307063.893136188,15307063.893136188,1.0,15307063.893136188,15307063.893136188,2017-11-30,2017-08-01,3
run_20260811T161321Z_ebb0c846,one_step_201712,one_step_ex_ante,same_month_historical_mean,2008-01,2017-11,2017-12,2017-12,0.0016980000073090196,,1.0,507336.66666666674,507336.66666666674,24.853326331338387,28.3800152303838,24.853326331338387,1.791085092299546,1.0256321085716342,,-507336.66666666674,1.0,507336.66666666674,507336.66666666674,24.853326331338387,28.3800152303838,24.853326331338387,1.791085092299546,1.0256321085716342,,-507336.66666666674,1.0,411852.0,411852.0,20.175738969286094,22.439395945400367,20.175738969286094,1.4539890883116784,0.8326002493665179,,-411852.0,-0.23184218279058189,-0.23184218279058189,1.0,1609924.9888283792,1609924.9888283792,1.0,1609924.9888283792,1609924.9888283792,2017-11-30,2017-08-01,3
run_20260811T161321Z_ebb0c846,one_step_201712,one_step_ex_ante,seasonal_moving_average_3,2008-01,2017-11,2017-12,2017-12,0.018924200092442334,,1.0,346715.0,346715.0,16.984818179190654,18.561102975402918,16.984818179190654,1.224031513150315,0.7009192512337253,,-346715.0,1.0,346715.0,346715.0,16.984818179190654,18.561102975402918,16.984818179190654,1.224031513150315,0.7009192512337253,,-346715.0,1.0,411852.0,411852.0,20.175738969286094,22.439395945400367,20.175738969286094,1.4539890883116784,0.8326002493665179,,-411852.0,0.15815632800132085,0.15815632800132085,1.0,1800105.7701546242,1800105.7701546242,1.0,1800105.7701546242,1800105.7701546242,2017-11-30,2017-08-01,3
run_20260811T161321Z_ebb0c846,one_step_201801,one_step_ex_ante,naive_last,2008-01,2017-12,2018-01,2018-01,0.001297999988310039,,1.0,3261547.0,3261547.0,159.4622608161671,88.72267172309242,159.4622608161671,11.136756518009834,6.418024954993097,,3261547.0,1.0,3261547.0,3261547.0,159.4622608161671,88.72267172309242,159.4622608161671,11.136756518009834,6.418024954993097,,3261547.0,1.0,476997.0,476997.0,23.321147916166545,26.399478648526365,23.321147916166545,1.6287361331359433,0.938627789039018,,-476997.0,-5.837667742145129,-5.837667742145129,1.0,6862156.325649582,6862156.325649582,1.0,6862156.325649582,6862156.325649582,2017-12-31,2017-09-01,3
run_20260811T161321Z_ebb0c846,one_step_201801,one_step_ex_ante,seasonal_naive,2008-01,2017-12,2018-01,2018-01,0.001364499912597239,,1.0,476997.0,476997.0,23.321147916166545,26.399478648526365,23.321147916166545,1.6287361331359433,0.938627789039018,,-476997.0,1.0,476997.0,476997.0,23.321147916166545,26.399478648526365,23.321147916166545,1.6287361331359433,0.938627789039018,,-476997.0,1.0,476997.0,476997.0,23.321147916166545,26.399478648526365,23.321147916166545,1.6287361331359433,0.938627789039018,,-476997.0,0.0,0.0,1.0,1988521.7363966675,1988521.7363966675,1.0,1988521.7363966675,1988521.7363966675,2017-12-31,2017-09-01,3
run_20260811T161321Z_ebb0c846,one_step_201801,one_step_ex_ante,drift,2008-01,2017-12,2018-01,2018-01,0.0011335000162944198,,1.0,3404103.9655172415,3404103.9655172415,166.4320993671589,90.83925761667331,166.43209936715888,11.623526205802726,6.69854648732047,,3404103.9655172415,1.0,3404103.9655172415,3404103.9655172415,166.4320993671589,90.83925761667331,166.43209936715888,11.623526205802726,6.69854648732047,,3404103.9655172415,1.0,476997.0,476997.0,23.321147916166545,26.399478648526365,23.321147916166545,1.6287361331359433,0.938627789039018,,-476997.0,-6.136531184718649,-6.136531184718649,1.0,13790147.67985908,13790147.67985908,1.0,13790147.67985908,13790147.67985908,2017-12-31,2017-09-01,3
run_20260811T161321Z_ebb0c846,one_step_201801,one_step_ex_ante,same_month_historical_mean,2008-01,2017-12,2018-01,2018-01,0.0017600000137463212,,1.0,622625.2,622625.2,30.441144043951596,35.90628619462057,30.441144043951592,2.1259927434365276,1.2251928521059385,,-622625.2,1.0,622625.2,622625.2,30.441144043951596,35.90628619462057,30.441144043951592,2.1259927434365276,1.2251928521059385,,-622625.2,1.0,476997.0,476997.0,23.321147916166545,26.399478648526365,23.321147916166545,1.6287361331359433,0.938627789039018,,-476997.0,-0.3053021297827867,-0.3053021297827867,1.0,1615767.3171395366,1615767.3171395366,1.0,1615767.3171395366,1615767.3171395366,2017-12-31,2017-09-01,3
run_20260811T161321Z_ebb0c846,one_step_201801,one_step_ex_ante,seasonal_moving_average_3,2008-01,2017-12,2018-01,2018-01,0.018903100048191845,,1.0,371462.66666666674,371462.66666666674,18.161405196818855,19.975303060911173,18.161405196818855,1.2683825418420507,0.7309588561854082,,-371462.66666666674,1.0,371462.66666666674,371462.66666666674,18.161405196818855,19.975303060911173,18.161405196818855,1.2683825418420507,0.7309588561854082,,-371462.66666666674,1.0,476997.0,476997.0,23.321147916166545,26.399478648526365,23.321147916166545,1.6287361331359433,0.938627789039018,,-476997.0,0.2212473733238013,0.2212473733238013,1.0,1793618.5908394542,1793618.5908394542,1.0,1793618.5908394542,1793618.5908394542,2017-12-31,2017-09-01,3
run_20260811T161321Z_ebb0c846,one_step_201802,one_step_ex_ante,naive_last,2008-01,2018-01,2018-02,2018-02,0.0011796000180765986,,1.0,2106937.0,2106937.0,116.6101032641843,73.6616438085572,116.6101032641843,7.095851572289557,4.126070264657517,,2106937.0,1.0,2106937.0,2106937.0,116.6101032641843,73.6616438085572,116.6101032641843,7.095851572289557,4.126070264657517,,2106937.0,1.0,374480.0,374480.0,20.72589330880408,23.12201543361188,20.72589330880408,1.2611931428376801,0.7333540550614217,,-374480.0,-4.626300469985046,-4.626300469985046,1.0,6910545.631439064,6910545.631439064,1.0,6910545.631439064,6910545.631439064,2018-01-31,2017-10-01,3
run_20260811T161321Z_ebb0c846,one_step_201802,one_step_ex_ante,seasonal_naive,2008-01,2018-01,2018-02,2018-02,0.0012793999630957842,,1.0,374480.0,374480.0,20.72589330880408,23.12201543361188,20.72589330880408,1.2611931428376801,0.7333540550614217,,-374480.0,1.0,374480.0,374480.0,20.72589330880408,23.12201543361188,20.72589330880408,1.2611931428376801,0.7333540550614217,,-374480.0,1.0,374480.0,374480.0,20.72589330880408,23.12201543361188,20.72589330880408,1.2611931428376801,0.7333540550614217,,-374480.0,0.0,0.0,1.0,1995180.465757682,1995180.465757682,1.0,1995180.465757682,1995180.465757682,2018-01-31,2017-10-01,3
run_20260811T161321Z_ebb0c846,one_step_201802,one_step_ex_ante,drift,2008-01,2018-01,2018-02,2018-02,0.0012861998984590173,,1.0,2200647.188034188,2200647.188034188,121.79656811983625,75.69786640762403,121.79656811983628,7.411453597932442,4.309585396027523,,2200647.188034188,1.0,2200647.188034188,2200647.188034188,121.79656811983625,75.69786640762403,121.79656811983628,7.411453597932442,4.309585396027523,,2200647.188034188,1.0,374480.0,374480.0,20.72589330880408,23.12201543361188,20.72589330880408,1.2611931428376801,0.7333540550614217,,-374480.0,-4.876541305367945,-4.876541305367945,1.0,12295513.55637186,12295513.55637186,1.0,12295513.55637186,12295513.55637186,2018-01-31,2017-10-01,3
run_20260811T161321Z_ebb0c846,one_step_201802,one_step_ex_ante,same_month_historical_mean,2008-01,2018-01,2018-02,2018-02,0.0015281999949365854,,1.0,490639.19999999995,490639.19999999995,27.154816578500814,31.420969958163365,27.15481657850081,1.6524001138842264,0.9608316783061629,,-490639.19999999995,1.0,490639.19999999995,490639.19999999995,27.154816578500814,31.420969958163365,27.15481657850081,1.6524001138842264,0.9608316783061629,,-490639.19999999995,1.0,374480.0,374480.0,20.72589330880408,23.12201543361188,20.72589330880408,1.2611931428376801,0.7333540550614217,,-374480.0,-0.31018799401837205,-0.31018799401837205,1.0,1609727.4156318062,1609727.4156318062,1.0,1609727.4156318062,1609727.4156318062,2018-01-31,2017-10-01,3
run_20260811T161321Z_ebb0c846,one_step_201802,one_step_ex_ante,seasonal_moving_average_3,2008-01,2018-01,2018-02,2018-02,0.019406499923206866,,1.0,301898.33333333326,301898.33333333326,16.708803265254314,18.23197574451419,16.70880326525431,1.016748845957392,0.5912154640202006,,-301898.33333333326,1.0,301898.33333333326,301898.33333333326,16.708803265254314,18.23197574451419,16.70880326525431,1.016748845957392,0.5912154640202006,,-301898.33333333326,1.0,374480.0,374480.0,20.72589330880408,23.12201543361188,20.72589330880408,1.2611931428376801,0.7333540550614217,,-374480.0,0.19381987467065465,0.19381987467065465,1.0,1785257.23277941,1785257.23277941,1.0,1785257.23277941,1785257.23277941,2018-01-31,2017-10-01,3
run_20260811T161321Z_ebb0c846,one_step_201803,one_step_ex_ante,naive_last,2008-01,2018-02,2018-03,2018-03,0.0010376999853178859,,1.0,23828.0,23828.0,1.049682844064301,1.0442024371442982,1.0496828440643007,0.07995398687248557,0.046737749808336934,,23828.0,1.0,23828.0,23828.0,1.049682844064301,1.0442024371442982,1.0496828440643007,0.07995398687248557,0.046737749808336934,,23828.0,1.0,425943.0,425943.0,18.763851756306885,20.706522333587337,18.763851756306885,1.429236235958835,0.8354716034334589,,-425943.0,0.9440582425347993,0.9440582425347993,1.0,6982415.904518206,6982415.904518206,1.0,6982415.904518206,6982415.904518206,2018-02-28,2017-11-01,3
run_20260811T161321Z_ebb0c846,one_step_201803,one_step_ex_ante,seasonal_naive,2008-01,2018-02,2018-03,2018-03,0.00150969997048378,,1.0,425943.0,425943.0,18.763851756306885,20.706522333587337,18.763851756306885,1.429236235958835,0.8354716034334589,,-425943.0,1.0,425943.0,425943.0,18.763851756306885,20.706522333587337,18.763851756306885,1.429236235958835,0.8354716034334589,,-425943.0,1.0,425943.0,425943.0,18.763851756306885,20.706522333587337,18.763851756306885,1.429236235958835,0.8354716034334589,,-425943.0,0.0,0.0,1.0,1990169.8942878488,1990169.8942878488,1.0,1990169.8942878488,1990169.8942878488,2018-02-28,2017-11-01,3
run_20260811T161321Z_ebb0c846,one_step_201803,one_step_ex_ante,drift,2008-01,2018-02,2018-03,2018-03,0.0011471000034362078,,1.0,61831.76271186443,61831.76271186443,2.723843400071296,2.687245224229345,2.723843400071296,0.2074742296528056,0.1212807392914041,,61831.76271186443,1.0,61831.76271186443,61831.76271186443,2.723843400071296,2.687245224229345,2.723843400071296,0.2074742296528056,0.1212807392914041,,61831.76271186443,1.0,425943.0,425943.0,18.763851756306885,20.706522333587337,18.763851756306885,1.429236235958835,0.8354716034334589,,-425943.0,0.8548355937018229,0.8548355937018229,1.0,11559408.663420733,11559408.663420733,1.0,11559408.663420733,11559408.663420733,2018-02-28,2017-11-01,3
run_20260811T161321Z_ebb0c846,one_step_201803,one_step_ex_ante,same_month_historical_mean,2008-01,2018-02,2018-03,2018-03,0.0016843000194057822,,1.0,522065.69999999995,522065.69999999995,22.998296490029375,25.986525591527844,22.998296490029375,1.7517724577964995,1.0240127610422314,,-522065.69999999995,1.0,522065.69999999995,522065.69999999995,22.998296490029375,25.986525591527844,22.998296490029375,1.7517724577964995,1.0240127610422314,,-522065.69999999995,1.0,425943.0,425943.0,18.763851756306885,20.706522333587337,18.763851756306885,1.429236235958835,0.8354716034334589,,-425943.0,-0.22567033617174115,-0.22567033617174115,1.0,1604793.567314508,1604793.567314508,1.0,1604793.567314508,1604793.567314508,2018-02-28,2017-11-01,3
run_20260811T161321Z_ebb0c846,one_step_201803,one_step_ex_ante,seasonal_moving_average_3,2008-01,2018-02,2018-03,2018-03,0.019031700096093118,,1.0,349858.0,349858.0,15.41211769593118,16.69894849385945,15.41211769593118,1.1739357872769036,0.6862336609218207,,-349858.0,1.0,349858.0,349858.0,15.41211769593118,16.69894849385945,15.41211769593118,1.1739357872769036,0.6862336609218207,,-349858.0,1.0,425943.0,425943.0,18.763851756306885,20.706522333587337,18.763851756306885,1.429236235958835,0.8354716034334589,,-425943.0,0.17862718720579984,0.17862718720579984,1.0,1776988.8396721296,1776988.8396721296,1.0,1776988.8396721296,1776988.8396721296,2018-02-28,2017-11-01,3
run_20260811T161321Z_ebb0c846,one_step_201804,one_step_ex_ante,naive_last,2008-01,2018-03,2018-04,2018-04,0.0012781999539583921,,1.0,829246.0,829246.0,28.887861605138216,33.76483033421744,28.887861605138216,2.772698808175555,1.6291580640445478,,-829246.0,1.0,829246.0,829246.0,28.887861605138216,33.76483033421744,28.887861605138216,2.772698808175555,1.6291580640445478,,-829246.0,1.0,592031.0,592031.0,20.62416893654185,22.995482517648206,20.62416893654185,1.9795376138118026,1.1631193612201416,,-592031.0,-0.4006800319577859,-0.4006800319577859,1.0,6955316.1351164505,6955316.1351164505,1.0,6955316.1351164505,6955316.1351164505,2018-03-31,2017-12-01,3
run_20260811T161321Z_ebb0c846,one_step_201804,one_step_ex_ante,seasonal_naive,2008-01,2018-03,2018-04,2018-04,0.0015084999613463879,,1.0,592031.0,592031.0,20.62416893654185,22.995482517648206,20.62416893654185,1.9795376138118026,1.1631193612201416,,-592031.0,1.0,592031.0,592031.0,20.62416893654185,22.995482517648206,20.62416893654185,1.9795376138118026,1.1631193612201416,,-592031.0,1.0,592031.0,592031.0,20.62416893654185,22.995482517648206,20.62416893654185,1.9795376138118026,1.1631193612201416,,-592031.0,0.0,0.0,1.0,1985100.7471573094,1985100.7471573094,1.0,1985100.7471573094,1985100.7471573094,2018-03-31,2017-12-01,3
run_20260811T161321Z_ebb0c846,one_step_201804,one_step_ex_ante,drift,2008-01,2018-03,2018-04,2018-04,0.001324299955740571,,1.0,800049.7983193276,800049.7983193276,27.870773993564608,32.383546525123634,27.870773993564608,2.6750772657101667,1.5717984537388745,,-800049.7983193276,1.0,800049.7983193276,800049.7983193276,27.870773993564608,32.383546525123634,27.870773993564608,2.6750772657101667,1.5717984537388745,,-800049.7983193276,1.0,592031.0,592031.0,20.62416893654185,22.995482517648206,20.62416893654185,1.9795376138118026,1.1631193612201416,,-592031.0,-0.35136470610378123,-0.35136470610378123,1.0,11540228.777052142,11540228.777052142,1.0,11540228.777052142,11540228.777052142,2018-03-31,2017-12-01,3
run_20260811T161321Z_ebb0c846,one_step_201804,one_step_ex_ante,same_month_historical_mean,2008-01,2018-03,2018-04,2018-04,0.0017627000343054533,,1.0,686972.3999999999,686972.3999999999,23.931575934945297,27.184404088382063,23.931575934945297,2.296987329127304,1.3496436826177474,,-686972.3999999999,1.0,686972.3999999999,686972.3999999999,23.931575934945297,27.184404088382063,23.931575934945297,2.296987329127304,1.3496436826177474,,-686972.3999999999,1.0,592031.0,592031.0,20.62416893654185,22.995482517648206,20.62416893654185,1.9795376138118026,1.1631193612201416,,-592031.0,-0.16036558896409114,-0.16036558896409114,1.0,1607368.224240764,1607368.224240764,1.0,1607368.224240764,1607368.224240764,2018-03-31,2017-12-01,3
run_20260811T161321Z_ebb0c846,one_step_201804,one_step_ex_ante,seasonal_moving_average_3,2008-01,2018-03,2018-04,2018-04,0.019638200057670474,,1.0,552422.6666666665,552422.6666666665,19.244361193431217,21.29323469020526,19.244361193431214,1.8471016676303873,1.0853038087141729,,-552422.6666666665,1.0,552422.6666666665,552422.6666666665,19.244361193431217,21.29323469020526,19.244361193431214,1.8471016676303873,1.0853038087141729,,-552422.6666666665,1.0,592031.0,592031.0,20.62416893654185,22.995482517648206,20.62416893654185,1.9795376138118026,1.1631193612201416,,-592031.0,0.06690246512992304,0.06690246512992304,1.0,1771070.6072180215,1771070.6072180215,1.0,1771070.6072180215,1771070.6072180215,2018-03-31,2017-12-01,3
run_20260811T161321Z_ebb0c846,one_step_201805,one_step_ex_ante,naive_last,2008-01,2018-04,2018-05,2018-05,0.00106669997330755,,1.0,1745183.0,1745183.0,46.04067933615511,59.808888656608744,46.04067933615511,5.803585883332103,3.4305488163064646,,-1745183.0,1.0,1745183.0,1745183.0,46.04067933615511,59.808888656608744,46.04067933615511,5.803585883332103,3.4305488163064646,,-1745183.0,1.0,695242.0,695242.0,18.34158021423951,20.193482070218067,18.34158021423951,2.312019230475874,1.3666541675838804,,-695242.0,-1.5101806277526388,-1.5101806277526388,1.0,6926030.861480471,6926030.861480471,1.0,6926030.861480471,6926030.861480471,2018-04-30,2018-01-01,3
run_20260811T161321Z_ebb0c846,one_step_201805,one_step_ex_ante,seasonal_naive,2008-01,2018-04,2018-05,2018-05,0.0012580000329762697,,1.0,695242.0,695242.0,18.34158021423951,20.193482070218067,18.34158021423951,2.312019230475874,1.3666541675838804,,-695242.0,1.0,695242.0,695242.0,18.34158021423951,20.193482070218067,18.34158021423951,2.312019230475874,1.3666541675838804,,-695242.0,1.0,695242.0,695242.0,18.34158021423951,20.193482070218067,18.34158021423951,2.312019230475874,1.3666541675838804,,-695242.0,0.0,0.0,1.0,1981767.8349962952,1981767.8349962952,1.0,1981767.8349962952,1981767.8349962952,2018-04-30,2018-01-01,3
run_20260811T161321Z_ebb0c846,one_step_201805,one_step_ex_ante,drift,2008-01,2018-04,2018-05,2018-05,0.001097200089134276,,1.0,1716096.1666666667,1716096.1666666667,45.27332280884296,58.52038398382983,45.27332280884297,5.706857955473438,3.373372118125374,,-1716096.1666666667,1.0,1716096.1666666667,1716096.1666666667,45.27332280884296,58.52038398382983,45.27332280884297,5.706857955473438,3.373372118125374,,-1716096.1666666667,1.0,695242.0,695242.0,18.34158021423951,20.193482070218067,18.34158021423951,2.312019230475874,1.3666541675838804,,-695242.0,-1.4683436367001228,-1.4683436367001228,1.0,11535276.660672447,11535276.660672447,1.0,11535276.660672447,11535276.660672447,2018-04-30,2018-01-01,3
run_20260811T161321Z_ebb0c846,one_step_201805,one_step_ex_ante,same_month_historical_mean,2008-01,2018-04,2018-05,2018-05,0.0018470999784767628,,1.0,586523.7000000002,586523.7000000002,15.473420033747317,16.77093894719903,15.473420033747317,1.950477781160895,1.1529439518782205,,-586523.7000000002,1.0,586523.7000000002,586523.7000000002,15.473420033747317,16.77093894719903,15.473420033747317,1.950477781160895,1.1529439518782205,,-586523.7000000002,1.0,695242.0,695242.0,18.34158021423951,20.193482070218067,18.34158021423951,2.312019230475874,1.3666541675838804,,-695242.0,0.15637475871710826,0.15637475871710826,1.0,1614691.688860545,1614691.688860545,1.0,1614691.688860545,1614691.688860545,2018-04-30,2018-01-01,3
run_20260811T161321Z_ebb0c846,one_step_201805,one_step_ex_ante,seasonal_moving_average_3,2008-01,2018-04,2018-05,2018-05,0.019323000102303922,,1.0,583876.3333333335,583876.3333333335,15.403578326725631,16.688924072416885,15.403578326725633,1.9416739939278824,1.1477399586095132,,-583876.3333333335,1.0,583876.3333333335,583876.3333333335,15.403578326725631,16.688924072416885,15.403578326725633,1.9416739939278824,1.1477399586095132,,-583876.3333333335,1.0,695242.0,695242.0,18.34158021423951,20.193482070218067,18.34158021423951,2.312019230475874,1.3666541675838804,,-695242.0,0.16018259349502262,0.16018259349502262,1.0,1765702.1907454645,1765702.1907454645,1.0,1765702.1907454645,1765702.1907454645,2018-04-30,2018-01-01,3
run_20260811T161321Z_ebb0c846,one_step_201806,one_step_ex_ante,naive_last,2008-01,2018-05,2018-06,2018-06,0.001447400078177452,,1.0,2600072.0,2600072.0,59.00010302040394,83.68815053665149,59.00010302040394,8.627268290358058,5.121701378154759,,-2600072.0,1.0,2600072.0,2600072.0,59.00010302040394,83.68815053665149,59.00010302040394,8.627268290358058,5.121701378154759,,-2600072.0,1.0,917322.0,917322.0,20.815612991825986,23.233735192426586,20.81561299182599,3.0437553277939355,1.8069689422491686,,-917322.0,-1.8344158321723452,-1.8344158321723452,1.0,6899336.331346482,6899336.331346482,1.0,6899336.331346482,6899336.331346482,2018-05-31,2018-02-01,3
run_20260811T161321Z_ebb0c846,one_step_201806,one_step_ex_ante,seasonal_naive,2008-01,2018-05,2018-06,2018-06,0.0013280999846756458,,1.0,917322.0,917322.0,20.815612991825986,23.233735192426586,20.81561299182599,3.0437553277939355,1.8069689422491686,,-917322.0,1.0,917322.0,917322.0,20.815612991825986,23.233735192426586,20.81561299182599,3.0437553277939355,1.8069689422491686,,-917322.0,1.0,917322.0,917322.0,20.815612991825986,23.233735192426586,20.81561299182599,3.0437553277939355,1.8069689422491686,,-917322.0,0.0,0.0,1.0,1975840.4052212145,1975840.4052212145,1.0,1975840.4052212145,1975840.4052212145,2018-05-31,2018-02-01,3
run_20260811T161321Z_ebb0c846,one_step_201806,one_step_ex_ante,drift,2008-01,2018-05,2018-06,2018-06,0.0012239000061526895,,1.0,2579110.479338843,2579110.479338843,58.52445008522653,82.7343666385921,58.52445008522653,8.557716115449946,5.080410733411664,,-2579110.479338843,1.0,2579110.479338843,2579110.479338843,58.52445008522653,82.7343666385921,58.52445008522653,8.557716115449946,5.080410733411664,,-2579110.479338843,1.0,917322.0,917322.0,20.815612991825986,23.233735192426586,20.81561299182599,3.0437553277939355,1.8069689422491686,,-917322.0,-1.8115650549521791,-1.8115650549521791,1.0,11536672.596045336,11536672.596045336,1.0,11536672.596045336,11536672.596045336,2018-05-31,2018-02-01,3
run_20260811T161321Z_ebb0c846,one_step_201806,one_step_ex_ante,same_month_historical_mean,2008-01,2018-05,2018-06,2018-06,0.001602899981662631,,1.0,720082.6000000001,720082.6000000001,16.339911965207243,17.793644923127548,16.339911965207243,2.389297596919849,1.4184407373354517,,-720082.6000000001,1.0,720082.6000000001,720082.6000000001,16.339911965207243,17.793644923127548,16.339911965207243,2.389297596919849,1.4184407373354517,,-720082.6000000001,1.0,917322.0,917322.0,20.815612991825986,23.233735192426586,20.81561299182599,3.0437553277939355,1.8069689422491686,,-917322.0,0.21501653726826553,0.21501653726826553,1.0,1616623.8896183753,1616623.8896183753,1.0,1616623.8896183753,1616623.8896183753,2018-05-31,2018-02-01,3
run_20260811T161321Z_ebb0c846,one_step_201806,one_step_ex_ante,seasonal_moving_average_3,2008-01,2018-05,2018-06,2018-06,0.018971299985423684,,1.0,895095.3333333335,895095.3333333335,20.31125171908681,22.60714921040418,20.31125171908681,2.970005286820574,1.7631861741956483,,-895095.3333333335,1.0,895095.3333333335,895095.3333333335,20.31125171908681,22.60714921040418,20.31125171908681,2.970005286820574,1.7631861741956483,,-895095.3333333335,1.0,917322.0,917322.0,20.815612991825986,23.233735192426586,20.81561299182599,3.0437553277939355,1.8069689422491686,,-917322.0,0.024229950515376797,0.024229950515376797,0.0,1759095.5937872394,2380997.0513758003,0.0,1759095.5937872394,2380997.0513758003,2018-05-31,2018-02-01,3
run_20260811T161321Z_ebb0c846,one_step_201807,one_step_ex_ante,naive_last,2008-01,2018-06,2018-07,2018-07,0.0011023000115528703,,1.0,3442956.0,3442956.0,60.26555341131372,86.25726137336443,60.26555341131372,11.38165137237625,6.791101509488315,,-3442956.0,1.0,3442956.0,3442956.0,60.26555341131372,86.25726137336443,60.26555341131372,11.38165137237625,6.791101509488315,,-3442956.0,1.0,680487.0,680487.0,11.911254644033974,12.665568714907863,11.911254644033976,2.2495395809398078,1.342235071516213,,-680487.0,-4.059547059679318,-4.059547059679318,0.0,6878452.228966825,7027647.6496303305,0.0,6878452.228966825,7027647.6496303305,2018-06-30,2018-03-01,3
run_20260811T161321Z_ebb0c846,one_step_201807,one_step_ex_ante,seasonal_naive,2008-01,2018-06,2018-07,2018-07,0.0013043000362813473,,1.0,680487.0,680487.0,11.911254644033974,12.665568714907863,11.911254644033976,2.2495395809398078,1.342235071516213,,-680487.0,1.0,680487.0,680487.0,11.911254644033974,12.665568714907863,11.911254644033976,2.2495395809398078,1.342235071516213,,-680487.0,1.0,680487.0,680487.0,11.911254644033974,12.665568714907863,11.911254644033976,2.2495395809398078,1.342235071516213,,-680487.0,0.0,0.0,1.0,1971114.2119322363,1971114.2119322363,1.0,1971114.2119322363,1971114.2119322363,2018-06-30,2018-03-01,3
run_20260811T161321Z_ebb0c846,one_step_201807,one_step_ex_ante,drift,2008-01,2018-06,2018-07,2018-07,0.001181500032544136,,1.0,3406979.5081967213,3406979.5081967213,59.635820359737636,84.97299027797197,59.635820359737636,11.262721044104245,6.720139229461692,,-3406979.5081967213,1.0,3406979.5081967213,3406979.5081967213,59.635820359737636,84.97299027797197,59.635820359737636,11.262721044104245,6.720139229461692,,-3406979.5081967213,1.0,680487.0,680487.0,11.911254644033974,12.665568714907863,11.911254644033976,2.2495395809398078,1.342235071516213,,-680487.0,-4.006678317435486,-4.006678317435486,1.0,11562934.585472114,11562934.585472114,1.0,11562934.585472114,11562934.585472114,2018-06-30,2018-03-01,3
run_20260811T161321Z_ebb0c846,one_step_201807,one_step_ex_ante,same_month_historical_mean,2008-01,2018-06,2018-07,2018-07,0.0016603999538347125,,1.0,1086873.9000000004,1086873.9000000004,19.024657030706425,21.02458458546408,19.024657030706422,3.5929648289246017,2.1438179816743097,,-1086873.9000000004,1.0,1086873.9000000004,1086873.9000000004,19.024657030706425,21.02458458546408,19.024657030706422,3.5929648289246017,2.1438179816743097,,-1086873.9000000004,1.0,680487.0,680487.0,11.911254644033974,12.665568714907863,11.911254644033976,2.2495395809398078,1.342235071516213,,-680487.0,-0.5972000934624766,-0.5972000934624766,0.0,1619647.5026955623,12701653.44878433,0.0,1619647.5026955623,12701653.44878433,2018-06-30,2018-03-01,3
run_20260811T161321Z_ebb0c846,one_step_201807,one_step_ex_ante,seasonal_moving_average_3,2008-01,2018-06,2018-07,2018-07,0.01882250001654029,,1.0,1126309.333333333,1126309.333333333,19.714935446651406,21.870847144764458,19.714935446651403,3.7233296531972844,2.221602894068578,,-1126309.333333333,1.0,1126309.333333333,1126309.333333333,19.714935446651406,21.870847144764458,19.714935446651403,3.7233296531972844,2.221602894068578,,-1126309.333333333,1.0,680487.0,680487.0,11.911254644033974,12.665568714907863,11.911254644033976,2.2495395809398078,1.342235071516213,,-680487.0,-0.6551518740744982,-0.6551518740744982,0.0,1753380.7367145326,11738139.335757202,0.0,1753380.7367145326,11738139.335757202,2018-06-30,2018-03-01,3
run_20260811T161321Z_ebb0c846,one_step_201808,one_step_ex_ante,naive_last,2008-01,2018-07,2018-08,2018-08,0.001218699966557324,,1.0,4181864.0,4181864.0,59.29675616911213,84.28626740173992,59.296756169112136,13.707179780947937,8.235210894735186,,-4181864.0,1.0,4181864.0,4181864.0,59.29675616911213,84.28626740173992,59.296756169112136,13.707179780947937,8.235210894735186,,-4181864.0,1.0,728545.0,728545.0,10.330406541969275,10.893054973785393,10.330406541969275,2.3880014494758117,1.4347003444647761,,-728545.0,-4.740021549801316,-4.740021549801316,0.0,6862955.457521509,36878406.307091326,0.0,6862955.457521509,36878406.307091326,2018-07-31,2018-04-01,3
run_20260811T161321Z_ebb0c846,one_step_201808,one_step_ex_ante,seasonal_naive,2008-01,2018-07,2018-08,2018-08,0.001617400092072785,,1.0,728545.0,728545.0,10.330406541969275,10.893054973785393,10.330406541969275,2.3880014494758117,1.4347003444647761,,-728545.0,1.0,728545.0,728545.0,10.330406541969275,10.893054973785393,10.330406541969275,2.3880014494758117,1.4347003444647761,,-728545.0,1.0,728545.0,728545.0,10.330406541969275,10.893054973785393,10.330406541969275,2.3880014494758117,1.4347003444647761,,-728545.0,0.0,0.0,1.0,1971347.25270259,1971347.25270259,1.0,1971347.25270259,1971347.25270259,2018-07-31,2018-04-01,3
run_20260811T161321Z_ebb0c846,one_step_201808,one_step_ex_ante,drift,2008-01,2018-07,2018-08,2018-08,0.001154900062829256,,1.0,4126649.918699187,4126649.918699187,58.513847897586366,82.71318009303351,58.513847897586366,13.526200834997013,8.126479572083076,,-4126649.918699187,1.0,4126649.918699187,4126649.918699187,58.513847897586366,82.71318009303351,58.513847897586366,13.526200834997013,8.126479572083076,,-4126649.918699187,1.0,728545.0,728545.0,10.330406541969275,10.893054973785393,10.330406541969275,2.3880014494758117,1.4347003444647761,,-728545.0,-4.664234767514961,-4.664234767514961,1.0,11736231.399390377,11736231.399390377,1.0,11736231.399390377,11736231.399390377,2018-07-31,2018-04-01,3
run_20260811T161321Z_ebb0c846,one_step_201808,one_step_ex_ante,same_month_historical_mean,2008-01,2018-07,2018-08,2018-08,0.0016705000307410955,,1.0,1382874.4000000004,1382874.4000000004,19.608472707220336,21.73990430869331,19.608472707220336,4.532741384050394,2.7232502838280697,,-1382874.4000000004,1.0,1382874.4000000004,1382874.4000000004,19.608472707220336,21.73990430869331,19.608472707220336,4.532741384050394,2.7232502838280697,,-1382874.4000000004,1.0,728545.0,728545.0,10.330406541969275,10.893054973785393,10.330406541969275,2.3880014494758117,1.4347003444647761,,-728545.0,-0.8981317557597683,-0.8981317557597683,0.0,1629578.8709627464,24352977.451707833,0.0,1629578.8709627464,24352977.451707833,2018-07-31,2018-04-01,3
run_20260811T161321Z_ebb0c846,one_step_201808,one_step_ex_ante,seasonal_moving_average_3,2008-01,2018-07,2018-08,2018-08,0.02052769996225834,,1.0,1172955.333333333,1172955.333333333,16.63192451928764,18.140479988881243,16.63192451928764,3.8446753957138995,2.3098633863043863,,-1172955.333333333,1.0,1172955.333333333,1172955.333333333,16.63192451928764,18.140479988881243,16.63192451928764,3.8446753957138995,2.3098633863043863,,-1172955.333333333,1.0,728545.0,728545.0,10.330406541969275,10.893054973785393,10.330406541969275,2.3880014494758117,1.4347003444647761,,-728545.0,-0.6099970946658517,-0.6099970946658517,0.0,1753113.8697208948,13609049.808636319,0.0,1753113.8697208948,13609049.808636319,2018-07-31,2018-04-01,3
run_20260811T161321Z_ebb0c846,one_step_201809,one_step_ex_ante,naive_last,2008-01,2018-08,2018-09,2018-09,0.001062300056219101,,1.0,2230833.0,2230833.0,37.04867524048151,45.47207614931327,37.04867524048151,7.2303259651070775,4.376207361448223,,-2230833.0,1.0,2230833.0,2230833.0,37.04867524048151,45.47207614931327,37.04867524048151,7.2303259651070775,4.376207361448223,,-2230833.0,1.0,714469.0,714469.0,11.865581130632181,12.613939758541592,11.865581130632181,2.3156568698616566,1.4015681574221606,,-714469.0,-2.1223650011407074,-2.1223650011407074,1.0,6864709.103378462,6864709.103378462,1.0,6864709.103378462,6864709.103378462,2018-08-31,2018-05-01,3
run_20260811T161321Z_ebb0c846,one_step_201809,one_step_ex_ante,seasonal_naive,2008-01,2018-08,2018-09,2018-09,0.0014157999539747834,,1.0,714469.0,714469.0,11.865581130632181,12.613939758541592,11.865581130632181,2.3156568698616566,1.4015681574221606,,-714469.0,1.0,714469.0,714469.0,11.865581130632181,12.613939758541592,11.865581130632181,2.3156568698616566,1.4015681574221606,,-714469.0,1.0,714469.0,714469.0,11.865581130632181,12.613939758541592,11.865581130632181,2.3156568698616566,1.4015681574221606,,-714469.0,0.0,0.0,1.0,1975389.9369096141,1975389.9369096141,1.0,1975389.9369096141,1975389.9369096141,2018-08-31,2018-05-01,3
run_20260811T161321Z_ebb0c846,one_step_201809,one_step_ex_ante,drift,2008-01,2018-08,2018-09,2018-09,0.001115799997933209,,1.0,2146388.2258064514,2146388.2258064514,35.64625425475439,43.37747715224867,35.64625425475439,6.956633024636313,4.210552719230881,,-2146388.2258064514,1.0,2146388.2258064514,2146388.2258064514,35.64625425475439,43.37747715224867,35.64625425475439,6.956633024636313,4.210552719230881,,-2146388.2258064514,1.0,714469.0,714469.0,11.865581130632181,12.613939758541592,11.865581130632181,2.3156568698616566,1.4015681574221606,,-714469.0,-2.004172645428215,-2.004172645428215,1.0,12293013.820011808,12293013.820011808,1.0,12293013.820011808,12293013.820011808,2018-08-31,2018-05-01,3
run_20260811T161321Z_ebb0c846,one_step_201809,one_step_ex_ante,same_month_historical_mean,2008-01,2018-08,2018-09,2018-09,0.0021158000454306602,,1.0,1243478.7000000002,1243478.7000000002,20.65113727686301,23.029013915457515,20.651137276863007,4.030223836417874,2.439322280396636,,-1243478.7000000002,1.0,1243478.7000000002,1243478.7000000002,20.65113727686301,23.029013915457515,20.651137276863007,4.030223836417874,2.439322280396636,,-1243478.7000000002,1.0,714469.0,714469.0,11.865581130632181,12.613939758541592,11.865581130632181,2.3156568698616566,1.4015681574221606,,-714469.0,-0.7404235873074971,-0.7404235873074971,0.0,1634890.0368736256,18676237.29940112,0.0,1634890.0368736256,18676237.29940112,2018-08-31,2018-05-01,3
run_20260811T161321Z_ebb0c846,one_step_201809,one_step_ex_ante,seasonal_moving_average_3,2008-01,2018-08,2018-09,2018-09,0.020182100008241832,,1.0,1108977.0,1108977.0,18.417393288589267,20.285415681756383,18.417393288589267,3.5942919966696527,2.1754713647667785,,-1108977.0,1.0,1108977.0,1108977.0,18.417393288589267,20.285415681756383,18.417393288589267,3.5942919966696527,2.1754713647667785,,-1108977.0,1.0,714469.0,714469.0,11.865581130632181,12.613939758541592,11.865581130632181,2.3156568698616566,1.4015681574221606,,-714469.0,-0.5521695133028865,-0.5521695133028865,0.0,1753823.9814196397,11036424.353026846,0.0,1753823.9814196397,11036424.353026846,2018-08-31,2018-05-01,3
run_20260811T161321Z_ebb0c846,one_step_201810,one_step_ex_ante,naive_last,2008-01,2018-09,2018-10,2018-10,0.001063800067640841,,1.0,384545.0,384545.0,8.02566828044769,8.361188924123534,8.02566828044769,1.2251393557649597,0.7470608301441486,,-384545.0,1.0,384545.0,384545.0,8.02566828044769,8.361188924123534,8.02566828044769,1.2251393557649597,0.7470608301441486,,-384545.0,1.0,877680.0,877680.0,18.31767032826673,20.164504012430275,18.31767032826673,2.79624051741094,1.705080938254083,,-877680.0,0.5618619542430043,0.5618619542430043,1.0,6849702.540680783,6849702.540680783,1.0,6849702.540680783,6849702.540680783,2018-09-30,2018-06-01,3
run_20260811T161321Z_ebb0c846,one_step_201810,one_step_ex_ante,seasonal_naive,2008-01,2018-09,2018-10,2018-10,0.0015405999729409814,,1.0,877680.0,877680.0,18.31767032826673,20.164504012430275,18.31767032826673,2.79624051741094,1.705080938254083,,-877680.0,1.0,877680.0,877680.0,18.31767032826673,20.164504012430275,18.31767032826673,2.79624051741094,1.705080938254083,,-877680.0,1.0,877680.0,877680.0,18.31767032826673,20.164504012430275,18.31767032826673,2.79624051741094,1.705080938254083,,-877680.0,0.0,0.0,1.0,1989929.9041677266,1989929.9041677266,1.0,1989929.9041677266,1989929.9041677266,2018-09-30,2018-06-01,3
run_20260811T161321Z_ebb0c846,one_step_201810,one_step_ex_ante,drift,2008-01,2018-09,2018-10,2018-10,0.0011309999972581863,,1.0,281051.94400000013,281051.94400000013,5.865710572544076,6.042941295783787,5.865710572544075,0.8954161349351824,0.5460034549877566,,-281051.94400000013,1.0,281051.94400000013,281051.94400000013,5.865710572544076,6.042941295783787,5.865710572544075,0.8954161349351824,0.5460034549877566,,-281051.94400000013,1.0,877680.0,877680.0,18.31767032826673,20.164504012430275,18.31767032826673,2.79624051741094,1.705080938254083,,-877680.0,0.6797785707775041,0.6797785707775041,1.0,12802212.926743347,12802212.926743347,1.0,12802212.926743347,12802212.926743347,2018-09-30,2018-06-01,3
run_20260811T161321Z_ebb0c846,one_step_201810,one_step_ex_ante,same_month_historical_mean,2008-01,2018-09,2018-10,2018-10,0.0017966999439522624,,1.0,1016991.1000000001,1016991.1000000001,21.225170559408145,23.74514424186479,21.22517055940815,3.240078069075655,1.9757225173002142,,-1016991.1000000001,1.0,1016991.1000000001,1016991.1000000001,21.225170559408145,23.74514424186479,21.22517055940815,3.240078069075655,1.9757225173002142,,-1016991.1000000001,1.0,877680.0,877680.0,18.31767032826673,20.164504012430275,18.31767032826673,2.79624051741094,1.705080938254083,,-877680.0,-0.15872652903108198,-0.15872652903108198,0.0,1646033.959232905,9404998.774574809,0.0,1646033.959232905,9404998.774574809,2018-09-30,2018-06-01,3
run_20260811T161321Z_ebb0c846,one_step_201810,one_step_ex_ante,seasonal_moving_average_3,2008-01,2018-09,2018-10,2018-10,0.0202802000567317,,1.0,1036139.3333333335,1036139.3333333335,21.624804851597474,24.246426005147544,21.624804851597474,3.301083294081928,2.012922052048537,,-1036139.3333333335,1.0,1036139.3333333335,1036139.3333333335,21.624804851597474,24.246426005147544,21.624804851597474,3.301083294081928,2.012922052048537,,-1036139.3333333335,1.0,877680.0,877680.0,18.31767032826673,20.164504012430275,18.31767032826673,2.79624051741094,1.705080938254083,,-877680.0,-0.18054340230304144,-0.18054340230304144,0.0,1769150.2989317859,7831717.653629408,0.0,1769150.2989317859,7831717.653629408,2018-09-30,2018-06-01,3
run_20260811T161321Z_ebb0c846,one_step_201811,one_step_ex_ante,naive_last,2008-01,2018-10,2018-11,2018-11,0.0011738999746739864,,1.0,3033555.0,3033555.0,113.21685290100096,72.29295093951131,113.21685290100096,9.567567712106458,5.874264241168891,,3033555.0,1.0,3033555.0,3033555.0,113.21685290100096,72.29295093951131,113.21685290100096,9.567567712106458,5.874264241168891,,3033555.0,1.0,385573.0,385573.0,14.390166528577081,15.505823435580675,14.39016652857708,1.2160635905595987,0.7466347853459762,,-385573.0,-6.867654114785008,-6.867654114785008,1.0,6880592.670000788,6880592.670000788,1.0,6880592.670000788,6880592.670000788,2018-10-31,2018-07-01,3
run_20260811T161321Z_ebb0c846,one_step_201811,one_step_ex_ante,seasonal_naive,2008-01,2018-10,2018-11,2018-11,0.001458300044760108,,1.0,385573.0,385573.0,14.390166528577081,15.505823435580675,14.39016652857708,1.2160635905595987,0.7466347853459762,,-385573.0,1.0,385573.0,385573.0,14.390166528577081,15.505823435580675,14.39016652857708,1.2160635905595987,0.7466347853459762,,-385573.0,1.0,385573.0,385573.0,14.390166528577081,15.505823435580675,14.39016652857708,1.2160635905595987,0.7466347853459762,,-385573.0,0.0,0.0,1.0,1992608.399313897,1992608.399313897,1.0,1992608.399313897,1992608.399313897,2018-10-31,2018-07-01,3
run_20260811T161321Z_ebb0c846,one_step_201811,one_step_ex_ante,drift,2008-01,2018-10,2018-11,2018-11,0.0011006999993696809,,1.0,3177689.571428572,3177689.571428572,118.59617273247835,74.44921369602406,118.59617273247837,10.0221555708393,6.153370622579171,,3177689.571428572,1.0,3177689.571428572,3177689.571428572,118.59617273247835,74.44921369602406,118.59617273247837,10.0221555708393,6.153370622579171,,3177689.571428572,1.0,385573.0,385573.0,14.390166528577081,15.505823435580675,14.39016652857708,1.2160635905595987,0.7466347853459762,,-385573.0,-7.2414732655776515,-7.2414732655776515,1.0,14304199.528810553,14304199.528810553,1.0,14304199.528810553,14304199.528810553,2018-10-31,2018-07-01,3
run_20260811T161321Z_ebb0c846,one_step_201811,one_step_ex_ante,same_month_historical_mean,2008-01,2018-10,2018-11,2018-11,0.002213600091636181,,1.0,590893.8999999999,590893.8999999999,22.053052526293,24.786098148215224,22.053052526293,1.8636277894815363,1.1442241551891514,,-590893.8999999999,1.0,590893.8999999999,590893.8999999999,22.053052526293,24.786098148215224,22.053052526293,1.8636277894815363,1.1442241551891514,,-590893.8999999999,1.0,385573.0,385573.0,14.390166528577081,15.505823435580675,14.39016652857708,1.2160635905595987,0.7466347853459762,,-385573.0,-0.5325085003358636,-0.5325085003358636,1.0,1678954.495564693,1678954.495564693,1.0,1678954.495564693,1678954.495564693,2018-10-31,2018-07-01,3
run_20260811T161321Z_ebb0c846,one_step_201811,one_step_ex_ante,seasonal_moving_average_3,2008-01,2018-10,2018-11,2018-11,0.021689899964258075,,1.0,542596.6666666665,542596.6666666665,20.25052685531445,22.531945714259997,20.25052685531445,1.7113025307589904,1.050699986114455,,-542596.6666666665,1.0,542596.6666666665,542596.6666666665,20.25052685531445,22.531945714259997,20.25052685531445,1.7113025307589904,1.050699986114455,,-542596.6666666665,1.0,385573.0,385573.0,14.390166528577081,15.505823435580675,14.39016652857708,1.2160635905595987,0.7466347853459762,,-385573.0,-0.4072475683376857,-0.4072475683376857,1.0,1798950.7190971384,1798950.7190971384,1.0,1798950.7190971384,1798950.7190971384,2018-10-31,2018-07-01,3
run_20260811T161321Z_ebb0c846,one_step_201812,one_step_ex_ante,naive_last,2008-01,2018-11,2018-12,2018-12,0.0010674999793991446,,1.0,4871552.0,4871552.0,223.37541571502527,105.52120289638151,223.37541571502527,15.194459548081145,9.393404770537598,,4871552.0,1.0,4871552.0,4871552.0,223.37541571502527,105.52120289638151,223.37541571502527,15.194459548081145,9.393404770537598,,4871552.0,1.0,139558.0,139558.0,6.39915703791266,6.610670635525901,6.39915703791266,0.4352839476230796,0.26909797595646856,,-139558.0,-33.90700640593875,-33.90700640593875,0.0,6912961.267546058,63515815.91662489,0.0,6912961.267546058,63515815.91662489,2018-11-30,2018-08-01,3
run_20260811T161321Z_ebb0c846,one_step_201812,one_step_ex_ante,seasonal_naive,2008-01,2018-11,2018-12,2018-12,0.0019461000338196754,,1.0,139558.0,139558.0,6.39915703791266,6.610670635525901,6.39915703791266,0.4352839476230796,0.26909797595646856,,-139558.0,1.0,139558.0,139558.0,6.39915703791266,6.610670635525901,6.39915703791266,0.4352839476230796,0.26909797595646856,,-139558.0,1.0,139558.0,139558.0,6.39915703791266,6.610670635525901,6.39915703791266,0.4352839476230796,0.26909797595646856,,-139558.0,0.0,0.0,1.0,1996961.9548003664,1996961.9548003664,1.0,1996961.9548003664,1996961.9548003664,2018-11-30,2018-08-01,3
run_20260811T161321Z_ebb0c846,one_step_201812,one_step_ex_ante,drift,2008-01,2018-11,2018-12,2018-12,0.0012104000197723508,,1.0,5056739.307086614,5056739.307086614,231.86681469950054,107.3788523718068,231.8668146995005,15.772062136813778,9.75048590891617,,5056739.307086614,1.0,5056739.307086614,5056739.307086614,231.86681469950054,107.3788523718068,231.8668146995005,15.772062136813778,9.75048590891617,,5056739.307086614,1.0,139558.0,139558.0,6.39915703791266,6.610670635525901,6.39915703791266,0.4352839476230796,0.26909797595646856,,-139558.0,-35.23396227437061,-35.23396227437061,1.0,16199133.698611923,16199133.698611923,1.0,16199133.698611923,16199133.698611923,2018-11-30,2018-08-01,3
run_20260811T161321Z_ebb0c846,one_step_201812,one_step_ex_ante,same_month_historical_mean,2008-01,2018-11,2018-12,2018-12,0.0016616999637335539,,1.0,596161.0,596161.0,27.33578769313869,31.663524627277294,27.33578769313869,1.8594370333404229,1.1495272105087795,,-596161.0,1.0,596161.0,596161.0,27.33578769313869,31.663524627277294,27.33578769313869,1.8594370333404229,1.1495272105087795,,-596161.0,1.0,139558.0,139558.0,6.39915703791266,6.610670635525901,6.39915703791266,0.4352839476230796,0.26909797595646856,,-139558.0,-3.271779475200275,-3.271779475200275,1.0,1734080.1195663419,1734080.1195663419,1.0,1734080.1195663419,1734080.1195663419,2018-11-30,2018-08-01,3
run_20260811T161321Z_ebb0c846,one_step_201812,one_step_ex_ante,seasonal_moving_average_3,2008-01,2018-11,2018-12,2018-12,0.020690300036221743,,1.0,386014.0,386014.0,17.699911182682595,19.418433965130586,17.699911182682595,1.2039847071309093,0.7443183915709615,,-386014.0,1.0,386014.0,386014.0,17.699911182682595,19.418433965130586,17.699911182682595,1.2039847071309093,0.7443183915709615,,-386014.0,1.0,139558.0,139558.0,6.39915703791266,6.610670635525901,6.39915703791266,0.4352839476230796,0.26909797595646856,,-139558.0,-1.7659754367359808,-1.7659754367359808,1.0,1830564.1664239392,1830564.1664239392,1.0,1830564.1664239392,1830564.1664239392,2018-11-30,2018-08-01,3
run_20260811T161321Z_ebb0c846,one_step_201901,one_step_ex_ante,naive_last,2008-01,2018-12,2019-01,2019-01,0.0010927000548690557,,1.0,3795069.0,3795069.0,170.4662200038809,92.02794252177439,170.4662200038809,11.7138993151392,7.289793528264389,,3795069.0,1.0,3795069.0,3795069.0,170.4662200038809,92.02794252177439,170.4662200038809,11.7138993151392,7.289793528264389,,3795069.0,1.0,180947.0,180947.0,8.127744478701768,8.472037248553187,8.127744478701768,0.558512885899174,0.347573725157265,,-180947.0,-19.97337341873587,-19.97337341873587,0.0,6926045.408935151,20207897.23023215,0.0,6926045.408935151,20207897.23023215,2018-12-31,2018-09-01,3
run_20260811T161321Z_ebb0c846,one_step_201901,one_step_ex_ante,seasonal_naive,2008-01,2018-12,2019-01,2019-01,0.0014970999909564853,,1.0,180947.0,180947.0,8.127744478701768,8.472037248553187,8.127744478701768,0.558512885899174,0.347573725157265,,-180947.0,1.0,180947.0,180947.0,8.127744478701768,8.472037248553187,8.127744478701768,0.558512885899174,0.347573725157265,,-180947.0,1.0,180947.0,180947.0,8.127744478701768,8.472037248553187,8.127744478701768,0.558512885899174,0.347573725157265,,-180947.0,0.0,0.0,1.0,2000444.6444124633,2000444.6444124633,1.0,2000444.6444124633,2000444.6444124633,2018-12-31,2018-09-01,3
run_20260811T161321Z_ebb0c846,one_step_201901,one_step_ex_ante,drift,2008-01,2018-12,2019-01,2019-01,0.001114599988795817,,1.0,3946588.40625,3946588.40625,177.27214117176214,93.97573890358089,177.27214117176214,12.181580685122768,7.5808409867131585,,3946588.40625,1.0,3946588.40625,3946588.40625,177.27214117176214,93.97573890358089,177.27214117176214,12.181580685122768,7.5808409867131585,,3946588.40625,1.0,180947.0,180947.0,8.127744478701768,8.472037248553187,8.127744478701768,0.558512885899174,0.347573725157265,,-180947.0,-20.810742406616303,-20.810742406616303,1.0,14560459.937592842,14560459.937592842,1.0,14560459.937592842,14560459.937592842,2018-12-31,2018-09-01,3
run_20260811T161321Z_ebb0c846,one_step_201901,one_step_ex_ante,same_month_historical_mean,2008-01,2018-12,2019-01,2019-01,0.0022945000091567636,,1.0,746969.9090909092,746969.9090909092,33.55225869657965,40.315667168371704,33.55225869657965,2.305605064500696,1.4348240859650112,,-746969.9090909092,1.0,746969.9090909092,746969.9090909092,33.55225869657965,40.315667168371704,33.55225869657965,2.305605064500696,1.4348240859650112,,-746969.9090909092,1.0,180947.0,180947.0,8.127744478701768,8.472037248553187,8.127744478701768,0.558512885899174,0.347573725157265,,-180947.0,-3.1281143599557284,-3.1281143599557284,1.0,1775467.8649467854,1775467.8649467854,1.0,1775467.8649467854,1775467.8649467854,2018-12-31,2018-09-01,3
run_20260811T161321Z_ebb0c846,one_step_201901,one_step_ex_ante,seasonal_moving_average_3,2008-01,2018-12,2019-01,2019-01,0.02037070004735142,,1.0,457964.0,457964.0,20.570743767203524,22.929085478139054,20.570743767203524,1.4135564296613337,0.8796844018852024,,-457964.0,1.0,457964.0,457964.0,20.570743767203524,22.929085478139054,20.570743767203524,1.4135564296613337,0.8796844018852024,,-457964.0,1.0,180947.0,180947.0,8.127744478701768,8.472037248553187,8.127744478701768,0.558512885899174,0.347573725157265,,-180947.0,-1.5309289460449746,-1.5309289460449746,1.0,1855947.6946498828,1855947.6946498828,1.0,1855947.6946498828,1855947.6946498828,2018-12-31,2018-09-01,3
run_20260811T161321Z_ebb0c846,one_step_201902,one_step_ex_ante,naive_last,2008-01,2019-01,2019-02,2019-02,0.0011236000573262572,,1.0,2846482.0,2846482.0,146.35192448984733,84.5105305566953,146.35192448984733,8.660545601811128,5.425502965394377,,2846482.0,1.0,2846482.0,2846482.0,146.35192448984733,84.5105305566953,146.35192448984733,8.660545601811128,5.425502965394377,,2846482.0,1.0,138135.0,138135.0,7.102213570788455,7.363706657561653,7.102213570788455,0.4202817606807913,0.26329056432633413,,-138135.0,-19.606522604698302,-19.606522604698302,1.0,6954218.731201675,6954218.731201675,1.0,6954218.731201675,6954218.731201675,2019-01-31,2018-10-01,3
run_20260811T161321Z_ebb0c846,one_step_201902,one_step_ex_ante,seasonal_naive,2008-01,2019-01,2019-02,2019-02,0.0014352999860420823,,1.0,138135.0,138135.0,7.102213570788455,7.363706657561653,7.102213570788455,0.4202817606807913,0.26329056432633413,,-138135.0,1.0,138135.0,138135.0,7.102213570788455,7.363706657561653,7.102213570788455,0.4202817606807913,0.26329056432633413,,-138135.0,1.0,138135.0,138135.0,7.102213570788455,7.363706657561653,7.102213570788455,0.4202817606807913,0.26329056432633413,,-138135.0,0.0,0.0,1.0,2010889.5614465233,2010889.5614465233,1.0,2010889.5614465233,2010889.5614465233,2019-01-31,2018-10-01,3
run_20260811T161321Z_ebb0c846,one_step_201902,one_step_ex_ante,drift,2008-01,2019-01,2019-02,2019-02,0.0011168000055477023,,1.0,2958689.84496124,2958689.84496124,152.1210929064879,86.40271541295391,152.1210929064879,9.001942862769663,5.639375386009621,,2958689.84496124,1.0,2958689.84496124,2958689.84496124,152.1210929064879,86.40271541295391,152.1210929064879,9.001942862769663,5.639375386009621,,2958689.84496124,1.0,138135.0,138135.0,7.102213570788455,7.363706657561653,7.102213570788455,0.4202817606807913,0.26329056432633413,,-138135.0,-20.41882828364455,-20.41882828364455,1.0,13024147.436448649,13024147.436448649,1.0,13024147.436448649,13024147.436448649,2019-01-31,2018-10-01,3
run_20260811T161321Z_ebb0c846,one_step_201902,one_step_ex_ante,same_month_historical_mean,2008-01,2019-01,2019-02,2019-02,0.001964599941857159,,1.0,584170.6363636365,584170.6363636365,30.035144034733747,35.34276996754163,30.035144034733747,1.7773646330685737,1.1134514533684843,,-584170.6363636365,1.0,584170.6363636365,584170.6363636365,30.035144034733747,35.34276996754163,30.035144034733747,1.7773646330685737,1.1134514533684843,,-584170.6363636365,1.0,138135.0,138135.0,7.102213570788455,7.363706657561653,7.102213570788455,0.4202817606807913,0.26329056432633413,,-138135.0,-3.2289835042794115,-3.2289835042794115,1.0,1799957.5687666223,1799957.5687666223,1.0,1799957.5687666223,1799957.5687666223,2019-01-31,2018-10-01,3
run_20260811T161321Z_ebb0c846,one_step_201902,one_step_ex_ante,seasonal_moving_average_3,2008-01,2019-01,2019-02,2019-02,0.019856100087054074,,1.0,359401.0,359401.0,18.47860903865741,20.359704099659172,18.47860903865741,1.093493213670953,0.6850319767578732,,-359401.0,1.0,359401.0,359401.0,18.47860903865741,20.359704099659172,18.47860903865741,1.093493213670953,0.6850319767578732,,-359401.0,1.0,138135.0,138135.0,7.102213570788455,7.363706657561653,7.102213570788455,0.4202817606807913,0.26329056432633413,,-138135.0,-1.6018098237231695,-1.6018098237231695,1.0,1875364.055698536,1875364.055698536,1.0,1875364.055698536,1875364.055698536,2019-01-31,2018-10-01,3
run_20260811T161321Z_ebb0c846,one_step_201903,one_step_ex_ante,naive_last,2008-01,2019-02,2019-03,2019-03,0.0011178000131621957,,1.0,206273.0,206273.0,8.340507054372424,8.006611073664835,8.340507054372425,0.626682890757854,0.39392612082115336,,206273.0,1.0,206273.0,206273.0,8.340507054372424,8.006611073664835,8.340507054372425,0.626682890757854,0.39392612082115336,,206273.0,1.0,203128.0,203128.0,8.213341139851371,8.56508079202794,8.213341139851371,0.6171279917093433,0.3879200141082897,,-203128.0,-0.015482848253318027,-0.015482848253318027,1.0,7081780.900939535,7081780.900939535,1.0,7081780.900939535,7081780.900939535,2019-02-28,2018-11-01,3
run_20260811T161321Z_ebb0c846,one_step_201903,one_step_ex_ante,seasonal_naive,2008-01,2019-02,2019-03,2019-03,0.0013701000716537237,,1.0,203128.0,203128.0,8.213341139851371,8.56508079202794,8.213341139851371,0.6171279917093433,0.3879200141082897,,-203128.0,1.0,203128.0,203128.0,8.213341139851371,8.56508079202794,8.213341139851371,0.6171279917093433,0.3879200141082897,,-203128.0,1.0,203128.0,203128.0,8.213341139851371,8.56508079202794,8.213341139851371,0.6171279917093433,0.3879200141082897,,-203128.0,0.0,0.0,1.0,2004628.7952740556,2004628.7952740556,1.0,2004628.7952740556,2004628.7952740556,2019-02-28,2018-11-01,3
run_20260811T161321Z_ebb0c846,one_step_201903,one_step_ex_ante,drift,2008-01,2019-02,2019-03,2019-03,0.0012132000410929322,,1.0,252632.5076923077,252632.5076923077,10.215021900934627,9.718641235590225,10.215021900934627,0.7675288099752328,0.48246034986911013,,252632.5076923077,1.0,252632.5076923077,252632.5076923077,10.215021900934627,9.718641235590225,10.215021900934627,0.7675288099752328,0.48246034986911013,,252632.5076923077,1.0,203128.0,203128.0,8.213341139851371,8.56508079202794,8.213341139851371,0.6171279917093433,0.3879200141082897,,-203128.0,-0.24371089998576112,-0.24371089998576112,1.0,11759197.941527428,11759197.941527428,1.0,11759197.941527428,11759197.941527428,2019-02-28,2018-11-01,3
run_20260811T161321Z_ebb0c846,one_step_201903,one_step_ex_ante,same_month_historical_mean,2008-01,2019-02,2019-03,2019-03,0.0020741999614983797,,1.0,677733.1818181819,677733.1818181819,27.403675633441193,31.754645684390667,27.403675633441193,2.059037244546482,1.2942886527340651,,-677733.1818181819,1.0,677733.1818181819,677733.1818181819,27.403675633441193,31.754645684390667,27.403675633441193,2.059037244546482,1.2942886527340651,,-677733.1818181819,1.0,203128.0,203128.0,8.213341139851371,8.56508079202794,8.213341139851371,0.6171279917093433,0.3879200141082897,,-203128.0,-2.336483310120623,-2.336483310120623,1.0,1803453.160374618,1803453.160374618,1.0,1803453.160374618,1803453.160374618,2019-02-28,2018-11-01,3
run_20260811T161321Z_ebb0c846,one_step_201903,one_step_ex_ante,seasonal_moving_average_3,2008-01,2019-02,2019-03,2019-03,0.021167000057175756,,1.0,468861.33333333326,468861.33333333326,18.958085925880397,20.943311412537152,18.958085925880397,1.4244587306041754,0.8953994281512059,,-468861.33333333326,1.0,468861.33333333326,468861.33333333326,18.958085925880397,20.943311412537152,18.958085925880397,1.4244587306041754,0.8953994281512059,,-468861.33333333326,1.0,203128.0,203128.0,8.213341139851371,8.56508079202794,8.213341139851371,0.6171279917093433,0.3879200141082897,,-203128.0,-1.3082063198246092,-1.3082063198246092,1.0,1872479.0904880003,1872479.0904880003,1.0,1872479.0904880003,1872479.0904880003,2019-02-28,2018-11-01,3
run_20260811T161321Z_ebb0c846,one_step_201904,one_step_ex_ante,naive_last,2008-01,2019-03,2019-04,2019-04,0.0012400000123307109,,1.0,1085375.0,1085375.0,33.229942784643946,39.85120991082104,33.229942784643946,3.313408026310869,2.0808451978573674,,-1085375.0,1.0,1085375.0,1085375.0,33.229942784643946,39.85120991082104,33.229942784643946,3.313408026310869,2.0808451978573674,,-1085375.0,1.0,395687.0,395687.0,12.11439029886206,12.895495634957816,12.11439029886206,1.207944242042491,0.7585980825102736,,-395687.0,-1.7430140489831611,-1.7430140489831611,1.0,7063139.241483284,7063139.241483284,1.0,7063139.241483284,7063139.241483284,2019-03-31,2018-12-01,3
run_20260811T161321Z_ebb0c846,one_step_201904,one_step_ex_ante,seasonal_naive,2008-01,2019-03,2019-04,2019-04,0.0018212000140920281,,1.0,395687.0,395687.0,12.11439029886206,12.895495634957816,12.11439029886206,1.207944242042491,0.7585980825102736,,-395687.0,1.0,395687.0,395687.0,12.11439029886206,12.895495634957816,12.11439029886206,1.207944242042491,0.7585980825102736,,-395687.0,1.0,395687.0,395687.0,12.11439029886206,12.895495634957816,12.11439029886206,1.207944242042491,0.7585980825102736,,-395687.0,0.0,0.0,1.0,1996198.1871966356,1996198.1871966356,1.0,1996198.1871966356,1996198.1871966356,2019-03-31,2018-12-01,3
run_20260811T161321Z_ebb0c846,one_step_201904,one_step_ex_ante,drift,2008-01,2019-03,2019-04,2019-04,0.0016662999987602234,,1.0,1054591.9465648853,1054591.9465648853,32.287485933891446,38.50337121672916,32.287485933891446,3.2194342234074806,2.0218289418022297,,-1054591.9465648853,1.0,1054591.9465648853,1054591.9465648853,32.287485933891446,38.50337121672916,32.287485933891446,3.2194342234074806,2.0218289418022297,,-1054591.9465648853,1.0,395687.0,395687.0,12.11439029886206,12.895495634957816,12.11439029886206,1.207944242042491,0.7585980825102736,,-395687.0,-1.6652175749137204,-1.6652175749137204,1.0,11726512.820779739,11726512.820779739,1.0,11726512.820779739,11726512.820779739,2019-03-31,2018-12-01,3
run_20260811T161321Z_ebb0c846,one_step_201904,one_step_ex_ante,same_month_historical_mean,2008-01,2019-03,2019-04,2019-04,0.0017376999603584409,,1.0,1020207.3636363638,1020207.3636363638,31.234764318423412,37.0156379568084,31.23476431842341,3.114465753471546,1.9559079520363494,,-1020207.3636363638,1.0,1020207.3636363638,1020207.3636363638,31.234764318423412,37.0156379568084,31.23476431842341,3.114465753471546,1.9559079520363494,,-1020207.3636363638,1.0,395687.0,395687.0,12.11439029886206,12.895495634957816,12.11439029886206,1.207944242042491,0.7585980825102736,,-395687.0,-1.578319135165835,-1.578319135165835,0.0,1807073.2564375782,6473902.673140564,0.0,1807073.2564375782,6473902.673140564,2019-03-31,2018-12-01,3
run_20260811T161321Z_ebb0c846,one_step_201904,one_step_ex_ante,seasonal_moving_average_3,2008-01,2019-03,2019-04,2019-04,0.021279599983245134,,1.0,866807.6666666665,866807.6666666665,26.538264810433304,30.598408094362842,26.538264810433308,2.64617065991121,1.661815105976536,,-866807.6666666665,1.0,866807.6666666665,866807.6666666665,26.538264810433304,30.598408094362842,26.538264810433308,2.64617065991121,1.661815105976536,,-866807.6666666665,1.0,395687.0,395687.0,12.11439029886206,12.895495634957816,12.11439029886206,1.207944242042491,0.7585980825102736,,-395687.0,-1.1906397396595452,-1.1906397396595452,1.0,1866312.6334689986,1866312.6334689986,1.0,1866312.6334689986,1866312.6334689986,2019-03-31,2018-12-01,3
run_20260811T161321Z_ebb0c846,one_step_201905,one_step_ex_ante,naive_last,2008-01,2019-04,2019-05,2019-05,0.0011368999257683754,,1.0,1993549.0,1993549.0,47.24232239302134,61.852632395431364,47.24232239302134,6.108457590042415,3.8359353204617244,,-1993549.0,1.0,1993549.0,1993549.0,47.24232239302134,61.852632395431364,47.24232239302134,6.108457590042415,3.8359353204617244,,-1993549.0,1.0,429313.0,429313.0,10.173686803542411,10.718942629427064,10.173686803542411,1.3154631530771903,0.8260729484117945,,-429313.0,-3.6435793931234324,-3.6435793931234324,1.0,7036176.106227543,7036176.106227543,1.0,7036176.106227543,7036176.106227543,2019-04-30,2019-01-01,3
run_20260811T161321Z_ebb0c846,one_step_201905,one_step_ex_ante,seasonal_naive,2008-01,2019-04,2019-05,2019-05,0.0014140999410301447,,1.0,429313.0,429313.0,10.173686803542411,10.718942629427064,10.173686803542411,1.3154631530771903,0.8260729484117945,,-429313.0,1.0,429313.0,429313.0,10.173686803542411,10.718942629427064,10.173686803542411,1.3154631530771903,0.8260729484117945,,-429313.0,1.0,429313.0,429313.0,10.173686803542411,10.718942629427064,10.173686803542411,1.3154631530771903,0.8260729484117945,,-429313.0,0.0,0.0,1.0,1987974.0067513771,1987974.0067513771,1.0,1987974.0067513771,1987974.0067513771,2019-04-30,2019-01-01,3
run_20260811T161321Z_ebb0c846,one_step_201905,one_step_ex_ante,drift,2008-01,2019-04,2019-05,2019-05,0.0011322000063955784,,1.0,1961623.1818181816,1961623.1818181816,46.48575719436987,60.56214243681239,46.48575719436987,6.010633304614246,3.7745044885141397,,-1961623.1818181816,1.0,1961623.1818181816,1961623.1818181816,46.48575719436987,60.56214243681239,46.48575719436987,6.010633304614246,3.7745044885141397,,-1961623.1818181816,1.0,429313.0,429313.0,10.173686803542411,10.718942629427064,10.173686803542411,1.3154631530771903,0.8260729484117945,,-429313.0,-3.569214493430624,-3.569214493430624,1.0,11719032.584450377,11719032.584450377,1.0,11719032.584450377,11719032.584450377,2019-04-30,2019-01-01,3
run_20260811T161321Z_ebb0c846,one_step_201905,one_step_ex_ante,same_month_historical_mean,2008-01,2019-04,2019-05,2019-05,0.0016935999738052487,,1.0,962516.3636363638,962516.3636363638,22.80932565964903,25.745514818501647,22.809325659649026,2.949258025257755,1.8520490420827924,,-962516.3636363638,1.0,962516.3636363638,962516.3636363638,22.80932565964903,25.745514818501647,22.809325659649026,2.949258025257755,1.8520490420827924,,-962516.3636363638,1.0,429313.0,429313.0,10.173686803542411,10.718942629427064,10.173686803542411,1.3154631530771903,0.8260729484117945,,-429313.0,-1.2419921214506986,-1.2419921214506986,0.0,1816676.5778870443,3983799.565600709,0.0,1816676.5778870443,3983799.565600709,2019-04-30,2019-01-01,3
run_20260811T161321Z_ebb0c846,one_step_201905,one_step_ex_ante,seasonal_moving_average_3,2008-01,2019-04,2019-05,2019-05,0.02148310001939535,,1.0,1008019.0,1008019.0,23.88762883495263,27.127712467815044,23.88762883495263,3.088683203401053,1.9396040357154538,,-1008019.0,1.0,1008019.0,1008019.0,23.88762883495263,27.127712467815044,23.88762883495263,3.088683203401053,1.9396040357154538,,-1008019.0,1.0,429313.0,429313.0,10.173686803542411,10.718942629427064,10.173686803542411,1.3154631530771903,0.8260729484117945,,-429313.0,-1.347981542604114,-1.347981542604114,0.0,1861466.7401913935,4952891.936363523,0.0,1861466.7401913935,4952891.936363523,2019-04-30,2019-01-01,3
run_20260811T161321Z_ebb0c846,one_step_201906,one_step_ex_ante,naive_last,2008-01,2019-05,2019-06,2019-06,0.0012597000459209085,,1.0,3331296.0,3331296.0,63.13753339728023,92.26420502935103,63.13753339728023,10.255947982857988,6.434548330557621,,-3331296.0,1.0,3331296.0,3331296.0,63.13753339728023,92.26420502935103,63.13753339728023,10.255947982857988,6.434548330557621,,-3331296.0,1.0,869359.0,869359.0,16.476825504766357,17.95612521425111,16.476825504766357,2.676466060785183,1.6792060813885175,,-869359.0,-2.8318991348798366,-2.8318991348798366,1.0,7012231.912845179,7012231.912845179,1.0,7012231.912845179,7012231.912845179,2019-05-31,2019-02-01,3
run_20260811T161321Z_ebb0c846,one_step_201906,one_step_ex_ante,seasonal_naive,2008-01,2019-05,2019-06,2019-06,0.00162540003657341,,1.0,869359.0,869359.0,16.476825504766357,17.95612521425111,16.476825504766357,2.676466060785183,1.6792060813885175,,-869359.0,1.0,869359.0,869359.0,16.476825504766357,17.95612521425111,16.476825504766357,2.676466060785183,1.6792060813885175,,-869359.0,1.0,869359.0,869359.0,16.476825504766357,17.95612521425111,16.476825504766357,2.676466060785183,1.6792060813885175,,-869359.0,0.0,0.0,1.0,1979749.9123098855,1979749.9123098855,1.0,1979749.9123098855,1979749.9123098855,2019-05-31,2019-02-01,3
run_20260811T161321Z_ebb0c846,one_step_201906,one_step_ex_ante,drift,2008-01,2019-05,2019-06,2019-06,0.0012318999506533146,,1.0,3308071.308270677,3308071.308270677,62.697359438045844,91.32724495528595,62.69735943804584,10.184446912315517,6.389688791989259,,-3308071.308270677,1.0,3308071.308270677,3308071.308270677,62.697359438045844,91.32724495528595,62.69735943804584,10.184446912315517,6.389688791989259,,-3308071.308270677,1.0,869359.0,869359.0,16.476825504766357,17.95612521425111,16.476825504766357,2.676466060785183,1.6792060813885175,,-869359.0,-2.805184403992685,-2.805184403992685,1.0,11734033.466494694,11734033.466494694,1.0,11734033.466494694,11734033.466494694,2019-05-31,2019-02-01,3
run_20260811T161321Z_ebb0c846,one_step_201906,one_step_ex_ante,same_month_historical_mean,2008-01,2019-05,2019-06,2019-06,0.0016426000511273742,,1.0,1523979.5454545454,1523979.5454545454,28.88374658028236,33.7592087286246,28.88374658028236,4.691824126442495,2.9436351618134524,,-1523979.5454545454,1.0,1523979.5454545454,1523979.5454545454,28.88374658028236,33.7592087286246,28.88374658028236,4.691824126442495,2.9436351618134524,,-1523979.5454545454,1.0,869359.0,869359.0,16.476825504766357,17.95612521425111,16.476825504766357,2.676466060785183,1.6792060813885175,,-869359.0,-0.7529921993728086,-0.7529921993728086,0.0,1819791.1979680965,26383149.056787983,0.0,1819791.1979680965,26383149.056787983,2019-05-31,2019-02-01,3
run_20260811T161321Z_ebb0c846,one_step_201906,one_step_ex_ante,seasonal_moving_average_3,2008-01,2019-05,2019-06,2019-06,0.02807640004903078,,1.0,1745381.3333333335,1745381.3333333335,33.07994012670229,39.63566769843234,33.07994012670229,5.373446299853867,3.371282691356888,,-1745381.3333333335,1.0,1745381.3333333335,1745381.3333333335,33.07994012670229,39.63566769843234,33.07994012670229,5.373446299853867,3.371282691356888,,-1745381.3333333335,1.0,869359.0,869359.0,16.476825504766357,17.95612521425111,16.476825504766357,2.676466060785183,1.6792060813885175,,-869359.0,-1.0076646510053195,-1.0076646510053195,0.0,1855021.2340613925,34569849.88616687,0.0,1855021.2340613925,34569849.88616687,2019-05-31,2019-02-01,3
run_20260811T161321Z_ebb0c846,one_step_201907,one_step_ex_ante,naive_last,2008-01,2019-06,2019-07,2019-07,0.00131720001809299,,1.0,4229898.0,4229898.0,63.10412655740787,92.19288349677078,63.10412655740787,13.062228764359533,8.19848405220147,,-4229898.0,1.0,4229898.0,4229898.0,63.10412655740787,92.19288349677078,63.10412655740787,13.062228764359533,8.19848405220147,,-4229898.0,1.0,990070.0,990070.0,14.770451339652352,15.94826683591038,14.770451339652352,3.057407254910034,1.9189760853720608,,-990070.0,-3.27232215903926,-3.27232215903926,0.0,6994773.329518527,36295226.73914799,0.0,6994773.329518527,36295226.73914799,2019-06-30,2019-03-01,3
run_20260811T161321Z_ebb0c846,one_step_201907,one_step_ex_ante,seasonal_naive,2008-01,2019-06,2019-07,2019-07,0.001397299929521978,,1.0,990070.0,990070.0,14.770451339652352,15.94826683591038,14.770451339652352,3.057407254910034,1.9189760853720608,,-990070.0,1.0,990070.0,990070.0,14.770451339652352,15.94826683591038,14.770451339652352,3.057407254910034,1.9189760853720608,,-990070.0,1.0,990070.0,990070.0,14.770451339652352,15.94826683591038,14.770451339652352,3.057407254910034,1.9189760853720608,,-990070.0,0.0,0.0,0.0,1971824.4786451645,2138134.905741874,0.0,1971824.4786451645,2138134.905741874,2019-06-30,2019-03-01,3
run_20260811T161321Z_ebb0c846,one_step_201907,one_step_ex_ante,drift,2008-01,2019-06,2019-07,2019-07,0.0017336000455543399,,1.0,4191079.76119403,4191079.76119403,62.52501305293385,90.96202071582476,62.52501305293385,12.942355255468037,8.1232456630523,,-4191079.76119403,1.0,4191079.76119403,4191079.76119403,62.52501305293385,90.96202071582476,62.52501305293385,12.942355255468037,8.1232456630523,,-4191079.76119403,1.0,990070.0,990070.0,14.770451339652352,15.94826683591038,14.770451339652352,3.057407254910034,1.9189760853720608,,-990070.0,-3.2331145890634296,-3.2331145890634296,1.0,11737871.729809554,11737871.729809554,1.0,11737871.729809554,11737871.729809554,2019-06-30,2019-03-01,3
run_20260811T161321Z_ebb0c846,one_step_201907,one_step_ex_ante,same_month_historical_mean,2008-01,2019-06,2019-07,2019-07,0.00226239999756217,,1.0,1978137.1818181816,1978137.1818181816,29.5110234500616,34.61927456807443,29.5110234500616,6.108629663456319,3.8340702632080306,,-1978137.1818181816,1.0,1978137.1818181816,1978137.1818181816,29.5110234500616,34.61927456807443,29.5110234500616,6.108629663456319,3.8340702632080306,,-1978137.1818181816,1.0,990070.0,990070.0,14.770451339652352,15.94826683591038,14.770451339652352,3.057407254910034,1.9189760853720608,,-990070.0,-0.9979770943652284,-0.9979770943652284,0.0,1826255.1091585248,44426640.198715284,0.0,1826255.1091585248,44426640.198715284,2019-06-30,2019-03-01,3
run_20260811T161321Z_ebb0c846,one_step_201907,one_step_ex_ante,seasonal_moving_average_3,2008-01,2019-06,2019-07,2019-07,0.027979500009678304,,1.0,1960376.0,1960376.0,29.246051607888653,34.25519805929102,29.246051607888653,6.053781858607485,3.7996451385632724,,-1960376.0,1.0,1960376.0,1960376.0,29.246051607888653,34.25519805929102,29.246051607888653,6.053781858607485,3.7996451385632724,,-1960376.0,1.0,990070.0,990070.0,14.770451339652352,15.94826683591038,14.770451339652352,3.057407254910034,1.9189760853720608,,-990070.0,-0.9800377751068106,-0.9800377751068106,0.0,1850457.507488254,43256347.35772316,0.0,1850457.507488254,43256347.35772316,2019-06-30,2019-03-01,3
run_20260811T161321Z_ebb0c846,one_step_201908,one_step_ex_ante,naive_last,2008-01,2019-07,2019-08,2019-08,0.0010773999383673072,,1.0,4900894.0,4900894.0,60.007395480675626,85.72937932930922,60.00739548067563,15.10727667750856,9.514836795830709,,-4900894.0,1.0,4900894.0,4900894.0,60.007395480675626,85.72937932930922,60.00739548067563,15.10727667750856,9.514836795830709,,-4900894.0,1.0,1114717.0,1114717.0,13.648788132947235,14.648456531299182,13.648788132947233,3.436176774303282,2.164166441579438,,-1114717.0,-3.3965365200315416,-3.3965365200315416,0.0,6988644.089045081,63251522.30814345,0.0,6988644.089045081,63251522.30814345,2019-07-31,2019-04-01,3
run_20260811T161321Z_ebb0c846,one_step_201908,one_step_ex_ante,seasonal_naive,2008-01,2019-07,2019-08,2019-08,0.001470100018195808,,1.0,1114717.0,1114717.0,13.648788132947235,14.648456531299182,13.648788132947233,3.436176774303282,2.164166441579438,,-1114717.0,1.0,1114717.0,1114717.0,13.648788132947235,14.648456531299182,13.648788132947233,3.436176774303282,2.164166441579438,,-1114717.0,1.0,1114717.0,1114717.0,13.648788132947235,14.648456531299182,13.648788132947233,3.436176774303282,2.164166441579438,,-1114717.0,0.0,0.0,0.0,1966131.3751134928,7232183.872843636,0.0,1966131.3751134928,7232183.872843636,2019-07-31,2019-04-01,3
run_20260811T161321Z_ebb0c846,one_step_201908,one_step_ex_ante,drift,2008-01,2019-07,2019-08,2019-08,0.0012197000905871391,,1.0,4838863.777777778,4838863.777777778,59.24788668969933,84.1875625115227,59.24788668969932,14.916065088464103,9.394408269759026,,-4838863.777777778,1.0,4838863.777777778,4838863.777777778,59.24788668969933,84.1875625115227,59.24788668969932,14.916065088464103,9.394408269759026,,-4838863.777777778,1.0,1114717.0,1114717.0,13.648788132947235,14.648456531299182,13.648788132947233,3.436176774303282,2.164166441579438,,-1114717.0,-3.340889909975158,-3.340889909975158,1.0,11972395.140887398,11972395.140887398,1.0,11972395.140887398,11972395.140887398,2019-07-31,2019-04-01,3
run_20260811T161321Z_ebb0c846,one_step_201908,one_step_ex_ante,same_month_historical_mean,2008-01,2019-07,2019-08,2019-08,0.0017874999903142452,,1.0,2371875.545454546,2371875.545454546,29.041655234133646,33.97512449469167,29.041655234133643,7.311437486670464,4.60487590937938,,-2371875.545454546,1.0,2371875.545454546,2371875.545454546,29.041655234133646,33.97512449469167,29.041655234133643,7.311437486670464,4.60487590937938,,-2371875.545454546,1.0,1114717.0,1114717.0,13.648788132947235,14.648456531299182,13.648788132947233,3.436176774303282,2.164166441579438,,-1114717.0,-1.1277826977201801,-1.1277826977201801,0.0,1849080.2340308763,59742497.37159519,0.0,1849080.2340308763,59742497.37159519,2019-07-31,2019-04-01,3
run_20260811T161321Z_ebb0c846,one_step_201908,one_step_ex_ante,seasonal_moving_average_3,2008-01,2019-07,2019-08,2019-08,0.023863099981099367,,1.0,2186430.666666667,2186430.666666667,26.771035999910215,30.908267741988386,26.77103599991021,6.739793396372749,4.244844095532911,,-2186430.666666667,1.0,2186430.666666667,2186430.666666667,26.771035999910215,30.908267741988386,26.77103599991021,6.739793396372749,4.244844095532911,,-2186430.666666667,1.0,1114717.0,1114717.0,13.648788132947235,14.648456531299182,13.648788132947233,3.436176774303282,2.164166441579438,,-1114717.0,-0.9614221965455509,-0.9614221965455509,0.0,1859143.5521458667,52133499.175895214,0.0,1859143.5521458667,52133499.175895214,2019-07-31,2019-04-01,3
run_20260811T161321Z_ebb0c846,one_step_201909,one_step_ex_ante,naive_last,2008-01,2019-08,2019-09,2019-09,0.0012115000281482935,,1.0,2521932.0,2521932.0,37.407570624267905,46.013914384443304,37.407570624267905,7.753934997520641,4.902193023391876,,-2521932.0,1.0,2521932.0,2521932.0,37.407570624267905,46.013914384443304,37.407570624267905,7.753934997520641,4.902193023391876,,-2521932.0,1.0,720412.0,720412.0,10.685800714916219,11.28895852003655,10.685800714916219,2.2149795551322717,1.4003544426922643,,-720412.0,-2.5006801663492557,-2.5006801663492557,1.0,6991212.747167539,6991212.747167539,1.0,6991212.747167539,6991212.747167539,2019-08-31,2019-05-01,3
run_20260811T161321Z_ebb0c846,one_step_201909,one_step_ex_ante,seasonal_naive,2008-01,2019-08,2019-09,2019-09,0.0014542000135406852,,1.0,720412.0,720412.0,10.685800714916219,11.28895852003655,10.685800714916219,2.2149795551322717,1.4003544426922643,,-720412.0,1.0,720412.0,720412.0,10.685800714916219,11.28895852003655,10.685800714916219,2.2149795551322717,1.4003544426922643,,-720412.0,1.0,720412.0,720412.0,10.685800714916219,11.28895852003655,10.685800714916219,2.2149795551322717,1.4003544426922643,,-720412.0,0.0,0.0,1.0,1961081.7066861633,1961081.7066861633,1.0,1961081.7066861633,1961081.7066861633,2019-08-31,2019-05-01,3
run_20260811T161321Z_ebb0c846,one_step_201909,one_step_ex_ante,drift,2008-01,2019-08,2019-09,2019-09,0.0017109999898821115,,1.0,2432311.3823529407,2432311.3823529407,36.07823677068943,44.018849065477035,36.07823677068942,7.478387344501865,4.727986277697905,,-2432311.3823529407,1.0,2432311.3823529407,2432311.3823529407,36.07823677068943,44.018849065477035,36.07823677068942,7.478387344501865,4.727986277697905,,-2432311.3823529407,1.0,720412.0,720412.0,10.685800714916219,11.28895852003655,10.685800714916219,2.2149795551322717,1.4003544426922643,,-720412.0,-2.3762782718124362,-2.3762782718124362,1.0,12581808.472528752,12581808.472528752,1.0,12581808.472528752,12581808.472528752,2019-08-31,2019-05-01,3
run_20260811T161321Z_ebb0c846,one_step_201909,one_step_ex_ante,same_month_historical_mean,2008-01,2019-08,2019-09,2019-09,0.001994800055399537,,1.0,1850847.1818181816,1850847.1818181816,27.453435171364987,31.82147984068002,27.453435171364987,5.690616851747965,3.597721961604676,,-1850847.1818181816,1.0,1850847.1818181816,1850847.1818181816,27.453435171364987,31.82147984068002,27.453435171364987,5.690616851747965,3.597721961604676,,-1850847.1818181816,1.0,720412.0,720412.0,10.685800714916219,11.28895852003655,10.685800714916219,2.2149795551322717,1.4003544426922643,,-720412.0,-1.5691509605866942,-1.5691509605866942,0.0,1868129.3532650117,38539429.56069204,0.0,1868129.3532650117,38539429.56069204,2019-08-31,2019-05-01,3
run_20260811T161321Z_ebb0c846,one_step_201909,one_step_ex_ante,seasonal_moving_average_3,2008-01,2019-08,2019-09,2019-09,0.021235199994407594,,1.0,1627377.333333333,1627377.333333333,24.138728771830255,27.452012149408002,24.13872877183026,5.003536201255683,3.163335811549534,,-1627377.333333333,1.0,1627377.333333333,1627377.333333333,24.138728771830255,27.452012149408002,24.13872877183026,5.003536201255683,3.163335811549534,,-1627377.333333333,1.0,720412.0,720412.0,10.685800714916219,11.28895852003655,10.685800714916219,2.2149795551322717,1.4003544426922643,,-720412.0,-1.2589536728057458,-1.2589536728057458,0.0,1874457.184947621,29480406.81932852,0.0,1874457.184947621,29480406.81932852,2019-08-31,2019-05-01,3
run_20260811T161321Z_ebb0c846,one_step_201910,one_step_ex_ante,naive_last,2008-01,2019-09,2019-10,2019-10,0.0012241000076755881,,1.0,161241.0,161241.0,2.9653549962537893,3.009983341962434,2.965354996253789,0.48925579576216655,0.31114136011851157,,-161241.0,1.0,161241.0,161241.0,2.9653549962537893,3.009983341962434,2.965354996253789,0.48925579576216655,0.31114136011851157,,-161241.0,1.0,646055.0,646055.0,11.881484374971265,12.631913807627834,11.881484374971265,1.960333619433807,1.2466707066525573,,-646055.0,0.750422177678371,0.750422177678371,1.0,6999809.935032386,6999809.935032386,1.0,6999809.935032386,6999809.935032386,2019-09-30,2019-06-01,3
run_20260811T161321Z_ebb0c846,one_step_201910,one_step_ex_ante,seasonal_naive,2008-01,2019-09,2019-10,2019-10,0.0013447999954223633,,1.0,646055.0,646055.0,11.881484374971265,12.631913807627834,11.881484374971265,1.960333619433807,1.2466707066525573,,-646055.0,1.0,646055.0,646055.0,11.881484374971265,12.631913807627834,11.881484374971265,1.960333619433807,1.2466707066525573,,-646055.0,1.0,646055.0,646055.0,11.881484374971265,12.631913807627834,11.881484374971265,1.960333619433807,1.2466707066525573,,-646055.0,0.0,0.0,1.0,1970306.2121488187,1970306.2121488187,1.0,1970306.2121488187,1970306.2121488187,2019-09-30,2019-06-01,3
run_20260811T161321Z_ebb0c846,one_step_201910,one_step_ex_ante,drift,2008-01,2019-09,2019-10,2019-10,0.001212499919347465,,1.0,41430.28467153292,41430.28467153292,0.7619371105794861,0.7648509522022108,0.7619371105794861,0.1257124856309743,0.07994663344185335,,-41430.28467153292,1.0,41430.28467153292,41430.28467153292,0.7619371105794861,0.7648509522022108,0.7619371105794861,0.1257124856309743,0.07994663344185335,,-41430.28467153292,1.0,646055.0,646055.0,11.881484374971265,12.631913807627834,11.881484374971265,1.960333619433807,1.2466707066525573,,-646055.0,0.9358718922204257,0.9358718922204257,1.0,13602571.642967142,13602571.642967142,1.0,13602571.642967142,13602571.642967142,2019-09-30,2019-06-01,3
run_20260811T161321Z_ebb0c846,one_step_201910,one_step_ex_ante,same_month_historical_mean,2008-01,2019-09,2019-10,2019-10,0.001727399998344481,,1.0,1570592.3636363638,1570592.3636363638,28.884489134817688,33.76022312503869,28.884489134817688,4.765670125395471,3.0307195081497023,,-1570592.3636363638,1.0,1570592.3636363638,1570592.3636363638,28.884489134817688,33.76022312503869,28.884489134817688,4.765670125395471,3.0307195081497023,,-1570592.3636363638,1.0,646055.0,646055.0,11.881484374971265,12.631913807627834,11.881484374971265,1.960333619433807,1.2466707066525573,,-646055.0,-1.431050550860784,-1.431050550860784,0.0,1924374.5890130321,26260577.35420695,0.0,1924374.5890130321,26260577.35420695,2019-09-30,2019-06-01,3
run_20260811T161321Z_ebb0c846,one_step_201910,one_step_ex_ante,seasonal_moving_average_3,2008-01,2019-09,2019-10,2019-10,0.021594800055027008,,1.0,1472316.6666666665,1472316.6666666665,27.077118000804536,31.316986725829047,27.077118000804536,4.4674708192327035,2.841080185510012,,-1472316.6666666665,1.0,1472316.6666666665,1472316.6666666665,27.077118000804536,31.316986725829047,27.077118000804536,4.4674708192327035,2.841080185510012,,-1472316.6666666665,1.0,646055.0,646055.0,11.881484374971265,12.631913807627834,11.881484374971265,1.960333619433807,1.2466707066525573,,-646055.0,-1.2789339400928195,-1.2789339400928195,0.0,1945047.9085316933,21936756.404564496,0.0,1945047.9085316933,21936756.404564496,2019-09-30,2019-06-01,3
run_20260811T161321Z_ebb0c846,one_step_201911,one_step_ex_ante,naive_last,2008-01,2019-10,2019-11,2019-11,0.0014004999538883567,,1.0,3697528.0,3697528.0,123.0246909267191,76.17045655164998,123.0246909267191,11.045157052284635,7.061700355876322,,3697528.0,1.0,3697528.0,3697528.0,123.0246909267191,76.17045655164998,123.0246909267191,11.045157052284635,7.061700355876322,,3697528.0,1.0,326097.0,326097.0,10.849946947563431,11.472317107471904,10.849946947563431,0.9741082634881637,0.6227942833563941,,-326097.0,-10.338736633578353,-10.338736633578353,0.0,7036242.941861462,14212504.104632206,0.0,7036242.941861462,14212504.104632206,2019-10-31,2019-07-01,3
run_20260811T161321Z_ebb0c846,one_step_201911,one_step_ex_ante,seasonal_naive,2008-01,2019-10,2019-11,2019-11,0.0016973000019788742,,1.0,326097.0,326097.0,10.849946947563431,11.472317107471904,10.849946947563431,0.9741082634881637,0.6227942833563941,,-326097.0,1.0,326097.0,326097.0,10.849946947563431,11.472317107471904,10.849946947563431,0.9741082634881637,0.6227942833563941,,-326097.0,1.0,326097.0,326097.0,10.849946947563431,11.472317107471904,10.849946947563431,0.9741082634881637,0.6227942833563941,,-326097.0,0.0,0.0,1.0,1984942.2772261938,1984942.2772261938,1.0,1984942.2772261938,1984942.2772261938,2019-10-31,2019-07-01,3
run_20260811T161321Z_ebb0c846,one_step_201911,one_step_ex_ante,drift,2008-01,2019-10,2019-11,2019-11,0.0012116999132558703,,1.0,3857826.811594203,3857826.811594203,128.35817636680156,78.18180609178162,128.35817636680156,11.523997388139444,7.367846022624846,,3857826.811594203,1.0,3857826.811594203,3857826.811594203,128.35817636680156,78.18180609178162,128.35817636680156,11.523997388139444,7.367846022624846,,3857826.811594203,1.0,326097.0,326097.0,10.849946947563431,11.472317107471904,10.849946947563431,0.9741082634881637,0.6227942833563941,,-326097.0,-10.830304515509813,-10.830304515509813,1.0,15437133.06166555,15437133.06166555,1.0,15437133.06166555,15437133.06166555,2019-10-31,2019-07-01,3
run_20260811T161321Z_ebb0c846,one_step_201911,one_step_ex_ante,same_month_historical_mean,2008-01,2019-10,2019-11,2019-11,0.00223129999358207,,1.0,863273.2727272729,863273.2727272729,28.722954244719723,33.53975907052826,28.722954244719727,2.578746902339205,1.6487169744858459,,-863273.2727272729,1.0,863273.2727272729,863273.2727272729,28.722954244719723,33.53975907052826,28.722954244719727,2.578746902339205,1.6487169744858459,,-863273.2727272729,1.0,326097.0,326097.0,10.849946947563431,11.472317107471904,10.849946947563431,0.9741082634881637,0.6227942833563941,,-326097.0,-1.6472898331701087,-1.6472898331701087,1.0,2018855.236777748,2018855.236777748,1.0,2018855.236777748,2018855.236777748,2019-10-31,2019-07-01,3
run_20260811T161321Z_ebb0c846,one_step_201911,one_step_ex_ante,seasonal_moving_average_3,2008-01,2019-10,2019-11,2019-11,0.02234720007982105,,1.0,721219.6666666665,721219.6666666665,23.9965259443439,27.268241235687974,23.996525944343905,2.1544081579719494,1.3774167975915264,,-721219.6666666665,1.0,721219.6666666665,721219.6666666665,23.9965259443439,27.268241235687974,23.996525944343905,2.1544081579719494,1.3774167975915264,,-721219.6666666665,1.0,326097.0,326097.0,10.849946947563431,11.472317107471904,10.849946947563431,0.9741082634881637,0.6227942833563941,,-326097.0,-1.211672191607609,-1.211672191607609,1.0,2032274.0129582481,2032274.0129582481,1.0,2032274.0129582481,2032274.0129582481,2019-10-31,2019-07-01,3
run_20260811T161321Z_ebb0c846,one_step_201912,one_step_ex_ante,naive_last,2008-01,2019-11,2019-12,2019-12,0.0011200999142602086,,1.0,5768821.0,5768821.0,240.53501417028272,109.2013149616785,240.53501417028272,16.9244105626275,10.868598556840869,,5768821.0,1.0,5768821.0,5768821.0,240.53501417028272,109.2013149616785,240.53501417028272,16.9244105626275,10.868598556840869,,5768821.0,1.0,217448.0,217448.0,9.066645985600807,9.497184012089422,9.066645985600807,0.6379430438251118,0.4096773013043624,,-217448.0,-25.529657665280894,-25.529657665280894,0.0,7074365.043274836,96339904.17777811,0.0,7074365.043274836,96339904.17777811,2019-11-30,2019-08-01,3
run_20260811T161321Z_ebb0c846,one_step_201912,one_step_ex_ante,seasonal_naive,2008-01,2019-11,2019-12,2019-12,0.001518900040537119,,1.0,217448.0,217448.0,9.066645985600807,9.497184012089422,9.066645985600807,0.6379430438251118,0.4096773013043624,,-217448.0,1.0,217448.0,217448.0,9.066645985600807,9.497184012089422,9.066645985600807,0.6379430438251118,0.4096773013043624,,-217448.0,1.0,217448.0,217448.0,9.066645985600807,9.497184012089422,9.066645985600807,0.6379430438251118,0.4096773013043624,,-217448.0,0.0,0.0,1.0,2005713.2351265193,2005713.2351265193,1.0,2005713.2351265193,2005713.2351265193,2019-11-30,2019-08-01,3
run_20260811T161321Z_ebb0c846,one_step_201912,one_step_ex_ante,drift,2008-01,2019-11,2019-12,2019-12,0.0011987000470981002,,1.0,5970099.100719425,5970099.100719425,248.92744493017537,110.89874220939761,248.9274449301753,17.514914794573933,11.247811376063863,,5970099.100719425,1.0,5970099.100719425,5970099.100719425,248.92744493017537,110.89874220939761,248.9274449301753,17.514914794573933,11.247811376063863,,5970099.100719425,1.0,217448.0,217448.0,9.066645985600807,9.497184012089422,9.066645985600807,0.6379430438251118,0.4096773013043624,,-217448.0,-26.455295522237154,-26.455295522237154,1.0,17666440.983913425,17666440.983913425,1.0,17666440.983913425,17666440.983913425,2019-11-30,2019-08-01,3
run_20260811T161321Z_ebb0c846,one_step_201912,one_step_ex_ante,same_month_historical_mean,2008-01,2019-11,2019-12,2019-12,0.002051200019195676,,1.0,759412.5454545454,759412.5454545454,31.664235617988417,37.62033069351966,31.664235617988417,2.227943925748909,1.4307516380858625,,-759412.5454545454,1.0,759412.5454545454,759412.5454545454,31.664235617988417,37.62033069351966,31.664235617988417,2.227943925748909,1.4307516380858625,,-759412.5454545454,1.0,217448.0,217448.0,9.066645985600807,9.497184012089422,9.066645985600807,0.6379430438251118,0.4096773013043624,,-217448.0,-2.4923868945888,-2.4923868945888,1.0,2148612.432970048,2148612.432970048,1.0,2148612.432970048,2148612.432970048,2019-11-30,2019-08-01,3
run_20260811T161321Z_ebb0c846,one_step_201912,one_step_ex_ante,seasonal_moving_average_3,2008-01,2019-11,2019-12,2019-12,0.021970100002363324,,1.0,447770.66666666674,447770.66666666674,18.67011017532068,20.592424330453266,18.67011017532068,1.3136574354739197,0.8436107865938305,,-447770.66666666674,1.0,447770.66666666674,447770.66666666674,18.67011017532068,20.592424330453266,18.67011017532068,1.3136574354739197,0.8436107865938305,,-447770.66666666674,1.0,217448.0,217448.0,9.066645985600807,9.497184012089422,9.066645985600807,0.6379430438251118,0.4096773013043624,,-217448.0,-1.0592080252136915,-1.0592080252136915,1.0,2137038.871987404,2137038.871987404,1.0,2137038.871987404,2137038.871987404,2019-11-30,2019-08-01,3
run_20260811T161321Z_ebb0c846,one_step_202001,one_step_ex_ante,naive_last,2008-01,2019-12,2020-01,2020-01,0.0012162999482825398,,1.0,4212346.0,4212346.0,166.5338695821142,90.86956671806603,166.5338695821142,12.252304801611212,7.9103820142865615,,4212346.0,1.0,4212346.0,4212346.0,166.5338695821142,90.86956671806603,166.5338695821142,12.252304801611212,7.9103820142865615,,4212346.0,1.0,303135.0,303135.0,11.98435374391709,12.748251523273806,11.98435374391709,0.8817182672165141,0.5692584730458411,,-303135.0,-12.895940752470022,-12.895940752470022,0.0,7116365.0670049945,33282903.726905085,0.0,7116365.0670049945,33282903.726905085,2019-12-31,2019-09-01,3
run_20260811T161321Z_ebb0c846,one_step_202001,one_step_ex_ante,seasonal_naive,2008-01,2019-12,2020-01,2020-01,0.0013773000100627542,,1.0,303135.0,303135.0,11.98435374391709,12.748251523273806,11.98435374391709,0.8817182672165141,0.5692584730458411,,-303135.0,1.0,303135.0,303135.0,11.98435374391709,12.748251523273806,11.98435374391709,0.8817182672165141,0.5692584730458411,,-303135.0,1.0,303135.0,303135.0,11.98435374391709,12.748251523273806,11.98435374391709,0.8817182672165141,0.5692584730458411,,-303135.0,0.0,0.0,1.0,2007599.9914494846,2007599.9914494846,1.0,2007599.9914494846,2007599.9914494846,2019-12-31,2019-09-01,3
run_20260811T161321Z_ebb0c846,one_step_202001,one_step_ex_ante,drift,2008-01,2019-12,2020-01,2020-01,0.0012208999833092093,,1.0,4371461.228571429,4371461.228571429,172.82444370006237,92.71089737833809,172.82444370006237,12.715117751695365,8.209185161580379,,4371461.228571429,1.0,4371461.228571429,4371461.228571429,172.82444370006237,92.71089737833809,172.82444370006237,12.715117751695365,8.209185161580379,,4371461.228571429,1.0,303135.0,303135.0,11.98435374391709,12.748251523273806,11.98435374391709,0.8817182672165141,0.5692584730458411,,-303135.0,-13.420839654185194,-13.420839654185194,1.0,15348950.86145669,15348950.86145669,1.0,15348950.86145669,15348950.86145669,2019-12-31,2019-09-01,3
run_20260811T161321Z_ebb0c846,one_step_202001,one_step_ex_ante,same_month_historical_mean,2008-01,2019-12,2020-01,2020-01,0.0016609999584034085,,1.0,987857.4166666667,987857.4166666667,39.05465462544883,48.53157391356805,39.05465462544883,2.873346626685521,1.8551015375943918,,-987857.4166666667,1.0,987857.4166666667,987857.4166666667,39.05465462544883,48.53157391356805,39.05465462544883,2.873346626685521,1.8551015375943918,,-987857.4166666667,1.0,303135.0,303135.0,11.98435374391709,12.748251523273806,11.98435374391709,0.8817182672165141,0.5692584730458411,,-303135.0,-2.258803558370583,-2.258803558370583,1.0,2219957.669244028,2219957.669244028,1.0,2219957.669244028,2219957.669244028,2019-12-31,2019-09-01,3
run_20260811T161321Z_ebb0c846,one_step_202001,one_step_ex_ante,seasonal_moving_average_3,2008-01,2019-12,2020-01,2020-01,0.021561100031249225,,1.0,582765.3333333333,582765.3333333333,23.03945735186773,26.039089852565954,23.03945735186773,1.6950693252198554,1.0943774351275304,,-582765.3333333333,1.0,582765.3333333333,582765.3333333333,23.03945735186773,26.039089852565954,23.03945735186773,1.6950693252198554,1.0943774351275304,,-582765.3333333333,1.0,303135.0,303135.0,11.98435374391709,12.748251523273806,11.98435374391709,0.8817182672165141,0.5692584730458411,,-303135.0,-0.9224613895898965,-0.9224613895898965,1.0,2183034.079132069,2183034.079132069,1.0,2183034.079132069,2183034.079132069,2019-12-31,2019-09-01,3
run_20260811T161321Z_ebb0c846,one_step_202002,one_step_ex_ante,naive_last,2008-01,2020-01,2020-02,2020-02,0.0013629000168293715,,1.0,3385571.0,3385571.0,164.99503148997306,90.40946711873568,164.99503148997306,9.78134420984413,6.346269149292347,,3385571.0,1.0,3385571.0,3385571.0,164.99503148997306,90.40946711873568,164.99503148997306,9.78134420984413,6.346269149292347,,3385571.0,1.0,106966.0,106966.0,5.212963644347278,5.352474930445748,5.212963644347278,0.30903834678114483,0.20050828230251416,,-106966.0,-30.65090776508423,-30.65090776508423,1.0,7146214.516307674,7146214.516307674,1.0,7146214.516307674,7146214.516307674,2020-01-31,2019-10-01,3
run_20260811T161321Z_ebb0c846,one_step_202002,one_step_ex_ante,seasonal_naive,2008-01,2020-01,2020-02,2020-02,0.0016394000267609954,,1.0,106966.0,106966.0,5.212963644347278,5.352474930445748,5.212963644347278,0.30903834678114483,0.20050828230251416,,-106966.0,1.0,106966.0,106966.0,5.212963644347278,5.352474930445748,5.212963644347278,0.30903834678114483,0.20050828230251416,,-106966.0,1.0,106966.0,106966.0,5.212963644347278,5.352474930445748,5.212963644347278,0.30903834678114483,0.20050828230251416,,-106966.0,0.0,0.0,1.0,2006985.4074908076,2006985.4074908076,1.0,2006985.4074908076,2006985.4074908076,2020-01-31,2019-10-01,3
run_20260811T161321Z_ebb0c846,one_step_202002,one_step_ex_ante,drift,2008-01,2020-01,2020-02,2020-02,0.0015656999312341213,,1.0,3506557.042553191,3506557.042553191,170.89125871454198,92.15167772183553,170.89125871454198,10.130888238547003,6.573058068901561,,3506557.042553191,1.0,3506557.042553191,3506557.042553191,170.89125871454198,92.15167772183553,170.89125871454198,10.130888238547003,6.573058068901561,,3506557.042553191,1.0,106966.0,106966.0,5.212963644347278,5.352474930445748,5.212963644347278,0.30903834678114483,0.20050828230251416,,-106966.0,-31.781977848598537,-31.781977848598537,1.0,13664086.59913193,13664086.59913193,1.0,13664086.59913193,13664086.59913193,2020-01-31,2019-10-01,3
run_20260811T161321Z_ebb0c846,one_step_202002,one_step_ex_ante,same_month_historical_mean,2008-01,2020-01,2020-02,2020-02,0.0018109999364241958,,1.0,642455.75,642455.75,31.309934632050034,37.12125496395559,31.309934632050034,1.8561361821517162,1.2042863983683925,,-642455.75,1.0,642455.75,642455.75,31.309934632050034,37.12125496395559,31.309934632050034,1.8561361821517162,1.2042863983683925,,-642455.75,1.0,106966.0,106966.0,5.212963644347278,5.352474930445748,5.212963644347278,0.30903834678114483,0.20050828230251416,,-106966.0,-5.0061678477273155,-5.0061678477273155,1.0,2267086.2172593437,2267086.2172593437,1.0,2267086.2172593437,2267086.2172593437,2020-01-31,2019-10-01,3
run_20260811T161321Z_ebb0c846,one_step_202002,one_step_ex_ante,seasonal_moving_average_3,2008-01,2020-01,2020-02,2020-02,0.021717899944633245,,1.0,323882.66666666674,323882.66666666674,15.784347983168312,17.13681526011276,15.784347983168313,0.9357381210640324,0.6071196189526682,,-323882.66666666674,1.0,323882.66666666674,323882.66666666674,15.784347983168312,17.13681526011276,15.784347983168313,0.9357381210640324,0.6071196189526682,,-323882.66666666674,1.0,106966.0,106966.0,5.212963644347278,5.352474930445748,5.212963644347278,0.30903834678114483,0.20050828230251416,,-106966.0,-2.0279029473539887,-2.0279029473539887,1.0,2215739.9333747006,2215739.9333747006,1.0,2215739.9333747006,2215739.9333747006,2020-01-31,2019-10-01,3
run_20260811T161321Z_ebb0c846,one_step_202003,one_step_ex_ante,naive_last,2008-01,2020-02,2020-03,2020-03,0.0011594999814406037,,1.0,1947449.0,1947449.0,184.05707383646418,95.84881330155515,184.05707383646418,5.628913634077991,3.659261001142833,,1947449.0,1.0,1947449.0,1947449.0,184.05707383646418,95.84881330155515,184.05707383646418,5.628913634077991,3.659261001142833,,1947449.0,1.0,1415079.0,1415079.0,133.7417821916928,80.14686163261088,133.74178219169278,4.090149460343993,2.6589365874208766,,1415079.0,-0.37621221147370565,-0.37621221147370565,1.0,7302760.384196274,7302760.384196274,1.0,7302760.384196274,7302760.384196274,2020-02-29,2019-11-01,3
run_20260811T161321Z_ebb0c846,one_step_202003,one_step_ex_ante,seasonal_naive,2008-01,2020-02,2020-03,2020-03,0.0014959999825805426,,1.0,1415079.0,1415079.0,133.7417821916928,80.14686163261088,133.74178219169278,4.090149460343993,2.6589365874208766,,1415079.0,1.0,1415079.0,1415079.0,133.7417821916928,80.14686163261088,133.74178219169278,4.090149460343993,2.6589365874208766,,1415079.0,1.0,1415079.0,1415079.0,133.7417821916928,80.14686163261088,133.74178219169278,4.090149460343993,2.6589365874208766,,1415079.0,0.0,0.0,0.0,2000095.5715708854,18601344.140153177,0.0,2000095.5715708854,18601344.140153177,2020-02-29,2019-11-01,3
run_20260811T161321Z_ebb0c846,one_step_202003,one_step_ex_ante,drift,2008-01,2020-02,2020-03,2020-03,0.0012137999292463064,,1.0,1999076.6338028167,1999076.6338028167,188.93649876972148,97.15544792909012,188.9364987697215,5.778138333573517,3.7562694398521037,,1999076.6338028167,1.0,1999076.6338028167,1999076.6338028167,188.93649876972148,97.15544792909012,188.9364987697215,5.778138333573517,3.7562694398521037,,1999076.6338028167,1.0,1415079.0,1415079.0,133.7417821916928,80.14686163261088,133.74178219169278,4.090149460343993,2.6589365874208766,,1415079.0,-0.4126961348467588,-0.4126961348467588,1.0,12186787.318269813,12186787.318269813,1.0,12186787.318269813,12186787.318269813,2020-02-29,2019-11-01,3
run_20260811T161321Z_ebb0c846,one_step_202003,one_step_ex_ante,same_month_historical_mean,2008-01,2020-02,2020-03,2020-03,0.001976100029423833,,1.0,793823.5833333333,793823.5833333333,75.02576236435968,54.55907964357466,75.0257623643597,2.2944705567527808,1.4915962781459868,,793823.5833333333,1.0,793823.5833333333,793823.5833333333,75.02576236435968,54.55907964357466,75.0257623643597,2.2944705567527808,1.4915962781459868,,793823.5833333333,1.0,1415079.0,1415079.0,133.7417821916928,80.14686163261088,133.74178219169278,4.090149460343993,2.6589365874208766,,1415079.0,0.4390252534781922,0.4390252534781922,1.0,2275391.6923160604,2275391.6923160604,1.0,2275391.6923160604,2275391.6923160604,2020-02-29,2019-11-01,3
run_20260811T161321Z_ebb0c846,one_step_202003,one_step_ex_ante,seasonal_moving_average_3,2008-01,2020-02,2020-03,2020-03,0.02256499999202788,,1.0,1137679.3333333335,1137679.3333333335,107.52421709505755,69.92894290456557,107.52421709505754,3.2883524603770167,2.137701996957478,,1137679.3333333335,1.0,1137679.3333333335,1137679.3333333335,107.52421709505755,69.92894290456557,107.52421709505754,3.2883524603770167,2.137701996957478,,1137679.3333333335,1.0,1415079.0,1415079.0,133.7417821916928,80.14686163261088,133.74178219169278,4.090149460343993,2.6589365874208766,,1415079.0,0.1960312227562323,0.1960312227562323,0.0,2213218.6693955855,3456018.6148172235,0.0,2213218.6693955855,3456018.6148172235,2020-02-29,2019-11-01,3
run_20260811T161321Z_ebb0c846,one_step_202004,one_step_ex_ante,naive_last,2008-01,2020-03,2020-04,2020-04,0.0013568000867962837,,0.0,,,,,,,,,,0.0,,,,,,,,,,0.0,,,,,,,,,,,,,,,,,,2020-03-31,2019-12-01,3
run_20260811T161321Z_ebb0c846,one_step_202004,one_step_ex_ante,seasonal_naive,2008-01,2020-03,2020-04,2020-04,0.0017372999573126435,,0.0,,,,,,,,,,0.0,,,,,,,,,,0.0,,,,,,,,,,,,,,,,,,2020-03-31,2019-12-01,3
run_20260811T161321Z_ebb0c846,one_step_202004,one_step_ex_ante,drift,2008-01,2020-03,2020-04,2020-04,0.0014464000705629587,,0.0,,,,,,,,,,0.0,,,,,,,,,,0.0,,,,,,,,,,,,,,,,,,2020-03-31,2019-12-01,3
run_20260811T161321Z_ebb0c846,one_step_202004,one_step_ex_ante,same_month_historical_mean,2008-01,2020-03,2020-04,2020-04,0.0017740000039339066,,0.0,,,,,,,,,,0.0,,,,,,,,,,0.0,,,,,,,,,,,,,,,,,,2020-03-31,2019-12-01,3
run_20260811T161321Z_ebb0c846,one_step_202004,one_step_ex_ante,seasonal_moving_average_3,2008-01,2020-03,2020-04,2020-04,0.022607500082813203,,0.0,,,,,,,,,,0.0,,,,,,,,,,0.0,,,,,,,,,,,,,,,,,,2020-03-31,2019-12-01,3
run_20260811T161321Z_ebb0c846,one_step_202005,one_step_ex_ante,naive_last,2008-01,2020-04,2020-05,2020-05,0.0012066999915987253,,0.0,,,,,,,,,,0.0,,,,,,,,,,0.0,,,,,,,,,,,,,,,,,,2020-04-30,2020-01-01,3
run_20260811T161321Z_ebb0c846,one_step_202005,one_step_ex_ante,seasonal_naive,2008-01,2020-04,2020-05,2020-05,0.0013999000657349825,,0.0,,,,,,,,,,0.0,,,,,,,,,,0.0,,,,,,,,,,,,,,,,,,2020-04-30,2020-01-01,3
run_20260811T161321Z_ebb0c846,one_step_202005,one_step_ex_ante,drift,2008-01,2020-04,2020-05,2020-05,0.001560300006531179,,0.0,,,,,,,,,,0.0,,,,,,,,,,0.0,,,,,,,,,,,,,,,,,,2020-04-30,2020-01-01,3
run_20260811T161321Z_ebb0c846,one_step_202005,one_step_ex_ante,same_month_historical_mean,2008-01,2020-04,2020-05,2020-05,0.0018979000160470605,,0.0,,,,,,,,,,0.0,,,,,,,,,,0.0,,,,,,,,,,,,,,,,,,2020-04-30,2020-01-01,3
run_20260811T161321Z_ebb0c846,one_step_202005,one_step_ex_ante,seasonal_moving_average_3,2008-01,2020-04,2020-05,2020-05,0.021715000038966537,,0.0,,,,,,,,,,0.0,,,,,,,,,,0.0,,,,,,,,,,,,,,,,,,2020-04-30,2020-01-01,3
run_20260811T161321Z_ebb0c846,one_step_202006,one_step_ex_ante,naive_last,2008-01,2020-05,2020-06,2020-06,0.0012626999523490667,,0.0,,,,,,,,,,0.0,,,,,,,,,,0.0,,,,,,,,,,,,,,,,,,2020-05-31,2020-02-01,3
run_20260811T161321Z_ebb0c846,one_step_202006,one_step_ex_ante,seasonal_naive,2008-01,2020-05,2020-06,2020-06,0.0018514000112190843,,0.0,,,,,,,,,,0.0,,,,,,,,,,0.0,,,,,,,,,,,,,,,,,,2020-05-31,2020-02-01,3
run_20260811T161321Z_ebb0c846,one_step_202006,one_step_ex_ante,drift,2008-01,2020-05,2020-06,2020-06,0.001201300066895783,,0.0,,,,,,,,,,0.0,,,,,,,,,,0.0,,,,,,,,,,,,,,,,,,2020-05-31,2020-02-01,3
run_20260811T161321Z_ebb0c846,one_step_202006,one_step_ex_ante,same_month_historical_mean,2008-01,2020-05,2020-06,2020-06,0.0017584000015631318,,0.0,,,,,,,,,,0.0,,,,,,,,,,0.0,,,,,,,,,,,,,,,,,,2020-05-31,2020-02-01,3
run_20260811T161321Z_ebb0c846,one_step_202006,one_step_ex_ante,seasonal_moving_average_3,2008-01,2020-05,2020-06,2020-06,0.022822300088591874,,0.0,,,,,,,,,,0.0,,,,,,,,,,0.0,,,,,,,,,,,,,,,,,,2020-05-31,2020-02-01,3
run_20260811T161321Z_ebb0c846,one_step_202007,one_step_ex_ante,naive_last,2008-01,2020-06,2020-07,2020-07,0.0012707998976111412,,1.0,281025.0,281025.0,36.165952205991175,30.62757511670956,36.165952205991175,0.8009787940965208,0.5211405056465367,,281025.0,1.0,281025.0,281025.0,36.165952205991175,30.62757511670956,36.165952205991175,0.8009787940965208,0.5211405056465367,,281025.0,1.0,5926002.0,5926002.0,762.6350150506472,158.44738724998956,762.6350150506471,16.89031913806092,10.989341442015435,,5926002.0,0.952577640034546,0.952577640034546,1.0,7249001.234908678,7249001.234908678,1.0,7249001.234908678,7249001.234908678,2020-06-30,2020-03-01,3
run_20260811T161321Z_ebb0c846,one_step_202007,one_step_ex_ante,seasonal_naive,2008-01,2020-06,2020-07,2020-07,0.0014522999990731478,,1.0,5926002.0,5926002.0,762.6350150506472,158.44738724998956,762.6350150506471,16.89031913806092,10.989341442015435,,5926002.0,1.0,5926002.0,5926002.0,762.6350150506472,158.44738724998956,762.6350150506471,16.89031913806092,10.989341442015435,,5926002.0,1.0,5926002.0,5926002.0,762.6350150506472,158.44738724998956,762.6350150506471,16.89031913806092,10.989341442015435,,5926002.0,0.0,0.0,0.0,2041090.6769607216,198259357.13774627,0.0,2041090.6769607216,198259357.13774627,2020-06-30,2020-03-01,3
run_20260811T161321Z_ebb0c846,one_step_202007,one_step_ex_ante,drift,2008-01,2020-06,2020-07,2020-07,0.001448199967853725,,1.0,277883.4109589041,277883.4109589041,35.76165166649775,30.337123458131554,35.76165166649774,0.7920246220417789,0.5153146563398546,,277883.4109589041,1.0,277883.4109589041,277883.4109589041,35.76165166649775,30.337123458131554,35.76165166649774,0.7920246220417789,0.5153146563398546,,277883.4109589041,1.0,5926002.0,5926002.0,762.6350150506472,158.44738724998956,762.6350150506471,16.89031913806092,10.989341442015435,,5926002.0,0.9531077763796056,0.9531077763796056,1.0,12669403.298498796,12669403.298498796,1.0,12669403.298498796,12669403.298498796,2020-06-30,2020-03-01,3
run_20260811T161321Z_ebb0c846,one_step_202007,one_step_ex_ante,same_month_historical_mean,2008-01,2020-06,2020-07,2020-07,0.0017846000846475363,,1.0,4112709.583333333,4112709.583333333,529.2769619356113,145.1511536936064,529.2769619356114,11.72206445165924,7.626722006354205,,4112709.583333333,1.0,4112709.583333333,4112709.583333333,529.2769619356113,145.1511536936064,529.2769619356114,11.72206445165924,7.626722006354205,,4112709.583333333,1.0,5926002.0,5926002.0,762.6350150506472,158.44738724998956,762.6350150506471,16.89031913806092,10.989341442015435,,5926002.0,0.30598916717656643,0.30598916717656643,0.0,2299417.5280138976,120819450.30106927,0.0,2299417.5280138976,120819450.30106927,2020-06-30,2020-03-01,3
run_20260811T161321Z_ebb0c846,one_step_202007,one_step_ex_ante,seasonal_moving_average_3,2008-01,2020-06,2020-07,2020-07,0.023059099912643433,,1.0,5039126.333333333,5039126.333333333,648.5003189441682,152.85800239913402,648.5003189441683,14.362541886925916,9.344694761569652,,5039126.333333333,1.0,5039126.333333333,5039126.333333333,648.5003189441682,152.85800239913402,648.5003189441683,14.362541886925916,9.344694761569652,,5039126.333333333,1.0,5926002.0,5926002.0,762.6350150506472,158.44738724998956,762.6350150506471,16.89031913806092,10.989341442015435,,5926002.0,0.14965834751096385,0.14965834751096385,0.0,2233828.0034760404,159122321.26728857,0.0,2233828.0034760404,159122321.26728857,2020-06-30,2020-03-01,3
run_20260811T161321Z_ebb0c846,one_step_202008,one_step_ex_ante,naive_last,2008-01,2020-07,2020-08,2020-08,0.0011839000508189201,,1.0,1134849.0,1134849.0,51.750659053671434,69.8157020103138,51.750659053671434,3.2345520274055426,2.104495264451442,,-1134849.0,1.0,1134849.0,1134849.0,51.750659053671434,69.8157020103138,51.750659053671434,3.2345520274055426,2.104495264451442,,-1134849.0,1.0,5974233.0,5974233.0,272.43315638485177,115.33193752511445,272.43315638485177,17.027787364083764,11.078782337764348,,5974233.0,0.8100427284975327,0.8100427284975327,1.0,8104629.765117861,8104629.765117861,1.0,8104629.765117861,8104629.765117861,2020-07-31,2020-04-01,3
run_20260811T161321Z_ebb0c846,one_step_202008,one_step_ex_ante,seasonal_naive,2008-01,2020-07,2020-08,2020-08,0.0014013999607414007,,1.0,5974233.0,5974233.0,272.43315638485177,115.33193752511445,272.43315638485177,17.027787364083764,11.078782337764348,,5974233.0,1.0,5974233.0,5974233.0,272.43315638485177,115.33193752511445,272.43315638485177,17.027787364083764,11.078782337764348,,5974233.0,1.0,5974233.0,5974233.0,272.43315638485177,115.33193752511445,272.43315638485177,17.027787364083764,11.078782337764348,,5974233.0,0.0,0.0,0.0,2041090.6769607216,200188597.13774627,0.0,2041090.6769607216,200188597.13774627,2020-07-31,2020-04-01,3
run_20260811T161321Z_ebb0c846,one_step_202008,one_step_ex_ante,drift,2008-01,2020-07,2020-08,2020-08,0.001207799999974668,,1.0,1138775.98630137,1138775.98630137,51.92973497407197,70.1420166499719,51.92973497407198,3.24574474247397,2.111777576084795,,-1138775.98630137,1.0,1138775.98630137,1138775.98630137,51.92973497407197,70.1420166499719,51.92973497407198,3.24574474247397,2.111777576084795,,-1138775.98630137,1.0,5974233.0,5974233.0,272.43315638485177,115.33193752511445,272.43315638485177,17.027787364083764,11.078782337764348,,5974233.0,0.8093854079174063,0.8093854079174063,1.0,14164823.504901685,14164823.504901685,1.0,14164823.504901685,14164823.504901685,2020-07-31,2020-04-01,3
run_20260811T161321Z_ebb0c846,one_step_202008,one_step_ex_ante,same_month_historical_mean,2008-01,2020-07,2020-08,2020-08,0.001913700019940734,,1.0,3800013.75,3800013.75,173.28579923453555,92.84349931868694,173.28579923453555,10.830817297483135,7.046850234458828,,3800013.75,1.0,3800013.75,3800013.75,173.28579923453555,92.84349931868694,173.28579923453555,10.830817297483135,7.046850234458828,,3800013.75,1.0,5974233.0,5974233.0,272.43315638485177,115.33193752511445,272.43315638485177,17.027787364083764,11.078782337764348,,5974233.0,0.3639327843423582,0.3639327843423582,0.0,2299417.528013896,108311616.96773598,0.0,2299417.528013896,108311616.96773598,2020-07-31,2020-04-01,3
run_20260811T161321Z_ebb0c846,one_step_202008,one_step_ex_ante,seasonal_moving_average_3,2008-01,2020-07,2020-08,2020-08,0.022879699943587184,,1.0,4988240.0,4988240.0,227.4705335404851,106.42629874694823,227.47053354048512,14.217505417183627,9.250329742500774,,4988240.0,1.0,4988240.0,4988240.0,227.4705335404851,106.42629874694823,227.47053354048512,14.217505417183627,9.250329742500774,,4988240.0,1.0,5974233.0,5974233.0,272.43315638485177,115.33193752511445,272.43315638485177,17.027787364083764,11.078782337764348,,5974233.0,0.16504093496186034,0.16504093496186034,0.0,2233828.0034760386,157086867.93395525,0.0,2233828.0034760386,157086867.93395525,2020-07-31,2020-04-01,3
run_20260811T161321Z_ebb0c846,one_step_202009,one_step_ex_ante,naive_last,2008-01,2020-08,2020-09,2020-09,0.0014853000175207853,,1.0,1576127.0,1576127.0,59.83334567106839,85.37457922146933,59.83334567106839,4.492284685714677,2.922813350211401,,-1576127.0,1.0,1576127.0,1576127.0,59.83334567106839,85.37457922146933,59.83334567106839,4.492284685714677,2.922813350211401,,-1576127.0,1.0,4107574.0,4107574.0,155.932799204311,87.61923573938637,155.93279920431098,11.707426987571292,7.617198439073276,,4107574.0,0.6162876189205599,0.6162876189205599,1.0,8878177.085165696,8878177.085165696,1.0,8878177.085165696,8878177.085165696,2020-08-31,2020-05-01,3
run_20260811T161321Z_ebb0c846,one_step_202009,one_step_ex_ante,seasonal_naive,2008-01,2020-08,2020-09,2020-09,0.0014857999049127102,,1.0,4107574.0,4107574.0,155.932799204311,87.61923573938637,155.93279920431098,11.707426987571292,7.617198439073276,,4107574.0,1.0,4107574.0,4107574.0,155.932799204311,87.61923573938637,155.93279920431098,11.707426987571292,7.617198439073276,,4107574.0,1.0,4107574.0,4107574.0,155.932799204311,87.61923573938637,155.93279920431098,11.707426987571292,7.617198439073276,,4107574.0,0.0,0.0,0.0,2041090.6769607216,125522237.13774629,0.0,2041090.6769607216,125522237.13774629,2020-08-31,2020-05-01,3
run_20260811T161321Z_ebb0c846,one_step_202009,one_step_ex_ante,drift,2008-01,2020-08,2020-09,2020-09,0.0014378000050783157,,1.0,1580839.3835616438,1580839.3835616438,60.01223840913994,85.7392642430225,60.01223840913993,4.5057159437967895,2.931552124171424,,-1580839.3835616438,1.0,1580839.3835616438,1580839.3835616438,60.01223840913994,85.7392642430225,60.01223840913993,4.5057159437967895,2.931552124171424,,-1580839.3835616438,1.0,4107574.0,4107574.0,155.932799204311,87.61923573938637,155.93279920431098,11.707426987571292,7.617198439073276,,4107574.0,0.6151403763969574,0.6151403763969574,1.0,15516786.71342808,15516786.71342808,1.0,15516786.71342808,15516786.71342808,2020-08-31,2020-05-01,3
run_20260811T161321Z_ebb0c846,one_step_202009,one_step_ex_ante,same_month_historical_mean,2008-01,2020-08,2020-09,2020-09,0.0017639000434428453,,1.0,2410964.083333333,2410964.083333333,91.52564951848034,62.79080394445935,91.52564951848034,6.871741318666869,4.470958247429844,,2410964.083333333,1.0,2410964.083333333,2410964.083333333,91.52564951848034,62.79080394445935,91.52564951848034,6.871741318666869,4.470958247429844,,2410964.083333333,1.0,4107574.0,4107574.0,155.932799204311,87.61923573938637,155.93279920431098,11.707426987571292,7.617198439073276,,4107574.0,0.41304427301046,0.41304427301046,0.0,2299417.5280138976,52749630.301069275,0.0,2299417.5280138976,52749630.301069275,2020-08-31,2020-05-01,3
run_20260811T161321Z_ebb0c846,one_step_202009,one_step_ex_ante,seasonal_moving_average_3,2008-01,2020-08,2020-09,2020-09,0.023720100056380033,,1.0,3389143.0,3389143.0,128.6595335576903,78.293504627704,128.6595335576903,9.659751528015889,6.284920191187333,,3389143.0,1.0,3389143.0,3389143.0,128.6595335576903,78.293504627704,128.6595335576903,9.659751528015889,6.284920191187333,,3389143.0,1.0,4107574.0,4107574.0,155.932799204311,87.61923573938637,155.93279920431098,11.707426987571292,7.617198439073276,,4107574.0,0.1749039700806364,0.1749039700806364,0.0,2233828.0034760386,93122987.93395527,0.0,2233828.0034760386,93122987.93395527,2020-08-31,2020-05-01,3
run_20260811T161321Z_ebb0c846,one_step_202010,one_step_ex_ante,naive_last,2008-01,2020-09,2020-10,2020-10,0.0011651000240817666,,1.0,1297056.0,1297056.0,55.07378804682895,76.00252197942571,55.07378804682896,3.696875191729052,2.405296396021259,,-1297056.0,1.0,1297056.0,1297056.0,55.07378804682895,76.00252197942571,55.07378804682896,3.696875191729052,2.405296396021259,,-1297056.0,1.0,3082370.0,3082370.0,130.8793082657219,79.10999871930075,130.8793082657219,8.785385661629011,5.716031884671169,,3082370.0,0.57920171815843,0.57920171815843,1.0,9589527.260584235,9589527.260584235,1.0,9589527.260584235,9589527.260584235,2020-09-30,2020-06-01,3
run_20260811T161321Z_ebb0c846,one_step_202010,one_step_ex_ante,seasonal_naive,2008-01,2020-09,2020-10,2020-10,0.0014416000340133905,,1.0,3082370.0,3082370.0,130.8793082657219,79.10999871930075,130.8793082657219,8.785385661629011,5.716031884671169,,3082370.0,1.0,3082370.0,3082370.0,130.8793082657219,79.10999871930075,130.8793082657219,8.785385661629011,5.716031884671169,,3082370.0,1.0,3082370.0,3082370.0,130.8793082657219,79.10999871930075,130.8793082657219,8.785385661629011,5.716031884671169,,3082370.0,0.0,0.0,0.0,2041090.6769607216,84514077.13774629,0.0,2041090.6769607216,84514077.13774629,2020-09-30,2020-06-01,3
run_20260811T161321Z_ebb0c846,one_step_202010,one_step_ex_ante,drift,2008-01,2020-09,2020-10,2020-10,0.0013286999892443419,,1.0,1302553.7808219178,1302553.7808219178,55.307227170285636,76.4478088140248,55.307227170285636,3.7125449928248506,2.4154916323079525,,-1302553.7808219178,1.0,1302553.7808219178,1302553.7808219178,55.307227170285636,76.4478088140248,55.307227170285636,3.7125449928248506,2.4154916323079525,,-1302553.7808219178,1.0,3082370.0,3082370.0,130.8793082657219,79.10999871930075,130.8793082657219,8.785385661629011,5.716031884671169,,3082370.0,0.5774180968469333,0.5774180968469333,1.0,16760045.19370462,16760045.19370462,1.0,16760045.19370462,16760045.19370462,2020-09-30,2020-06-01,3
run_20260811T161321Z_ebb0c846,one_step_202010,one_step_ex_ante,same_month_historical_mean,2008-01,2020-09,2020-10,2020-10,0.0022997999330982566,,1.0,1642660.3333333335,1642660.3333333335,69.74835861438011,51.71364821098998,69.74835861438011,4.681918309415612,3.0461945973448694,,1642660.3333333335,1.0,1642660.3333333335,1642660.3333333335,69.74835861438011,51.71364821098998,69.74835861438011,4.681918309415612,3.0461945973448694,,1642660.3333333335,1.0,3082370.0,3082370.0,130.8793082657219,79.10999871930075,130.8793082657219,8.785385661629011,5.716031884671169,,3082370.0,0.4670787954290583,0.4670787954290583,0.0,2299417.528013897,22017480.301069293,0.0,2299417.528013897,22017480.301069293,2020-09-30,2020-06-01,3
run_20260811T161321Z_ebb0c846,one_step_202010,one_step_ex_ante,seasonal_moving_average_3,2008-01,2020-09,2020-10,2020-10,0.02356480003800243,,1.0,2359106.666666667,2359106.666666667,100.16910645327664,66.74178274829801,100.16910645327664,6.723937062580659,4.3747924246625125,,2359106.666666667,1.0,2359106.666666667,2359106.666666667,100.16910645327664,66.74178274829801,100.16910645327664,6.723937062580659,4.3747924246625125,,2359106.666666667,1.0,3082370.0,3082370.0,130.8793082657219,79.10999871930075,130.8793082657219,8.785385661629011,5.716031884671169,,3082370.0,0.23464520266331845,0.23464520266331845,0.0,2233828.00347604,51921534.600621924,0.0,2233828.00347604,51921534.600621924,2020-09-30,2020-06-01,3
run_20260811T161321Z_ebb0c846,one_step_202011,one_step_ex_ante,naive_last,2008-01,2020-10,2020-11,2020-11,0.0011741999769583344,,1.0,485714.0,485714.0,38.46456602497551,47.62368859692127,38.46456602497551,1.2395541312588876,0.6568086468925284,,-485714.0,1.0,485714.0,485714.0,38.46456602497551,47.62368859692127,38.46456602497551,1.2395541312588876,0.6568086468925284,,-485714.0,1.0,1742760.0,1742760.0,138.01230165423752,81.66111172806619,138.01230165423752,4.447566588141867,2.3566539927991017,,1742760.0,0.7212961050288049,0.7212961050288049,1.0,7226405.575433467,7226405.575433467,1.0,7226405.575433467,7226405.575433467,2020-10-31,2020-07-01,3
run_20260811T161321Z_ebb0c846,one_step_202011,one_step_ex_ante,seasonal_naive,2008-01,2020-10,2020-11,2020-11,0.0015131999971345067,,1.0,1742760.0,1742760.0,138.01230165423752,81.66111172806619,138.01230165423752,4.447566588141867,2.3566539927991017,,1742760.0,1.0,1742760.0,1742760.0,138.01230165423752,81.66111172806619,138.01230165423752,4.447566588141867,2.3566539927991017,,1742760.0,1.0,1742760.0,1742760.0,138.01230165423752,81.66111172806619,138.01230165423752,4.447566588141867,2.3566539927991017,,1742760.0,0.0,0.0,0.0,2881406.463808835,14963677.187632125,0.0,2881406.463808835,14963677.187632125,2020-10-31,2020-07-01,3
run_20260811T161321Z_ebb0c846,one_step_202011,one_step_ex_ante,drift,2008-01,2020-10,2020-11,2020-11,0.0013509000418707728,,1.0,496481.1564625851,496481.1564625851,39.31723652789769,48.93771513299115,39.3172365278977,1.267032180635904,0.671368576124691,,-496481.1564625851,1.0,496481.1564625851,496481.1564625851,39.31723652789769,48.93771513299115,39.3172365278977,1.267032180635904,0.671368576124691,,-496481.1564625851,1.0,1742760.0,1742760.0,138.01230165423752,81.66111172806619,138.01230165423752,4.447566588141867,2.3566539927991017,,1742760.0,0.7151178840100845,0.7151178840100845,1.0,12876412.460510666,12876412.460510666,1.0,12876412.460510666,12876412.460510666,2020-10-31,2020-07-01,3
run_20260811T161321Z_ebb0c846,one_step_202011,one_step_ex_ante,same_month_historical_mean,2008-01,2020-10,2020-11,2020-11,0.0018669000128284097,,1.0,951426.1666666665,951426.1666666665,75.34515086169917,54.72778483725225,75.34515086169917,2.428063089553674,1.2865697368131832,,951426.1666666665,1.0,951426.1666666665,951426.1666666665,75.34515086169917,54.72778483725225,75.34515086169917,2.428063089553674,1.2865697368131832,,951426.1666666665,1.0,1742760.0,1742760.0,138.01230165423752,81.66111172806619,138.01230165423752,4.447566588141867,2.3566539927991017,,1742760.0,0.454069311513538,0.454069311513538,1.0,2623623.52268329,2623623.52268329,1.0,2623623.52268329,2623623.52268329,2020-10-31,2020-07-01,3
run_20260811T161321Z_ebb0c846,one_step_202011,one_step_ex_ante,seasonal_moving_average_3,2008-01,2020-10,2020-11,2020-11,0.0236981000052765,,1.0,1396837.6666666665,1396837.6666666665,110.61808936055525,71.22449924811264,110.61808936055525,3.5647642448327437,1.8888791712239092,,1396837.6666666665,1.0,1396837.6666666665,1396837.6666666665,110.61808936055525,71.22449924811264,110.61808936055525,3.5647642448327437,1.8888791712239092,,1396837.6666666665,1.0,1742760.0,1742760.0,138.01230165423752,81.66111172806619,138.01230165423752,4.447566588141867,2.3566539927991017,,1742760.0,0.19849109076025007,0.19849109076025007,1.0,2846972.1063019745,2846972.1063019745,1.0,2846972.1063019745,2846972.1063019745,2020-10-31,2020-07-01,3
run_20260811T161321Z_ebb0c846,one_step_202012,one_step_ex_ante,naive_last,2008-01,2020-11,2020-12,2020-12,0.0014102999120950699,,1.0,1228101.0,1228101.0,127.28862290840948,77.78371382254295,127.28862290840948,2.8389288576900196,1.3701509203818658,,1228101.0,1.0,1228101.0,1228101.0,127.28862290840948,77.78371382254295,127.28862290840948,2.8389288576900196,1.3701509203818658,,1228101.0,1.0,1433513.0,1433513.0,148.57890001824182,85.24836128088441,148.57890001824182,3.3137676979122994,1.5993221700245903,,1433513.0,0.14329273609656834,0.14329273609656834,1.0,7259572.911797471,7259572.911797471,1.0,7259572.911797471,7259572.911797471,2020-11-30,2020-08-01,3
run_20260811T161321Z_ebb0c846,one_step_202012,one_step_ex_ante,seasonal_naive,2008-01,2020-11,2020-12,2020-12,0.0015677000628784299,,1.0,1433513.0,1433513.0,148.57890001824182,85.24836128088441,148.57890001824182,3.3137676979122994,1.5993221700245903,,1433513.0,1.0,1433513.0,1433513.0,148.57890001824182,85.24836128088441,148.57890001824182,3.3137676979122994,1.5993221700245903,,1433513.0,1.0,1433513.0,1433513.0,148.57890001824182,85.24836128088441,148.57890001824182,3.3137676979122994,1.5993221700245903,,1433513.0,0.0,0.0,1.0,3518980.0310410857,3518980.0310410857,1.0,3518980.0310410857,3518980.0310410857,2020-11-30,2020-08-01,3
run_20260811T161321Z_ebb0c846,one_step_202012,one_step_ex_ante,drift,2008-01,2020-11,2020-12,2020-12,0.0013216000515967607,,1.0,1255673.4594594594,1255673.4594594594,130.14641749923916,78.84163546892894,130.1464174992392,2.9026664906998025,1.40091258469577,,1255673.4594594594,1.0,1255673.4594594594,1255673.4594594594,130.14641749923916,78.84163546892894,130.1464174992392,2.9026664906998025,1.40091258469577,,1255673.4594594594,1.0,1433513.0,1433513.0,148.57890001824182,85.24836128088441,148.57890001824182,3.3137676979122994,1.5993221700245903,,1433513.0,0.1240585474568704,0.1240585474568704,1.0,12374539.788107589,12374539.788107589,1.0,12374539.788107589,12374539.788107589,2020-11-30,2020-08-01,3
run_20260811T161321Z_ebb0c846,one_step_202012,one_step_ex_ante,same_month_historical_mean,2008-01,2020-11,2020-12,2020-12,0.0024404999567195773,,1.0,737384.8333333333,737384.8333333333,76.42750880306019,55.296601365033254,76.42750880306019,1.7045691539807761,0.8226754217017128,,737384.8333333333,1.0,737384.8333333333,737384.8333333333,76.42750880306019,55.296601365033254,76.42750880306019,1.7045691539807761,0.8226754217017128,,737384.8333333333,1.0,1433513.0,1433513.0,148.57890001824182,85.24836128088441,148.57890001824182,3.3137676979122994,1.5993221700245903,,1433513.0,0.485609943311757,0.485609943311757,1.0,2867191.0444214204,2867191.0444214204,1.0,2867191.0444214204,2867191.0444214204,2020-11-30,2020-08-01,3
run_20260811T161321Z_ebb0c846,one_step_202012,one_step_ex_ante,seasonal_moving_average_3,2008-01,2020-11,2020-12,2020-12,0.023896400001831353,,1.0,1242028.3333333335,1242028.3333333335,128.73214512749928,78.32038760771042,128.73214512749928,2.871123855097129,1.3856891770766586,,1242028.3333333335,1.0,1242028.3333333335,1242028.3333333335,128.73214512749928,78.32038760771042,128.73214512749928,2.871123855097129,1.3856891770766586,,1242028.3333333335,1.0,1433513.0,1433513.0,148.57890001824182,85.24836128088441,148.57890001824182,3.3137676979122994,1.5993221700245903,,1433513.0,0.1335772097404534,0.1335772097404534,1.0,3327080.005915365,3327080.005915365,1.0,3327080.005915365,3327080.005915365,2020-11-30,2020-08-01,3
run_20260811T161321Z_ebb0c846,one_step_202101,one_step_ex_ante,naive_last,2008-01,2020-12,2021-01,2021-01,0.0013207999290898442,,1.0,1804263.0,1804263.0,217.39889533118375,104.16840953002011,217.39889533118375,3.928944088291974,1.8812383614320913,,1804263.0,1.0,1804263.0,1804263.0,217.39889533118375,104.16840953002011,217.39889533118375,3.928944088291974,1.8812383614320913,,1804263.0,1.0,1699491.0,1699491.0,204.77472853197614,101.17960144134811,204.7747285319761,3.70079368559651,1.7719964684242744,,1699491.0,-0.061649046685154474,-0.061649046685154474,1.0,7240382.870627262,7240382.870627262,1.0,7240382.870627262,7240382.870627262,2020-12-31,2020-09-01,3
run_20260811T161321Z_ebb0c846,one_step_202101,one_step_ex_ante,seasonal_naive,2008-01,2020-12,2021-01,2021-01,0.0014792999718338251,,1.0,1699491.0,1699491.0,204.77472853197614,101.17960144134811,204.7747285319761,3.70079368559651,1.7719964684242744,,1699491.0,1.0,1699491.0,1699491.0,204.77472853197614,101.17960144134811,204.7747285319761,3.70079368559651,1.7719964684242744,,1699491.0,1.0,1699491.0,1699491.0,204.77472853197614,101.17960144134811,204.7747285319761,3.70079368559651,1.7719964684242744,,1699491.0,0.0,0.0,1.0,3771619.65899528,3771619.65899528,1.0,3771619.65899528,3771619.65899528,2020-12-31,2020-09-01,3
run_20260811T161321Z_ebb0c846,one_step_202101,one_step_ex_ante,drift,2008-01,2020-12,2021-01,2021-01,0.0012360000982880592,,1.0,1843496.798657718,1843496.798657718,222.1262463259301,105.24161824063555,222.12624632593008,4.014379194647023,1.9221459935786256,,1843496.798657718,1.0,1843496.798657718,1843496.798657718,222.1262463259301,105.24161824063555,222.12624632593008,4.014379194647023,1.9221459935786256,,1843496.798657718,1.0,1699491.0,1699491.0,204.77472853197614,101.17960144134811,204.7747285319761,3.70079368559651,1.7719964684242744,,1699491.0,-0.08473466388331463,-0.08473466388331463,1.0,12381870.860110022,12381870.860110022,1.0,12381870.860110022,12381870.860110022,2020-12-31,2020-09-01,3
run_20260811T161321Z_ebb0c846,one_step_202101,one_step_ex_ante,same_month_historical_mean,2008-01,2020-12,2021-01,2021-01,0.001863999990746379,,1.0,787622.6153846155,787622.6153846155,94.90206611922609,64.36175057577121,94.90206611922609,1.7151187041581235,0.8212249979038602,,787622.6153846155,1.0,787622.6153846155,787622.6153846155,94.90206611922609,64.36175057577121,94.90206611922609,1.7151187041581235,0.8212249979038602,,787622.6153846155,1.0,1699491.0,1699491.0,204.77472853197614,101.17960144134811,204.7747285319761,3.70079368559651,1.7719964684242744,,1699491.0,0.5365538179463054,0.5365538179463054,1.0,2952786.461226957,2952786.461226957,1.0,2952786.461226957,2952786.461226957,2020-12-31,2020-09-01,3
run_20260811T161321Z_ebb0c846,one_step_202101,one_step_ex_ante,seasonal_moving_average_3,2008-01,2020-12,2021-01,2021-01,0.024878300027921796,,1.0,1437085.3333333335,1437085.3333333335,173.15699760140993,92.80651238724388,173.15699760140993,3.129381872138985,1.498395775847585,,1437085.3333333335,1.0,1437085.3333333335,1437085.3333333335,173.15699760140993,92.80651238724388,173.15699760140993,3.129381872138985,1.498395775847585,,1437085.3333333335,1.0,1699491.0,1699491.0,204.77472853197614,101.17960144134811,204.7747285319761,3.70079368559651,1.7719964684242744,,1699491.0,0.15440250443613202,0.15440250443613202,1.0,3520809.530588936,3520809.530588936,1.0,3520809.530588936,3520809.530588936,2020-12-31,2020-09-01,3
run_20260811T161321Z_ebb0c846,one_step_202102,one_step_ex_ante,naive_last,2008-01,2021-01,2021-02,2021-02,0.0012299000518396497,,1.0,1627998.0,1627998.0,223.8948957952267,105.63698596804282,223.8948957952267,3.4051772053282754,1.6432068724898772,,1627998.0,1.0,1627998.0,1627998.0,223.8948957952267,105.63698596804282,223.8948957952267,3.4051772053282754,1.6432068724898772,,1627998.0,1.0,1324797.0,1324797.0,182.19634561272738,95.34175180070592,182.19634561272736,2.7709914545885703,1.3371733472977068,,1324797.0,-0.22886600739585017,-0.22886600739585017,1.0,7218414.340031112,7218414.340031112,1.0,7218414.340031112,7218414.340031112,2021-01-31,2020-10-01,3
run_20260811T161321Z_ebb0c846,one_step_202102,one_step_ex_ante,seasonal_naive,2008-01,2021-01,2021-02,2021-02,0.0019977999618276954,,1.0,1324797.0,1324797.0,182.19634561272738,95.34175180070592,182.19634561272736,2.7709914545885703,1.3371733472977068,,1324797.0,1.0,1324797.0,1324797.0,182.19634561272738,95.34175180070592,182.19634561272736,2.7709914545885703,1.3371733472977068,,1324797.0,1.0,1324797.0,1324797.0,182.19634561272738,95.34175180070592,182.19634561272736,2.7709914545885703,1.3371733472977068,,1324797.0,0.0,0.0,1.0,3897629.1428488176,3897629.1428488176,1.0,3897629.1428488176,3897629.1428488176,2021-01-31,2020-10-01,3
run_20260811T161321Z_ebb0c846,one_step_202102,one_step_ex_ante,drift,2008-01,2021-01,2021-02,2021-02,0.0016537000192329288,,1.0,1659528.3466666667,1659528.3466666667,228.23119330991693,106.5925121175107,228.23119330991693,3.471127174397913,1.6750317778857409,,1659528.3466666667,1.0,1659528.3466666667,1659528.3466666667,228.23119330991693,106.5925121175107,228.23119330991693,3.471127174397913,1.6750317778857409,,1659528.3466666667,1.0,1324797.0,1324797.0,182.19634561272738,95.34175180070592,182.19634561272736,2.7709914545885703,1.3371733472977068,,1324797.0,-0.2526661418063798,-0.2526661418063798,1.0,12341710.809928596,12341710.809928596,1.0,12341710.809928596,12341710.809928596,2021-01-31,2020-10-01,3
run_20260811T161321Z_ebb0c846,one_step_202102,one_step_ex_ante,same_month_historical_mean,2008-01,2021-01,2021-02,2021-02,0.0019456000300124288,,1.0,731760.923076923,731760.923076923,100.63743052468527,66.94936844627,100.63743052468527,1.5305765824107374,0.738597085389255,,731760.923076923,1.0,731760.923076923,731760.923076923,100.63743052468527,66.94936844627,100.63743052468527,1.5305765824107374,0.738597085389255,,731760.923076923,1.0,1324797.0,1324797.0,182.19634561272738,95.34175180070592,182.19634561272736,2.7709914545885703,1.3371733472977068,,1324797.0,0.4476429799607615,0.4476429799607615,1.0,2985962.6918177716,2985962.6918177716,1.0,2985962.6918177716,2985962.6918177716,2021-01-31,2020-10-01,3
run_20260811T161321Z_ebb0c846,one_step_202102,one_step_ex_ante,seasonal_moving_average_3,2008-01,2021-01,2021-02,2021-02,0.02579009998589754,,1.0,1207441.3333333333,1207441.3333333333,166.05668526958647,90.7273064264854,166.05668526958647,2.525526262954774,1.21872133569063,,1207441.3333333333,1.0,1207441.3333333333,1207441.3333333333,166.05668526958647,90.7273064264854,166.05668526958647,2.525526262954774,1.21872133569063,,1207441.3333333333,1.0,1324797.0,1324797.0,182.19634561272738,95.34175180070592,182.19634561272736,2.7709914545885703,1.3371733472977068,,1324797.0,0.08858388618533009,0.08858388618533009,1.0,3605122.141554212,3605122.141554212,1.0,3605122.141554212,3605122.141554212,2021-01-31,2020-10-01,3
run_20260811T161321Z_ebb0c846,one_step_202103,one_step_ex_ante,naive_last,2008-01,2021-02,2021-03,2021-03,0.0012684999965131283,,1.0,219346.0,219346.0,21.022013377278945,19.02255169614703,21.022013377278945,0.4502838699405614,0.2197575974050655,,219346.0,1.0,219346.0,219346.0,21.022013377278945,19.02255169614703,21.022013377278945,0.4502838699405614,0.2197575974050655,,219346.0,1.0,14657.0,14657.0,1.4047197125581385,1.3949223380295497,1.4047197125581385,0.030088584618451254,0.014684503502074555,,14657.0,-13.965272566009416,-13.965272566009416,1.0,7228477.010303836,7228477.010303836,1.0,7228477.010303836,7228477.010303836,2021-02-28,2020-11-01,3
run_20260811T161321Z_ebb0c846,one_step_202103,one_step_ex_ante,seasonal_naive,2008-01,2021-02,2021-03,2021-03,0.0017668000655248761,,1.0,14657.0,14657.0,1.4047197125581385,1.3949223380295497,1.4047197125581385,0.030088584618451254,0.014684503502074555,,14657.0,1.0,14657.0,14657.0,1.4047197125581385,1.3949223380295497,1.4047197125581385,0.030088584618451254,0.014684503502074555,,14657.0,1.0,14657.0,14657.0,1.4047197125581385,1.3949223380295497,1.4047197125581385,0.030088584618451254,0.014684503502074555,,14657.0,0.0,0.0,1.0,3926542.675032364,3926542.675032364,1.0,3926542.675032364,3926542.675032364,2021-02-28,2020-11-01,3
run_20260811T161321Z_ebb0c846,one_step_202103,one_step_ex_ante,drift,2008-01,2021-02,2021-03,2021-03,0.0014372000005096197,,1.0,221730.6622516557,221730.6622516557,21.250558241350312,19.20949570501804,21.250558241350312,0.4551792176887615,0.2221467344171214,,221730.6622516557,1.0,221730.6622516557,221730.6622516557,21.250558241350312,19.20949570501804,21.250558241350312,0.4551792176887615,0.2221467344171214,,221730.6622516557,1.0,14657.0,14657.0,1.4047197125581385,1.3949223380295497,1.4047197125581385,0.030088584618451254,0.014684503502074555,,14657.0,-14.127970406744607,-14.127970406744607,1.0,12538514.44664691,12538514.44664691,1.0,12538514.44664691,12538514.44664691,2021-02-28,2020-11-01,3
run_20260811T161321Z_ebb0c846,one_step_202103,one_step_ex_ante,same_month_historical_mean,2008-01,2021-02,2021-03,2021-03,0.0021118000149726868,,1.0,747417.2307692308,747417.2307692308,71.63210190128633,52.74200022743859,71.63210190128633,1.5343335330073349,0.7488197409252667,,747417.2307692308,1.0,747417.2307692308,747417.2307692308,71.63210190128633,52.74200022743859,71.63210190128633,1.5343335330073349,0.7488197409252667,,747417.2307692308,1.0,14657.0,14657.0,1.4047197125581385,1.3949223380295497,1.4047197125581385,0.030088584618451254,0.014684503502074555,,14657.0,-49.993875333917636,-49.993875333917636,1.0,2990310.3621679926,2990310.3621679926,1.0,2990310.3621679926,2990310.3621679926,2021-02-28,2020-11-01,3
run_20260811T161321Z_ebb0c846,one_step_202103,one_step_ex_ante,seasonal_moving_average_3,2008-01,2021-02,2021-03,2021-03,0.0242821000283584,,1.0,890333.6666666667,890333.6666666667,85.32914322991293,59.81102544520402,85.32914322991292,1.8277191695542043,0.8920043560197548,,890333.6666666667,1.0,890333.6666666667,890333.6666666667,85.32914322991293,59.81102544520402,85.32914322991292,1.8277191695542043,0.8920043560197548,,890333.6666666667,1.0,14657.0,14657.0,1.4047197125581385,1.3949223380295497,1.4047197125581385,0.030088584618451254,0.014684503502074555,,14657.0,-59.74460439835347,-59.74460439835347,1.0,3627220.963339525,3627220.963339525,1.0,3627220.963339525,3627220.963339525,2021-02-28,2020-11-01,3
run_20260811T161321Z_ebb0c846,one_step_202104,one_step_ex_ante,naive_last,2008-01,2021-03,2021-04,2021-04,0.0011819000355899334,,1.0,214746.0,214746.0,18.205571220503884,20.02874493209686,18.20557122050388,0.43484915656670753,0.21434276005744637,,-214746.0,0.0,,,,,,,,,,0.0,,,,,,,,,,,,1.0,7207002.587330591,7207002.587330591,,,,2021-03-31,2020-12-01,3
run_20260811T161321Z_ebb0c846,one_step_202104,one_step_ex_ante,seasonal_naive,2008-01,2021-03,2021-04,2021-04,0.0014479999663308263,,0.0,,,,,,,,,,0.0,,,,,,,,,,0.0,,,,,,,,,,,,,,,,,,2021-03-31,2020-12-01,3
run_20260811T161321Z_ebb0c846,one_step_202104,one_step_ex_ante,drift,2008-01,2021-03,2021-04,2021-04,0.0012524999910965562,,1.0,220217.57894736843,220217.57894736843,18.669436532150783,20.591604829442847,18.669436532150783,0.44592881109043003,0.21980406473111277,,-220217.57894736843,0.0,,,,,,,,,,0.0,,,,,,,,,,,,1.0,12685927.34164233,12685927.34164233,,,,2021-03-31,2020-12-01,3
run_20260811T161321Z_ebb0c846,one_step_202104,one_step_ex_ante,same_month_historical_mean,2008-01,2021-03,2021-04,2021-04,0.0024672000436112285,,1.0,1151503.9166666665,1151503.9166666665,97.6213133914679,65.60102317878318,97.6213133914679,2.3317338015411706,1.149341676749709,,1151503.9166666665,0.0,,,,,,,,,,0.0,,,,,,,,,,,,1.0,2988957.351754605,2988957.351754605,,,,2021-03-31,2020-12-01,3
run_20260811T161321Z_ebb0c846,one_step_202104,one_step_ex_ante,seasonal_moving_average_3,2008-01,2021-03,2021-04,2021-04,0.024946799967437983,,1.0,1625559.0,1625559.0,137.8103906365244,81.59037996247129,137.8103906365244,3.2916699733611825,1.6225066017351777,,1625559.0,0.0,,,,,,,,,,0.0,,,,,,,,,,,,1.0,3641761.0473090503,3641761.0473090503,,,,2021-03-31,2020-12-01,3
run_20260811T161321Z_ebb0c846,one_step_202105,one_step_ex_ante,naive_last,2008-01,2021-04,2021-05,2021-05,0.0012694000033661723,,1.0,195627.0,195627.0,19.07515803576391,21.086278510647585,19.07515803576391,0.38943866184559045,0.19398152198991425,,-195627.0,0.0,,,,,,,,,,0.0,,,,,,,,,,,,1.0,7183754.675621275,7183754.675621275,,,,2021-04-30,2021-01-01,3
run_20260811T161321Z_ebb0c846,one_step_202105,one_step_ex_ante,seasonal_naive,2008-01,2021-04,2021-05,2021-05,0.0014048999873921275,,0.0,,,,,,,,,,0.0,,,,,,,,,,0.0,,,,,,,,,,,,,,,,,,2021-04-30,2021-01-01,3
run_20260811T161321Z_ebb0c846,one_step_202105,one_step_ex_ante,drift,2008-01,2021-04,2021-05,2021-05,0.0013627000153064728,,1.0,204589.19607843133,204589.19607843133,19.949042042284386,22.159328968379445,19.949042042284383,0.40727988850644037,0.2028683343198388,,-204589.19607843133,0.0,,,,,,,,,,0.0,,,,,,,,,,,,1.0,12774052.07212868,12774052.07212868,,,,2021-04-30,2021-01-01,3
run_20260811T161321Z_ebb0c846,one_step_202105,one_step_ex_ante,same_month_historical_mean,2008-01,2021-04,2021-05,2021-05,0.001824399922043085,,1.0,2311971.3333333335,2311971.3333333335,225.43523418285378,105.97863837763883,225.43523418285378,4.602488522947747,2.292524641471021,,2311971.3333333335,0.0,,,,,,,,,,0.0,,,,,,,,,,,,0.0,2988867.0943623846,35690378.54044804,,,,2021-04-30,2021-01-01,3
run_20260811T161321Z_ebb0c846,one_step_202105,one_step_ex_ante,seasonal_moving_average_3,2008-01,2021-04,2021-05,2021-05,0.023817299981601536,,1.0,2676322.0,2676322.0,260.9622654571799,113.22500126918585,260.9622654571799,5.327808831847927,2.653810644211133,,2676322.0,0.0,,,,,,,,,,0.0,,,,,,,,,,,,0.0,3663970.0045905244,37437449.91278004,,,,2021-04-30,2021-01-01,3
run_20260811T161321Z_ebb0c846,one_step_202106,one_step_ex_ante,naive_last,2008-01,2021-05,2021-06,2021-06,0.0013303000014275312,,1.0,1133963.0,1133963.0,60.93007910959659,87.62510069681228,60.93007910959658,2.2318493876287135,1.1215826312875739,,-1133963.0,0.0,,,,,,,,,,0.0,,,,,,,,,,,,1.0,7160521.723050615,7160521.723050615,,,,2021-05-31,2021-02-01,3
run_20260811T161321Z_ebb0c846,one_step_202106,one_step_ex_ante,seasonal_naive,2008-01,2021-05,2021-06,2021-06,0.0014464000705629587,,0.0,,,,,,,,,,0.0,,,,,,,,,,0.0,,,,,,,,,,,,,,,,,,2021-05-31,2021-02-01,3
run_20260811T161321Z_ebb0c846,one_step_202106,one_step_ex_ante,drift,2008-01,2021-05,2021-06,2021-06,0.0015038000419735909,,1.0,1145537.2857142857,1145537.2857142857,61.55198841722699,88.91711439340868,61.551988417226994,2.2546297274490326,1.1330305513931704,,-1145537.2857142857,0.0,,,,,,,,,,0.0,,,,,,,,,,,,1.0,12849226.763668116,12849226.763668116,,,,2021-05-31,2021-02-01,3
run_20260811T161321Z_ebb0c846,one_step_202106,one_step_ex_ante,same_month_historical_mean,2008-01,2021-05,2021-06,2021-06,0.002137299976311624,,1.0,2018182.75,2018182.75,108.44095849258149,70.3155372247293,108.44095849258149,3.9721577641513286,1.9961486566706248,,2018182.75,0.0,,,,,,,,,,0.0,,,,,,,,,,,,0.0,2987462.1629940346,23965528.903113343,,,,2021-05-31,2021-02-01,3
run_20260811T161321Z_ebb0c846,one_step_202106,one_step_ex_ante,seasonal_moving_average_3,2008-01,2021-05,2021-06,2021-06,0.023838600027374923,,1.0,2529817.333333333,2529817.333333333,135.93209853657365,80.92831803137409,135.93209853657365,4.979149466263453,2.502197321603009,,2529817.333333333,0.0,,,,,,,,,,0.0,,,,,,,,,,,,0.0,3675776.204639647,31352945.445180025,,,,2021-05-31,2021-02-01,3
run_20260811T161321Z_ebb0c846,one_step_202107,one_step_ex_ante,naive_last,2008-01,2021-06,2021-07,2021-07,0.0012372999917715788,,1.0,2692121.0,2692121.0,72.06794105899775,112.66595981580028,72.06794105899776,5.3345701135737285,2.672021048847162,,-2692121.0,1.0,2692121.0,2692121.0,72.06794105899775,112.66595981580028,72.06794105899776,5.3345701135737285,2.672021048847162,,-2692121.0,1.0,2958489.0,2958489.0,79.19859875380536,131.12198689218462,79.19859875380534,5.862391400957322,2.9364002883907485,,-2958489.0,0.09003514969972848,0.09003514969972848,1.0,7140064.88664506,7140064.88664506,1.0,7140064.88664506,7140064.88664506,2021-06-30,2021-03-01,3
run_20260811T161321Z_ebb0c846,one_step_202107,one_step_ex_ante,seasonal_naive,2008-01,2021-06,2021-07,2021-07,0.0016288000624626875,,1.0,2958489.0,2958489.0,79.19859875380536,131.12198689218462,79.19859875380534,5.862391400957322,2.9364002883907485,,-2958489.0,1.0,2958489.0,2958489.0,79.19859875380536,131.12198689218462,79.19859875380534,5.862391400957322,2.9364002883907485,,-2958489.0,1.0,2958489.0,2958489.0,79.19859875380536,131.12198689218462,79.19859875380534,5.862391400957322,2.9364002883907485,,-2958489.0,0.0,0.0,0.0,3960423.1842931435,43091519.498430274,0.0,3960423.1842931435,43091519.498430274,2021-06-30,2021-03-01,3
run_20260811T161321Z_ebb0c846,one_step_202107,one_step_ex_ante,drift,2008-01,2021-06,2021-07,2021-07,0.0012492999667301774,,1.0,2695458.419354839,2695458.419354839,72.15728360391074,112.88446559653677,72.15728360391073,5.341183374102058,2.6753335503153197,,-2695458.419354839,1.0,2695458.419354839,2695458.419354839,72.15728360391074,112.88446559653677,72.15728360391073,5.341183374102058,2.6753335503153197,,-2695458.419354839,1.0,2958489.0,2958489.0,79.19859875380536,131.12198689218462,79.19859875380534,5.862391400957322,2.9364002883907485,,-2958489.0,0.08890706730535802,0.08890706730535802,1.0,12746624.840997176,12746624.840997176,1.0,12746624.840997176,12746624.840997176,2021-06-30,2021-03-01,3
run_20260811T161321Z_ebb0c846,one_step_202107,one_step_ex_ante,same_month_historical_mean,2008-01,2021-06,2021-07,2021-07,0.001892999978736043,,1.0,837858.307692308,837858.307692308,22.429423913175096,20.16767702633657,22.429423913175096,1.6602574281114584,0.8316026783734122,,837858.307692308,1.0,837858.307692308,837858.307692308,22.429423913175096,20.16767702633657,22.429423913175096,1.6602574281114584,0.8316026783734122,,837858.307692308,1.0,2958489.0,2958489.0,79.19859875380536,131.12198689218462,79.19859875380534,5.862391400957322,2.9364002883907485,,-2958489.0,0.7167951925147236,0.7167951925147236,1.0,2986431.649677176,2986431.649677176,1.0,2986431.649677176,2986431.649677176,2021-06-30,2021-03-01,3
run_20260811T161321Z_ebb0c846,one_step_202107,one_step_ex_ante,seasonal_moving_average_3,2008-01,2021-06,2021-07,2021-07,0.02507910004351288,,1.0,662155.666666667,662155.666666667,17.725873226803223,16.28274395146261,17.725873226803223,1.3120940068940028,0.6572118708433831,,662155.666666667,1.0,662155.666666667,662155.666666667,17.725873226803223,16.28274395146261,17.725873226803223,1.3120940068940028,0.6572118708433831,,662155.666666667,1.0,2958489.0,2958489.0,79.19859875380536,131.12198689218462,79.19859875380534,5.862391400957322,2.9364002883907485,,-2958489.0,0.7761845095024295,0.7761845095024295,1.0,3676647.7183060087,3676647.7183060087,1.0,3676647.7183060087,3676647.7183060087,2021-06-30,2021-03-01,3
run_20260811T161321Z_ebb0c846,one_step_202108,one_step_ex_ante,naive_last,2008-01,2021-07,2021-08,2021-08,0.0013306000037118793,,1.0,4319495.0,4319495.0,78.54974043731498,129.35293958226993,78.54974043731498,8.559291700756077,4.28724472651492,,-4319495.0,1.0,4319495.0,4319495.0,78.54974043731498,129.35293958226993,78.54974043731498,8.559291700756077,4.28724472651492,,-4319495.0,1.0,3306140.0,3306140.0,60.12194454431005,85.96336909095116,60.121944544310054,6.551278948936785,3.2814556516722524,,-3306140.0,-0.3065069839752703,-0.3065069839752703,0.0,7117514.544289086,37547023.65850736,0.0,7117514.544289086,37547023.65850736,2021-07-31,2021-04-01,3
run_20260811T161321Z_ebb0c846,one_step_202108,one_step_ex_ante,seasonal_naive,2008-01,2021-07,2021-08,2021-08,0.0021861999994143844,,1.0,3306140.0,3306140.0,60.12194454431005,85.96336909095116,60.121944544310054,6.551278948936785,3.2814556516722524,,-3306140.0,1.0,3306140.0,3306140.0,60.12194454431005,85.96336909095116,60.121944544310054,6.551278948936785,3.2814556516722524,,-3306140.0,1.0,3306140.0,3306140.0,60.12194454431005,85.96336909095116,60.121944544310054,6.551278948936785,3.2814556516722524,,-3306140.0,0.0,0.0,0.0,3960423.1842931435,56997559.498430274,0.0,3960423.1842931435,56997559.498430274,2021-07-31,2021-04-01,3
run_20260811T161321Z_ebb0c846,one_step_202108,one_step_ex_ante,drift,2008-01,2021-07,2021-08,2021-08,0.0013322000158950686,,1.0,4319319.974358974,4319319.974358974,78.546557607222,129.34430850169568,78.546557607222,8.558944878843642,4.287071007652762,,-4319319.974358974,1.0,4319319.974358974,4319319.974358974,78.546557607222,129.34430850169568,78.546557607222,8.558944878843642,4.287071007652762,,-4319319.974358974,1.0,3306140.0,3306140.0,60.12194454431005,85.96336909095116,60.121944544310054,6.551278948936785,3.2814556516722524,,-3306140.0,-0.30645404440192303,-0.30645404440192303,1.0,12725476.0673587,12725476.0673587,1.0,12725476.0673587,12725476.0673587,2021-07-31,2021-04-01,3
run_20260811T161321Z_ebb0c846,one_step_202108,one_step_ex_ante,same_month_historical_mean,2008-01,2021-07,2021-08,2021-08,0.0023522000992670655,,1.0,201565.0,201565.0,3.6654466393056118,3.599478163615225,3.6654466393056118,0.3994109569898562,0.20006007260107483,,201565.0,1.0,201565.0,201565.0,3.6654466393056118,3.599478163615225,3.6654466393056118,0.3994109569898562,0.20006007260107483,,201565.0,1.0,3306140.0,3306140.0,60.12194454431005,85.96336909095116,60.121944544310054,6.551278948936785,3.2814556516722524,,-3306140.0,0.9390331322932484,0.9390331322932484,1.0,2997025.4513766244,2997025.4513766244,1.0,2997025.4513766244,2997025.4513766244,2021-07-31,2021-04-01,3
run_20260811T161321Z_ebb0c846,one_step_202108,one_step_ex_ante,seasonal_moving_average_3,2008-01,2021-07,2021-08,2021-08,0.02545680000912398,,1.0,305109.666666667,305109.666666667,5.548399783211321,5.398630968728661,5.548399783211321,0.6045898045304963,0.3028316526411983,,305109.666666667,1.0,305109.666666667,305109.666666667,5.548399783211321,5.398630968728661,5.548399783211321,0.6045898045304963,0.3028316526411983,,305109.666666667,1.0,3306140.0,3306140.0,60.12194454431005,85.96336909095116,60.121944544310054,6.551278948936785,3.2814556516722524,,-3306140.0,0.9077142327104518,0.9077142327104518,1.0,3705459.0724512003,3705459.0724512003,1.0,3705459.0724512003,3705459.0724512003,2021-07-31,2021-04-01,3
run_20260811T161321Z_ebb0c846,one_step_202109,one_step_ex_ante,naive_last,2008-01,2021-08,2021-09,2021-09,0.0012244000099599361,,1.0,3380524.0,3380524.0,76.72401995150796,124.47521394083041,76.72401995150796,6.698674501858838,3.3552842848196653,,-3380524.0,1.0,3380524.0,3380524.0,76.72401995150796,124.47521394083041,76.72401995150796,6.698674501858838,3.3552842848196653,,-3380524.0,1.0,1771888.0,1771888.0,40.21458515420613,50.335739583010785,40.21458515420613,3.511083182888112,1.7586587052363916,,-1771888.0,-0.9078655084294267,-0.9078655084294267,1.0,7095320.0174499005,7095320.0174499005,1.0,7095320.0174499005,7095320.0174499005,2021-08-31,2021-05-01,3
run_20260811T161321Z_ebb0c846,one_step_202109,one_step_ex_ante,seasonal_naive,2008-01,2021-08,2021-09,2021-09,0.0014233000110834837,,1.0,1771888.0,1771888.0,40.21458515420613,50.335739583010785,40.21458515420613,3.511083182888112,1.7586587052363916,,-1771888.0,1.0,1771888.0,1771888.0,40.21458515420613,50.335739583010785,40.21458515420613,3.511083182888112,1.7586587052363916,,-1771888.0,1.0,1771888.0,1771888.0,40.21458515420613,50.335739583010785,40.21458515420613,3.511083182888112,1.7586587052363916,,-1771888.0,0.0,0.0,1.0,3960423.1842931435,3960423.1842931435,1.0,3960423.1842931435,3960423.1842931435,2021-08-31,2021-05-01,3
run_20260811T161321Z_ebb0c846,one_step_202109,one_step_ex_ante,drift,2008-01,2021-08,2021-09,2021-09,0.0016810999950394034,,1.0,3384273.732484076,3384273.732484076,76.80912348868772,124.69937005705862,76.8091234886877,6.706104781123198,3.359006020999056,,-3384273.732484076,1.0,3384273.732484076,3384273.732484076,76.80912348868772,124.69937005705862,76.8091234886877,6.706104781123198,3.359006020999056,,-3384273.732484076,1.0,1771888.0,1771888.0,40.21458515420613,50.335739583010785,40.21458515420613,3.511083182888112,1.7586587052363916,,-1771888.0,-0.9099817440402984,-0.9099817440402984,1.0,12777210.68423766,12777210.68423766,1.0,12777210.68423766,12777210.68423766,2021-08-31,2021-05-01,3
run_20260811T161321Z_ebb0c846,one_step_202109,one_step_ex_ante,same_month_historical_mean,2008-01,2021-08,2021-09,2021-09,0.0020436999620869756,,1.0,453617.307692308,453617.307692308,10.295251081114632,9.791234969108807,10.295251081114632,0.898864996266945,0.4502305038574516,,453617.307692308,1.0,453617.307692308,453617.307692308,10.295251081114632,9.791234969108807,10.295251081114632,0.898864996266945,0.4502305038574516,,453617.307692308,1.0,1771888.0,1771888.0,40.21458515420613,50.335739583010785,40.21458515420613,3.511083182888112,1.7586587052363916,,-1771888.0,0.7439921102844491,0.7439921102844491,1.0,3067222.30528689,3067222.30528689,1.0,3067222.30528689,3067222.30528689,2021-08-31,2021-05-01,3
run_20260811T161321Z_ebb0c846,one_step_202109,one_step_ex_ante,seasonal_moving_average_3,2008-01,2021-08,2021-09,2021-09,0.024783300003036857,,1.0,726357.333333333,726357.333333333,16.485330243060176,15.229974450971966,16.485330243060172,1.439312765724538,0.7209341941358356,,726357.333333333,1.0,726357.333333333,726357.333333333,16.485330243060176,15.229974450971966,16.485330243060172,1.439312765724538,0.7209341941358356,,726357.333333333,1.0,1771888.0,1771888.0,40.21458515420613,50.335739583010785,40.21458515420613,3.511083182888112,1.7586587052363916,,-1771888.0,0.590065888287898,0.590065888287898,1.0,3798131.7720932015,3798131.7720932015,1.0,3798131.7720932015,3798131.7720932015,2021-08-31,2021-05-01,3
run_20260811T161321Z_ebb0c846,one_step_202110,one_step_ex_ante,naive_last,2008-01,2021-09,2021-10,2021-10,0.0012260000221431255,,1.0,2545707.0,2545707.0,57.76775235341051,81.2301757291335,57.76775235341051,5.0444435744587395,2.526700207084883,,-2545707.0,1.0,2545707.0,2545707.0,57.76775235341051,81.2301757291335,57.76775235341051,5.0444435744587395,2.526700207084883,,-2545707.0,1.0,2051672.0,2051672.0,46.55699968866269,60.683119587336144,46.55699968866269,4.06548893383917,2.036353778054684,,-2051672.0,-0.24079628712581735,-0.24079628712581735,1.0,7091902.923985854,7091902.923985854,1.0,7091902.923985854,7091902.923985854,2021-09-30,2021-06-01,3
run_20260811T161321Z_ebb0c846,one_step_202110,one_step_ex_ante,seasonal_naive,2008-01,2021-09,2021-10,2021-10,0.0014415000332519412,,1.0,2051672.0,2051672.0,46.55699968866269,60.683119587336144,46.55699968866269,4.06548893383917,2.036353778054684,,-2051672.0,1.0,2051672.0,2051672.0,46.55699968866269,60.683119587336144,46.55699968866269,4.06548893383917,2.036353778054684,,-2051672.0,1.0,2051672.0,2051672.0,46.55699968866269,60.683119587336144,46.55699968866269,4.06548893383917,2.036353778054684,,-2051672.0,0.0,0.0,0.0,3960423.1842931435,6818839.498430274,0.0,3960423.1842931435,6818839.498430274,2021-09-30,2021-06-01,3
run_20260811T161321Z_ebb0c846,one_step_202110,one_step_ex_ante,drift,2008-01,2021-09,2021-10,2021-10,0.0018541000317782164,,1.0,2528280.341772152,2528280.341772152,57.37230272906103,80.45043680411558,57.372302729061026,5.009911794437803,2.509403660014422,,-2528280.341772152,1.0,2528280.341772152,2528280.341772152,57.37230272906103,80.45043680411558,57.372302729061026,5.009911794437803,2.509403660014422,,-2528280.341772152,1.0,2051672.0,2051672.0,46.55699968866269,60.683119587336144,46.55699968866269,4.06548893383917,2.036353778054684,,-2051672.0,-0.2323024059265575,-0.2323024059265575,1.0,12726171.356430477,12726171.356430477,1.0,12726171.356430477,12726171.356430477,2021-09-30,2021-06-01,3
run_20260811T161321Z_ebb0c846,one_step_202110,one_step_ex_ante,same_month_historical_mean,2008-01,2021-09,2021-10,2021-10,0.002072300063446164,,1.0,535370.153846154,535370.153846154,12.14873921656809,12.93442393295833,12.14873921656809,1.06086228011559,0.5313729657773432,,-535370.153846154,1.0,535370.153846154,535370.153846154,12.14873921656809,12.93442393295833,12.14873921656809,1.06086228011559,0.5313729657773432,,-535370.153846154,1.0,2051672.0,2051672.0,46.55699968866269,60.683119587336144,46.55699968866269,4.06548893383917,2.036353778054684,,-2051672.0,0.7390566553298217,0.7390566553298217,1.0,3116721.49620232,3116721.49620232,1.0,3116721.49620232,3116721.49620232,2021-09-30,2021-06-01,3
run_20260811T161321Z_ebb0c846,one_step_202110,one_step_ex_ante,seasonal_moving_average_3,2008-01,2021-09,2021-10,2021-10,0.02487930003553629,,1.0,212110.33333333302,212110.33333333302,4.813255102649023,4.931948739839195,4.8132551026490225,0.42030705342744984,0.2105266722203993,,-212110.33333333302,1.0,212110.33333333302,212110.33333333302,4.813255102649023,4.931948739839195,4.8132551026490225,0.42030705342744984,0.2105266722203993,,-212110.33333333302,1.0,2051672.0,2051672.0,46.55699968866269,60.683119587336144,46.55699968866269,4.06548893383917,2.036353778054684,,-2051672.0,0.8966158658239071,0.8966158658239071,1.0,3875549.3362251124,3875549.3362251124,1.0,3875549.3362251124,3875549.3362251124,2021-09-30,2021-06-01,3
run_20260811T161321Z_ebb0c846,one_step_202111,one_step_ex_ante,naive_last,2008-01,2021-10,2021-11,2021-11,0.0013315000105649233,,1.0,1268850.0,1268850.0,51.43954510553043,40.91603417747275,51.43954510553043,2.4327107794660097,1.227525092841886,,1268850.0,1.0,1268850.0,1268850.0,51.43954510553043,40.91603417747275,51.43954510553043,2.4327107794660097,1.227525092841886,,1268850.0,1.0,1203925.0,1203925.0,48.80746687250323,64.56332976621952,48.80746687250323,2.3082329078840016,1.1647146214285908,,-1203925.0,-0.05392777789314129,-0.05392777789314129,1.0,7164402.058489116,7164402.058489116,1.0,7164402.058489116,7164402.058489116,2021-10-31,2021-07-01,3
run_20260811T161321Z_ebb0c846,one_step_202111,one_step_ex_ante,seasonal_naive,2008-01,2021-10,2021-11,2021-11,0.0014791000867262483,,1.0,1203925.0,1203925.0,48.80746687250323,64.56332976621952,48.80746687250323,2.3082329078840016,1.1647146214285908,,-1203925.0,1.0,1203925.0,1203925.0,48.80746687250323,64.56332976621952,48.80746687250323,2.3082329078840016,1.1647146214285908,,-1203925.0,1.0,1203925.0,1203925.0,48.80746687250323,64.56332976621952,48.80746687250323,2.3082329078840016,1.1647146214285908,,-1203925.0,0.0,0.0,1.0,4065384.9872560697,4065384.9872560697,1.0,4065384.9872560697,4065384.9872560697,2021-10-31,2021-07-01,3
run_20260811T161321Z_ebb0c846,one_step_202111,one_step_ex_ante,drift,2008-01,2021-10,2021-11,2021-11,0.0014079000102356076,,1.0,1333322.8553459118,1333322.8553459118,54.05329326382208,42.55271999776074,54.053293263822084,2.55632177381755,1.2898981454046567,,1333322.8553459118,1.0,1333322.8553459118,1333322.8553459118,54.05329326382208,42.55271999776074,54.053293263822084,2.55632177381755,1.2898981454046567,,1333322.8553459118,1.0,1203925.0,1203925.0,48.80746687250323,64.56332976621952,48.80746687250323,2.3082329078840016,1.1647146214285908,,-1203925.0,-0.10747999696485389,-0.10747999696485389,1.0,13616989.73641435,13616989.73641435,1.0,13616989.73641435,13616989.73641435,2021-10-31,2021-07-01,3
run_20260811T161321Z_ebb0c846,one_step_202111,one_step_ex_ante,same_month_historical_mean,2008-01,2021-10,2021-11,2021-11,0.0018582999473437667,,1.0,325685.4615384615,325685.4615384615,13.20338258188374,14.136639907488204,13.203382581883742,0.6244225345785379,0.315078280657487,,-325685.4615384615,1.0,325685.4615384615,325685.4615384615,13.20338258188374,14.136639907488204,13.203382581883742,0.6244225345785379,0.315078280657487,,-325685.4615384615,1.0,1203925.0,1203925.0,48.80746687250323,64.56332976621952,48.80746687250323,2.3082329078840016,1.1647146214285908,,-1203925.0,0.7294802736561983,0.7294802736561983,1.0,3117026.66201867,3117026.66201867,1.0,3117026.66201867,3117026.66201867,2021-10-31,2021-07-01,3
run_20260811T161321Z_ebb0c846,one_step_202111,one_step_ex_ante,seasonal_moving_average_3,2008-01,2021-10,2021-11,2021-11,0.026170299970544875,,1.0,150784.0,150784.0,6.112826866211372,6.305550560576091,6.112826866211372,0.28909158858100076,0.14587314781027774,,-150784.0,1.0,150784.0,150784.0,6.112826866211372,6.305550560576091,6.112826866211372,0.28909158858100076,0.14587314781027774,,-150784.0,1.0,1203925.0,1203925.0,48.80746687250323,64.56332976621952,48.80746687250323,2.3082329078840016,1.1647146214285908,,-1203925.0,0.8747563178769442,0.8747563178769442,1.0,3868727.8782911827,3868727.8782911827,1.0,3868727.8782911827,3868727.8782911827,2021-10-31,2021-07-01,3
run_20260811T161321Z_ebb0c846,one_step_202112,one_step_ex_ante,naive_last,2008-01,2021-11,2021-12,2021-12,0.0012733000330626965,,1.0,3322423.0,3322423.0,152.64040716078128,86.57000392537948,152.64040716078128,6.145226928612341,3.1171908052872137,,3322423.0,1.0,3322423.0,3322423.0,152.64040716078128,86.57000392537948,152.64040716078128,6.145226928612341,3.1171908052872137,,3322423.0,1.0,1211818.0,1211818.0,55.67394426440091,77.15023317257955,55.6739442644009,2.2414053256244464,1.1369617677464732,,-1211818.0,-1.7416848074545848,-1.7416848074545848,1.0,7223489.313214213,7223489.313214213,1.0,7223489.313214213,7223489.313214213,2021-11-30,2021-08-01,3
run_20260811T161321Z_ebb0c846,one_step_202112,one_step_ex_ante,seasonal_naive,2008-01,2021-11,2021-12,2021-12,0.0016907000681385398,,1.0,1211818.0,1211818.0,55.67394426440091,77.15023317257955,55.6739442644009,2.2414053256244464,1.1369617677464732,,-1211818.0,1.0,1211818.0,1211818.0,55.67394426440091,77.15023317257955,55.6739442644009,2.2414053256244464,1.1369617677464732,,-1211818.0,1.0,1211818.0,1211818.0,55.67394426440091,77.15023317257955,55.6739442644009,2.2414053256244464,1.1369617677464732,,-1211818.0,0.0,0.0,1.0,4192333.363984921,4192333.363984921,1.0,4192333.363984921,4192333.363984921,2021-11-30,2021-08-01,3
run_20260811T161321Z_ebb0c846,one_step_202112,one_step_ex_ante,drift,2008-01,2021-11,2021-12,2021-12,0.0015251999720931053,,1.0,3430581.0250000004,3430581.0250000004,157.609456849429,88.14613474597807,157.609456849429,6.345278399414081,3.218667709657315,,3430581.0250000004,1.0,3430581.0250000004,3430581.0250000004,157.609456849429,88.14613474597807,157.609456849429,6.345278399414081,3.218667709657315,,3430581.0250000004,1.0,1211818.0,1211818.0,55.67394426440091,77.15023317257955,55.6739442644009,2.2414053256244464,1.1369617677464732,,-1211818.0,-1.8309375046417866,-1.8309375046417866,1.0,15470131.804695215,15470131.804695215,1.0,15470131.804695215,15470131.804695215,2021-11-30,2021-08-01,3
run_20260811T161321Z_ebb0c846,one_step_202112,one_step_ex_ante,same_month_historical_mean,2008-01,2021-11,2021-12,2021-12,0.0021830000914633274,,1.0,531155.076923077,531155.076923077,24.40259028036303,27.793792994241528,24.402590280363025,0.9824361563764916,0.4983446484587418,,-531155.076923077,1.0,531155.076923077,531155.076923077,24.40259028036303,27.793792994241528,24.402590280363025,0.9824361563764916,0.4983446484587418,,-531155.076923077,1.0,1211818.0,1211818.0,55.67394426440091,77.15023317257955,55.6739442644009,2.2414053256244464,1.1369617677464732,,-1211818.0,0.5616874176459856,0.5616874176459856,1.0,3107853.636934831,3107853.636934831,1.0,3107853.636934831,3107853.636934831,2021-11-30,2021-08-01,3
run_20260811T161321Z_ebb0c846,one_step_202112,one_step_ex_ante,seasonal_moving_average_3,2008-01,2021-11,2021-12,2021-12,0.026555999997071922,,1.0,328625.33333333326,328625.33333333326,15.097868237532506,16.330658920609757,15.097868237532504,0.6078326714642315,0.3083255405621476,,-328625.33333333326,1.0,328625.33333333326,328625.33333333326,15.097868237532506,16.330658920609757,15.097868237532504,0.6078326714642315,0.3083255405621476,,-328625.33333333326,1.0,1211818.0,1211818.0,55.67394426440091,77.15023317257955,55.6739442644009,2.2414053256244464,1.1369617677464732,,-1211818.0,0.7288162633882866,0.7288162633882866,1.0,3857071.8098226027,3857071.8098226027,1.0,3857071.8098226027,3857071.8098226027,2021-11-30,2021-08-01,3
run_20260811T161321Z_ebb0c846,one_step_202201,one_step_ex_ante,naive_last,2008-01,2021-12,2022-01,2022-01,0.0012898000422865152,,1.0,2248017.0,2248017.0,104.16813016840078,68.49378342874301,104.16813016840078,4.094549139843402,2.096612873651334,,2248017.0,1.0,2248017.0,2248017.0,104.16813016840078,68.49378342874301,104.16813016840078,4.094549139843402,2.096612873651334,,2248017.0,1.0,1328134.0,1328134.0,61.54278877476407,88.89791760235448,61.54278877476407,2.419069752273572,1.2386840679292197,,-1328134.0,-0.6926130947630285,-0.6926130947630285,1.0,7234056.366819829,7234056.366819829,1.0,7234056.366819829,7234056.366819829,2021-12-31,2021-09-01,3
run_20260811T161321Z_ebb0c846,one_step_202201,one_step_ex_ante,seasonal_naive,2008-01,2021-12,2022-01,2022-01,0.001907499972730875,,1.0,1328134.0,1328134.0,61.54278877476407,88.89791760235448,61.54278877476407,2.419069752273572,1.2386840679292197,,-1328134.0,1.0,1328134.0,1328134.0,61.54278877476407,88.89791760235448,61.54278877476407,2.419069752273572,1.2386840679292197,,-1328134.0,1.0,1328134.0,1328134.0,61.54278877476407,88.89791760235448,61.54278877476407,2.419069752273572,1.2386840679292197,,-1328134.0,0.0,0.0,1.0,4216793.076444469,4216793.076444469,1.0,4216793.076444469,4216793.076444469,2021-12-31,2021-09-01,3
run_20260811T161321Z_ebb0c846,one_step_202201,one_step_ex_ante,drift,2008-01,2021-12,2022-01,2022-01,0.001553499954752624,,1.0,2328348.602484472,2328348.602484472,107.89051875542602,70.08369026207609,107.89051875542602,4.240865512831257,2.1715341362262994,,2328348.602484472,1.0,2328348.602484472,2328348.602484472,107.89051875542602,70.08369026207609,107.89051875542602,4.240865512831257,2.1715341362262994,,2328348.602484472,1.0,1328134.0,1328134.0,61.54278877476407,88.89791760235448,61.54278877476407,2.419069752273572,1.2386840679292197,,-1328134.0,-0.7530976561736031,-0.7530976561736031,1.0,14130850.949682936,14130850.949682936,1.0,14130850.949682936,14130850.949682936,2021-12-31,2021-09-01,3
run_20260811T161321Z_ebb0c846,one_step_202201,one_step_ex_ante,same_month_historical_mean,2008-01,2021-12,2022-01,2022-01,0.0021912999218329787,,1.0,596770.142857143,596770.142857143,27.65300703765051,32.08992110897058,27.653007037650514,1.0869600519568754,0.5565776255806925,,-596770.142857143,1.0,596770.142857143,596770.142857143,27.65300703765051,32.08992110897058,27.653007037650514,1.0869600519568754,0.5565776255806925,,-596770.142857143,1.0,1328134.0,1328134.0,61.54278877476407,88.89791760235448,61.54278877476407,2.419069752273572,1.2386840679292197,,-1328134.0,0.5506702314245829,0.5506702314245829,1.0,3101128.466775251,3101128.466775251,1.0,3101128.466775251,3101128.466775251,2021-12-31,2021-09-01,3
run_20260811T161321Z_ebb0c846,one_step_202201,one_step_ex_ante,seasonal_moving_average_3,2008-01,2021-12,2022-01,2022-01,0.025186599930748343,,1.0,296185.0,296185.0,13.724557080274655,14.735766416820919,13.724557080274653,0.5394728051364905,0.27623691635001885,,-296185.0,1.0,296185.0,296185.0,13.724557080274655,14.735766416820919,13.724557080274653,0.5394728051364905,0.27623691635001885,,-296185.0,1.0,1328134.0,1328134.0,61.54278877476407,88.89791760235448,61.54278877476407,2.419069752273572,1.2386840679292197,,-1328134.0,0.7769916288567268,0.7769916288567268,1.0,3851530.1814522306,3851530.1814522306,1.0,3851530.1814522306,3851530.1814522306,2021-12-31,2021-09-01,3
run_20260811T161321Z_ebb0c846,one_step_202202,one_step_ex_ante,naive_last,2008-01,2022-01,2022-02,2022-02,0.0018548999214544892,,1.0,2555402.0,2555402.0,138.0258335070763,81.66584907137687,138.0258335070763,4.569911498265485,2.3621510893536617,,2555402.0,1.0,2555402.0,2555402.0,138.0258335070763,81.66584907137687,138.0258335070763,4.569911498265485,2.3621510893536617,,2555402.0,1.0,1124268.0,1124268.0,60.72548576910155,87.20258132572174,60.72548576910155,2.0105663454642126,1.0392458333074257,,-1124268.0,-1.272947375536794,-1.272947375536794,1.0,7211565.228917986,7211565.228917986,1.0,7211565.228917986,7211565.228917986,2022-01-31,2021-10-01,3
run_20260811T161321Z_ebb0c846,one_step_202202,one_step_ex_ante,seasonal_naive,2008-01,2022-01,2022-02,2022-02,0.0016667000018060207,,1.0,1124268.0,1124268.0,60.72548576910155,87.20258132572174,60.72548576910155,2.0105663454642126,1.0392458333074257,,-1124268.0,1.0,1124268.0,1124268.0,60.72548576910155,87.20258132572174,60.72548576910155,2.0105663454642126,1.0392458333074257,,-1124268.0,1.0,1124268.0,1124268.0,60.72548576910155,87.20258132572174,60.72548576910155,2.0105663454642126,1.0392458333074257,,-1124268.0,0.0,0.0,1.0,4253221.244780675,4253221.244780675,1.0,4253221.244780675,4253221.244780675,2022-01-31,2021-10-01,3
run_20260811T161321Z_ebb0c846,one_step_202202,one_step_ex_ante,drift,2008-01,2022-01,2022-02,2022-02,0.0012865000171586871,,1.0,2635255.333333333,2635255.333333333,142.33897988938784,83.15674711385691,142.33897988938784,4.712715904842151,2.435965557027184,,2635255.333333333,1.0,2635255.333333333,2635255.333333333,142.33897988938784,83.15674711385691,142.33897988938784,4.712715904842151,2.435965557027184,,2635255.333333333,1.0,1124268.0,1124268.0,60.72548576910155,87.20258132572174,60.72548576910155,2.0105663454642126,1.0392458333074257,,-1124268.0,-1.3439743311499863,-1.3439743311499863,1.0,14068895.407238944,14068895.407238944,1.0,14068895.407238944,14068895.407238944,2022-01-31,2021-10-01,3
run_20260811T161321Z_ebb0c846,one_step_202202,one_step_ex_ante,same_month_historical_mean,2008-01,2022-01,2022-02,2022-02,0.0018376000225543976,,1.0,444775.7142857143,444775.7142857143,24.023828222718357,27.30350135485765,24.023828222718357,0.795407396121444,0.41113978858044764,,-444775.7142857143,1.0,444775.7142857143,444775.7142857143,24.023828222718357,27.30350135485765,24.023828222718357,0.795407396121444,0.41113978858044764,,-444775.7142857143,1.0,1124268.0,1124268.0,60.72548576910155,87.20258132572174,60.72548576910155,2.0105663454642126,1.0392458333074257,,-1124268.0,0.6043863969394181,0.6043863969394181,1.0,3095622.387870079,3095622.387870079,1.0,3095622.387870079,3095622.387870079,2022-01-31,2021-10-01,3
run_20260811T161321Z_ebb0c846,one_step_202202,one_step_ex_ante,seasonal_moving_average_3,2008-01,2022-01,2022-02,2022-02,0.02701730001717806,,1.0,276725.33333333326,276725.33333333326,14.946863462522469,16.15413144807236,14.946863462522469,0.4948772375780205,0.2557981278816751,,-276725.33333333326,1.0,276725.33333333326,276725.33333333326,14.946863462522469,16.15413144807236,14.946863462522469,0.4948772375780205,0.2557981278816751,,-276725.33333333326,1.0,1124268.0,1124268.0,60.72548576910155,87.20258132572174,60.72548576910155,2.0105663454642126,1.0392458333074257,,-1124268.0,0.7538617719855646,0.7538617719855646,1.0,3839182.926618529,3839182.926618529,1.0,3839182.926618529,3839182.926618529,2022-01-31,2021-10-01,3
run_20260811T161321Z_ebb0c846,one_step_202203,one_step_ex_ante,naive_last,2008-01,2022-02,2022-03,2022-03,0.0015657999319955707,,1.0,24486.0,24486.0,1.0026222301567933,0.9976210449719874,1.0026222301567933,0.04345288360716243,0.022616166106850334,,24486.0,1.0,24486.0,24486.0,1.0026222301567933,0.9976210449719874,1.0026222301567933,0.04345288360716243,0.022616166106850334,,24486.0,1.0,1398785.0,1398785.0,57.27570596299396,80.26062605451504,57.27570596299396,2.482285460934603,1.2919690397684656,,-1398785.0,0.9824948079940806,0.9824948079940806,1.0,7289330.049698338,7289330.049698338,1.0,7289330.049698338,7289330.049698338,2022-02-28,2021-11-01,3
run_20260811T161321Z_ebb0c846,one_step_202203,one_step_ex_ante,seasonal_naive,2008-01,2022-02,2022-03,2022-03,0.001613799948245287,,1.0,1398785.0,1398785.0,57.27570596299396,80.26062605451504,57.27570596299396,2.482285460934603,1.2919690397684656,,-1398785.0,1.0,1398785.0,1398785.0,57.27570596299396,80.26062605451504,57.27570596299396,2.482285460934603,1.2919690397684656,,-1398785.0,1.0,1398785.0,1398785.0,57.27570596299396,80.26062605451504,57.27570596299396,2.482285460934603,1.2919690397684656,,-1398785.0,0.0,0.0,1.0,4255516.918546865,4255516.918546865,1.0,4255516.918546865,4255516.918546865,2022-02-28,2021-11-01,3
run_20260811T161321Z_ebb0c846,one_step_202203,one_step_ex_ante,drift,2008-01,2022-02,2022-03,2022-03,0.0013788000214844942,,1.0,56239.27607361972,56239.27607361972,2.302815829426456,2.2766028440929826,2.302815829426456,0.09980228364690323,0.05194465447235144,,56239.27607361972,1.0,56239.27607361972,56239.27607361972,2.302815829426456,2.2766028440929826,2.302815829426456,0.09980228364690323,0.05194465447235144,,56239.27607361972,1.0,1398785.0,1398785.0,57.27570596299396,80.26062605451504,57.27570596299396,2.482285460934603,1.2919690397684656,,-1398785.0,0.9597941956243313,0.9597941956243313,1.0,12757115.21450822,12757115.21450822,1.0,12757115.21450822,12757115.21450822,2022-02-28,2021-11-01,3
run_20260811T161321Z_ebb0c846,one_step_202203,one_step_ex_ante,same_month_historical_mean,2008-01,2022-02,2022-03,2022-03,0.0019266000017523766,,1.0,704754.7142857143,704754.7142857143,28.85741825331441,33.723247550428255,28.857418253314407,1.2506585220720474,0.6509372573254744,,-704754.7142857143,1.0,704754.7142857143,704754.7142857143,28.85741825331441,33.723247550428255,28.857418253314407,1.2506585220720474,0.6509372573254744,,-704754.7142857143,1.0,1398785.0,1398785.0,57.27570596299396,80.26062605451504,57.27570596299396,2.482285460934603,1.2919690397684656,,-1398785.0,0.49616652002579786,0.49616652002579786,1.0,3087615.953867778,3087615.953867778,1.0,3087615.953867778,3087615.953867778,2022-02-28,2021-11-01,3
run_20260811T161321Z_ebb0c846,one_step_202203,one_step_ex_ante,seasonal_moving_average_3,2008-01,2022-02,2022-03,2022-03,0.02576530002988875,,1.0,917320.6666666667,917320.6666666667,37.56130411591317,46.2467442397053,37.56130411591317,1.6278783043008784,0.8472709536298302,,-917320.6666666667,1.0,917320.6666666667,917320.6666666667,37.56130411591317,46.2467442397053,37.56130411591317,1.6278783043008784,0.8472709536298302,,-917320.6666666667,1.0,1398785.0,1398785.0,57.27570596299396,80.26062605451504,57.27570596299396,2.482285460934603,1.2919690397684656,,-1398785.0,0.3442018132403002,0.3442018132403002,1.0,3826686.614607197,3826686.614607197,1.0,3826686.614607197,3826686.614607197,2022-02-28,2021-11-01,3
run_20260811T161321Z_ebb0c846,one_step_202204,one_step_ex_ante,naive_last,2008-01,2022-03,2022-04,2022-04,0.0012248000130057335,,1.0,744806.0,744806.0,25.49448217317487,29.21911294343707,25.494482173174873,1.3116731027007462,0.687351157951024,,-744806.0,1.0,744806.0,744806.0,25.49448217317487,29.21911294343707,25.494482173174873,1.3116731027007462,0.687351157951024,,-744806.0,1.0,1741878.0,1741878.0,59.623952571334684,84.9488978547194,59.623952571334684,3.067610251241492,1.6075083448702263,,-1741878.0,0.572412074783653,0.572412074783653,1.0,7269225.107729683,7269225.107729683,1.0,7269225.107729683,7269225.107729683,2022-03-31,2021-12-01,3
run_20260811T161321Z_ebb0c846,one_step_202204,one_step_ex_ante,seasonal_naive,2008-01,2022-03,2022-04,2022-04,0.0019206000724807382,,1.0,1741878.0,1741878.0,59.623952571334684,84.9488978547194,59.623952571334684,3.067610251241492,1.6075083448702263,,-1741878.0,1.0,1741878.0,1741878.0,59.623952571334684,84.9488978547194,59.623952571334684,3.067610251241492,1.6075083448702263,,-1741878.0,1.0,1741878.0,1741878.0,59.623952571334684,84.9488978547194,59.623952571334684,3.067610251241492,1.6075083448702263,,-1741878.0,0.0,0.0,1.0,4257781.9921328435,4257781.9921328435,1.0,4257781.9921328435,4257781.9921328435,2022-03-31,2021-12-01,3
run_20260811T161321Z_ebb0c846,one_step_202204,one_step_ex_ante,drift,2008-01,2022-03,2022-04,2022-04,0.001446699956431985,,1.0,720320.6829268294,720320.6829268294,24.656357239129655,28.123468693707288,24.656357239129658,1.268552166757726,0.6647546549112502,,-720320.6829268294,1.0,720320.6829268294,720320.6829268294,24.656357239129655,28.123468693707288,24.656357239129658,1.268552166757726,0.6647546549112502,,-720320.6829268294,1.0,1741878.0,1741878.0,59.623952571334684,84.9488978547194,59.623952571334684,3.067610251241492,1.6075083448702263,,-1741878.0,0.5864689243868805,0.5864689243868805,1.0,12670775.019657101,12670775.019657101,1.0,12670775.019657101,12670775.019657101,2022-03-31,2021-12-01,3
run_20260811T161321Z_ebb0c846,one_step_202204,one_step_ex_ante,same_month_historical_mean,2008-01,2022-03,2022-04,2022-04,0.0018772000912576914,,1.0,678951.3076923075,678951.3076923075,23.240296144788445,26.29592111539763,23.240296144788445,1.1956968235265264,0.6265765414546467,,-678951.3076923075,1.0,678951.3076923075,678951.3076923075,23.240296144788445,26.29592111539763,23.240296144788445,1.1956968235265264,0.6265765414546467,,-678951.3076923075,1.0,1741878.0,1741878.0,59.623952571334684,84.9488978547194,59.623952571334684,3.067610251241492,1.6075083448702263,,-1741878.0,0.610218793915356,0.610218793915356,1.0,3082172.508348492,3082172.508348492,1.0,3082172.508348492,3082172.508348492,2022-03-31,2021-12-01,3
run_20260811T161321Z_ebb0c846,one_step_202204,one_step_ex_ante,seasonal_moving_average_3,2008-01,2022-03,2022-04,2022-04,0.026503299945034087,,1.0,482644.3333333335,482644.3333333335,16.520768296912944,18.008325131475882,16.520768296912944,0.8499818613226354,0.4454128207817429,,-482644.3333333335,1.0,482644.3333333335,482644.3333333335,16.520768296912944,18.008325131475882,16.520768296912944,0.8499818613226354,0.4454128207817429,,-482644.3333333335,1.0,1741878.0,1741878.0,59.623952571334684,84.9488978547194,59.623952571334684,3.067610251241492,1.6075083448702263,,-1741878.0,0.7229172575040654,0.7229172575040654,1.0,3815351.260953276,3815351.260953276,1.0,3815351.260953276,3815351.260953276,2022-03-31,2021-12-01,3
run_20260811T161321Z_ebb0c846,one_step_202205,one_step_ex_ante,naive_last,2008-01,2022-04,2022-05,2022-05,0.0012233000015839934,,1.0,1920359.0,1920359.0,47.08579905233025,61.58459941656294,47.08579905233025,3.3522068459516206,1.7692809323647403,,-1920359.0,1.0,1920359.0,1920359.0,47.08579905233025,61.58459941656294,47.08579905233025,3.3522068459516206,1.7692809323647403,,-1920359.0,1.0,3052866.0,3052866.0,74.85404292098052,119.6267856639049,74.85404292098053,5.329127681320493,2.812691586763004,,-3052866.0,0.3709651848459775,0.3709651848459775,1.0,7247044.6147950925,7247044.6147950925,1.0,7247044.6147950925,7247044.6147950925,2022-04-30,2022-01-01,3
run_20260811T161321Z_ebb0c846,one_step_202205,one_step_ex_ante,seasonal_naive,2008-01,2022-04,2022-05,2022-05,0.0018531999085098505,,1.0,3052866.0,3052866.0,74.85404292098052,119.6267856639049,74.85404292098053,5.329127681320493,2.812691586763004,,-3052866.0,1.0,3052866.0,3052866.0,74.85404292098052,119.6267856639049,74.85404292098053,5.329127681320493,2.812691586763004,,-3052866.0,1.0,3052866.0,3052866.0,74.85404292098052,119.6267856639049,74.85404292098053,5.329127681320493,2.812691586763004,,-3052866.0,0.0,0.0,0.0,4263194.616229768,41113942.2916344,0.0,4263194.616229768,41113942.2916344,2022-04-30,2022-01-01,3
run_20260811T161321Z_ebb0c846,one_step_202205,one_step_ex_ante,drift,2008-01,2022-04,2022-05,2022-05,0.0016011999687179923,,1.0,1896472.212121212,1896472.212121212,46.5001124728593,60.58651015576477,46.5001124728593,3.3105097185629044,1.7472733606922661,,-1896472.212121212,1.0,1896472.212121212,1896472.212121212,46.5001124728593,60.58651015576477,46.5001124728593,3.3105097185629044,1.7472733606922661,,-1896472.212121212,1.0,3052866.0,3052866.0,74.85404292098052,119.6267856639049,74.85404292098053,5.329127681320493,2.812691586763004,,-3052866.0,0.3787895662236037,0.3787895662236037,1.0,12655459.674641376,12655459.674641376,1.0,12655459.674641376,12655459.674641376,2022-04-30,2022-01-01,3
run_20260811T161321Z_ebb0c846,one_step_202205,one_step_ex_ante,same_month_historical_mean,2008-01,2022-04,2022-05,2022-05,0.001888600061647594,,1.0,918738.6153846155,918738.6153846155,22.526799325342882,25.386141952371602,22.526799325342886,1.6037636067695784,0.8464598098726244,,-918738.6153846155,1.0,918738.6153846155,918738.6153846155,22.526799325342882,25.386141952371602,22.526799325342886,1.6037636067695784,0.8464598098726244,,-918738.6153846155,1.0,3052866.0,3052866.0,74.85404292098052,119.6267856639049,74.85404292098053,5.329127681320493,2.812691586763004,,-3052866.0,0.6990570122027578,0.6990570122027578,1.0,3077851.0942750024,3077851.0942750024,1.0,3077851.0942750024,3077851.0942750024,2022-04-30,2022-01-01,3
run_20260811T161321Z_ebb0c846,one_step_202205,one_step_ex_ante,seasonal_moving_average_3,2008-01,2022-04,2022-05,2022-05,0.026434600003995,,1.0,1066451.6666666665,1066451.6666666665,26.14861537644229,30.08157275602052,26.148615376442294,1.8616136763368283,0.9825520119529374,,-1066451.6666666665,1.0,1066451.6666666665,1066451.6666666665,26.14861537644229,30.08157275602052,26.148615376442294,1.8616136763368283,0.9825520119529374,,-1066451.6666666665,1.0,3052866.0,3052866.0,74.85404292098052,119.6267856639049,74.85404292098053,5.329127681320493,2.812691586763004,,-3052866.0,0.6506719696617321,0.6506719696617321,1.0,3803865.3906282736,3803865.3906282736,1.0,3803865.3906282736,3803865.3906282736,2022-04-30,2022-01-01,3
run_20260811T161321Z_ebb0c846,one_step_202206,one_step_ex_ante,naive_last,2008-01,2022-05,2022-06,2022-06,0.0012098000152036548,,1.0,3087871.0,3087871.0,62.516811711864015,90.94466383895877,62.516811711864015,5.3563141090627475,2.8442604890433456,,-3087871.0,1.0,3087871.0,3087871.0,62.516811711864015,90.94466383895877,62.516811711864015,5.3563141090627475,2.8442604890433456,,-3087871.0,1.0,3078176.0,3078176.0,62.320527446897465,90.52987535648879,62.320527446897465,5.339496869842792,2.8353303538656536,,-3078176.0,-0.0031495924859397118,-0.0031495924859397118,1.0,7227554.653975677,7227554.653975677,1.0,7227554.653975677,7227554.653975677,2022-05-31,2022-02-01,3
run_20260811T161321Z_ebb0c846,one_step_202206,one_step_ex_ante,seasonal_naive,2008-01,2022-05,2022-06,2022-06,0.001559700001962483,,1.0,3078176.0,3078176.0,62.320527446897465,90.52987535648879,62.320527446897465,5.339496869842792,2.8353303538656536,,-3078176.0,1.0,3078176.0,3078176.0,62.320527446897465,90.52987535648879,62.320527446897465,5.339496869842792,2.8353303538656536,,-3078176.0,1.0,3078176.0,3078176.0,62.320527446897465,90.52987535648879,62.320527446897465,5.339496869842792,2.8353303538656536,,-3078176.0,0.0,0.0,0.0,4262617.454357751,42137308.36720274,0.0,4262617.454357751,42137308.36720274,2022-05-31,2022-02-01,3
run_20260811T161321Z_ebb0c846,one_step_202206,one_step_ex_ante,drift,2008-01,2022-05,2022-06,2022-06,0.0012755000498145819,,1.0,3071517.795180723,3071517.795180723,62.18572591632,90.24569672450794,62.18572591632,5.3279473470762895,2.8291974328675202,,-3071517.795180723,1.0,3071517.795180723,3071517.795180723,62.18572591632,90.24569672450794,62.18572591632,5.3279473470762895,2.8291974328675202,,-3071517.795180723,1.0,3078176.0,3078176.0,62.320527446897465,90.52987535648879,62.320527446897465,5.339496869842792,2.8353303538656536,,-3078176.0,0.0021630357780961784,0.0021630357780961784,1.0,12602638.15645762,12602638.15645762,1.0,12602638.15645762,12602638.15645762,2022-05-31,2022-02-01,3
run_20260811T161321Z_ebb0c846,one_step_202206,one_step_ex_ante,same_month_historical_mean,2008-01,2022-05,2022-06,2022-06,0.0018382000271230936,,1.0,1215238.076923077,1215238.076923077,24.60362173163572,28.054880008971537,24.60362173163572,2.1079885970927403,1.1193646518825837,,-1215238.076923077,1.0,1215238.076923077,1215238.076923077,24.60362173163572,28.054880008971537,24.60362173163572,2.1079885970927403,1.1193646518825837,,-1215238.076923077,1.0,3078176.0,3078176.0,62.320527446897465,90.52987535648879,62.320527446897465,5.339496869842792,2.8353303538656536,,-3078176.0,0.6052083841459757,0.6052083841459757,1.0,3071350.0397010744,3071350.0397010744,1.0,3071350.0397010744,3071350.0397010744,2022-05-31,2022-02-01,3
run_20260811T161321Z_ebb0c846,one_step_202206,one_step_ex_ante,seasonal_moving_average_3,2008-01,2022-05,2022-06,2022-06,0.028635399998165667,,1.0,1091186.3333333335,1091186.3333333335,22.092079152127564,24.835408167147673,22.092079152127564,1.8928047035804865,1.0050996865102468,,-1091186.3333333335,1.0,1091186.3333333335,1091186.3333333335,22.092079152127564,24.835408167147673,22.092079152127564,1.8928047035804865,1.0050996865102468,,-1091186.3333333335,1.0,3078176.0,3078176.0,62.320527446897465,90.52987535648879,62.320527446897465,5.339496869842792,2.8353303538656536,,-3078176.0,0.6455087904871802,0.6455087904871802,1.0,3792346.879622766,3792346.879622766,1.0,3792346.879622766,3792346.879622766,2022-05-31,2022-02-01,3
run_20260811T161321Z_ebb0c846,one_step_202207,one_step_ex_ante,naive_last,2008-01,2022-06,2022-07,2022-07,0.0013102999655529857,,1.0,3916927.0,3916927.0,61.59539609471306,89.00772713726204,61.59539609471306,6.731662300391257,3.6001526943995716,,-3916927.0,1.0,3916927.0,3916927.0,61.59539609471306,89.00772713726204,61.59539609471306,6.731662300391257,3.6001526943995716,,-3916927.0,1.0,2623591.0,2623591.0,41.25711988901614,51.97980515431186,41.257119889016145,4.508924630544761,2.411412877404268,,-2623591.0,-0.4929640328846989,-0.4929640328846989,0.0,7214537.762425765,19600862.513910457,0.0,7214537.762425765,19600862.513910457,2022-06-30,2022-03-01,3
run_20260811T161321Z_ebb0c846,one_step_202207,one_step_ex_ante,seasonal_naive,2008-01,2022-06,2022-07,2022-07,0.0016700999112799764,,1.0,2623591.0,2623591.0,41.25711988901614,51.97980515431186,41.257119889016145,4.508924630544761,2.411412877404268,,-2623591.0,1.0,2623591.0,2623591.0,41.25711988901614,51.97980515431186,41.257119889016145,4.508924630544761,2.411412877404268,,-2623591.0,1.0,2623591.0,2623591.0,41.25711988901614,51.97980515431186,41.257119889016145,4.508924630544761,2.411412877404268,,-2623591.0,0.0,0.0,0.0,4269620.2257550955,23820855.710653186,0.0,4269620.2257550955,23820855.710653186,2022-06-30,2022-03-01,3
run_20260811T161321Z_ebb0c846,one_step_202207,one_step_ex_ante,drift,2008-01,2022-06,2022-07,2022-07,0.0015376999508589506,,1.0,3886520.7724550897,3886520.7724550897,61.1172448222041,88.01271942504681,61.11724482220409,6.679405912753399,3.572205514882993,,-3886520.7724550897,1.0,3886520.7724550897,3886520.7724550897,61.1172448222041,88.01271942504681,61.11724482220409,6.679405912753399,3.572205514882993,,-3886520.7724550897,1.0,2623591.0,2623591.0,41.25711988901614,51.97980515431186,41.257119889016145,4.508924630544761,2.411412877404268,,-2623591.0,-0.4813744872791108,-0.4813744872791108,1.0,12723731.127118478,12723731.127118478,1.0,12723731.127118478,12723731.127118478,2022-06-30,2022-03-01,3
run_20260811T161321Z_ebb0c846,one_step_202207,one_step_ex_ante,same_month_historical_mean,2008-01,2022-06,2022-07,2022-07,0.001909899991005659,,1.0,1845579.7142857146,1845579.7142857146,29.022550975751134,33.948981156731385,29.02255097575113,3.1718281665765056,1.6963218311484762,,-1845579.7142857146,1.0,1845579.7142857146,1845579.7142857146,29.022550975751134,33.948981156731385,29.02255097575113,3.1718281665765056,1.6963218311484762,,-1845579.7142857146,1.0,2623591.0,2623591.0,41.25711988901614,51.97980515431186,41.257119889016145,4.508924630544761,2.411412877404268,,-2623591.0,0.29654442545133197,0.29654442545133197,0.0,3069097.2898767707,15510340.063769948,0.0,3069097.2898767707,15510340.063769948,2022-06-30,2022-03-01,3
run_20260811T161321Z_ebb0c846,one_step_202207,one_step_ex_ante,seasonal_moving_average_3,2008-01,2022-06,2022-07,2022-07,0.02868410001974553,,1.0,2620583.0,2620583.0,41.20981776889675,51.90474271125903,41.20981776889675,4.5037550575096805,2.4086481439015106,,-2620583.0,1.0,2620583.0,2620583.0,41.20981776889675,51.90474271125903,41.20981776889675,4.5037550575096805,2.4086481439015106,,-2620583.0,1.0,2623591.0,2623591.0,41.25711988901614,51.97980515431186,41.257119889016145,4.508924630544761,2.411412877404268,,-2623591.0,0.001146520170255183,0.001146520170255183,0.0,3790497.509925103,32803867.31142305,0.0,3790497.509925103,32803867.31142305,2022-06-30,2022-03-01,3
run_20260811T161321Z_ebb0c846,one_step_202208,one_step_ex_ante,naive_last,2008-01,2022-07,2022-08,2022-08,0.0013988000573590398,,1.0,5070982.0,5070982.0,63.44737552646744,92.92736155175866,63.44737552646745,8.603652024363106,4.637398389637553,,-5070982.0,1.0,5070982.0,5070982.0,63.44737552646744,92.92736155175866,63.44737552646745,8.603652024363106,4.637398389637553,,-5070982.0,1.0,2493365.0,2493365.0,31.19661349213042,36.962070652150146,31.19661349213042,4.230353180059821,2.2801750895149375,,-2493365.0,-1.033790479933744,-1.033790479933744,0.0,7198559.852196354,66066642.80826926,0.0,7198559.852196354,66066642.80826926,2022-07-31,2022-04-01,3
run_20260811T161321Z_ebb0c846,one_step_202208,one_step_ex_ante,seasonal_naive,2008-01,2022-07,2022-08,2022-08,0.0019353999523445964,,1.0,2493365.0,2493365.0,31.19661349213042,36.962070652150146,31.19661349213042,4.230353180059821,2.2801750895149375,,-2493365.0,1.0,2493365.0,2493365.0,31.19661349213042,36.962070652150146,31.19661349213042,4.230353180059821,2.2801750895149375,,-2493365.0,1.0,2493365.0,2493365.0,31.19661349213042,36.962070652150146,31.19661349213042,4.230353180059821,2.2801750895149375,,-2493365.0,0.0,0.0,0.0,4288232.511671729,18258182.27823714,0.0,4288232.511671729,18258182.27823714,2022-07-31,2022-04-01,3
run_20260811T161321Z_ebb0c846,one_step_202208,one_step_ex_ante,drift,2008-01,2022-07,2022-08,2022-08,0.0013665000442415476,,1.0,5029346.19047619,5029346.19047619,62.926434445981336,91.81410608478403,62.926434445981336,8.533010871052856,4.599322562108098,,-5029346.19047619,1.0,5029346.19047619,5029346.19047619,62.926434445981336,91.81410608478403,62.926434445981336,8.533010871052856,4.599322562108098,,-5029346.19047619,1.0,2493365.0,2493365.0,31.19661349213042,36.962070652150146,31.19661349213042,4.230353180059821,2.2801750895149375,,-2493365.0,-1.017091837928338,-1.017091837928338,1.0,12914659.594773263,12914659.594773263,1.0,12914659.594773263,12914659.594773263,2022-07-31,2022-04-01,3
run_20260811T161321Z_ebb0c846,one_step_202208,one_step_ex_ante,same_month_historical_mean,2008-01,2022-07,2022-08,2022-08,0.001969700097106397,,1.0,2306197.5,2306197.5,28.854801460683632,33.71967394581036,28.854801460683632,3.9127965331874837,2.1090109514658404,,-2306197.5,1.0,2306197.5,2306197.5,28.854801460683632,33.71967394581036,28.854801460683632,3.9127965331874837,2.1090109514658404,,-2306197.5,1.0,2493365.0,2493365.0,31.19661349213042,36.962070652150146,31.19661349213042,4.230353180059821,2.2801750895149375,,-2493365.0,0.07506622576317545,0.07506622576317545,0.0,3066340.043225782,33987439.17871014,0.0,3066340.043225782,33987439.17871014,2022-07-31,2022-04-01,3
run_20260811T161321Z_ebb0c846,one_step_202208,one_step_ex_ante,seasonal_moving_average_3,2008-01,2022-07,2022-08,2022-08,0.026589400018565357,,1.0,2706047.333333333,2706047.333333333,33.85766333826383,40.75741802909349,33.85766333826383,4.591199420044424,2.474672468938559,,-2706047.333333333,1.0,2706047.333333333,2706047.333333333,33.85766333826383,40.75741802909349,33.85766333826383,4.591199420044424,2.474672468938559,,-2706047.333333333,1.0,2493365.0,2493365.0,31.19661349213042,36.962070652150146,31.19661349213042,4.230353180059821,2.2801750895149375,,-2493365.0,-0.08529931772256893,-0.08529931772256893,0.0,3780995.3611359783,36402981.47174974,0.0,3780995.3611359783,36402981.47174974,2022-07-31,2022-04-01,3
run_20260811T161321Z_ebb0c846,one_step_202209,one_step_ex_ante,naive_last,2008-01,2022-08,2022-09,2022-09,0.0012874000240117311,,1.0,2570157.0,2570157.0,38.65722044189272,47.91936837554035,38.657220441892726,4.246143195184308,2.3005207687029787,,-2570157.0,1.0,2570157.0,2570157.0,38.65722044189272,47.91936837554035,38.657220441892726,4.246143195184308,2.3005207687029787,,-2570157.0,1.0,2242499.0,2242499.0,33.72898160840913,40.571089218895374,33.72898160840913,3.7048210942201645,2.007237504672151,,-2242499.0,-0.14611288566906833,-0.14611288566906833,1.0,7210335.224628229,7210335.224628229,1.0,7210335.224628229,7210335.224628229,2022-08-31,2022-05-01,3
run_20260811T161321Z_ebb0c846,one_step_202209,one_step_ex_ante,seasonal_naive,2008-01,2022-08,2022-09,2022-09,0.0016023999778553843,,1.0,2242499.0,2242499.0,33.72898160840913,40.571089218895374,33.72898160840913,3.7048210942201645,2.007237504672151,,-2242499.0,1.0,2242499.0,2242499.0,33.72898160840913,40.571089218895374,33.72898160840913,3.7048210942201645,2.007237504672151,,-2242499.0,1.0,2242499.0,2242499.0,33.72898160840913,40.571089218895374,33.72898160840913,3.7048210942201645,2.007237504672151,,-2242499.0,0.0,0.0,0.0,4375425.267543431,6566879.916674804,0.0,4375425.267543431,6566879.916674804,2022-08-31,2022-05-01,3
run_20260811T161321Z_ebb0c846,one_step_202209,one_step_ex_ante,drift,2008-01,2022-08,2022-09,2022-09,0.0018954999977722764,,1.0,2501383.2958579883,2501383.2958579883,37.62280883138673,46.34001679745651,37.62280883138673,4.132522511369964,2.238962142238007,,-2501383.2958579883,1.0,2501383.2958579883,2501383.2958579883,37.62280883138673,46.34001679745651,37.62280883138673,4.132522511369964,2.238962142238007,,-2501383.2958579883,1.0,2242499.0,2242499.0,33.72898160840913,40.571089218895374,33.72898160840913,3.7048210942201645,2.007237504672151,,-2242499.0,-0.11544455353513561,-0.11544455353513561,1.0,13746237.902836554,13746237.902836554,1.0,13746237.902836554,13746237.902836554,2022-08-31,2022-05-01,3
run_20260811T161321Z_ebb0c846,one_step_202209,one_step_ex_ante,same_month_historical_mean,2008-01,2022-08,2022-09,2022-09,0.0021416000090539455,,1.0,1821282.9285714282,1821282.9285714282,27.393554423656475,31.741056172250943,27.393554423656475,3.0089321833875977,1.6302113850876636,,-1821282.9285714282,1.0,1821282.9285714282,1821282.9285714282,27.393554423656475,31.741056172250943,27.393554423656475,3.0089321833875977,1.6302113850876636,,-1821282.9285714282,1.0,2242499.0,2242499.0,33.72898160840913,40.571089218895374,33.72898160840913,3.7048210942201645,2.007237504672151,,-2242499.0,0.18783333746350472,0.18783333746350472,0.0,3068887.302028442,14542458.404316733,0.0,3068887.302028442,14542458.404316733,2022-08-31,2022-05-01,3
run_20260811T161321Z_ebb0c846,one_step_202209,one_step_ex_ante,seasonal_moving_average_3,2008-01,2022-08,2022-09,2022-09,0.026678800000809133,,1.0,2054566.333333333,2054566.333333333,30.902323733592112,36.54967284696036,30.902323733592112,3.3943384996862473,1.8390209316050576,,-2054566.333333333,1.0,2054566.333333333,2054566.333333333,30.902323733592112,36.54967284696036,30.902323733592112,3.3943384996862473,1.8390209316050576,,-2054566.333333333,1.0,2242499.0,2242499.0,33.72898160840913,40.571089218895374,33.72898160840913,3.7048210942201645,2.007237504672151,,-2242499.0,0.08380501693274645,0.08380501693274645,0.0,3782723.0407507457,10310915.559069153,0.0,3782723.0407507457,10310915.559069153,2022-08-31,2022-05-01,3
run_20260811T161321Z_ebb0c846,one_step_202210,one_step_ex_ante,naive_last,2008-01,2022-09,2022-10,2022-10,0.001250099972821772,,1.0,980549.0,980549.0,16.5638481209038,18.059524200901382,16.5638481209038,1.5786180035442052,0.859704828591483,,-980549.0,1.0,980549.0,980549.0,16.5638481209038,18.059524200901382,16.5638481209038,1.5786180035442052,0.859704828591483,,-980549.0,1.0,1513018.0,1513018.0,25.558539508166977,29.303285395691326,25.55853950816698,2.435857315122902,1.3265516362219822,,-1513018.0,0.35192509276161954,0.35192509276161954,1.0,7206846.466312058,7206846.466312058,1.0,7206846.466312058,7206846.466312058,2022-09-30,2022-06-01,3
run_20260811T161321Z_ebb0c846,one_step_202210,one_step_ex_ante,seasonal_naive,2008-01,2022-09,2022-10,2022-10,0.0015879001002758741,,1.0,1513018.0,1513018.0,25.558539508166977,29.303285395691326,25.55853950816698,2.435857315122902,1.3265516362219822,,-1513018.0,1.0,1513018.0,1513018.0,25.558539508166977,29.303285395691326,25.55853950816698,2.435857315122902,1.3265516362219822,,-1513018.0,1.0,1513018.0,1513018.0,25.558539508166977,29.303285395691326,25.55853950816698,2.435857315122902,1.3265516362219822,,-1513018.0,0.0,0.0,1.0,4460229.041086551,4460229.041086551,1.0,4460229.041086551,4460229.041086551,2022-09-30,2022-06-01,3
run_20260811T161321Z_ebb0c846,one_step_202210,one_step_ex_ante,drift,2008-01,2022-09,2022-10,2022-10,0.0014032999752089381,,1.0,891924.7882352937,891924.7882352937,15.066770480209238,16.294281475895446,15.066770480209236,1.4359389775682678,0.782002783324768,,-891924.7882352937,1.0,891924.7882352937,891924.7882352937,15.066770480209238,16.294281475895446,15.066770480209236,1.4359389775682678,0.782002783324768,,-891924.7882352937,1.0,1513018.0,1513018.0,25.558539508166977,29.303285395691326,25.55853950816698,2.435857315122902,1.3265516362219822,,-1513018.0,0.4104995523944238,0.4104995523944238,1.0,14605110.45974638,14605110.45974638,1.0,14605110.45974638,14605110.45974638,2022-09-30,2022-06-01,3
run_20260811T161321Z_ebb0c846,one_step_202210,one_step_ex_ante,same_month_historical_mean,2008-01,2022-09,2022-10,2022-10,0.0019697999814525247,,1.0,2010147.4285714286,2010147.4285714286,33.956259919170236,40.90037950559341,33.95625991917024,3.236202291288805,1.7624141685154036,,-2010147.4285714286,1.0,2010147.4285714286,2010147.4285714286,33.956259919170236,40.90037950559341,33.95625991917024,3.236202291288805,1.7624141685154036,,-2010147.4285714286,1.0,1513018.0,1513018.0,25.558539508166977,29.303285395691326,25.55853950816698,2.435857315122902,1.3265516362219822,,-1513018.0,-0.3285680861506133,-0.3285680861506133,0.0,3080035.4730847203,21885223.15424745,0.0,3080035.4730847203,21885223.15424745,2022-09-30,2022-06-01,3
run_20260811T161321Z_ebb0c846,one_step_202210,one_step_ex_ante,seasonal_moving_average_3,2008-01,2022-09,2022-10,2022-10,0.02686280000489205,,1.0,1853342.6666666665,1853342.6666666665,31.30744761012198,37.117759102684026,31.307447610121983,2.9837571608727624,1.6249342353803313,,-1853342.6666666665,1.0,1853342.6666666665,1853342.6666666665,31.30744761012198,37.117759102684026,31.307447610121983,2.9837571608727624,1.6249342353803313,,-1853342.6666666665,1.0,1513018.0,1513018.0,25.558539508166977,29.303285395691326,25.55853950816698,2.435857315122902,1.3265516362219822,,-1513018.0,-0.22493100985359504,-0.22493100985359504,1.0,3784913.3423394905,3784913.3423394905,1.0,3784913.3423394905,3784913.3423394905,2022-09-30,2022-06-01,3
run_20260811T161321Z_ebb0c846,one_step_202211,one_step_ex_ante,naive_last,2008-01,2022-10,2022-11,2022-11,0.0012706998968496919,,1.0,2921038.0,2921038.0,84.96119205895141,59.63000887599814,84.96119205895143,4.608054084901491,2.526747185258182,,2921038.0,1.0,2921038.0,2921038.0,84.96119205895141,59.63000887599814,84.96119205895143,4.608054084901491,2.526747185258182,,2921038.0,1.0,971403.0,971403.0,28.2541880145488,32.90233128589155,28.254188014548795,1.5324270215709495,0.8402799949885464,,-971403.0,-2.0070300379965884,-2.0070300379965884,1.0,7234313.77505821,7234313.77505821,1.0,7234313.77505821,7234313.77505821,2022-10-31,2022-07-01,3
run_20260811T161321Z_ebb0c846,one_step_202211,one_step_ex_ante,seasonal_naive,2008-01,2022-10,2022-11,2022-11,0.0015602000057697296,,1.0,971403.0,971403.0,28.2541880145488,32.90233128589155,28.254188014548795,1.5324270215709495,0.8402799949885464,,-971403.0,1.0,971403.0,971403.0,28.2541880145488,32.90233128589155,28.254188014548795,1.5324270215709495,0.8402799949885464,,-971403.0,1.0,971403.0,971403.0,28.2541880145488,32.90233128589155,28.254188014548795,1.5324270215709495,0.8402799949885464,,-971403.0,0.0,0.0,1.0,4514347.285140919,4514347.285140919,1.0,4514347.285140919,4514347.285140919,2022-10-31,2022-07-01,3
run_20260811T161321Z_ebb0c846,one_step_202211,one_step_ex_ante,drift,2008-01,2022-10,2022-11,2022-11,0.0013386000646278262,,1.0,3042356.9941520467,3042356.9941520467,88.48987137176792,61.346951940460855,88.4898713717679,4.799439642562322,2.6316901634022654,,3042356.9941520467,1.0,3042356.9941520467,3042356.9941520467,88.48987137176792,61.346951940460855,88.4898713717679,4.799439642562322,2.6316901634022654,,3042356.9941520467,1.0,971403.0,971403.0,28.2541880145488,32.90233128589155,28.254188014548795,1.5324270215709495,0.8402799949885464,,-971403.0,-2.1319205254174083,-2.1319205254174083,1.0,16428648.845730811,16428648.845730811,1.0,16428648.845730811,16428648.845730811,2022-10-31,2022-07-01,3
run_20260811T161321Z_ebb0c846,one_step_202211,one_step_ex_ante,same_month_historical_mean,2008-01,2022-10,2022-11,2022-11,0.0025101000210270286,,1.0,1273825.214285714,1273825.214285714,37.050428197258476,45.474716855481944,37.050428197258476,2.009510140621177,1.101880316075083,,-1273825.214285714,1.0,1273825.214285714,1273825.214285714,37.050428197258476,45.474716855481944,37.050428197258476,2.009510140621177,1.101880316075083,,-1273825.214285714,1.0,971403.0,971403.0,28.2541880145488,32.90233128589155,28.254188014548795,1.5324270215709495,0.8402799949885464,,-971403.0,-0.31132518047166213,-0.31132518047166213,1.0,3117179.7799868966,3117179.7799868966,1.0,3117179.7799868966,3117179.7799868966,2022-10-31,2022-07-01,3
run_20260811T161321Z_ebb0c846,one_step_202211,one_step_ex_ante,seasonal_moving_average_3,2008-01,2022-10,2022-11,2022-11,0.03329910000320524,,1.0,1193099.6666666665,1193099.6666666665,34.702448213661576,41.98785503915693,34.702448213661576,1.882162365802136,1.0320513545124967,,-1193099.6666666665,1.0,1193099.6666666665,1193099.6666666665,34.702448213661576,41.98785503915693,34.702448213661576,1.882162365802136,1.0320513545124967,,-1193099.6666666665,1.0,971403.0,971403.0,28.2541880145488,32.90233128589155,28.254188014548795,1.5324270215709495,0.8402799949885464,,-971403.0,-0.22822316450192814,-0.22822316450192814,1.0,3856500.2680814527,3856500.2680814527,1.0,3856500.2680814527,3856500.2680814527,2022-10-31,2022-07-01,3
run_20260811T161321Z_ebb0c846,one_step_202212,one_step_ex_ante,naive_last,2008-01,2022-11,2022-12,2022-12,0.0014977999962866306,,1.0,5372210.0,5372210.0,205.02959302529717,101.24178408489354,205.0295930252972,8.320401594229734,4.594262841546691,,5372210.0,1.0,5372210.0,5372210.0,205.02959302529717,101.24178408489354,205.0295930252972,8.320401594229734,4.594262841546691,,5372210.0,1.0,443578.0,443578.0,16.929088180651032,18.494569139805613,16.929088180651032,0.6870072276335507,0.379343682158292,,-443578.0,-11.111083056418488,-11.111083056418488,0.0,7276499.374902338,76634911.87685558,0.0,7276499.374902338,76634911.87685558,2022-11-30,2022-08-01,3
run_20260811T161321Z_ebb0c846,one_step_202212,one_step_ex_ante,seasonal_naive,2008-01,2022-11,2022-12,2022-12,0.0019113000016659498,,1.0,443578.0,443578.0,16.929088180651032,18.494569139805613,16.929088180651032,0.6870072276335507,0.379343682158292,,-443578.0,1.0,443578.0,443578.0,16.929088180651032,18.494569139805613,16.929088180651032,0.6870072276335507,0.379343682158292,,-443578.0,1.0,443578.0,443578.0,16.929088180651032,18.494569139805613,16.929088180651032,0.6870072276335507,0.379343682158292,,-443578.0,0.0,0.0,1.0,4559580.121170595,4559580.121170595,1.0,4559580.121170595,4559580.121170595,2022-11-30,2022-08-01,3
run_20260811T161321Z_ebb0c846,one_step_202212,one_step_ex_ante,drift,2008-01,2022-11,2022-12,2022-12,0.0013664000434800982,,1.0,5530807.348837209,5530807.348837209,211.0824371782592,102.69591599542198,211.0824371782592,8.566034887437878,4.729893784218442,,5530807.348837209,1.0,5530807.348837209,5530807.348837209,211.0824371782592,102.69591599542198,211.0824371782592,8.566034887437878,4.729893784218442,,5530807.348837209,1.0,443578.0,443578.0,16.929088180651032,18.494569139805613,16.929088180651032,0.6870072276335507,0.379343682158292,,-443578.0,-11.468624117600983,-11.468624117600983,1.0,18936535.566842448,18936535.566842448,1.0,18936535.566842448,18936535.566842448,2022-11-30,2022-08-01,3
run_20260811T161321Z_ebb0c846,one_step_202212,one_step_ex_ante,same_month_historical_mean,2008-01,2022-11,2022-12,2022-12,0.0019302000291645527,,1.0,936793.4285714286,936793.4285714286,35.75258141598575,43.53502992523191,35.75258141598575,1.4508921908394596,0.8011368206177417,,-936793.4285714286,1.0,936793.4285714286,936793.4285714286,35.75258141598575,43.53502992523191,35.75258141598575,1.4508921908394596,0.8011368206177417,,-936793.4285714286,1.0,443578.0,443578.0,16.929088180651032,18.494569139805613,16.929088180651032,0.6870072276335507,0.379343682158292,,-443578.0,-1.111902367952037,-1.111902367952037,1.0,3178644.335144447,3178644.335144447,1.0,3178644.335144447,3178644.335144447,2022-11-30,2022-08-01,3
run_20260811T161321Z_ebb0c846,one_step_202212,one_step_ex_ante,seasonal_moving_average_3,2008-01,2022-11,2022-12,2022-12,0.028192600002512336,,1.0,773619.0,773619.0,29.525053697945054,34.63858395430291,29.52505369794505,1.1981699823585477,0.6615916029370611,,-773619.0,1.0,773619.0,773619.0,29.525053697945054,34.63858395430291,29.52505369794505,1.1981699823585477,0.6615916029370611,,-773619.0,1.0,443578.0,443578.0,16.929088180651032,18.494569139805613,16.929088180651032,0.6870072276335507,0.379343682158292,,-443578.0,-0.7440427613632776,-0.7440427613632776,1.0,3930314.1768934587,3930314.1768934587,1.0,3930314.1768934587,3930314.1768934587,2022-11-30,2022-08-01,3
run_20260811T161321Z_ebb0c846,one_step_202301,one_step_ex_ante,naive_last,2008-01,2022-12,2023-01,2023-01,0.001280600088648498,,1.0,3570928.0,3570928.0,116.02759764417962,73.4287755304313,116.02759764417962,5.445894296613987,3.0284282811218017,,3570928.0,1.0,3570928.0,3570928.0,116.02759764417962,73.4287755304313,116.02759764417962,5.445894296613987,3.0284282811218017,,3570928.0,1.0,919588.0,919588.0,29.879512121895445,35.12747052936368,29.879512121895445,1.402430697128215,0.7798830741421378,,-919588.0,-2.8831824686707526,-2.8831824686707526,1.0,7302029.1148505965,7302029.1148505965,1.0,7302029.1148505965,7302029.1148505965,2022-12-31,2022-09-01,3
run_20260811T161321Z_ebb0c846,one_step_202301,one_step_ex_ante,seasonal_naive,2008-01,2022-12,2023-01,2023-01,0.0015573999844491482,,1.0,919588.0,919588.0,29.879512121895445,35.12747052936368,29.879512121895445,1.402430697128215,0.7798830741421378,,-919588.0,1.0,919588.0,919588.0,29.879512121895445,35.12747052936368,29.879512121895445,1.402430697128215,0.7798830741421378,,-919588.0,1.0,919588.0,919588.0,29.879512121895445,35.12747052936368,29.879512121895445,1.402430697128215,0.7798830741421378,,-919588.0,0.0,0.0,1.0,4591381.714071004,4591381.714071004,1.0,4591381.714071004,4591381.714071004,2022-12-31,2022-09-01,3
run_20260811T161321Z_ebb0c846,one_step_202301,one_step_ex_ante,drift,2008-01,2022-12,2023-01,2023-01,0.0013268999755382538,,1.0,3697537.1560693644,3697537.1560693644,120.14141797841359,75.05521699570559,120.14141797841357,5.638981382362359,3.1358028204262705,,3697537.1560693644,1.0,3697537.1560693644,3697537.1560693644,120.14141797841359,75.05521699570559,120.14141797841357,5.638981382362359,3.1358028204262705,,3697537.1560693644,1.0,919588.0,919588.0,29.879512121895445,35.12747052936368,29.879512121895445,1.402430697128215,0.7798830741421378,,-919588.0,-3.020862773404356,-3.020862773404356,1.0,16724755.178267669,16724755.178267669,1.0,16724755.178267669,16724755.178267669,2022-12-31,2022-09-01,3
run_20260811T161321Z_ebb0c846,one_step_202301,one_step_ex_ante,same_month_historical_mean,2008-01,2022-12,2023-01,2023-01,0.0018990000244230032,,1.0,1476573.4666666666,1476573.4666666666,47.977240673144756,63.118497369188916,47.977240673144756,2.2518692677790035,1.252250632218682,,-1476573.4666666666,1.0,1476573.4666666666,1476573.4666666666,47.977240673144756,63.118497369188916,47.977240673144756,2.2518692677790035,1.252250632218682,,-1476573.4666666666,1.0,919588.0,919588.0,29.879512121895445,35.12747052936368,29.879512121895445,1.402430697128215,0.7798830741421378,,-919588.0,-0.605690229392583,-0.605690229392583,1.0,3212531.2170616454,3212531.2170616454,1.0,3212531.2170616454,3212531.2170616454,2022-12-31,2022-09-01,3
run_20260811T161321Z_ebb0c846,one_step_202301,one_step_ex_ante,seasonal_moving_average_3,2008-01,2022-12,2023-01,2023-01,0.02723320003133267,,1.0,1238513.6666666667,1238513.6666666667,40.24213464758113,50.37890880528323,40.24213464758113,1.888812799803994,1.050357166173385,,-1238513.6666666667,1.0,1238513.6666666667,1238513.6666666667,40.24213464758113,50.37890880528323,40.24213464758113,1.888812799803994,1.050357166173385,,-1238513.6666666667,1.0,919588.0,919588.0,29.879512121895445,35.12747052936368,29.879512121895445,1.402430697128215,0.7798830741421378,,-919588.0,-0.3468136455311148,-0.3468136455311148,1.0,3965123.6214138097,3965123.6214138097,1.0,3965123.6214138097,3965123.6214138097,2022-12-31,2022-09-01,3
run_20260811T161321Z_ebb0c846,one_step_202302,one_step_ex_ante,naive_last,2008-01,2023-01,2023-02,2023-02,0.0013787000207230449,,1.0,3604897.0,3604897.0,155.72467608989868,87.55348535368064,155.72467608989868,5.453138554793984,3.0510787923098097,,3604897.0,1.0,3604897.0,3604897.0,155.72467608989868,87.55348535368064,155.72467608989868,5.453138554793984,3.0510787923098097,,3604897.0,1.0,463523.0,463523.0,20.023309691016998,22.251003345645586,20.023309691017,0.7011726388670112,0.3923122338995594,,-463523.0,-6.777169633437823,-6.777169633437823,1.0,7294907.744655188,7294907.744655188,1.0,7294907.744655188,7294907.744655188,2023-01-31,2022-10-01,3
run_20260811T161321Z_ebb0c846,one_step_202302,one_step_ex_ante,seasonal_naive,2008-01,2023-01,2023-02,2023-02,0.002643299987539649,,1.0,463523.0,463523.0,20.023309691016998,22.251003345645586,20.023309691017,0.7011726388670112,0.3923122338995594,,-463523.0,1.0,463523.0,463523.0,20.023309691016998,22.251003345645586,20.023309691017,0.7011726388670112,0.3923122338995594,,-463523.0,1.0,463523.0,463523.0,20.023309691016998,22.251003345645586,20.023309691017,0.7011726388670112,0.3923122338995594,,-463523.0,0.0,0.0,1.0,4595959.327933875,4595959.327933875,1.0,4595959.327933875,4595959.327933875,2023-01-31,2022-10-01,3
run_20260811T161321Z_ebb0c846,one_step_202302,one_step_ex_ante,drift,2008-01,2023-01,2023-02,2023-02,0.0015251999720931053,,1.0,3714025.2298850575,3714025.2298850575,160.43880752031532,89.02415842737608,160.43880752031532,5.618217156985012,3.143441716366893,,3714025.2298850575,1.0,3714025.2298850575,3714025.2298850575,160.43880752031532,89.02415842737608,160.43880752031532,5.618217156985012,3.143441716366893,,3714025.2298850575,1.0,463523.0,463523.0,20.023309691016998,22.251003345645586,20.023309691017,0.7011726388670112,0.3923122338995594,,-463523.0,-7.012601812391312,-7.012601812391312,1.0,15646696.621910999,15646696.621910999,1.0,15646696.621910999,15646696.621910999,2023-01-31,2022-10-01,3
run_20260811T161321Z_ebb0c846,one_step_202302,one_step_ex_ante,same_month_historical_mean,2008-01,2023-01,2023-02,2023-02,0.0018970000091940165,,1.0,878647.0,878647.0,37.95587487585948,46.84634490362651,37.95587487585948,1.3291319645898538,0.7436609777274183,,-878647.0,1.0,878647.0,878647.0,37.95587487585948,46.84634490362651,37.95587487585948,1.3291319645898538,0.7436609777274183,,-878647.0,1.0,463523.0,463523.0,20.023309691016998,22.251003345645586,20.023309691017,0.7011726388670112,0.3923122338995594,,-463523.0,-0.8955844693790815,-0.8955844693790815,1.0,3254855.8833926935,3254855.8833926935,1.0,3254855.8833926935,3254855.8833926935,2023-01-31,2022-10-01,3
run_20260811T161321Z_ebb0c846,one_step_202302,one_step_ex_ante,seasonal_moving_average_3,2008-01,2023-01,2023-02,2023-02,0.02909829991403967,,1.0,771436.0,771436.0,33.324564120441465,39.98737299780893,33.324564120441465,1.1669535618232787,0.6529207406548121,,-771436.0,1.0,771436.0,771436.0,33.324564120441465,39.98737299780893,33.324564120441465,1.1669535618232787,0.6529207406548121,,-771436.0,1.0,463523.0,463523.0,20.023309691016998,22.251003345645586,20.023309691017,0.7011726388670112,0.3923122338995594,,-463523.0,-0.6642885034831065,-0.6642885034831065,1.0,3989786.6153520085,3989786.6153520085,1.0,3989786.6153520085,3989786.6153520085,2023-01-31,2022-10-01,3
run_20260811T161321Z_ebb0c846,one_step_202303,one_step_ex_ante,naive_last,2008-01,2023-02,2023-03,2023-03,0.0016411000397056341,,1.0,649090.0,649090.0,23.27325792982777,20.847331333466087,23.273257929827768,0.9790257529510551,0.549924374480445,,649090.0,1.0,649090.0,649090.0,23.27325792982777,20.847331333466087,23.273257929827768,0.9790257529510551,0.549924374480445,,649090.0,1.0,346799.0,346799.0,12.434550796971669,13.258892668992587,12.434550796971669,0.5230786980198014,0.2938163015074086,,-346799.0,-0.8716605295863022,-0.8716605295863022,1.0,7424339.289748874,7424339.289748874,1.0,7424339.289748874,7424339.289748874,2023-02-28,2022-11-01,3
run_20260811T161321Z_ebb0c846,one_step_202303,one_step_ex_ante,seasonal_naive,2008-01,2023-02,2023-03,2023-03,0.0017770000267773867,,1.0,346799.0,346799.0,12.434550796971669,13.258892668992587,12.434550796971669,0.5230786980198014,0.2938163015074086,,-346799.0,1.0,346799.0,346799.0,12.434550796971669,13.258892668992587,12.434550796971669,0.5230786980198014,0.2938163015074086,,-346799.0,1.0,346799.0,346799.0,12.434550796971669,13.258892668992587,12.434550796971669,0.5230786980198014,0.2938163015074086,,-346799.0,0.0,0.0,1.0,4588210.072874278,4588210.072874278,1.0,4588210.072874278,4588210.072874278,2023-02-28,2022-11-01,3
run_20260811T161321Z_ebb0c846,one_step_202303,one_step_ex_ante,drift,2008-01,2023-02,2023-03,2023-03,0.0013286999892443419,,1.0,700869.4057142856,700869.4057142856,25.129819369137827,22.324736402807044,25.129819369137827,1.0571248943132492,0.5937931096302665,,700869.4057142856,1.0,700869.4057142856,700869.4057142856,25.129819369137827,22.324736402807044,25.129819369137827,1.0571248943132492,0.5937931096302665,,700869.4057142856,1.0,346799.0,346799.0,12.434550796971669,13.258892668992587,12.434550796971669,0.5230786980198014,0.2938163015074086,,-346799.0,-1.0209672049639287,-1.0209672049639287,1.0,13309503.182931395,13309503.182931395,1.0,13309503.182931395,13309503.182931395,2023-02-28,2022-11-01,3
run_20260811T161321Z_ebb0c846,one_step_202303,one_step_ex_ante,same_month_historical_mean,2008-01,2023-02,2023-03,2023-03,0.0020589999621734023,,1.0,1004570.0666666667,1004570.0666666667,36.01907019075569,43.93080370096199,36.01907019075569,1.5151981480386771,0.8510954806474381,,-1004570.0666666667,1.0,1004570.0666666667,1004570.0666666667,36.01907019075569,43.93080370096199,36.01907019075569,1.5151981480386771,0.8510954806474381,,-1004570.0666666667,1.0,346799.0,346799.0,12.434550796971669,13.258892668992587,12.434550796971669,0.5230786980198014,0.2938163015074086,,-346799.0,-1.8966925125697212,-1.8966925125697212,1.0,3265964.7252246817,3265964.7252246817,1.0,3265964.7252246817,3265964.7252246817,2023-02-28,2022-11-01,3
run_20260811T161321Z_ebb0c846,one_step_202303,one_step_ex_ante,seasonal_moving_average_3,2008-01,2023-02,2023-03,2023-03,0.028733600047416985,,1.0,1274436.6666666667,1274436.6666666667,45.695193668926144,59.22718125951734,45.695193668926144,1.9222393153056836,1.0797328363271812,,-1274436.6666666667,1.0,1274436.6666666667,1274436.6666666667,45.695193668926144,59.22718125951734,45.695193668926144,1.9222393153056836,1.0797328363271812,,-1274436.6666666667,1.0,346799.0,346799.0,12.434550796971669,13.258892668992587,12.434550796971669,0.5230786980198014,0.2938163015074086,,-346799.0,-2.6748568094679244,-2.6748568094679244,1.0,3991566.0174101363,3991566.0174101363,1.0,3991566.0174101363,3991566.0174101363,2023-02-28,2022-11-01,3
run_20260811T161321Z_ebb0c846,one_step_202304,one_step_ex_ante,naive_last,2008-01,2023-03,2023-04,2023-04,0.0013800999149680138,,1.0,921059.0,921059.0,26.009277459985412,29.897315305422413,26.009277459985412,1.392081858372651,0.7824195037667774,,-921059.0,1.0,921059.0,921059.0,26.009277459985412,29.897315305422413,26.009277459985412,1.392081858372651,0.7824195037667774,,-921059.0,1.0,619831.0,619831.0,17.503065989583966,19.18176443291368,17.503065989583966,0.9368080550290249,0.5265328968494585,,-619831.0,-0.48598408275804217,-0.48598408275804217,1.0,7419359.288394231,7419359.288394231,1.0,7419359.288394231,7419359.288394231,2023-03-31,2022-12-01,3
run_20260811T161321Z_ebb0c846,one_step_202304,one_step_ex_ante,seasonal_naive,2008-01,2023-03,2023-04,2023-04,0.0015085999621078372,,1.0,619831.0,619831.0,17.503065989583966,19.18176443291368,17.503065989583966,0.9368080550290249,0.5265328968494585,,-619831.0,1.0,619831.0,619831.0,17.503065989583966,19.18176443291368,17.503065989583966,0.9368080550290249,0.5265328968494585,,-619831.0,1.0,619831.0,619831.0,17.503065989583966,19.18176443291368,17.503065989583966,0.9368080550290249,0.5265328968494585,,-619831.0,0.0,0.0,1.0,4574670.596734744,4574670.596734744,1.0,4574670.596734744,4574670.596734744,2023-03-31,2022-12-01,3
run_20260811T161321Z_ebb0c846,one_step_202304,one_step_ex_ante,drift,2008-01,2023-03,2023-04,2023-04,0.0015560999745503068,,1.0,888161.8181818184,888161.8181818184,25.080312073880208,28.67637413631025,25.080312073880208,1.3423612975826502,0.7544740663154229,,-888161.8181818184,1.0,888161.8181818184,888161.8181818184,25.080312073880208,28.67637413631025,25.080312073880208,1.3423612975826502,0.7544740663154229,,-888161.8181818184,1.0,619831.0,619831.0,17.503065989583966,19.18176443291368,17.503065989583966,0.9368080550290249,0.5265328968494585,,-619831.0,-0.43290964501907503,-0.43290964501907503,1.0,12990238.233215619,12990238.233215619,1.0,12990238.233215619,12990238.233215619,2023-03-31,2022-12-01,3
run_20260811T161321Z_ebb0c846,one_step_202304,one_step_ex_ante,same_month_historical_mean,2008-01,2023-03,2023-04,2023-04,0.0020345000084489584,,1.0,1250285.785714286,1250285.785714286,35.30613120866169,42.874858023273944,35.30613120866169,1.8896728223426005,1.0620904676304417,,-1250285.785714286,1.0,1250285.785714286,1250285.785714286,35.30613120866169,42.874858023273944,35.30613120866169,1.8896728223426005,1.0620904676304417,,-1250285.785714286,1.0,619831.0,619831.0,17.503065989583966,19.18176443291368,17.503065989583966,0.9368080550290249,0.5265328968494585,,-619831.0,-1.0171398102293785,-1.0171398102293785,1.0,3267633.780110714,3267633.780110714,1.0,3267633.780110714,3267633.780110714,2023-03-31,2022-12-01,3
run_20260811T161321Z_ebb0c846,one_step_202304,one_step_ex_ante,seasonal_moving_average_3,2008-01,2023-03,2023-04,2023-04,0.027211800101213157,,1.0,1085518.3333333335,1085518.3333333335,30.653353932340494,36.20190259935054,30.65335393234049,1.640644495916385,0.9221241154979279,,-1085518.3333333335,1.0,1085518.3333333335,1085518.3333333335,30.653353932340494,36.20190259935054,30.65335393234049,1.640644495916385,0.9221241154979279,,-1085518.3333333335,1.0,619831.0,619831.0,17.503065989583966,19.18176443291368,17.503065989583966,0.9368080550290249,0.5265328968494585,,-619831.0,-0.7513133956406399,-0.7513133956406399,1.0,3984572.6862840066,3984572.6862840066,1.0,3984572.6862840066,3984572.6862840066,2023-03-31,2022-12-01,3
run_20260811T161321Z_ebb0c846,one_step_202305,one_step_ex_ante,naive_last,2008-01,2023-04,2023-05,2023-05,0.0013859999598935246,,1.0,1506804.0,1506804.0,32.86765851055893,39.331296645102555,32.86765851055894,2.2719386255810714,1.281530233981298,,-1506804.0,1.0,1506804.0,1506804.0,32.86765851055893,39.331296645102555,32.86765851055894,2.2719386255810714,1.281530233981298,,-1506804.0,1.0,506033.0,506033.0,11.038011472675722,11.682785049734598,11.038011472675723,0.7629896911069166,0.43037886074914733,,-506033.0,-1.9776793213090844,-1.9776793213090844,1.0,7402985.868658997,7402985.868658997,1.0,7402985.868658997,7402985.868658997,2023-04-30,2023-01-01,3
run_20260811T161321Z_ebb0c846,one_step_202305,one_step_ex_ante,seasonal_naive,2008-01,2023-04,2023-05,2023-05,0.0015182000352069736,,1.0,506033.0,506033.0,11.038011472675722,11.682785049734598,11.038011472675723,0.7629896911069166,0.43037886074914733,,-506033.0,1.0,506033.0,506033.0,11.038011472675722,11.682785049734598,11.038011472675723,0.7629896911069166,0.43037886074914733,,-506033.0,1.0,506033.0,506033.0,11.038011472675722,11.682785049734598,11.038011472675723,0.7629896911069166,0.43037886074914733,,-506033.0,0.0,0.0,1.0,4566186.253839921,4566186.253839921,1.0,4566186.253839921,4566186.253839921,2023-04-30,2023-01-01,3
run_20260811T161321Z_ebb0c846,one_step_202305,one_step_ex_ante,drift,2008-01,2023-04,2023-05,2023-05,0.0014586999313905835,,1.0,1463755.0056497175,1463755.0056497175,31.92863814325963,37.99414461873018,31.928638143259626,2.207029936025676,1.2449172519329512,,-1463755.0056497175,1.0,1463755.0056497175,1463755.0056497175,31.92863814325963,37.99414461873018,31.928638143259626,2.207029936025676,1.2449172519329512,,-1463755.0056497175,1.0,506033.0,506033.0,11.038011472675722,11.682785049734598,11.038011472675723,0.7629896911069166,0.43037886074914733,,-506033.0,-1.8926078055180544,-1.8926078055180544,1.0,13104353.743307736,13104353.743307736,1.0,13104353.743307736,13104353.743307736,2023-04-30,2023-01-01,3
run_20260811T161321Z_ebb0c846,one_step_202305,one_step_ex_ante,same_month_historical_mean,2008-01,2023-04,2023-05,2023-05,0.001922899973578751,,1.0,1359147.4285714286,1359147.4285714286,29.646850916104555,34.80634326460744,29.646850916104558,2.049304050713045,1.1559489636025804,,-1359147.4285714286,1.0,1359147.4285714286,1359147.4285714286,29.646850916104555,34.80634326460744,29.646850916104558,2.049304050713045,1.1559489636025804,,-1359147.4285714286,1.0,506033.0,506033.0,11.038011472675722,11.682785049734598,11.038011472675723,0.7629896911069166,0.43037886074914733,,-506033.0,-1.685886945261334,-1.685886945261334,1.0,3285506.2432108233,3285506.2432108233,1.0,3285506.2432108233,3285506.2432108233,2023-04-30,2023-01-01,3
run_20260811T161321Z_ebb0c846,one_step_202305,one_step_ex_ante,seasonal_moving_average_3,2008-01,2023-04,2023-05,2023-05,0.02813679992686957,,1.0,1476517.6666666665,1476517.6666666665,32.20702789002902,38.38900698286771,32.20702789002902,2.226273303132217,1.2557718394966122,,-1476517.6666666665,1.0,1476517.6666666665,1476517.6666666665,32.20702789002902,38.38900698286771,32.20702789002902,2.226273303132217,1.2557718394966122,,-1476517.6666666665,1.0,506033.0,506033.0,11.038011472675722,11.682785049734598,11.038011472675723,0.7629896911069166,0.43037886074914733,,-506033.0,-1.9178288109010015,-1.9178288109010015,1.0,3987260.0550198494,3987260.0550198494,1.0,3987260.0550198494,3987260.0550198494,2023-04-30,2023-01-01,3
run_20260811T161321Z_ebb0c846,one_step_202306,one_step_ex_ante,naive_last,2008-01,2023-05,2023-06,2023-06,0.0019092001020908356,,1.0,3554849.0,3554849.0,60.56202240430027,86.86589327894556,60.56202240430027,5.36981213765964,3.0311988731548456,,-3554849.0,1.0,3554849.0,3554849.0,60.56202240430027,86.86589327894556,60.56202240430027,5.36981213765964,3.0311988731548456,,-3554849.0,1.0,930501.0,930501.0,15.852437729204198,17.217102994708778,15.852437729204196,1.4055774419404121,0.7934327400881042,,-930501.0,-2.8203602145510858,-2.8203602145510858,1.0,7396023.572970247,7396023.572970247,1.0,7396023.572970247,7396023.572970247,2023-05-31,2023-02-01,3
run_20260811T161321Z_ebb0c846,one_step_202306,one_step_ex_ante,seasonal_naive,2008-01,2023-05,2023-06,2023-06,0.0015722999814897776,,1.0,930501.0,930501.0,15.852437729204198,17.217102994708778,15.852437729204196,1.4055774419404121,0.7934327400881042,,-930501.0,1.0,930501.0,930501.0,15.852437729204198,17.217102994708778,15.852437729204196,1.4055774419404121,0.7934327400881042,,-930501.0,1.0,930501.0,930501.0,15.852437729204198,17.217102994708778,15.852437729204196,1.4055774419404121,0.7934327400881042,,-930501.0,0.0,0.0,1.0,4552961.558745798,4552961.558745798,1.0,4552961.558745798,4552961.558745798,2023-05-31,2023-02-01,3
run_20260811T161321Z_ebb0c846,one_step_202306,one_step_ex_ante,drift,2008-01,2023-05,2023-06,2023-06,0.001579799922183156,,1.0,3529182.011235955,3529182.011235955,60.12474792412432,85.96910036881935,60.12474792412432,5.331040615211754,3.00931278251672,,-3529182.011235955,1.0,3529182.011235955,3529182.011235955,60.12474792412432,85.96910036881935,60.12474792412432,5.331040615211754,3.00931278251672,,-3529182.011235955,1.0,930501.0,930501.0,15.852437729204198,17.217102994708778,15.852437729204196,1.4055774419404121,0.7934327400881042,,-930501.0,-2.7927761616977897,-2.7927761616977897,1.0,12898608.832752256,12898608.832752256,1.0,12898608.832752256,12898608.832752256,2023-05-31,2023-02-01,3
run_20260811T161321Z_ebb0c846,one_step_202306,one_step_ex_ante,same_month_historical_mean,2008-01,2023-05,2023-06,2023-06,0.0024489000206813216,,1.0,2058936.3571428573,2058936.3571428573,35.07697508116775,42.53738991075513,35.07697508116775,3.11014657479247,1.7556429445157788,,-2058936.3571428573,1.0,2058936.3571428573,2058936.3571428573,35.07697508116775,42.53738991075513,35.07697508116775,3.11014657479247,1.7556429445157788,,-2058936.3571428573,1.0,930501.0,930501.0,15.852437729204198,17.217102994708778,15.852437729204196,1.4055774419404121,0.7934327400881042,,-930501.0,-1.2127180488176341,-1.2127180488176341,0.0,3285785.606176326,19927527.768364094,0.0,3285785.606176326,19927527.768364094,2023-05-31,2023-02-01,3
run_20260811T161321Z_ebb0c846,one_step_202306,one_step_ex_ante,seasonal_moving_average_3,2008-01,2023-05,2023-06,2023-06,0.028964399942196906,,1.0,1844230.3333333335,1844230.3333333335,31.419145726308912,37.2748683255572,31.41914572630891,2.7858202777595946,1.5725643784695176,,-1844230.3333333335,1.0,1844230.3333333335,1844230.3333333335,31.419145726308912,37.2748683255572,31.41914572630891,2.7858202777595946,1.5725643784695176,,-1844230.3333333335,1.0,930501.0,930501.0,15.852437729204198,17.217102994708778,15.852437729204196,1.4055774419404121,0.7934327400881042,,-930501.0,-0.9819756597073335,-0.9819756597073335,1.0,3980171.398884378,3980171.398884378,1.0,3980171.398884378,3980171.398884378,2023-05-31,2023-02-01,3
run_20260811T161321Z_ebb0c846,one_step_202307,one_step_ex_ante,naive_last,2008-01,2023-06,2023-07,2023-07,0.0016172000905498862,,1.0,4137351.0,4137351.0,59.7335304935676,85.17150350152403,59.733530493567606,6.267803222117838,3.537691299187415,,-4137351.0,1.0,4137351.0,4137351.0,59.7335304935676,85.17150350152403,59.733530493567606,6.267803222117838,3.537691299187415,,-4137351.0,1.0,567223.0,567223.0,8.189354098105985,8.538998510327335,8.189354098105985,0.8593039718069233,0.4850107887387324,,-567223.0,-6.294046609534521,-6.294046609534521,0.0,7380308.418526523,25268180.047996067,0.0,7380308.418526523,25268180.047996067,2023-06-30,2023-03-01,3
run_20260811T161321Z_ebb0c846,one_step_202307,one_step_ex_ante,seasonal_naive,2008-01,2023-06,2023-07,2023-07,0.0016934999730437994,,1.0,567223.0,567223.0,8.189354098105985,8.538998510327335,8.189354098105985,0.8593039718069233,0.4850107887387324,,-567223.0,1.0,567223.0,567223.0,8.189354098105985,8.538998510327335,8.189354098105985,0.8593039718069233,0.4850107887387324,,-567223.0,1.0,567223.0,567223.0,8.189354098105985,8.538998510327335,8.189354098105985,0.8593039718069233,0.4850107887387324,,-567223.0,0.0,0.0,1.0,4539325.3070849255,4539325.3070849255,1.0,4539325.3070849255,4539325.3070849255,2023-06-30,2023-03-01,3
run_20260811T161321Z_ebb0c846,one_step_202307,one_step_ex_ante,drift,2008-01,2023-06,2023-07,2023-07,0.0013680999400094151,,1.0,4101233.4804469272,4101233.4804469272,59.21207921820434,84.11528331322675,59.21207921820434,6.213087655217747,3.506808583490551,,-4101233.4804469272,1.0,4101233.4804469272,4101233.4804469272,59.21207921820434,84.11528331322675,59.21207921820434,6.213087655217747,3.506808583490551,,-4101233.4804469272,1.0,567223.0,567223.0,8.189354098105985,8.538998510327335,8.189354098105985,0.8593039718069233,0.4850107887387324,,-567223.0,-6.230372323489927,-6.230372323489927,1.0,12978073.049491707,12978073.049491707,1.0,12978073.049491707,12978073.049491707,2023-06-30,2023-03-01,3
run_20260811T161321Z_ebb0c846,one_step_202307,one_step_ex_ante,same_month_historical_mean,2008-01,2023-06,2023-07,2023-07,0.0019696999806910753,,1.0,2289764.0666666664,2289764.0666666664,33.0587595056133,39.6052639931412,33.058759505613295,3.468835637813416,1.9578900644007864,,-2289764.0666666664,1.0,2289764.0666666664,2289764.0666666664,33.0587595056133,39.6052639931412,33.058759505613295,3.468835637813416,1.9578900644007864,,-2289764.0666666664,1.0,567223.0,567223.0,8.189354098105985,8.538998510327335,8.189354098105985,0.8593039718069233,0.4850107887387324,,-567223.0,-3.0367969328935294,-3.0367969328935294,0.0,3288964.3937507533,29100239.185402345,0.0,3288964.3937507533,29100239.185402345,2023-06-30,2023-03-01,3
run_20260811T161321Z_ebb0c846,one_step_202307,one_step_ex_ante,seasonal_moving_average_3,2008-01,2023-06,2023-07,2023-07,0.028496499988250434,,1.0,3302446.6666666665,3302446.6666666665,47.67949315074163,62.60416819375068,47.67949315074162,5.002980375173787,2.8237963950114815,,-3302446.6666666665,1.0,3302446.6666666665,3302446.6666666665,47.67949315074163,62.60416819375068,47.67949315074162,5.002980375173787,2.8237963950114815,,-3302446.6666666665,1.0,567223.0,567223.0,8.189354098105985,8.538998510327335,8.189354098105985,0.8593039718069233,0.4850107887387324,,-567223.0,-4.822131096000455,-4.822131096000455,0.0,3983517.065091816,56411042.42992216,0.0,3983517.065091816,56411042.42992216,2023-06-30,2023-03-01,3
run_20260811T161321Z_ebb0c846,one_step_202308,one_step_ex_ante,naive_last,2008-01,2023-07,2023-08,2023-08,0.001521600061096251,,1.0,4946755.0,4946755.0,58.279215921346136,82.24512205492972,58.27921592134614,7.496749574195704,4.238973350261417,,-4946755.0,1.0,4946755.0,4946755.0,58.279215921346136,82.24512205492972,58.27921592134614,7.496749574195704,4.238973350261417,,-4946755.0,1.0,495604.0,495604.0,5.838860531294319,6.014448150924053,5.83886053129432,0.7510820883528065,0.4246929852565892,,-495604.0,-8.981265284380271,-8.981265284380271,0.0,7372468.107750833,57793305.95273417,0.0,7372468.107750833,57793305.95273417,2023-07-31,2023-04-01,3
run_20260811T161321Z_ebb0c846,one_step_202308,one_step_ex_ante,seasonal_naive,2008-01,2023-07,2023-08,2023-08,0.0015746999997645617,,1.0,495604.0,495604.0,5.838860531294319,6.014448150924053,5.83886053129432,0.7510820883528065,0.4246929852565892,,-495604.0,1.0,495604.0,495604.0,5.838860531294319,6.014448150924053,5.83886053129432,0.7510820883528065,0.4246929852565892,,-495604.0,1.0,495604.0,495604.0,5.838860531294319,6.014448150924053,5.83886053129432,0.7510820883528065,0.4246929852565892,,-495604.0,0.0,0.0,1.0,4527466.553654022,4527466.553654022,1.0,4527466.553654022,4527466.553654022,2023-07-31,2023-04-01,3
run_20260811T161321Z_ebb0c846,one_step_202308,one_step_ex_ante,drift,2008-01,2023-07,2023-08,2023-08,0.0014703000197187066,,1.0,4894120.888888889,4894120.888888889,57.659117548519404,81.015540378111,57.6591175485194,7.416983191979404,4.193870127175838,,-4894120.888888889,1.0,4894120.888888889,4894120.888888889,57.659117548519404,81.015540378111,57.6591175485194,7.416983191979404,4.193870127175838,,-4894120.888888889,1.0,495604.0,495604.0,5.838860531294319,6.014448150924053,5.83886053129432,0.7510820883528065,0.4246929852565892,,-495604.0,-8.875063334615719,-8.875063334615719,1.0,13287567.897912089,13287567.897912089,1.0,13287567.897912089,13287567.897912089,2023-07-31,2023-04-01,3
run_20260811T161321Z_ebb0c846,one_step_202308,one_step_ex_ante,same_month_historical_mean,2008-01,2023-07,2023-08,2023-08,0.0028141000075265765,,1.0,2648055.0,2648055.0,31.197536388319264,36.96336619835976,31.197536388319264,4.013096503404111,2.269171320396198,,-2648055.0,1.0,2648055.0,2648055.0,31.197536388319264,36.96336619835976,31.197536388319264,4.013096503404111,2.269171320396198,,-2648055.0,1.0,495604.0,495604.0,5.838860531294319,6.014448150924053,5.83886053129432,0.7510820883528065,0.4246929852565892,,-495604.0,-4.343086415767427,-4.343086415767427,0.0,3298748.156187726,43245985.032433204,0.0,3298748.156187726,43245985.032433204,2023-07-31,2023-04-01,3
run_20260811T161321Z_ebb0c846,one_step_202308,one_step_ex_ante,seasonal_moving_average_3,2008-01,2023-07,2023-08,2023-08,0.030124699929729104,,1.0,3259894.0,3259894.0,38.405796589218745,47.53363150234927,38.40579658921874,4.940331380151863,2.7934684031606762,,-3259894.0,1.0,3259894.0,3259894.0,38.405796589218745,47.53363150234927,38.40579658921874,4.940331380151863,2.7934684031606762,,-3259894.0,1.0,495604.0,495604.0,5.838860531294319,6.014448150924053,5.83886053129432,0.7510820883528065,0.4246929852565892,,-495604.0,-5.577618421158828,-5.577618421158828,0.0,3982108.8168620584,54735692.479620904,0.0,3982108.8168620584,54735692.479620904,2023-07-31,2023-04-01,3
run_20260811T161321Z_ebb0c846,one_step_202309,one_step_ex_ante,naive_last,2008-01,2023-08,2023-09,2023-09,0.0013129999861121178,,1.0,2429403.0,2429403.0,34.637170596908035,41.89232939704452,34.637170596908035,3.686878404857534,2.0868835115467697,,-2429403.0,1.0,2429403.0,2429403.0,34.637170596908035,41.89232939704452,34.637170596908035,3.686878404857534,2.0868835115467697,,-2429403.0,1.0,365279.0,365279.0,5.207958925904006,5.3471988867583935,5.207958925904006,0.5543498780762003,0.3137786205970325,,-365279.0,-5.650814856589073,-5.650814856589073,1.0,7376421.889680928,7376421.889680928,1.0,7376421.889680928,7376421.889680928,2023-08-31,2023-05-01,3
run_20260811T161321Z_ebb0c846,one_step_202309,one_step_ex_ante,seasonal_naive,2008-01,2023-08,2023-09,2023-09,0.001637800014577806,,1.0,365279.0,365279.0,5.207958925904006,5.3471988867583935,5.207958925904006,0.5543498780762003,0.3137786205970325,,-365279.0,1.0,365279.0,365279.0,5.207958925904006,5.3471988867583935,5.207958925904006,0.5543498780762003,0.3137786205970325,,-365279.0,1.0,365279.0,365279.0,5.207958925904006,5.3471988867583935,5.207958925904006,0.5543498780762003,0.3137786205970325,,-365279.0,0.0,0.0,1.0,4514830.934440762,4514830.934440762,1.0,4514830.934440762,4514830.934440762,2023-08-31,2023-05-01,3
run_20260811T161321Z_ebb0c846,one_step_202309,one_step_ex_ante,drift,2008-01,2023-08,2023-09,2023-09,0.001383200054988265,,1.0,2354005.828729282,2354005.828729282,33.56219675196418,40.330016495047985,33.56219675196417,3.5724551483845017,2.0221165241255274,,-2354005.828729282,1.0,2354005.828729282,2354005.828729282,33.56219675196418,40.330016495047985,33.56219675196417,3.5724551483845017,2.0221165241255274,,-2354005.828729282,1.0,365279.0,365279.0,5.207958925904006,5.3471988867583935,5.207958925904006,0.5543498780762003,0.3137786205970325,,-365279.0,-5.444405040337063,-5.444405040337063,1.0,14047489.985439427,14047489.985439427,1.0,14047489.985439427,14047489.985439427,2023-08-31,2023-05-01,3
run_20260811T161321Z_ebb0c846,one_step_202309,one_step_ex_ante,same_month_historical_mean,2008-01,2023-08,2023-09,2023-09,0.00241499999538064,,1.0,2065143.0666666664,2065143.0666666664,29.443740996102807,34.52672000202587,29.443740996102807,3.134075069239066,1.7739802802630102,,-2065143.0666666664,1.0,2065143.0666666664,2065143.0666666664,29.443740996102807,34.52672000202587,29.443740996102807,3.134075069239066,1.7739802802630102,,-2065143.0666666664,1.0,365279.0,365279.0,5.207958925904006,5.3471988867583935,5.207958925904006,0.5543498780762003,0.3137786205970325,,-365279.0,-4.65360468755846,-4.65360468755846,0.0,3311795.2462712084,19681612.987513706,0.0,3311795.2462712084,19681612.987513706,2023-08-31,2023-05-01,3
run_20260811T161321Z_ebb0c846,one_step_202309,one_step_ex_ante,seasonal_moving_average_3,2008-01,2023-08,2023-09,2023-09,0.028370299958623946,,1.0,2450907.666666667,2450907.666666667,34.94377300415088,42.34165973638748,34.94377300415088,3.7195140322676403,2.1053562533224146,,-2450907.666666667,1.0,2450907.666666667,2450907.666666667,34.94377300415088,42.34165973638748,34.94377300415088,3.7195140322676403,2.1053562533224146,,-2450907.666666667,1.0,365279.0,365279.0,5.207958925904006,5.3471988867583935,5.207958925904006,0.5543498780762003,0.3137786205970325,,-365279.0,-5.709686750858021,-5.709686750858021,0.0,3990761.868494503,22211831.16527112,0.0,3990761.868494503,22211831.16527112,2023-08-31,2023-05-01,3
run_20260811T161321Z_ebb0c846,one_step_202310,one_step_ex_ante,naive_last,2008-01,2023-09,2023-10,2023-10,0.0015243999660015106,,1.0,281631.0,281631.0,4.57832586646578,4.6855865776048455,4.57832586646578,0.4263591714691239,0.2421845001569451,,-281631.0,1.0,281631.0,281631.0,4.57832586646578,4.6855865776048455,4.57832586646578,0.4263591714691239,0.2421845001569451,,-281631.0,1.0,231583.0,231583.0,3.7647220623217783,3.836947262374918,3.7647220623217783,0.35059185958340566,0.1991464473010635,,-231583.0,-0.2161125816661844,-0.2161125816661844,1.0,7392742.618271101,7392742.618271101,1.0,7392742.618271101,7392742.618271101,2023-09-30,2023-06-01,3
run_20260811T161321Z_ebb0c846,one_step_202310,one_step_ex_ante,seasonal_naive,2008-01,2023-09,2023-10,2023-10,0.001560600008815527,,1.0,231583.0,231583.0,3.7647220623217783,3.836947262374918,3.7647220623217783,0.35059185958340566,0.1991464473010635,,-231583.0,1.0,231583.0,231583.0,3.7647220623217783,3.836947262374918,3.7647220623217783,0.35059185958340566,0.1991464473010635,,-231583.0,1.0,231583.0,231583.0,3.7647220623217783,3.836947262374918,3.7647220623217783,0.35059185958340566,0.1991464473010635,,-231583.0,0.0,0.0,1.0,4506841.740755759,4506841.740755759,1.0,4506841.740755759,4506841.740755759,2023-09-30,2023-06-01,3
run_20260811T161321Z_ebb0c846,one_step_202310,one_step_ex_ante,drift,2008-01,2023-09,2023-10,2023-10,0.0016404000343754888,,1.0,178399.57142857183,178399.57142857183,2.900147258071164,2.942820319473753,2.9001472580711636,0.2700778446432838,0.15341212804926266,,-178399.57142857183,1.0,178399.57142857183,178399.57142857183,2.900147258071164,2.942820319473753,2.9001472580711636,0.2700778446432838,0.15341212804926266,,-178399.57142857183,1.0,231583.0,231583.0,3.7647220623217783,3.836947262374918,3.7647220623217783,0.35059185958340566,0.1991464473010635,,-231583.0,0.22965169538104335,0.22965169538104335,1.0,15415795.138389105,15415795.138389105,1.0,15415795.138389105,15415795.138389105,2023-09-30,2023-06-01,3
run_20260811T161321Z_ebb0c846,one_step_202310,one_step_ex_ante,same_month_historical_mean,2008-01,2023-09,2023-10,2023-10,0.0022041999036446214,,1.0,2107720.6,2107720.6,34.26409643207876,41.34782590187139,34.26409643207876,3.1908632526405287,1.8125038081088247,,-2107720.6,1.0,2107720.6,2107720.6,34.26409643207876,41.34782590187139,34.26409643207876,3.1908632526405287,1.8125038081088247,,-2107720.6,1.0,231583.0,231583.0,3.7647220623217783,3.836947262374918,3.7647220623217783,0.35059185958340566,0.1991464473010635,,-231583.0,-8.101361498901042,-8.101361498901042,0.0,3352875.028163251,20604198.464898225,0.0,3352875.028163251,20604198.464898225,2023-09-30,2023-06-01,3
run_20260811T161321Z_ebb0c846,one_step_202310,one_step_ex_ante,seasonal_moving_average_3,2008-01,2023-09,2023-10,2023-10,0.02992379991337657,,1.0,1924152.333333333,1924152.333333333,31.27992443559297,37.07907826730697,31.279924435592974,2.91296055697129,1.6546469354373379,,-1924152.333333333,1.0,1924152.333333333,1924152.333333333,31.27992443559297,37.07907826730697,31.279924435592974,2.91296055697129,1.6546469354373379,,-1924152.333333333,1.0,231583.0,231583.0,3.7647220623217783,3.836947262374918,3.7647220623217783,0.35059185958340566,0.1991464473010635,,-231583.0,-7.308694219063286,-7.308694219063286,1.0,4011581.7600721773,4011581.7600721773,1.0,4011581.7600721773,4011581.7600721773,2023-09-30,2023-06-01,3
run_20260811T161321Z_ebb0c846,one_step_202311,one_step_ex_ante,naive_last,2008-01,2023-10,2023-11,2023-11,0.0012953000841662288,,1.0,3405879.0,3405879.0,96.74509092117609,65.20417279413348,96.74509092117609,5.16045020896023,2.935462275370755,,3405879.0,1.0,3405879.0,3405879.0,96.74509092117609,65.20417279413348,96.74509092117609,5.16045020896023,2.935462275370755,,3405879.0,1.0,82382.0,82382.0,2.340087266831361,2.3677914600623806,2.3400872668313606,0.12482187685310069,0.07100347756617117,,-82382.0,-40.34251414143866,-40.34251414143866,1.0,7396567.315227263,7396567.315227263,1.0,7396567.315227263,7396567.315227263,2023-10-31,2023-07-01,3
run_20260811T161321Z_ebb0c846,one_step_202311,one_step_ex_ante,seasonal_naive,2008-01,2023-10,2023-11,2023-11,0.0016057000029832125,,1.0,82382.0,82382.0,2.340087266831361,2.3677914600623806,2.3400872668313606,0.12482187685310069,0.07100347756617117,,-82382.0,1.0,82382.0,82382.0,2.340087266831361,2.3677914600623806,2.3400872668313606,0.12482187685310069,0.07100347756617117,,-82382.0,1.0,82382.0,82382.0,2.340087266831361,2.3677914600623806,2.3400872668313606,0.12482187685310069,0.07100347756617117,,-82382.0,0.0,0.0,1.0,4494805.040317908,4494805.040317908,1.0,4494805.040317908,4494805.040317908,2023-10-31,2023-07-01,3
run_20260811T161321Z_ebb0c846,one_step_202311,one_step_ex_ante,drift,2008-01,2023-10,2023-11,2023-11,0.0014276000438258052,,1.0,3531640.9672131147,3531640.9672131147,100.31740014075163,66.80758430496218,100.31740014075163,5.350999658892,3.0438541208915475,,3531640.9672131147,1.0,3531640.9672131147,3531640.9672131147,100.31740014075163,66.80758430496218,100.31740014075163,5.350999658892,3.0438541208915475,,3531640.9672131147,1.0,82382.0,82382.0,2.340087266831361,2.3677914600623806,2.3400872668313606,0.12482187685310069,0.07100347756617117,,-82382.0,-41.8690850818518,-41.8690850818518,1.0,16787653.211576182,16787653.211576182,1.0,16787653.211576182,16787653.211576182,2023-10-31,2023-07-01,3
run_20260811T161321Z_ebb0c846,one_step_202311,one_step_ex_ante,same_month_historical_mean,2008-01,2023-10,2023-11,2023-11,0.002039700048044324,,1.0,1271285.5333333332,1271285.5333333332,36.11127538855877,44.06804125686362,36.11127538855877,1.9262004598924733,1.0956968008330858,,-1271285.5333333332,1.0,1271285.5333333332,1271285.5333333332,36.11127538855877,44.06804125686362,36.11127538855877,1.9262004598924733,1.0956968008330858,,-1271285.5333333332,1.0,82382.0,82382.0,2.340087266831361,2.3677914600623806,2.3400872668313606,0.12482187685310069,0.07100347756617117,,-82382.0,-14.431593471065684,-14.431593471065684,1.0,3404858.6921617026,3404858.6921617026,1.0,3404858.6921617026,3404858.6921617026,2023-10-31,2023-07-01,3
run_20260811T161321Z_ebb0c846,one_step_202311,one_step_ex_ante,seasonal_moving_average_3,2008-01,2023-10,2023-11,2023-11,0.030059300013817847,,1.0,1131292.3333333335,1131292.3333333335,32.13472341406221,38.28632587706249,32.13472341406221,1.714088421210826,0.9750393266807651,,-1131292.3333333335,1.0,1131292.3333333335,1131292.3333333335,32.13472341406221,38.28632587706249,32.13472341406221,1.714088421210826,0.9750393266807651,,-1131292.3333333335,1.0,82382.0,82382.0,2.340087266831361,2.3677914600623806,2.3400872668313606,0.12482187685310069,0.07100347756617117,,-82382.0,-12.732275658922259,-12.732275658922259,1.0,4109165.859831913,4109165.859831913,1.0,4109165.859831913,4109165.859831913,2023-10-31,2023-07-01,3
run_20260811T161321Z_ebb0c846,one_step_202312,one_step_ex_ante,naive_last,2008-01,2023-11,2023-12,2023-12,0.0013525000540539622,,1.0,5687745.0,5687745.0,203.11336612289983,100.77233016430188,203.1133661228998,8.630486577365415,4.913989235782317,,5687745.0,1.0,5687745.0,5687745.0,203.11336612289983,100.77233016430188,203.1133661228998,8.630486577365415,4.913989235782317,,5687745.0,1.0,180069.0,180069.0,6.430390378679854,6.644008211061244,6.430390378679854,0.27323360795879786,0.15557257361187712,,-180069.0,-30.586475184512604,-30.586475184512604,0.0,7429162.096694463,86355720.1628052,0.0,7429162.096694463,86355720.1628052,2023-11-30,2023-08-01,3
run_20260811T161321Z_ebb0c846,one_step_202312,one_step_ex_ante,seasonal_naive,2008-01,2023-11,2023-12,2023-12,0.001647000084631145,,1.0,180069.0,180069.0,6.430390378679854,6.644008211061244,6.430390378679854,0.27323360795879786,0.15557257361187712,,-180069.0,1.0,180069.0,180069.0,6.430390378679854,6.644008211061244,6.430390378679854,0.27323360795879786,0.15557257361187712,,-180069.0,1.0,180069.0,180069.0,6.430390378679854,6.644008211061244,6.430390378679854,0.27323360795879786,0.15557257361187712,,-180069.0,0.0,0.0,1.0,4482380.976487592,4482380.976487592,1.0,4482380.976487592,4482380.976487592,2023-11-30,2023-08-01,3
run_20260811T161321Z_ebb0c846,one_step_202312,one_step_ex_ante,drift,2008-01,2023-11,2023-12,2023-12,0.0015223999507725239,,1.0,5846773.043478262,5846773.043478262,208.79236917574562,102.15081538666531,208.79236917574562,8.87179299927143,5.051383245858314,,5846773.043478262,1.0,5846773.043478262,5846773.043478262,208.79236917574562,102.15081538666531,208.79236917574562,8.87179299927143,5.051383245858314,,5846773.043478262,1.0,180069.0,180069.0,6.430390378679854,6.644008211061244,6.430390378679854,0.27323360795879786,0.15557257361187712,,-180069.0,-31.469625773888133,-31.469625773888133,1.0,19160422.173461594,19160422.173461594,1.0,19160422.173461594,19160422.173461594,2023-11-30,2023-08-01,3
run_20260811T161321Z_ebb0c846,one_step_202312,one_step_ex_ante,same_month_historical_mean,2008-01,2023-11,2023-12,2023-12,0.0019456000300124288,,1.0,1054409.5333333334,1054409.5333333334,37.65370451513021,46.38689709878773,37.65370451513021,1.5999429166531667,0.9109685994900012,,-1054409.5333333334,1.0,1054409.5333333334,1054409.5333333334,37.65370451513021,46.38689709878773,37.65370451513021,1.5999429166531667,0.9109685994900012,,-1054409.5333333334,1.0,180069.0,180069.0,6.430390378679854,6.644008211061244,6.430390378679854,0.27323360795879786,0.15557257361187712,,-180069.0,-4.855586099402637,-4.855586099402637,1.0,3475492.183959758,3475492.183959758,1.0,3475492.183959758,3475492.183959758,2023-11-30,2023-08-01,3
run_20260811T161321Z_ebb0c846,one_step_202312,one_step_ex_ante,seasonal_moving_average_3,2008-01,2023-11,2023-12,2023-12,0.030126800062134862,,1.0,879727.0,879727.0,31.41566864182559,37.2699744854459,31.415668641825587,1.334882640703116,0.7600497224167171,,-879727.0,1.0,879727.0,879727.0,31.41566864182559,37.2699744854459,31.415668641825587,1.334882640703116,0.7600497224167171,,-879727.0,1.0,180069.0,180069.0,6.430390378679854,6.644008211061244,6.430390378679854,0.27323360795879786,0.15557257361187712,,-180069.0,-3.8854994474340394,-3.8854994474340394,1.0,4199378.7833414925,4199378.7833414925,1.0,4199378.7833414925,4199378.7833414925,2023-11-30,2023-08-01,3
run_20260811T161321Z_ebb0c846,one_step_202401,one_step_ex_ante,naive_last,2008-01,2023-12,2024-01,2024-01,0.0013409999664872885,,1.0,3767968.0,3767968.0,116.08417159776987,73.45142973213588,116.08417159776985,5.7323920937605415,3.2639816214829422,,3767968.0,1.0,3767968.0,3767968.0,116.08417159776987,73.45142973213588,116.08417159776985,5.7323920937605415,3.2639816214829422,,3767968.0,1.0,168239.0,168239.0,5.183134502585267,5.321032641965024,5.183134502585267,0.2559501337225209,0.1457361113514416,,-168239.0,-21.3965192375133,-21.3965192375133,0.0,7460158.049159359,8975717.065972175,0.0,7460158.049159359,8975717.065972175,2023-12-31,2023-09-01,3
run_20260811T161321Z_ebb0c846,one_step_202401,one_step_ex_ante,seasonal_naive,2008-01,2023-12,2024-01,2024-01,0.0017031000461429358,,1.0,168239.0,168239.0,5.183134502585267,5.321032641965024,5.183134502585267,0.2559501337225209,0.1457361113514416,,-168239.0,1.0,168239.0,168239.0,5.183134502585267,5.321032641965024,5.183134502585267,0.2559501337225209,0.1457361113514416,,-168239.0,1.0,168239.0,168239.0,5.183134502585267,5.321032641965024,5.183134502585267,0.2559501337225209,0.1457361113514416,,-168239.0,0.0,0.0,1.0,4469453.959512897,4469453.959512897,1.0,4469453.959512897,4469453.959512897,2023-12-31,2023-09-01,3
run_20260811T161321Z_ebb0c846,one_step_202401,one_step_ex_ante,drift,2008-01,2023-12,2024-01,2024-01,0.001348900026641786,,1.0,3894262.594594595,3894262.594594595,119.97507602975807,74.99026331575917,119.97507602975806,5.924530173367042,3.3733836216191952,,3894262.594594595,1.0,3894262.594594595,3894262.594594595,119.97507602975807,74.99026331575917,119.97507602975806,5.924530173367042,3.3733836216191952,,3894262.594594595,1.0,168239.0,168239.0,5.183134502585267,5.321032641965024,5.183134502585267,0.2559501337225209,0.1457361113514416,,-168239.0,-22.147204837134048,-22.147204837134048,1.0,16795997.346217677,16795997.346217677,1.0,16795997.346217677,16795997.346217677,2023-12-31,2023-09-01,3
run_20260811T161321Z_ebb0c846,one_step_202401,one_step_ex_ante,same_month_historical_mean,2008-01,2023-12,2024-01,2024-01,0.0020824000239372253,,1.0,1552526.625,1552526.625,47.830493026110226,62.864753888329666,47.830493026110226,2.3619338992535863,1.3448676769184187,,-1552526.625,1.0,1552526.625,1552526.625,47.830493026110226,62.864753888329666,47.830493026110226,2.3619338992535863,1.3448676769184187,,-1552526.625,1.0,168239.0,168239.0,5.183134502585267,5.321032641965024,5.183134502585267,0.2559501337225209,0.1457361113514416,,-168239.0,-8.228101837267221,-8.228101837267221,1.0,3513665.314387207,3513665.314387207,1.0,3513665.314387207,3513665.314387207,2023-12-31,2023-09-01,3
run_20260811T161321Z_ebb0c846,one_step_202401,one_step_ex_ante,seasonal_moving_average_3,2008-01,2023-12,2024-01,2024-01,0.02943039999809116,,1.0,1224009.0,1224009.0,37.70946854994912,46.47155716728328,37.70946854994912,1.8621441355902562,1.0602910854151932,,-1224009.0,1.0,1224009.0,1224009.0,37.70946854994912,46.47155716728328,37.70946854994912,1.8621441355902562,1.0602910854151932,,-1224009.0,1.0,168239.0,168239.0,5.183134502585267,5.321032641965024,5.183134502585267,0.2559501337225209,0.1457361113514416,,-168239.0,-6.2754177093301795,-6.2754177093301795,1.0,4240860.749117507,4240860.749117507,1.0,4240860.749117507,4240860.749117507,2023-12-31,2023-09-01,3
run_20260811T161321Z_ebb0c846,one_step_202402,one_step_ex_ante,naive_last,2008-01,2024-01,2024-02,2024-02,0.0015549000818282366,,1.0,3466774.0,3466774.0,129.13448182482233,78.46912976656911,129.13448182482233,5.294106520754623,3.0114877452246196,,3466774.0,1.0,3466774.0,3466774.0,129.13448182482233,78.46912976656911,129.13448182482233,5.294106520754623,3.0114877452246196,,3466774.0,1.0,369706.0,369706.0,13.77124460305972,14.78960064325918,13.771244603059722,0.5645776002018328,0.3211530628578653,,-369706.0,-8.377110460744483,-8.377110460744483,1.0,7457697.644138087,7457697.644138087,1.0,7457697.644138087,7457697.644138087,2024-01-31,2023-10-01,3
run_20260811T161321Z_ebb0c846,one_step_202402,one_step_ex_ante,seasonal_naive,2008-01,2024-01,2024-02,2024-02,0.0018385999137535691,,1.0,369706.0,369706.0,13.77124460305972,14.78960064325918,13.771244603059722,0.5645776002018328,0.3211530628578653,,-369706.0,1.0,369706.0,369706.0,13.77124460305972,14.78960064325918,13.771244603059722,0.5645776002018328,0.3211530628578653,,-369706.0,1.0,369706.0,369706.0,13.77124460305972,14.78960064325918,13.771244603059722,0.5645776002018328,0.3211530628578653,,-369706.0,0.0,0.0,1.0,4456375.851500206,4456375.851500206,1.0,4456375.851500206,4456375.851500206,2024-01-31,2023-10-01,3
run_20260811T161321Z_ebb0c846,one_step_202402,one_step_ex_ante,drift,2008-01,2024-01,2024-02,2024-02,0.0014663999900221825,,1.0,3573841.9784946237,3573841.9784946237,133.1226760142718,79.92411540820385,133.1226760142718,5.457609905489942,3.1044946459174634,,3573841.9784946237,1.0,3573841.9784946237,3573841.9784946237,133.1226760142718,79.92411540820385,133.1226760142718,5.457609905489942,3.1044946459174634,,3573841.9784946237,1.0,369706.0,369706.0,13.77124460305972,14.78960064325918,13.771244603059722,0.5645776002018328,0.3211530628578653,,-369706.0,-8.666713492598507,-8.666713492598507,1.0,15594918.702538412,15594918.702538412,1.0,15594918.702538412,15594918.702538412,2024-01-31,2023-10-01,3
run_20260811T161321Z_ebb0c846,one_step_202402,one_step_ex_ante,same_month_historical_mean,2008-01,2024-01,2024-02,2024-02,0.0020387000404298306,,1.0,1193437.5625,1193437.5625,44.4545682019412,57.159593423040015,44.45456820194121,1.822497105881362,1.0367051887892003,,-1193437.5625,1.0,1193437.5625,1193437.5625,44.4545682019412,57.159593423040015,44.45456820194121,1.822497105881362,1.0367051887892003,,-1193437.5625,1.0,369706.0,369706.0,13.77124460305972,14.78960064325918,13.771244603059722,0.5645776002018328,0.3211530628578653,,-369706.0,-2.228071934185542,-2.228071934185542,1.0,3552961.230783727,3552961.230783727,1.0,3552961.230783727,3552961.230783727,2024-01-31,2023-10-01,3
run_20260811T161321Z_ebb0c846,one_step_202402,one_step_ex_ante,seasonal_moving_average_3,2008-01,2024-01,2024-02,2024-02,0.030262399930506945,,1.0,1053477.3333333333,1053477.3333333333,39.24116471226438,48.81991666837873,39.24116471226438,1.6087640036146547,0.9151257276087927,,-1053477.3333333333,1.0,1053477.3333333333,1053477.3333333333,39.24116471226438,48.81991666837873,39.24116471226438,1.6087640036146547,0.9151257276087927,,-1053477.3333333333,1.0,369706.0,369706.0,13.77124460305972,14.78960064325918,13.771244603059722,0.5645776002018328,0.3211530628578653,,-369706.0,-1.849500233518886,-1.849500233518886,1.0,4259358.271494572,4259358.271494572,1.0,4259358.271494572,4259358.271494572,2024-01-31,2023-10-01,3
run_20260811T161321Z_ebb0c846,one_step_202403,one_step_ex_ante,naive_last,2008-01,2024-02,2024-03,2024-03,0.0014885999262332916,,1.0,440893.0,440893.0,14.316687957490224,13.360310943522927,14.316687957490224,0.6767066834333128,0.3840971951638114,,440893.0,1.0,440893.0,440893.0,14.316687957490224,13.360310943522927,14.316687957490224,0.6767066834333128,0.3840971951638114,,440893.0,1.0,290579.0,290579.0,9.43568818284607,9.902891147739764,9.43568818284607,0.445996537403335,0.2531466339304665,,-290579.0,-0.5172913390162399,-0.5172913390162399,1.0,7592089.729795698,7592089.729795698,1.0,7592089.729795698,7592089.729795698,2024-02-29,2023-11-01,3
run_20260811T161321Z_ebb0c846,one_step_202403,one_step_ex_ante,seasonal_naive,2008-01,2024-02,2024-03,2024-03,0.0017096000956371427,,1.0,290579.0,290579.0,9.43568818284607,9.902891147739764,9.43568818284607,0.445996537403335,0.2531466339304665,,-290579.0,1.0,290579.0,290579.0,9.43568818284607,9.902891147739764,9.43568818284607,0.445996537403335,0.2531466339304665,,-290579.0,1.0,290579.0,290579.0,9.43568818284607,9.902891147739764,9.43568818284607,0.445996537403335,0.2531466339304665,,-290579.0,0.0,0.0,1.0,4443542.447411813,4443542.447411813,1.0,4443542.447411813,4443542.447411813,2024-02-29,2023-11-01,3
run_20260811T161321Z_ebb0c846,one_step_202403,one_step_ex_ante,drift,2008-01,2024-02,2024-03,2024-03,0.001617699977941811,,1.0,491111.8449197863,491111.8449197863,15.947395481316128,14.769703932544909,15.947395481316127,0.7537853124692023,0.42784685206028367,,491111.8449197863,1.0,491111.8449197863,491111.8449197863,15.947395481316128,14.769703932544909,15.947395481316127,0.7537853124692023,0.42784685206028367,,491111.8449197863,1.0,290579.0,290579.0,9.43568818284607,9.902891147739764,9.43568818284607,0.445996537403335,0.2531466339304665,,-290579.0,-0.6901147189569319,-0.6901147189569319,1.0,13439532.855629722,13439532.855629722,1.0,13439532.855629722,13439532.855629722,2024-02-29,2023-11-01,3
run_20260811T161321Z_ebb0c846,one_step_202403,one_step_ex_ante,same_month_historical_mean,2008-01,2024-02,2024-03,2024-03,0.0021439000265672803,,1.0,1232363.4375,1232363.4375,40.017334783966874,50.02708853478511,40.017334783966874,1.8914987867239932,1.073610467315614,,-1232363.4375,1.0,1232363.4375,1232363.4375,40.017334783966874,50.02708853478511,40.017334783966874,1.8914987867239932,1.073610467315614,,-1232363.4375,1.0,290579.0,290579.0,9.43568818284607,9.902891147739764,9.43568818284607,0.445996537403335,0.2531466339304665,,-290579.0,-3.2410615959859452,-3.2410615959859452,1.0,3560973.006801944,3560973.006801944,1.0,3560973.006801944,3560973.006801944,2024-02-29,2023-11-01,3
run_20260811T161321Z_ebb0c846,one_step_202403,one_step_ex_ante,seasonal_moving_average_3,2008-01,2024-02,2024-03,2024-03,0.03229839995037764,,1.0,988040.0,988040.0,32.08365832417081,38.213860549808665,32.08365832417081,1.5164978157953297,0.8607607576206748,,-988040.0,1.0,988040.0,988040.0,32.08365832417081,38.213860549808665,32.08365832417081,1.5164978157953297,0.8607607576206748,,-988040.0,1.0,290579.0,290579.0,9.43568818284607,9.902891147739764,9.43568818284607,0.445996537403335,0.2531466339304665,,-290579.0,-2.4002457163112267,-2.4002457163112267,1.0,4255862.710876353,4255862.710876353,1.0,4255862.710876353,4255862.710876353,2024-02-29,2023-11-01,3
run_20260811T161321Z_ebb0c846,one_step_202404,one_step_ex_ante,naive_last,2008-01,2024-03,2024-04,2024-04,0.001389099983498454,,1.0,1240693.0,1240693.0,30.702820656604075,36.27091812832587,30.702820656604075,1.9122359412173455,1.0839093184912436,,-1240693.0,1.0,1240693.0,1240693.0,30.702820656604075,36.27091812832587,30.702820656604075,1.9122359412173455,1.0839093184912436,,-1240693.0,1.0,499703.0,499703.0,12.365904853631822,13.180871892163864,12.365904853631822,0.7701744400380522,0.4365566164861331,,-499703.0,-1.48286081932668,-1.48286081932668,1.0,7583345.249513127,7583345.249513127,1.0,7583345.249513127,7583345.249513127,2024-03-31,2023-12-01,3
run_20260811T161321Z_ebb0c846,one_step_202404,one_step_ex_ante,seasonal_naive,2008-01,2024-03,2024-04,2024-04,0.0022473999997600913,,1.0,499703.0,499703.0,12.365904853631822,13.180871892163864,12.365904853631822,0.7701744400380522,0.4365566164861331,,-499703.0,1.0,499703.0,499703.0,12.365904853631822,13.180871892163864,12.365904853631822,0.7701744400380522,0.4365566164861331,,-499703.0,1.0,499703.0,499703.0,12.365904853631822,13.180871892163864,12.365904853631822,0.7701744400380522,0.4365566164861331,,-499703.0,0.0,0.0,1.0,4430685.216595218,4430685.216595218,1.0,4430685.216595218,4430685.216595218,2024-03-31,2023-12-01,3
run_20260811T161321Z_ebb0c846,one_step_202404,one_step_ex_ante,drift,2008-01,2024-03,2024-04,2024-04,0.0015963999321684241,,1.0,1206064.3829787234,1206064.3829787234,29.845883269200037,35.08100049841176,29.845883269200034,1.8588640868885664,1.053656644642172,,-1206064.3829787234,1.0,1206064.3829787234,1206064.3829787234,29.845883269200037,35.08100049841176,29.845883269200034,1.8588640868885664,1.053656644642172,,-1206064.3829787234,1.0,499703.0,499703.0,12.365904853631822,13.180871892163864,12.365904853631822,0.7701744400380522,0.4365566164861331,,-499703.0,-1.413562422036136,-1.413562422036136,1.0,13258630.465585567,13258630.465585567,1.0,13258630.465585567,13258630.465585567,2024-03-31,2023-12-01,3
run_20260811T161321Z_ebb0c846,one_step_202404,one_step_ex_ante,same_month_historical_mean,2008-01,2024-03,2024-04,2024-04,0.002085199928842485,,1.0,1666636.4,1666636.4,41.243432895138646,51.958081038495465,41.243432895138646,2.5687273362718157,1.456027175535527,,-1666636.4,1.0,1666636.4,1666636.4,41.243432895138646,51.958081038495465,41.243432895138646,2.5687273362718157,1.456027175535527,,-1666636.4,1.0,499703.0,499703.0,12.365904853631822,13.180871892163864,12.365904853631822,0.7701744400380522,0.4365566164861331,,-499703.0,-2.3352539408408592,-2.3352539408408592,1.0,3563463.071446915,3563463.071446915,1.0,3563463.071446915,3563463.071446915,2024-03-31,2023-12-01,3
run_20260811T161321Z_ebb0c846,one_step_202404,one_step_ex_ante,seasonal_moving_average_3,2008-01,2024-03,2024-04,2024-04,0.03180850006174296,,1.0,1493549.6666666665,1493549.6666666665,36.96014046778491,45.33877859540469,36.96014046778491,2.3019549176090988,1.3048130370119688,,-1493549.6666666665,1.0,1493549.6666666665,1493549.6666666665,36.96014046778491,45.33877859540469,36.96014046778491,2.3019549176090988,1.3048130370119688,,-1493549.6666666665,1.0,499703.0,499703.0,12.365904853631822,13.180871892163864,12.365904853631822,0.7701744400380522,0.4365566164861331,,-499703.0,-1.9888747249199357,-1.9888747249199357,1.0,4248252.119389876,4248252.119389876,1.0,4248252.119389876,4248252.119389876,2024-03-31,2023-12-01,3
run_20260811T161321Z_ebb0c846,one_step_202405,one_step_ex_ante,naive_last,2008-01,2024-04,2024-05,2024-05,0.0013235999504104257,,1.0,2339741.0,2339741.0,41.88854837248556,52.986103082739824,41.88854837248556,3.6214876768845907,2.0498111236819683,,-2339741.0,1.0,2339741.0,2339741.0,41.88854837248556,52.986103082739824,41.88854837248556,3.6214876768845907,2.0498111236819683,,-2339741.0,1.0,1001176.0,1001176.0,17.924124638313216,19.68863211856884,17.924124638313216,1.5496358555894036,0.8771149035570255,,-1001176.0,-1.3369926965888115,-1.3369926965888115,1.0,7567253.599674389,7567253.599674389,1.0,7567253.599674389,7567253.599674389,2024-04-30,2024-01-01,3
run_20260811T161321Z_ebb0c846,one_step_202405,one_step_ex_ante,seasonal_naive,2008-01,2024-04,2024-05,2024-05,0.002119600074365735,,1.0,1001176.0,1001176.0,17.924124638313216,19.68863211856884,17.924124638313216,1.5496358555894036,0.8771149035570255,,-1001176.0,1.0,1001176.0,1001176.0,17.924124638313216,19.68863211856884,17.924124638313216,1.5496358555894036,0.8771149035570255,,-1001176.0,1.0,1001176.0,1001176.0,17.924124638313216,19.68863211856884,17.924124638313216,1.5496358555894036,0.8771149035570255,,-1001176.0,0.0,0.0,1.0,4417945.018012686,4417945.018012686,1.0,4417945.018012686,4417945.018012686,2024-04-30,2024-01-01,3
run_20260811T161321Z_ebb0c846,one_step_202405,one_step_ex_ante,drift,2008-01,2024-04,2024-05,2024-05,0.0016743000596761703,,1.0,2295864.6613756614,2295864.6613756614,41.10302718322864,51.73544398561415,41.10302718322865,3.553575194419712,2.0113717378787506,,-2295864.6613756614,1.0,2295864.6613756614,2295864.6613756614,41.10302718322864,51.73544398561415,41.10302718322865,3.553575194419712,2.0113717378787506,,-2295864.6613756614,1.0,1001176.0,1001176.0,17.924124638313216,19.68863211856884,17.924124638313216,1.5496358555894036,0.8771149035570255,,-1001176.0,-1.2931678959300474,-1.2931678959300474,1.0,13316405.319717573,13316405.319717573,1.0,13316405.319717573,13316405.319717573,2024-04-30,2024-01-01,3
run_20260811T161321Z_ebb0c846,one_step_202405,one_step_ex_ante,same_month_historical_mean,2008-01,2024-04,2024-05,2024-05,0.0020029000006616116,,1.0,2269713.6,2269713.6,40.634842884442484,50.995893481255365,40.634842884442484,3.5130981730274256,1.9884611950007482,,-2269713.6,1.0,2269713.6,2269713.6,40.634842884442484,50.995893481255365,40.634842884442484,3.5130981730274256,1.9884611950007482,,-2269713.6,1.0,1001176.0,1001176.0,17.924124638313216,19.68863211856884,17.924124638313216,1.5496358555894036,0.8771149035570255,,-1001176.0,-1.2670475520787554,-1.2670475520787554,0.0,3579876.7491967333,22770885.76526207,0.0,3579876.7491967333,22770885.76526207,2024-04-30,2024-01-01,3
run_20260811T161321Z_ebb0c846,one_step_202405,one_step_ex_ante,seasonal_moving_average_3,2008-01,2024-04,2024-05,2024-05,0.029657799983397126,,1.0,2356153.3333333335,2356153.3333333335,42.18237953531029,53.45712273585854,42.18237953531029,3.6468909428510328,2.0641897166254792,,-2356153.3333333335,1.0,2356153.3333333335,2356153.3333333335,42.18237953531029,53.45712273585854,42.18237953531029,3.6468909428510328,2.0641897166254792,,-2356153.3333333335,1.0,1001176.0,1001176.0,17.924124638313216,19.68863211856884,17.924124638313216,1.5496358555894036,0.8771149035570255,,-1001176.0,-1.3533857516893466,-1.3533857516893466,0.0,4246488.3060467215,13562855.51844563,0.0,4246488.3060467215,13562855.51844563,2024-04-30,2024-01-01,3
run_20260811T161321Z_ebb0c846,one_step_202406,one_step_ex_ante,naive_last,2008-01,2024-05,2024-06,2024-06,0.00142659991979599,,1.0,3786653.0,3786653.0,58.51478131978918,82.71504524023256,58.51478131978917,5.8753204864069195,3.325896612743576,,-3786653.0,1.0,3786653.0,3786653.0,58.51478131978918,82.71504524023256,58.51478131978917,5.8753204864069195,3.325896612743576,,-3786653.0,1.0,601510.0,601510.0,9.29507565432227,9.748123375643646,9.29507565432227,0.9332949245094879,0.5283188270832813,,-601510.0,-5.29524529933002,-5.29524529933002,0.0,7554222.404743474,7935894.309873994,0.0,7554222.404743474,7935894.309873994,2024-05-31,2024-02-01,3
run_20260811T161321Z_ebb0c846,one_step_202406,one_step_ex_ante,seasonal_naive,2008-01,2024-05,2024-06,2024-06,0.002105399966239929,,1.0,601510.0,601510.0,9.29507565432227,9.748123375643646,9.29507565432227,0.9332949245094879,0.5283188270832813,,-601510.0,1.0,601510.0,601510.0,9.29507565432227,9.748123375643646,9.29507565432227,0.9332949245094879,0.5283188270832813,,-601510.0,1.0,601510.0,601510.0,9.29507565432227,9.748123375643646,9.29507565432227,0.9332949245094879,0.5283188270832813,,-601510.0,0.0,0.0,1.0,4405590.344074424,4405590.344074424,1.0,4405590.344074424,4405590.344074424,2024-05-31,2024-02-01,3
run_20260811T161321Z_ebb0c846,one_step_202406,one_step_ex_ante,drift,2008-01,2024-05,2024-06,2024-06,0.001473599928431213,,1.0,3754823.8,3754823.8,58.02292778116711,81.73563079499893,58.02292778116711,5.8259347225606035,3.2979403599614123,,-3754823.8,1.0,3754823.8,3754823.8,58.02292778116711,81.73563079499893,58.02292778116711,5.8259347225606035,3.2979403599614123,,-3754823.8,1.0,601510.0,601510.0,9.29507565432227,9.748123375643646,9.29507565432227,0.9332949245094879,0.5283188270832813,,-601510.0,-5.24232980332829,-5.24232980332829,1.0,13206855.874920167,13206855.874920167,1.0,13206855.874920167,13206855.874920167,2024-05-31,2024-02-01,3
run_20260811T161321Z_ebb0c846,one_step_202406,one_step_ex_ante,same_month_historical_mean,2008-01,2024-05,2024-06,2024-06,0.0021383999846875668,,1.0,2523183.933333333,2523183.933333333,38.990516450439344,48.43257128818452,38.990516450439344,3.914938668657023,2.216165277674597,,-2523183.933333333,1.0,2523183.933333333,2523183.933333333,38.990516450439344,48.43257128818452,38.990516450439344,3.914938668657023,2.216165277674597,,-2523183.933333333,1.0,601510.0,601510.0,9.29507565432227,9.748123375643646,9.29507565432227,0.9332949245094879,0.5283188270832813,,-601510.0,-3.1947497686378163,-3.1947497686378163,0.0,3585593.1684248624,32801087.13326094,0.0,3585593.1684248624,32801087.13326094,2024-05-31,2024-02-01,3
run_20260811T161321Z_ebb0c846,one_step_202406,one_step_ex_ante,seasonal_moving_average_3,2008-01,2024-05,2024-06,2024-06,0.031656699953600764,,1.0,2247902.666666667,2247902.666666667,34.736621752289146,42.03789384024685,34.736621752289146,3.4878159126055155,1.9743799774745452,,-2247902.666666667,1.0,2247902.666666667,2247902.666666667,34.736621752289146,42.03789384024685,34.736621752289146,3.4878159126055155,1.9743799774745452,,-2247902.666666667,1.0,601510.0,601510.0,9.29507565432227,9.748123375643646,9.29507565432227,0.9332949245094879,0.5283188270832813,,-601510.0,-2.7370994109269455,-2.7370994109269455,0.0,4241480.216730513,9327982.548786938,0.0,4241480.216730513,9327982.548786938,2024-05-31,2024-02-01,3
run_20260811T161321Z_ebb0c846,one_step_202407,one_step_ex_ante,naive_last,2008-01,2024-06,2024-07,2024-07,0.0016789000947028399,,1.0,4316127.0,4316127.0,58.35994451371141,82.4059893415686,58.35994451371141,6.717686895404579,3.8009958731214164,,-4316127.0,1.0,4316127.0,4316127.0,58.35994451371141,82.4059893415686,58.35994451371141,6.717686895404579,3.8009958731214164,,-4316127.0,1.0,469355.0,469355.0,6.34632200517571,6.55430051304817,6.346322005175709,0.7305113896770452,0.4133373318321964,,-469355.0,-8.195868798670515,-8.195868798670515,0.0,7537514.248993967,29432309.269114632,0.0,7537514.248993967,29432309.269114632,2024-06-30,2024-03-01,3
run_20260811T161321Z_ebb0c846,one_step_202407,one_step_ex_ante,seasonal_naive,2008-01,2024-06,2024-07,2024-07,0.0017462000250816345,,1.0,469355.0,469355.0,6.34632200517571,6.55430051304817,6.346322005175709,0.7305113896770452,0.4133373318321964,,-469355.0,1.0,469355.0,469355.0,6.34632200517571,6.55430051304817,6.346322005175709,0.7305113896770452,0.4133373318321964,,-469355.0,1.0,469355.0,469355.0,6.34632200517571,6.55430051304817,6.346322005175709,0.7305113896770452,0.4133373318321964,,-469355.0,0.0,0.0,1.0,4393136.366940249,4393136.366940249,1.0,4393136.366940249,4393136.366940249,2024-06-30,2024-03-01,3
run_20260811T161321Z_ebb0c846,one_step_202407,one_step_ex_ante,drift,2008-01,2024-06,2024-07,2024-07,0.0015312000177800655,,1.0,4276193.219895288,4276193.219895288,57.81998514941705,81.33349150396432,57.81998514941705,6.655533341699281,3.765828202342464,,-4276193.219895288,1.0,4276193.219895288,4276193.219895288,57.81998514941705,81.33349150396432,57.81998514941705,6.655533341699281,3.765828202342464,,-4276193.219895288,1.0,469355.0,469355.0,6.34632200517571,6.55430051304817,6.346322005175709,0.7305113896770452,0.4133373318321964,,-469355.0,-8.110786547272935,-8.110786547272935,1.0,13244000.278858503,13244000.278858503,1.0,13244000.278858503,13244000.278858503,2024-06-30,2024-03-01,3
run_20260811T161321Z_ebb0c846,one_step_202407,one_step_ex_ante,same_month_historical_mean,2008-01,2024-06,2024-07,2024-07,0.0024367000441998243,,1.0,2616008.8125,2616008.8125,35.37201967061676,42.97206295047217,35.37201967061675,4.071596623082256,2.303787330716116,,-2616008.8125,1.0,2616008.8125,2616008.8125,35.37201967061676,42.97206295047217,35.37201967061675,4.071596623082256,2.303787330716116,,-2616008.8125,1.0,469355.0,469355.0,6.34632200517571,6.55430051304817,6.346322005175709,0.7305113896770452,0.4133373318321964,,-469355.0,-4.573625107860788,-4.573625107860788,0.0,3592236.070153661,36387867.16708044,0.0,3592236.070153661,36387867.16708044,2024-06-30,2024-03-01,3
run_20260811T161321Z_ebb0c846,one_step_202407,one_step_ex_ante,seasonal_moving_average_3,2008-01,2024-06,2024-07,2024-07,0.031438799924217165,,1.0,1722034.0,1722034.0,23.284256624219935,26.352215348133132,23.284256624219935,2.6802003822503666,1.5165086957299367,,-1722034.0,1.0,1722034.0,1722034.0,23.284256624219935,26.352215348133132,23.284256624219935,2.6802003822503666,1.5165086957299367,,-1722034.0,1.0,469355.0,469355.0,6.34632200517571,6.55430051304817,6.346322005175709,0.7305113896770452,0.4133373318321964,,-469355.0,-2.6689371584408392,-2.6689371584408392,1.0,4235403.409384411,4235403.409384411,1.0,4235403.409384411,4235403.409384411,2024-06-30,2024-03-01,3
run_20260811T161321Z_ebb0c846,one_step_202408,one_step_ex_ante,naive_last,2008-01,2024-07,2024-08,2024-08,0.001399399945512414,,1.0,4620321.0,4620321.0,53.34445946016155,72.74796337567722,53.34445946016156,7.200129379006159,4.0781317250868785,,-4620321.0,1.0,4620321.0,4620321.0,53.34445946016155,72.74796337567722,53.34445946016156,7.200129379006159,4.0781317250868785,,-4620321.0,1.0,173269.0,173269.0,2.0004976161186057,2.020709741219492,2.0004976161186057,0.27001570180319034,0.15293608514951199,,-173269.0,-25.66559511511003,-25.66559511511003,0.0,7537004.502657089,41609754.4495153,0.0,7537004.502657089,41609754.4495153,2024-07-31,2024-04-01,3
run_20260811T161321Z_ebb0c846,one_step_202408,one_step_ex_ante,seasonal_naive,2008-01,2024-07,2024-08,2024-08,0.0015551999676972628,,1.0,173269.0,173269.0,2.0004976161186057,2.020709741219492,2.0004976161186057,0.27001570180319034,0.15293608514951199,,-173269.0,1.0,173269.0,173269.0,2.0004976161186057,2.020709741219492,2.0004976161186057,0.27001570180319034,0.15293608514951199,,-173269.0,1.0,173269.0,173269.0,2.0004976161186057,2.020709741219492,2.0004976161186057,0.27001570180319034,0.15293608514951199,,-173269.0,0.0,0.0,1.0,4381586.317016095,4381586.317016095,1.0,4381586.317016095,4381586.317016095,2024-07-31,2024-04-01,3
run_20260811T161321Z_ebb0c846,one_step_202408,one_step_ex_ante,drift,2008-01,2024-07,2024-08,2024-08,0.001971399993635714,,1.0,4560566.041666666,4560566.041666666,52.654551561477426,71.47088982995855,52.654551561477426,7.107009565244923,4.0253889413473045,,-4560566.041666666,1.0,4560566.041666666,4560566.041666666,52.654551561477426,71.47088982995855,52.654551561477426,7.107009565244923,4.0253889413473045,,-4560566.041666666,1.0,173269.0,173269.0,2.0004976161186057,2.020709741219492,2.0004976161186057,0.27001570180319034,0.15293608514951199,,-173269.0,-25.320726971741433,-25.320726971741433,1.0,13605299.028806236,13605299.028806236,1.0,13605299.028806236,13605299.028806236,2024-07-31,2024-04-01,3
run_20260811T161321Z_ebb0c846,one_step_202408,one_step_ex_ante,same_month_historical_mean,2008-01,2024-07,2024-08,2024-08,0.0024063000455498695,,1.0,2655820.5625,2655820.5625,30.66308863166536,36.21548117760135,30.663088631665357,4.138727949297227,2.344163120283056,,-2655820.5625,1.0,2655820.5625,2655820.5625,30.66308863166536,36.21548117760135,30.663088631665357,4.138727949297227,2.344163120283056,,-2655820.5625,1.0,173269.0,173269.0,2.0004976161186057,2.020709741219492,2.0004976161186057,0.27001570180319034,0.15293608514951199,,-173269.0,-14.32773065291541,-14.32773065291541,0.0,3611835.506647555,37607947.873696454,0.0,3611835.506647555,37607947.873696454,2024-07-31,2024-04-01,3
run_20260811T161321Z_ebb0c846,one_step_202408,one_step_ex_ante,seasonal_moving_average_3,2008-01,2024-07,2024-08,2024-08,0.02974919998086989,,1.0,1334793.333333333,1334793.333333333,15.411013403115042,16.6976521050743,15.411013403115042,2.080090256550333,1.1781568940991611,,-1334793.333333333,1.0,1334793.333333333,1334793.333333333,15.411013403115042,16.6976521050743,15.411013403115042,2.080090256550333,1.1781568940991611,,-1334793.333333333,1.0,173269.0,173269.0,2.0004976161186057,2.020709741219492,2.0004976161186057,0.27001570180319034,0.15293608514951199,,-173269.0,-6.703589986283369,-6.703589986283369,1.0,4239518.537814202,4239518.537814202,1.0,4239518.537814202,4239518.537814202,2024-07-31,2024-04-01,3
run_20260811T161321Z_ebb0c846,one_step_202409,one_step_ex_ante,naive_last,2008-01,2024-08,2024-09,2024-09,0.0013750999933108687,,1.0,1563949.0,1563949.0,21.87468835595027,24.56101062117748,21.87468835595027,2.4295939796288133,1.3812669952548766,,-1563949.0,1.0,1563949.0,1563949.0,21.87468835595027,24.56101062117748,21.87468835595027,2.4295939796288133,1.3812669952548766,,-1563949.0,1.0,135722.0,135722.0,1.8983205034475437,1.9165112666100137,1.8983205034475437,0.21084405828014968,0.11986856293266748,,-135722.0,-10.52317973504664,-10.52317973504664,1.0,7566755.462437186,7566755.462437186,1.0,7566755.462437186,7566755.462437186,2024-08-31,2024-05-01,3
run_20260811T161321Z_ebb0c846,one_step_202409,one_step_ex_ante,seasonal_naive,2008-01,2024-08,2024-09,2024-09,0.0021817999659106135,,1.0,135722.0,135722.0,1.8983205034475437,1.9165112666100137,1.8983205034475437,0.21084405828014968,0.11986856293266748,,-135722.0,1.0,135722.0,135722.0,1.8983205034475437,1.9165112666100137,1.8983205034475437,0.21084405828014968,0.11986856293266748,,-135722.0,1.0,135722.0,135722.0,1.8983205034475437,1.9165112666100137,1.8983205034475437,0.21084405828014968,0.11986856293266748,,-135722.0,0.0,0.0,1.0,4375516.138758302,4375516.138758302,1.0,4375516.138758302,4375516.138758302,2024-08-31,2024-05-01,3
run_20260811T161321Z_ebb0c846,one_step_202409,one_step_ex_ante,drift,2008-01,2024-08,2024-09,2024-09,0.0016862000338733196,,1.0,1472489.974093264,1472489.974093264,20.59546653410785,22.95980612777926,20.59546653410785,2.287512429190966,1.3004911298633997,,-1472489.974093264,1.0,1472489.974093264,1472489.974093264,20.59546653410785,22.95980612777926,20.59546653410785,2.287512429190966,1.3004911298633997,,-1472489.974093264,1.0,135722.0,135722.0,1.8983205034475437,1.9165112666100137,1.8983205034475437,0.21084405828014968,0.11986856293266748,,-135722.0,-9.849309427309235,-9.849309427309235,1.0,14849437.93140382,14849437.93140382,1.0,14849437.93140382,14849437.93140382,2024-08-31,2024-05-01,3
run_20260811T161321Z_ebb0c846,one_step_202409,one_step_ex_ante,same_month_historical_mean,2008-01,2024-08,2024-09,2024-09,0.002068100031465292,,1.0,2071793.625,2071793.625,28.97782465075236,33.887797990612846,28.977824650752357,3.2185303474303546,1.8297912241332415,,-2071793.625,1.0,2071793.625,2071793.625,28.97782465075236,33.887797990612846,28.977824650752357,3.2185303474303546,1.8297912241332415,,-2071793.625,1.0,135722.0,135722.0,1.8983205034475437,1.9165112666100137,1.8983205034475437,0.21084405828014968,0.11986856293266748,,-135722.0,-14.26498006955394,-14.26498006955394,0.0,3655444.884303419,13418292.19823504,0.0,3655444.884303419,13418292.19823504,2024-08-31,2024-05-01,3
run_20260811T161321Z_ebb0c846,one_step_202409,one_step_ex_ante,seasonal_moving_average_3,2008-01,2024-08,2024-09,2024-09,0.03069719998165965,,1.0,1126741.0,1126741.0,15.75953450711741,17.10757130900347,15.759534507117408,1.7503915729994706,0.9951284571942404,,-1126741.0,1.0,1126741.0,1126741.0,15.75953450711741,17.10757130900347,15.759534507117408,1.7503915729994706,0.9951284571942404,,-1126741.0,1.0,135722.0,135722.0,1.8983205034475437,1.9165112666100137,1.8983205034475437,0.21084405828014968,0.11986856293266748,,-135722.0,-7.301830211756384,-7.301830211756384,1.0,4272201.465681158,4272201.465681158,1.0,4272201.465681158,4272201.465681158,2024-08-31,2024-05-01,3
run_20260811T161321Z_ebb0c846,one_step_202410,one_step_ex_ante,naive_last,2008-01,2024-09,2024-10,2024-10,0.0013686999445781112,,1.0,252543.0,252543.0,3.7559458397080587,3.827831478287955,3.7559458397080587,0.3924683563778795,0.22348996050406675,,-252543.0,1.0,252543.0,252543.0,3.7559458397080587,3.827831478287955,3.7559458397080587,0.3924683563778795,0.22348996050406675,,-252543.0,1.0,572422.0,572422.0,8.513346358669084,8.891843057234924,8.513346358669084,0.8895812653470441,0.506569456178389,,-572422.0,0.5588167470851924,0.5588167470851924,1.0,7562735.155696105,7562735.155696105,1.0,7562735.155696105,7562735.155696105,2024-09-30,2024-06-01,3
run_20260811T161321Z_ebb0c846,one_step_202410,one_step_ex_ante,seasonal_naive,2008-01,2024-09,2024-10,2024-10,0.0018300999654456973,,1.0,572422.0,572422.0,8.513346358669084,8.891843057234924,8.513346358669084,0.8895812653470441,0.506569456178389,,-572422.0,1.0,572422.0,572422.0,8.513346358669084,8.891843057234924,8.513346358669084,0.8895812653470441,0.506569456178389,,-572422.0,1.0,572422.0,572422.0,8.513346358669084,8.891843057234924,8.513346358669084,0.8895812653470441,0.506569456178389,,-572422.0,0.0,0.0,1.0,4364796.126216151,4364796.126216151,1.0,4364796.126216151,4364796.126216151,2024-09-30,2024-06-01,3
run_20260811T161321Z_ebb0c846,one_step_202410,one_step_ex_ante,drift,2008-01,2024-09,2024-10,2024-10,0.0014476999640464783,,1.0,143294.75257731974,143294.75257731974,2.131151248677571,2.154104865042156,2.1311512486775706,0.22268942723257265,0.126809844636142,,-143294.75257731974,1.0,143294.75257731974,143294.75257731974,2.131151248677571,2.154104865042156,2.1311512486775706,0.22268942723257265,0.126809844636142,,-143294.75257731974,1.0,572422.0,572422.0,8.513346358669084,8.891843057234924,8.513346358669084,0.8895812653470441,0.506569456178389,,-572422.0,0.7496693827677487,0.7496693827677487,1.0,15818626.671758913,15818626.671758913,1.0,15818626.671758913,15818626.671758913,2024-09-30,2024-06-01,3
run_20260811T161321Z_ebb0c846,one_step_202410,one_step_ex_ante,same_month_historical_mean,2008-01,2024-09,2024-10,2024-10,0.0025056999875232577,,1.0,2548410.0625,2548410.0625,37.90122938318238,46.76312995954352,37.90122938318238,3.960396085443763,2.255235996310693,,-2548410.0625,1.0,2548410.0625,2548410.0625,37.90122938318238,46.76312995954352,37.90122938318238,3.960396085443763,2.255235996310693,,-2548410.0625,1.0,572422.0,572422.0,8.513346358669084,8.891843057234924,8.513346358669084,0.8895812653470441,0.506569456178389,,-572422.0,-3.45197784588992,-3.45197784588992,0.0,3710275.040964583,31441176.721672922,0.0,3710275.040964583,31441176.721672922,2024-09-30,2024-06-01,3
run_20260811T161321Z_ebb0c846,one_step_202410,one_step_ex_ante,seasonal_moving_average_3,2008-01,2024-09,2024-10,2024-10,0.03093739994801581,,1.0,1231150.0,1231150.0,18.31027872701511,20.155547158888872,18.31027872701511,1.9132877052803934,1.0895161017117156,,-1231150.0,1.0,1231150.0,1231150.0,18.31027872701511,20.155547158888872,18.31027872701511,1.9132877052803934,1.0895161017117156,,-1231150.0,1.0,572422.0,572422.0,8.513346358669084,8.891843057234924,8.513346358669084,0.8895812653470441,0.506569456178389,,-572422.0,-1.150773380478039,-1.150773380478039,1.0,4299475.459318673,4299475.459318673,1.0,4299475.459318673,4299475.459318673,2024-09-30,2024-06-01,3
run_20260811T161321Z_ebb0c846,one_step_202411,one_step_ex_ante,naive_last,2008-01,2024-10,2024-11,2024-11,0.0014688000082969666,,1.0,3377454.0,3377454.0,84.0529215849598,59.18117026641439,84.0529215849598,5.256643225994922,2.9957607959433603,,3377454.0,1.0,3377454.0,3377454.0,84.0529215849598,59.18117026641439,84.0529215849598,5.256643225994922,2.9957607959433603,,3377454.0,1.0,497780.0,497780.0,12.3879890907652,13.205965898162471,12.387989090765203,0.7747409335658612,0.44152483172374396,,-497780.0,-5.7850335489573705,-5.7850335489573705,1.0,7560014.387725794,7560014.387725794,1.0,7560014.387725794,7560014.387725794,2024-10-31,2024-07-01,3
run_20260811T161321Z_ebb0c846,one_step_202411,one_step_ex_ante,seasonal_naive,2008-01,2024-10,2024-11,2024-11,0.0015734999906271696,,1.0,497780.0,497780.0,12.3879890907652,13.205965898162471,12.387989090765203,0.7747409335658612,0.44152483172374396,,-497780.0,1.0,497780.0,497780.0,12.3879890907652,13.205965898162471,12.387989090765203,0.7747409335658612,0.44152483172374396,,-497780.0,1.0,497780.0,497780.0,12.3879890907652,13.205965898162471,12.387989090765203,0.7747409335658612,0.44152483172374396,,-497780.0,0.0,0.0,1.0,4353312.847550683,4353312.847550683,1.0,4353312.847550683,4353312.847550683,2024-10-31,2024-07-01,3
run_20260811T161321Z_ebb0c846,one_step_202411,one_step_ex_ante,drift,2008-01,2024-10,2024-11,2024-11,0.0015130999963730574,,1.0,3505104.564102564,3505104.564102564,87.22969404575089,60.73863242834263,87.22969404575089,5.4553175745083795,3.108985300412856,,3505104.564102564,1.0,3505104.564102564,3505104.564102564,87.22969404575089,60.73863242834263,87.22969404575089,5.4553175745083795,3.108985300412856,,3505104.564102564,1.0,497780.0,497780.0,12.3879890907652,13.205965898162471,12.387989090765203,0.7747409335658612,0.44152483172374396,,-497780.0,-6.041473269521805,-6.041473269521805,1.0,16994343.139818825,16994343.139818825,1.0,16994343.139818825,16994343.139818825,2024-10-31,2024-07-01,3
run_20260811T161321Z_ebb0c846,one_step_202411,one_step_ex_ante,same_month_historical_mean,2008-01,2024-10,2024-11,2024-11,0.002264200011268258,,1.0,1689610.1875,1689610.1875,42.04844021534764,53.24219687691029,42.04844021534764,2.6296961991766237,1.498663774588495,,-1689610.1875,1.0,1689610.1875,1689610.1875,42.04844021534764,53.24219687691029,42.04844021534764,2.6296961991766237,1.498663774588495,,-1689610.1875,1.0,497780.0,497780.0,12.3879890907652,13.205965898162471,12.387989090765203,0.7747409335658612,0.44152483172374396,,-497780.0,-2.394291027160593,-2.394291027160593,1.0,3768698.205698944,3768698.205698944,1.0,3768698.205698944,3768698.205698944,2024-10-31,2024-07-01,3
run_20260811T161321Z_ebb0c846,one_step_202411,one_step_ex_ante,seasonal_moving_average_3,2008-01,2024-10,2024-11,2024-11,0.03093920007813722,,1.0,876502.3333333335,876502.3333333335,21.81305264045076,24.48333389587279,21.81305264045076,1.3641814375815067,0.7774469549408756,,-876502.3333333335,1.0,876502.3333333335,876502.3333333335,21.81305264045076,24.48333389587279,21.81305264045076,1.3641814375815067,0.7774469549408756,,-876502.3333333335,1.0,497780.0,497780.0,12.3879890907652,13.205965898162471,12.387989090765203,0.7747409335658612,0.44152483172374396,,-497780.0,-0.760822719541431,-0.760822719541431,1.0,4308360.1581913065,4308360.1581913065,1.0,4308360.1581913065,4308360.1581913065,2024-10-31,2024-07-01,3
run_20260811T161321Z_ebb0c846,one_step_202412,one_step_ex_ante,naive_last,2008-01,2024-11,2024-12,2024-12,0.001364199910312891,,1.0,5485467.0,5485467.0,172.7255695207675,92.6824364332448,172.7255695207675,8.571935588066957,4.878646698216173,,5485467.0,1.0,5485467.0,5485467.0,172.7255695207675,92.6824364332448,172.7255695207675,8.571935588066957,4.878646698216173,,5485467.0,1.0,375547.0,375547.0,11.825168113638396,12.568278122102525,11.825168113638396,0.5868533516456814,0.3340027624949688,,-375547.0,-13.606605830961238,-13.606605830961238,0.0,7572185.496832866,75547155.56017554,0.0,7572185.496832866,75547155.56017554,2024-11-30,2024-08-01,3
run_20260811T161321Z_ebb0c846,one_step_202412,one_step_ex_ante,seasonal_naive,2008-01,2024-11,2024-12,2024-12,0.001685700030066073,,1.0,375547.0,375547.0,11.825168113638396,12.568278122102525,11.825168113638396,0.5868533516456814,0.3340027624949688,,-375547.0,1.0,375547.0,375547.0,11.825168113638396,12.568278122102525,11.825168113638396,0.5868533516456814,0.3340027624949688,,-375547.0,1.0,375547.0,375547.0,11.825168113638396,12.568278122102525,11.825168113638396,0.5868533516456814,0.3340027624949688,,-375547.0,0.0,0.0,1.0,4341284.320016151,4341284.320016151,1.0,4341284.320016151,4341284.320016151,2024-11-30,2024-08-01,3
run_20260811T161321Z_ebb0c846,one_step_202412,one_step_ex_ante,drift,2008-01,2024-11,2024-12,2024-12,0.001525699975900352,,1.0,5638294.734693877,5638294.734693877,177.5377865140643,94.050340313393,177.5377865140643,8.81075381409331,5.014568129018717,,5638294.734693877,1.0,5638294.734693877,5638294.734693877,177.5377865140643,94.050340313393,177.5377865140643,8.81075381409331,5.014568129018717,,5638294.734693877,1.0,375547.0,375547.0,11.825168113638396,12.568278122102525,11.825168113638396,0.5868533516456814,0.3340027624949688,,-375547.0,-14.01355285674996,-14.01355285674996,1.0,18841299.24185972,18841299.24185972,1.0,18841299.24185972,18841299.24185972,2024-11-30,2024-08-01,3
run_20260811T161321Z_ebb0c846,one_step_202412,one_step_ex_ante,same_month_historical_mean,2008-01,2024-11,2024-12,2024-12,0.00245939998421818,,1.0,1364055.9375,1364055.9375,42.95119060289159,54.69788757746853,42.95119060289159,2.131559561796705,1.213159608045503,,-1364055.9375,1.0,1364055.9375,1364055.9375,42.95119060289159,54.69788757746853,42.95119060289159,2.131559561796705,1.213159608045503,,-1364055.9375,1.0,375547.0,375547.0,11.825168113638396,12.568278122102525,11.825168113638396,0.5868533516456814,0.3340027624949688,,-375547.0,-2.632184353755988,-2.632184353755988,1.0,3827670.177478725,3827670.177478725,1.0,3827670.177478725,3827670.177478725,2024-11-30,2024-08-01,3
run_20260811T161321Z_ebb0c846,one_step_202412,one_step_ex_ante,seasonal_moving_average_3,2008-01,2024-11,2024-12,2024-12,0.03125910006929189,,1.0,643452.3333333335,643452.3333333335,20.26093142743667,22.544827441627735,20.26093142743667,1.005499067868738,0.5722715315717257,,-643452.3333333335,1.0,643452.3333333335,643452.3333333335,20.26093142743667,22.544827441627735,20.26093142743667,1.005499067868738,0.5722715315717257,,-643452.3333333335,1.0,375547.0,375547.0,11.825168113638396,12.568278122102525,11.825168113638396,0.5868533516456814,0.3340027624949688,,-375547.0,-0.7133736478612092,-0.7133736478612092,1.0,4307538.657603576,4307538.657603576,1.0,4307538.657603576,4307538.657603576,2024-11-30,2024-08-01,3
run_20260811T161321Z_ebb0c846,one_step_202501,one_step_ex_ante,naive_last,2008-01,2024-12,2025-01,2025-01,0.0013659000396728516,,1.0,3793765.0,3793765.0,113.05037996697081,72.22503929169386,113.0503799669708,5.954010872496181,3.3832076543119385,,3793765.0,1.0,3793765.0,3793765.0,113.05037996697081,72.22503929169386,113.0503799669708,5.954010872496181,3.3832076543119385,,3793765.0,1.0,109925.0,109925.0,3.275654400804811,3.330197277645144,3.2756544008048114,0.17251849947457018,0.09802902957885895,,-109925.0,-33.51230384352968,-33.51230384352968,1.0,7602298.729803421,7602298.729803421,1.0,7602298.729803421,7602298.729803421,2024-12-31,2024-09-01,3
run_20260811T161321Z_ebb0c846,one_step_202501,one_step_ex_ante,seasonal_naive,2008-01,2024-12,2025-01,2025-01,0.0017291000112891197,,1.0,109925.0,109925.0,3.275654400804811,3.330197277645144,3.2756544008048114,0.17251849947457018,0.09802902957885895,,-109925.0,1.0,109925.0,109925.0,3.275654400804811,3.330197277645144,3.2756544008048114,0.17251849947457018,0.09802902957885895,,-109925.0,1.0,109925.0,109925.0,3.275654400804811,3.330197277645144,3.2756544008048114,0.17251849947457018,0.09802902957885895,,-109925.0,0.0,0.0,1.0,4329395.959927898,4329395.959927898,1.0,4329395.959927898,4329395.959927898,2024-12-31,2024-09-01,3
run_20260811T161321Z_ebb0c846,one_step_202501,one_step_ex_ante,drift,2008-01,2024-12,2025-01,2025-01,0.0014052999904379249,,1.0,3915122.299492386,3915122.299492386,116.66670539023232,73.68422597283316,116.66670539023231,6.144471452061453,3.4914317916924213,,3915122.299492386,1.0,3915122.299492386,3915122.299492386,116.66670539023232,73.68422597283316,116.66670539023231,6.144471452061453,3.4914317916924213,,3915122.299492386,1.0,109925.0,109925.0,3.275654400804811,3.330197277645144,3.2756544008048114,0.17251849947457018,0.09802902957885895,,-109925.0,-34.61630474862303,-34.61630474862303,1.0,16542465.520092359,16542465.520092359,1.0,16542465.520092359,16542465.520092359,2024-12-31,2024-09-01,3
run_20260811T161321Z_ebb0c846,one_step_202501,one_step_ex_ante,same_month_historical_mean,2008-01,2024-12,2025-01,2025-01,0.002491299994289875,,1.0,1571126.5294117648,1571126.5294117648,46.81798981386252,61.12726913163254,46.81798981386251,2.4657574831822315,1.4011008326025554,,-1571126.5294117648,1.0,1571126.5294117648,1571126.5294117648,46.81798981386252,61.12726913163254,46.81798981386251,2.4657574831822315,1.4011008326025554,,-1571126.5294117648,1.0,109925.0,109925.0,3.275654400804811,3.330197277645144,3.2756544008048114,0.17251849947457018,0.09802902957885895,,-109925.0,-13.292713481116806,-13.292713481116806,1.0,3858988.4925513454,3858988.4925513454,1.0,3858988.4925513454,3858988.4925513454,2024-12-31,2024-09-01,3
run_20260811T161321Z_ebb0c846,one_step_202501,one_step_ex_ante,seasonal_moving_average_3,2008-01,2024-12,2025-01,2025-01,0.03226789995096624,,1.0,528613.6666666665,528613.6666666665,15.752155410891369,17.09887618606369,15.752155410891367,0.8296168894708568,0.471407639440125,,-528613.6666666665,1.0,528613.6666666665,528613.6666666665,15.752155410891369,17.09887618606369,15.752155410891367,0.8296168894708568,0.471407639440125,,-528613.6666666665,1.0,109925.0,109925.0,3.275654400804811,3.330197277645144,3.2756544008048114,0.17251849947457018,0.09802902957885895,,-109925.0,-3.8088575543931453,-3.8088575543931453,1.0,4302804.568966712,4302804.568966712,1.0,4302804.568966712,4302804.568966712,2024-12-31,2024-09-01,3
run_20260811T161321Z_ebb0c846,one_step_202502,one_step_ex_ante,naive_last,2008-01,2025-01,2025-02,2025-02,0.0013779000146314502,,1.0,3941061.0,3941061.0,141.62428065969087,82.91230376611897,141.62428065969084,6.188598341346407,3.5216465312465064,,3941061.0,1.0,3941061.0,3941061.0,141.62428065969087,82.91230376611897,141.62428065969084,6.188598341346407,3.5216465312465064,,3941061.0,1.0,98135.0,98135.0,3.526537341730758,3.5898357915791856,3.5265373417307577,0.154100151768275,0.0876913050429506,,-98135.0,-39.15958628420034,-39.15958628420034,0.0,7587235.830999788,13484959.211004049,0.0,7587235.830999788,13484959.211004049,2025-01-31,2024-10-01,3
run_20260811T161321Z_ebb0c846,one_step_202502,one_step_ex_ante,seasonal_naive,2008-01,2025-01,2025-02,2025-02,0.001698100008070469,,1.0,98135.0,98135.0,3.526537341730758,3.5898357915791856,3.5265373417307577,0.154100151768275,0.0876913050429506,,-98135.0,1.0,98135.0,98135.0,3.526537341730758,3.5898357915791856,3.5265373417307577,0.154100151768275,0.0876913050429506,,-98135.0,1.0,98135.0,98135.0,3.526537341730758,3.5898357915791856,3.5265373417307577,0.154100151768275,0.0876913050429506,,-98135.0,0.0,0.0,1.0,4318818.111543931,4318818.111543931,1.0,4318818.111543931,4318818.111543931,2025-01-31,2024-10-01,3
run_20260811T161321Z_ebb0c846,one_step_202502,one_step_ex_ante,drift,2008-01,2025-01,2025-02,2025-02,0.001451499992981553,,1.0,4053204.090909091,4053204.090909091,145.65420675851405,84.27741014607302,145.65420675851405,6.364695221448861,3.6218551621464754,,4053204.090909091,1.0,4053204.090909091,4053204.090909091,145.65420675851405,84.27741014607302,145.65420675851405,6.364695221448861,3.6218551621464754,,4053204.090909091,1.0,98135.0,98135.0,3.526537341730758,3.5898357915791856,3.5265373417307577,0.154100151768275,0.0876913050429506,,-98135.0,-40.30232935149631,-40.30232935149631,1.0,15934736.189630082,15934736.189630082,1.0,15934736.189630082,15934736.189630082,2025-01-31,2024-10-01,3
run_20260811T161321Z_ebb0c846,one_step_202502,one_step_ex_ante,same_month_historical_mean,2008-01,2025-01,2025-02,2025-02,0.0026256999699398875,,1.0,1221370.3529411764,1221370.3529411764,43.890642051560945,56.23063553442769,43.89064205156095,1.917902448193885,1.0913900258845564,,-1221370.3529411764,1.0,1221370.3529411764,1221370.3529411764,43.890642051560945,56.23063553442769,43.89064205156095,1.917902448193885,1.0913900258845564,,-1221370.3529411764,1.0,98135.0,98135.0,3.526537341730758,3.5898357915791856,3.5265373417307577,0.154100151768275,0.0876913050429506,,-98135.0,-11.445818035779043,-11.445818035779043,1.0,3910362.264351356,3910362.264351356,1.0,3910362.264351356,3910362.264351356,2025-01-31,2024-10-01,3
run_20260811T161321Z_ebb0c846,one_step_202502,one_step_ex_ante,seasonal_moving_average_3,2008-01,2025-01,2025-02,2025-02,0.031706999987363815,,1.0,499113.3333333335,499113.3333333335,17.935923042295933,19.702868728423226,17.935923042295936,0.7837513671598952,0.44599683664683576,,-499113.3333333335,1.0,499113.3333333335,499113.3333333335,17.935923042295933,19.702868728423226,17.935923042295936,0.7837513671598952,0.44599683664683576,,-499113.3333333335,1.0,98135.0,98135.0,3.526537341730758,3.5898357915791856,3.5265373417307577,0.154100151768275,0.0876913050429506,,-98135.0,-4.085986990710078,-4.085986990710078,1.0,4299831.81553808,4299831.81553808,1.0,4299831.81553808,4299831.81553808,2025-01-31,2024-10-01,3
run_20260811T161321Z_ebb0c846,one_step_202503,one_step_ex_ante,naive_last,2008-01,2025-02,2025-03,2025-03,0.0015278999926522374,,1.0,1035671.0,1035671.0,34.72404391371754,29.5871213998697,34.72404391371754,1.6282227739017894,0.9274660174359513,,1035671.0,1.0,1035671.0,1035671.0,34.72404391371754,29.5871213998697,34.72404391371754,1.6282227739017894,0.9274660174359513,,1035671.0,1.0,96998.0,96998.0,3.2521551839751943,3.200118769743408,3.2521551839751948,0.15249471369085915,0.08686382911103274,,96998.0,-9.677240767850883,-9.677240767850883,1.0,7719028.939115617,7719028.939115617,1.0,7719028.939115617,7719028.939115617,2025-02-28,2024-11-01,3
run_20260811T161321Z_ebb0c846,one_step_202503,one_step_ex_ante,seasonal_naive,2008-01,2025-02,2025-03,2025-03,0.0021478000562638044,,1.0,96998.0,96998.0,3.2521551839751943,3.200118769743408,3.2521551839751948,0.15249471369085915,0.08686382911103274,,96998.0,1.0,96998.0,96998.0,3.2521551839751943,3.200118769743408,3.2521551839751948,0.15249471369085915,0.08686382911103274,,96998.0,1.0,96998.0,96998.0,3.2521551839751943,3.200118769743408,3.2521551839751948,0.15249471369085915,0.08686382911103274,,96998.0,0.0,0.0,1.0,4307851.593035266,4307851.593035266,1.0,4307851.593035266,4307851.593035266,2025-02-28,2024-11-01,3
run_20260811T161321Z_ebb0c846,one_step_202503,one_step_ex_ante,drift,2008-01,2025-02,2025-03,2025-03,0.001447100075893104,,1.0,1092867.2010050253,1092867.2010050253,36.641721820500976,30.9680994024331,36.64172182050098,1.7181433732591593,0.9786864655884986,,1092867.2010050253,1.0,1092867.2010050253,1092867.2010050253,36.641721820500976,30.9680994024331,36.64172182050098,1.7181433732591593,0.9786864655884986,,1092867.2010050253,1.0,96998.0,96998.0,3.2521551839751943,3.200118769743408,3.2521551839751948,0.15249471369085915,0.08686382911103274,,96998.0,-10.26690448261846,-10.26690448261846,1.0,13724120.852779424,13724120.852779424,1.0,13724120.852779424,13724120.852779424,2025-02-28,2024-11-01,3
run_20260811T161321Z_ebb0c846,one_step_202503,one_step_ex_ante,same_month_historical_mean,2008-01,2025-02,2025-03,2025-03,0.002676100004464388,,1.0,1062873.4705882352,1062873.4705882352,35.63609009756114,43.36242684749174,35.636090097561144,1.6709889439675325,0.951826424419336,,-1062873.4705882352,1.0,1062873.4705882352,1062873.4705882352,35.63609009756114,43.36242684749174,35.636090097561144,1.6709889439675325,0.951826424419336,,-1062873.4705882352,1.0,96998.0,96998.0,3.2521551839751943,3.200118769743408,3.2521551839751948,0.15249471369085915,0.08686382911103274,,96998.0,-9.957684391309462,-9.957684391309462,1.0,3927029.450462874,3927029.450462874,1.0,3927029.450462874,3927029.450462874,2025-02-28,2024-11-01,3
run_20260811T161321Z_ebb0c846,one_step_202503,one_step_ex_ante,seasonal_moving_average_3,2008-01,2025-02,2025-03,2025-03,0.03312139993067831,,1.0,212321.0,212321.0,7.11871214681537,7.381444022951483,7.11871214681537,0.333798945396368,0.19013809625645461,,-212321.0,1.0,212321.0,212321.0,7.11871214681537,7.381444022951483,7.11871214681537,0.333798945396368,0.19013809625645461,,-212321.0,1.0,96998.0,96998.0,3.2521551839751943,3.200118769743408,3.2521551839751948,0.15249471369085915,0.08686382911103274,,96998.0,-1.1889214210602281,-1.1889214210602281,1.0,4291624.730020385,4291624.730020385,1.0,4291624.730020385,4291624.730020385,2025-02-28,2024-11-01,3
run_20260811T161321Z_ebb0c846,one_step_202504,one_step_ex_ante,naive_last,2008-01,2025-03,2025-04,2025-04,0.0013774000108242035,,1.0,1066479.0,1066479.0,25.139128309195918,28.75329176403503,25.139128309195915,1.6803576294727158,0.9573404031427342,,-1066479.0,1.0,1066479.0,1066479.0,25.139128309195918,28.75329176403503,25.139128309195915,1.6803576294727158,0.9573404031427342,,-1066479.0,1.0,201333.0,201333.0,4.745837583182924,4.861189666268716,4.745837583182924,0.31722278883562666,0.18072949902054902,,-201333.0,-4.2970898958441985,-4.2970898958441985,1.0,7714243.5540161505,7714243.5540161505,1.0,7714243.5540161505,7714243.5540161505,2025-03-31,2024-12-01,3
run_20260811T161321Z_ebb0c846,one_step_202504,one_step_ex_ante,seasonal_naive,2008-01,2025-03,2025-04,2025-04,0.0017918999074026942,,1.0,201333.0,201333.0,4.745837583182924,4.861189666268716,4.745837583182924,0.31722278883562666,0.18072949902054902,,-201333.0,1.0,201333.0,201333.0,4.745837583182924,4.861189666268716,4.745837583182924,0.31722278883562666,0.18072949902054902,,-201333.0,1.0,201333.0,201333.0,4.745837583182924,4.861189666268716,4.745837583182924,0.31722278883562666,0.18072949902054902,,-201333.0,0.0,0.0,1.0,4296444.167264491,4296444.167264491,1.0,4296444.167264491,4296444.167264491,2025-03-31,2024-12-01,3
run_20260811T161321Z_ebb0c846,one_step_202504,one_step_ex_ante,drift,2008-01,2025-03,2025-04,2025-04,0.001754899974912405,,1.0,1026417.1600000001,1026417.1600000001,24.194787411660688,27.52453929601569,24.194787411660688,1.6172356941184192,0.9213783091340949,,-1026417.1600000001,1.0,1026417.1600000001,1026417.1600000001,24.194787411660688,27.52453929601569,24.194787411660688,1.6172356941184192,0.9213783091340949,,-1026417.1600000001,1.0,201333.0,201333.0,4.745837583182924,4.861189666268716,4.745837583182924,0.31722278883562666,0.18072949902054902,,-201333.0,-4.098106917395559,-4.098106917395559,1.0,13537781.8821567,13537781.8821567,1.0,13537781.8821567,13537781.8821567,2025-03-31,2024-12-01,3
run_20260811T161321Z_ebb0c846,one_step_202504,one_step_ex_ante,same_month_historical_mean,2008-01,2025-03,2025-04,2025-04,0.0020795000018551946,,1.0,1763804.625,1763804.625,41.57654372962636,52.487863487424086,41.57654372962636,2.779072591694738,1.5833049040464173,,-1763804.625,1.0,1763804.625,1763804.625,41.57654372962636,52.487863487424086,41.57654372962636,2.779072591694738,1.5833049040464173,,-1763804.625,1.0,201333.0,201333.0,4.745837583182924,4.861189666268716,4.745837583182924,0.31722278883562666,0.18072949902054902,,-201333.0,-7.760633502704474,-7.760633502704474,1.0,3934335.47830208,3934335.47830208,1.0,3934335.47830208,3934335.47830208,2025-03-31,2024-12-01,3
run_20260811T161321Z_ebb0c846,one_step_202504,one_step_ex_ante,seasonal_moving_average_3,2008-01,2025-03,2025-04,2025-04,0.031401799991726875,,1.0,741078.6666666665,741078.6666666665,17.46876561895842,19.14057687517923,17.468765618958425,1.1676528010141791,0.6652400558352733,,-741078.6666666665,1.0,741078.6666666665,741078.6666666665,17.46876561895842,19.14057687517923,17.468765618958425,1.1676528010141791,0.6652400558352733,,-741078.6666666665,1.0,201333.0,201333.0,4.745837583182924,4.861189666268716,4.745837583182924,0.31722278883562666,0.18072949902054902,,-201333.0,-2.680860398775494,-2.680860398775494,1.0,4281377.919082744,4281377.919082744,1.0,4281377.919082744,4281377.919082744,2025-03-31,2024-12-01,3
run_20260811T161321Z_ebb0c846,one_step_202505,one_step_ex_ante,naive_last,2008-01,2025-04,2025-05,2025-05,0.0017175000393763185,,1.0,2262906.0,2262906.0,40.27437546318345,50.42944809885563,40.27437546318345,3.581297278987606,2.0367304570660716,,-2262906.0,1.0,2262906.0,2262906.0,40.27437546318345,50.42944809885563,40.27437546318345,3.581297278987606,2.0367304570660716,,-2262906.0,1.0,33090.0,33090.0,0.5889237485236861,0.5906630259404421,0.5889237485236861,0.052368559260393445,0.029782682455354446,,-33090.0,-67.38640072529465,-67.38640072529465,1.0,7695507.810551845,7695507.810551845,1.0,7695507.810551845,7695507.810551845,2025-04-30,2025-01-01,3
run_20260811T161321Z_ebb0c846,one_step_202505,one_step_ex_ante,seasonal_naive,2008-01,2025-04,2025-05,2025-05,0.0018474999815225601,,1.0,33090.0,33090.0,0.5889237485236861,0.5906630259404421,0.5889237485236861,0.052368559260393445,0.029782682455354446,,-33090.0,1.0,33090.0,33090.0,0.5889237485236861,0.5906630259404421,0.5889237485236861,0.052368559260393445,0.029782682455354446,,-33090.0,1.0,33090.0,33090.0,0.5889237485236861,0.5906630259404421,0.5889237485236861,0.052368559260393445,0.029782682455354446,,-33090.0,0.0,0.0,1.0,4284984.434526617,4284984.434526617,1.0,4284984.434526617,4284984.434526617,2025-04-30,2025-01-01,3
run_20260811T161321Z_ebb0c846,one_step_202505,one_step_ex_ante,drift,2008-01,2025-04,2025-05,2025-05,0.0014521999983116984,,1.0,2219461.582089552,2219461.582089552,39.501167562057724,49.22299678077853,39.501167562057724,3.5125417161626866,1.9976282720227176,,-2219461.582089552,1.0,2219461.582089552,2219461.582089552,39.501167562057724,49.22299678077853,39.501167562057724,3.5125417161626866,1.9976282720227176,,-2219461.582089552,1.0,33090.0,33090.0,0.5889237485236861,0.5906630259404421,0.5889237485236861,0.052368559260393445,0.029782682455354446,,-33090.0,-66.07348389512094,-66.07348389512094,1.0,13531183.902508654,13531183.902508654,1.0,13531183.902508654,13531183.902508654,2025-04-30,2025-01-01,3
run_20260811T161321Z_ebb0c846,one_step_202505,one_step_ex_ante,same_month_historical_mean,2008-01,2025-04,2025-05,2025-05,0.0022341000149026513,,1.0,2160946.5,2160946.5,38.459737477761855,47.61628695814131,38.459737477761855,3.419935172069804,1.9449617229528435,,-2160946.5,1.0,2160946.5,2160946.5,38.459737477761855,47.61628695814131,38.459737477761855,3.419935172069804,1.9449617229528435,,-2160946.5,1.0,33090.0,33090.0,0.5889237485236861,0.5906630259404421,0.5889237485236861,0.052368559260393445,0.029782682455354446,,-33090.0,-64.30512239347235,-64.30512239347235,0.0,3947177.056962251,11441495.917717218,0.0,3947177.056962251,11441495.917717218,2025-04-30,2025-01-01,3
run_20260811T161321Z_ebb0c846,one_step_202505,one_step_ex_ante,seasonal_moving_average_3,2008-01,2025-04,2025-05,2025-05,0.03224269999191165,,1.0,869218.333333333,869218.333333333,15.47003079940095,16.76695754778322,15.470030799400948,1.3756334783737405,0.7823406952565455,,-869218.333333333,1.0,869218.333333333,869218.333333333,15.47003079940095,16.76695754778322,15.470030799400948,1.3756334783737405,0.7823406952565455,,-869218.333333333,1.0,33090.0,33090.0,0.5889237485236861,0.5906630259404421,0.5889237485236861,0.052368559260393445,0.029782682455354446,,-33090.0,-25.268308653168116,-25.268308653168116,1.0,4270564.558047323,4270564.558047323,1.0,4270564.558047323,4270564.558047323,2025-04-30,2025-01-01,3
run_20260811T161321Z_ebb0c846,one_step_202506,one_step_ex_ante,naive_last,2008-01,2025-05,2025-06,2025-06,0.00140330009162426,,1.0,3768379.0,3768379.0,57.522518610128294,80.74611938531557,57.52251861012829,5.9907904783727215,3.400718477239106,,-3768379.0,1.0,3768379.0,3768379.0,57.522518610128294,80.74611938531557,57.52251861012829,5.9907904783727215,3.400718477239106,,-3768379.0,1.0,79861.0,79861.0,1.2190402978902746,1.2265161610217707,1.2190402978902746,0.12695923589249486,0.07206939066128758,,-79861.0,-46.18672443370356,-46.18672443370356,1.0,7683095.459513187,7683095.459513187,1.0,7683095.459513187,7683095.459513187,2025-05-31,2025-02-01,3
run_20260811T161321Z_ebb0c846,one_step_202506,one_step_ex_ante,seasonal_naive,2008-01,2025-05,2025-06,2025-06,0.0018276000628247857,,1.0,79861.0,79861.0,1.2190402978902746,1.2265161610217707,1.2190402978902746,0.12695923589249486,0.07206939066128758,,-79861.0,1.0,79861.0,79861.0,1.2190402978902746,1.2265161610217707,1.2190402978902746,0.12695923589249486,0.07206939066128758,,-79861.0,1.0,79861.0,79861.0,1.2190402978902746,1.2265161610217707,1.2190402978902746,0.12695923589249486,0.07206939066128758,,-79861.0,0.0,0.0,1.0,4273640.7547021955,4273640.7547021955,1.0,4273640.7547021955,4273640.7547021955,2025-05-31,2025-02-01,3
run_20260811T161321Z_ebb0c846,one_step_202506,one_step_ex_ante,drift,2008-01,2025-05,2025-06,2025-06,0.0014959999825805426,,1.0,3736497.376237624,3736497.376237624,57.03586074047335,79.79044400349184,57.03586074047335,5.940106582705458,3.371947372471486,,-3736497.376237624,1.0,3736497.376237624,3736497.376237624,57.03586074047335,79.79044400349184,57.03586074047335,5.940106582705458,3.371947372471486,,-3736497.376237624,1.0,79861.0,79861.0,1.2190402978902746,1.2265161610217707,1.2190402978902746,0.12695923589249486,0.07206939066128758,,-79861.0,-45.787510502468336,-45.787510502468336,1.0,13511493.855235279,13511493.855235279,1.0,13511493.855235279,13511493.855235279,2025-05-31,2025-02-01,3
run_20260811T161321Z_ebb0c846,one_step_202506,one_step_ex_ante,same_month_historical_mean,2008-01,2025-05,2025-06,2025-06,0.0027691000141203403,,1.0,2445345.9375,2445345.9375,37.32704624403367,45.892135579009405,37.32704624403367,3.887495169329416,2.2067666529555106,,-2445345.9375,1.0,2445345.9375,2445345.9375,37.32704624403367,45.892135579009405,37.32704624403367,3.887495169329416,2.2067666529555106,,-2445345.9375,1.0,79861.0,79861.0,1.2190402978902746,1.2265161610217707,1.2190402978902746,0.12695923589249486,0.07206939066128758,,-79861.0,-29.6200265148195,-29.6200265148195,0.0,3950980.594517121,22745206.204174697,0.0,3950980.594517121,22745206.204174697,2025-05-31,2025-02-01,3
run_20260811T161321Z_ebb0c846,one_step_202506,one_step_ex_ante,seasonal_moving_average_3,2008-01,2025-05,2025-06,2025-06,0.033077399944886565,,1.0,791034.666666667,791034.666666667,12.074769107510146,12.850609841121337,12.074769107510146,1.2575494527300486,0.7138576579133923,,-791034.666666667,1.0,791034.666666667,791034.666666667,12.074769107510146,12.850609841121337,12.074769107510146,1.2575494527300486,0.7138576579133923,,-791034.666666667,1.0,79861.0,79861.0,1.2190402978902746,1.2265161610217707,1.2190402978902746,0.12695923589249486,0.07206939066128758,,-79861.0,-8.905143520199685,-8.905143520199685,1.0,4259709.83427598,4259709.83427598,1.0,4259709.83427598,4259709.83427598,2025-05-31,2025-02-01,3
run_20260811T161321Z_ebb0c846,one_step_202507,one_step_ex_ante,naive_last,2008-01,2025-06,2025-07,2025-07,0.0014244000194594264,,1.0,4421077.0,4421077.0,59.71480565067001,85.13343967285913,59.714805650670016,7.060013237024949,4.000251644702728,,-4421077.0,1.0,4421077.0,4421077.0,59.71480565067001,85.13343967285913,59.714805650670016,7.060013237024949,4.000251644702728,,-4421077.0,1.0,7952.0,7952.0,0.1074064384162791,0.10746415012439056,0.1074064384162791,0.012698540482516452,0.007195079633011615,,-7952.0,-554.9704476861167,-554.9704476861167,0.0,7664781.283495512,31212235.613585275,0.0,7664781.283495512,31212235.613585275,2025-06-30,2025-03-01,3
run_20260811T161321Z_ebb0c846,one_step_202507,one_step_ex_ante,seasonal_naive,2008-01,2025-06,2025-07,2025-07,0.0018070000223815441,,1.0,7952.0,7952.0,0.1074064384162791,0.10746415012439056,0.1074064384162791,0.012698540482516452,0.007195079633011615,,-7952.0,1.0,7952.0,7952.0,0.1074064384162791,0.10746415012439056,0.1074064384162791,0.012698540482516452,0.007195079633011615,,-7952.0,1.0,7952.0,7952.0,0.1074064384162791,0.10746415012439056,0.1074064384162791,0.012698540482516452,0.007195079633011615,,-7952.0,0.0,0.0,1.0,4263179.502436981,4263179.502436981,1.0,4263179.502436981,4263179.502436981,2025-06-30,2025-03-01,3
run_20260811T161321Z_ebb0c846,one_step_202507,one_step_ex_ante,drift,2008-01,2025-06,2025-07,2025-07,0.0014397999038919806,,1.0,4385415.128078818,4385415.128078818,59.23312624293465,84.15776334588325,59.233126242934645,7.003064831054948,3.967984289529795,,-4385415.128078818,1.0,4385415.128078818,4385415.128078818,59.23312624293465,84.15776334588325,59.233126242934645,7.003064831054948,3.967984289529795,,-4385415.128078818,1.0,7952.0,7952.0,0.1074064384162791,0.10746415012439056,0.1074064384162791,0.012698540482516452,0.007195079633011615,,-7952.0,-550.4858058449219,-550.4858058449219,1.0,13487754.84003431,13487754.84003431,1.0,13487754.84003431,13487754.84003431,2025-06-30,2025-03-01,3
run_20260811T161321Z_ebb0c846,one_step_202507,one_step_ex_ante,same_month_historical_mean,2008-01,2025-06,2025-07,2025-07,0.002144700032658875,,1.0,2470077.9411764704,2470077.9411764704,33.36296205638582,40.0426729472652,33.36296205638582,3.9444648806589915,2.234960700013844,,-2470077.9411764704,1.0,2470077.9411764704,2470077.9411764704,33.36296205638582,40.0426729472652,33.36296205638582,3.9444648806589915,2.234960700013844,,-2470077.9411764704,1.0,7952.0,7952.0,0.1074064384162791,0.10746415012439056,0.1074064384162791,0.012698540482516452,0.007195079633011615,,-7952.0,-309.6234835483489,-309.6234835483489,0.0,3951469.412039913,23725198.818300463,0.0,3951469.412039913,23725198.818300463,2025-06-30,2025-03-01,3
run_20260811T161321Z_ebb0c846,one_step_202507,one_step_ex_ante,seasonal_moving_average_3,2008-01,2025-06,2025-07,2025-07,0.03280459996312857,,1.0,509929.666666667,509929.666666667,6.88754141592896,7.1331921994359435,6.887541415928961,0.8143061513333489,0.46139141837295494,,-509929.666666667,1.0,509929.666666667,509929.666666667,6.88754141592896,7.1331921994359435,6.887541415928961,0.8143061513333489,0.46139141837295494,,-509929.666666667,1.0,7952.0,7952.0,0.1074064384162791,0.10746415012439056,0.1074064384162791,0.012698540482516452,0.007195079633011615,,-7952.0,-63.12596411804162,-63.12596411804162,1.0,4248608.175196743,4248608.175196743,1.0,4248608.175196743,4248608.175196743,2025-06-30,2025-03-01,3
run_20260811T161321Z_ebb0c846,one_step_202508,one_step_ex_ante,naive_last,2008-01,2025-07,2025-08,2025-08,0.0014650000957772136,,1.0,4669698.0,4669698.0,52.39783864573685,70.99874170538148,52.39783864573685,7.48376042111236,4.235998544634709,,-4669698.0,1.0,4669698.0,4669698.0,52.39783864573685,70.99874170538148,52.39783864573685,7.48376042111236,4.235998544634709,,-4669698.0,1.0,250710.0,250710.0,2.8131716712456964,2.853305867423876,2.813171671245696,0.40179334406145323,0.22742524144502876,,-250710.0,-17.625894459734354,-17.625894459734354,0.0,7676643.166548148,40931699.83558519,0.0,7676643.166548148,40931699.83558519,2025-07-31,2025-04-01,3
run_20260811T161321Z_ebb0c846,one_step_202508,one_step_ex_ante,seasonal_naive,2008-01,2025-07,2025-08,2025-08,0.0018811000045388937,,1.0,250710.0,250710.0,2.8131716712456964,2.853305867423876,2.813171671245696,0.40179334406145323,0.22742524144502876,,-250710.0,1.0,250710.0,250710.0,2.8131716712456964,2.853305867423876,2.813171671245696,0.40179334406145323,0.22742524144502876,,-250710.0,1.0,250710.0,250710.0,2.8131716712456964,2.853305867423876,2.813171671245696,0.40179334406145323,0.22742524144502876,,-250710.0,0.0,0.0,1.0,4251887.365054961,4251887.365054961,1.0,4251887.365054961,4251887.365054961,2025-07-31,2025-04-01,3
run_20260811T161321Z_ebb0c846,one_step_202508,one_step_ex_ante,drift,2008-01,2025-07,2025-08,2025-08,0.0014708000235259533,,1.0,4609510.333333333,4609510.333333333,51.722483698486855,69.7644322465078,51.722483698486855,7.387302346598954,4.181400823667537,,-4609510.333333333,1.0,4609510.333333333,4609510.333333333,51.722483698486855,69.7644322465078,51.722483698486855,7.387302346598954,4.181400823667537,,-4609510.333333333,1.0,250710.0,250710.0,2.8131716712456964,2.853305867423876,2.813171671245696,0.40179334406145323,0.22742524144502876,,-250710.0,-17.385825588661532,-17.385825588661532,1.0,13760612.894718973,13760612.894718973,1.0,13760612.894718973,13760612.894718973,2025-07-31,2025-04-01,3
run_20260811T161321Z_ebb0c846,one_step_202508,one_step_ex_ante,same_month_historical_mean,2008-01,2025-07,2025-08,2025-08,0.0020886000711470842,,1.0,2750305.823529412,2750305.823529412,30.860685373599004,36.491439547056025,30.860685373599008,4.407700426897896,2.4948704318289865,,-2750305.823529412,1.0,2750305.823529412,2750305.823529412,30.860685373599004,36.491439547056025,30.860685373599008,4.407700426897896,2.4948704318289865,,-2750305.823529412,1.0,250710.0,250710.0,2.8131716712456964,2.853305867423876,2.813171671245696,0.40179334406145323,0.22742524144502876,,-250710.0,-9.970068300145236,-9.970068300145236,0.0,3969649.375661852,34588894.803601295,0.0,3969649.375661852,34588894.803601295,2025-07-31,2025-04-01,3
run_20260811T161321Z_ebb0c846,one_step_202508,one_step_ex_ante,seasonal_moving_average_3,2008-01,2025-07,2025-08,2025-08,0.032625499996356666,,1.0,531424.0,531424.0,5.963012812492812,6.146264069468846,5.963012812492812,0.8516717565095677,0.4820678533352597,,-531424.0,1.0,531424.0,531424.0,5.963012812492812,6.146264069468846,5.963012812492812,0.8516717565095677,0.4820678533352597,,-531424.0,1.0,250710.0,250710.0,2.8131716712456964,2.853305867423876,2.813171671245696,0.40179334406145323,0.22742524144502876,,-250710.0,-1.119676119819712,-1.119676119819712,1.0,4239403.94351026,4239403.94351026,1.0,4239403.94351026,4239403.94351026,2025-07-31,2025-04-01,3
run_20260811T161321Z_ebb0c846,one_step_202509,one_step_ex_ante,naive_last,2008-01,2025-08,2025-09,2025-09,0.002190900035202503,,1.0,1705354.0,1705354.0,23.284214067627353,26.352160838124544,23.284214067627353,2.7466555108082202,1.551030739848814,,-1705354.0,1.0,1705354.0,1705354.0,23.284214067627353,26.352160838124544,23.284214067627353,2.7466555108082202,1.551030739848814,,-1705354.0,1.0,174495.0,174495.0,2.382484184357403,2.4112075030636686,2.382484184357403,0.2810429115353647,0.1587043563681903,,-174495.0,-8.77308232327574,-8.77308232327574,1.0,7694000.306817368,7694000.306817368,1.0,7694000.306817368,7694000.306817368,2025-08-31,2025-05-01,3
run_20260811T161321Z_ebb0c846,one_step_202509,one_step_ex_ante,seasonal_naive,2008-01,2025-08,2025-09,2025-09,0.0018848000327125192,,1.0,174495.0,174495.0,2.382484184357403,2.4112075030636686,2.382484184357403,0.2810429115353647,0.1587043563681903,,-174495.0,1.0,174495.0,174495.0,2.382484184357403,2.4112075030636686,2.382484184357403,0.2810429115353647,0.1587043563681903,,-174495.0,1.0,174495.0,174495.0,2.382484184357403,2.4112075030636686,2.382484184357403,0.2810429115353647,0.1587043563681903,,-174495.0,0.0,0.0,1.0,4240986.693185762,4240986.693185762,1.0,4240986.693185762,4240986.693185762,2025-08-31,2025-05-01,3
run_20260811T161321Z_ebb0c846,one_step_202509,one_step_ex_ante,drift,2008-01,2025-08,2025-09,2025-09,0.0014628999633714557,,1.0,1618603.0146341464,1618603.0146341464,22.09975118553006,24.845104301768156,22.09975118553006,2.60693374510845,1.4721301450077349,,-1618603.0146341464,1.0,1618603.0146341464,1618603.0146341464,22.09975118553006,24.845104301768156,22.09975118553006,2.60693374510845,1.4721301450077349,,-1618603.0146341464,1.0,174495.0,174495.0,2.382484184357403,2.4112075030636686,2.382484184357403,0.2810429115353647,0.1587043563681903,,-174495.0,-8.275927760876508,-8.275927760876508,1.0,14685439.201671114,14685439.201671114,1.0,14685439.201671114,14685439.201671114,2025-08-31,2025-05-01,3
run_20260811T161321Z_ebb0c846,one_step_202509,one_step_ex_ante,same_month_historical_mean,2008-01,2025-08,2025-09,2025-09,0.0021781999384984374,,1.0,2124418.4117647056,2124418.4117647056,29.005950124571388,33.92626836513036,29.005950124571385,3.421603689284439,1.932172593460275,,-2124418.4117647056,1.0,2124418.4117647056,2124418.4117647056,29.005950124571388,33.92626836513036,29.005950124571385,3.421603689284439,1.932172593460275,,-2124418.4117647056,1.0,174495.0,174495.0,2.382484184357403,2.4112075030636686,2.382484184357403,0.2810429115353647,0.1587043563681903,,-174495.0,-11.17466639023872,-11.17466639023872,0.0,4001334.2755017285,8951385.236055389,0.0,4001334.2755017285,8951385.236055389,2025-08-31,2025-05-01,3
run_20260811T161321Z_ebb0c846,one_step_202509,one_step_ex_ante,seasonal_moving_average_3,2008-01,2025-08,2025-09,2025-09,0.033722200081683695,,1.0,386736.0,386736.0,5.280336992588009,5.423527250442102,5.280336992588009,0.6228798042095235,0.35173894933613253,,-386736.0,1.0,386736.0,386736.0,5.280336992588009,5.423527250442102,5.280336992588009,0.6228798042095235,0.35173894933613253,,-386736.0,1.0,174495.0,174495.0,2.382484184357403,2.4112075030636686,2.382484184357403,0.2810429115353647,0.1587043563681903,,-174495.0,-1.2163156537436604,-1.2163156537436604,1.0,4231475.897075184,4231475.897075184,1.0,4231475.897075184,4231475.897075184,2025-08-31,2025-05-01,3
run_20260811T161321Z_ebb0c846,one_step_202510,one_step_ex_ante,naive_last,2008-01,2025-09,2025-10,2025-10,0.0014568999176844954,,1.0,528130.0,528130.0,7.460235643040444,7.749293417862009,7.460235643040445,0.8544880248218499,0.4815868633324363,,-528130.0,1.0,528130.0,528130.0,7.460235643040444,7.749293417862009,7.460235643040445,0.8544880248218499,0.4815868633324363,,-528130.0,1.0,355448.0,355448.0,5.020971804001742,5.150268570376219,5.020971804001742,0.5750971530624599,0.32412301402644766,,-355448.0,-0.48581508406292895,-0.48581508406292895,1.0,7691316.037875228,7691316.037875228,1.0,7691316.037875228,7691316.037875228,2025-09-30,2025-06-01,3
run_20260811T161321Z_ebb0c846,one_step_202510,one_step_ex_ante,seasonal_naive,2008-01,2025-09,2025-10,2025-10,0.0017830999568104744,,1.0,355448.0,355448.0,5.020971804001742,5.150268570376219,5.020971804001742,0.5750971530624599,0.32412301402644766,,-355448.0,1.0,355448.0,355448.0,5.020971804001742,5.150268570376219,5.020971804001742,0.5750971530624599,0.32412301402644766,,-355448.0,1.0,355448.0,355448.0,5.020971804001742,5.150268570376219,5.020971804001742,0.5750971530624599,0.32412301402644766,,-355448.0,0.0,0.0,1.0,4230032.661518563,4230032.661518563,1.0,4230032.661518563,4230032.661518563,2025-09-30,2025-06-01,3
run_20260811T161321Z_ebb0c846,one_step_202510,one_step_ex_ante,drift,2008-01,2025-09,2025-10,2025-10,0.0016546000260859728,,1.0,423695.02912621386,423695.02912621386,5.985012701544014,6.169639557110281,5.985012701544014,0.6855174456381851,0.3863555565607683,,-423695.02912621386,1.0,423695.02912621386,423695.02912621386,5.985012701544014,6.169639557110281,5.985012701544014,0.6855174456381851,0.3863555565607683,,-423695.02912621386,1.0,355448.0,355448.0,5.020971804001742,5.150268570376219,5.020971804001742,0.5750971530624599,0.32412301402644766,,-355448.0,-0.192002850279686,-0.192002850279686,1.0,15596594.551766735,15596594.551766735,1.0,15596594.551766735,15596594.551766735,2025-09-30,2025-06-01,3
run_20260811T161321Z_ebb0c846,one_step_202510,one_step_ex_ante,same_month_historical_mean,2008-01,2025-09,2025-10,2025-10,0.0021074999822303653,,1.0,2753951.5882352944,2753951.5882352944,38.90164883222083,48.295526987369236,38.90164883222082,4.4557564483861425,2.5112508419283444,,-2753951.5882352944,1.0,2753951.5882352944,2753951.5882352944,38.90164883222083,48.295526987369236,38.90164883222082,4.4557564483861425,2.5112508419283444,,-2753951.5882352944,1.0,355448.0,355448.0,5.020971804001742,5.150268570376219,5.020971804001742,0.5750971530624599,0.32412301402644766,,-355448.0,-6.747832561261547,-6.747832561261547,0.0,4043853.6706311475,33324843.787419967,0.0,4043853.6706311475,33324843.787419967,2025-09-30,2025-06-01,3
run_20260811T161321Z_ebb0c846,one_step_202510,one_step_ex_ante,seasonal_moving_average_3,2008-01,2025-09,2025-10,2025-10,0.032123600016348064,,1.0,814257.0,814257.0,11.501995898727934,12.20383839454172,11.501995898727934,1.3174272539476362,0.7424980110512176,,-814257.0,1.0,814257.0,814257.0,11.501995898727934,12.20383839454172,11.501995898727934,1.3174272539476362,0.7424980110512176,,-814257.0,1.0,355448.0,355448.0,5.020971804001742,5.150268570376219,5.020971804001742,0.5750971530624599,0.32412301402644766,,-355448.0,-1.290790776709955,-1.290790776709955,1.0,4222809.66522388,4222809.66522388,1.0,4222809.66522388,4222809.66522388,2025-09-30,2025-06-01,3
run_20260811T161321Z_ebb0c846,one_step_202511,one_step_ex_ante,naive_last,2008-01,2025-10,2025-11,2025-11,0.0014710999093949795,,1.0,3148543.0,3148543.0,73.99439732462851,54.011613410445,73.99439732462851,5.120374791581746,2.878534264414462,,3148543.0,1.0,3148543.0,3148543.0,73.99439732462851,54.011613410445,73.99439732462851,5.120374791581746,2.878534264414462,,3148543.0,1.0,236863.0,236863.0,5.566554096133825,5.7259223795129355,5.566554096133825,0.3852027221030258,0.2165504048926766,,-236863.0,-12.2926755128492,-12.2926755128492,1.0,7685828.508403257,7685828.508403257,1.0,7685828.508403257,7685828.508403257,2025-10-31,2025-07-01,3
run_20260811T161321Z_ebb0c846,one_step_202511,one_step_ex_ante,seasonal_naive,2008-01,2025-10,2025-11,2025-11,0.001744000008329749,,1.0,236863.0,236863.0,5.566554096133825,5.7259223795129355,5.566554096133825,0.3852027221030258,0.2165504048926766,,-236863.0,1.0,236863.0,236863.0,5.566554096133825,5.7259223795129355,5.566554096133825,0.3852027221030258,0.2165504048926766,,-236863.0,1.0,236863.0,236863.0,5.566554096133825,5.7259223795129355,5.566554096133825,0.3852027221030258,0.2165504048926766,,-236863.0,0.0,0.0,1.0,4219388.808974221,4219388.808974221,1.0,4219388.808974221,4219388.808974221,2025-10-31,2025-07-01,3
run_20260811T161321Z_ebb0c846,one_step_202511,one_step_ex_ante,drift,2008-01,2025-10,2025-11,2025-11,0.0014600999420508742,,1.0,3268947.193236715,3268947.193236715,76.82403494238022,55.50387628615472,76.82403494238022,5.31618428055808,2.988612988386491,,3268947.193236715,1.0,3268947.193236715,3268947.193236715,76.82403494238022,55.50387628615472,76.82403494238022,5.31618428055808,2.988612988386491,,3268947.193236715,1.0,236863.0,236863.0,5.566554096133825,5.7259223795129355,5.566554096133825,0.3852027221030258,0.2165504048926766,,-236863.0,-12.801003927319654,-12.801003927319654,1.0,16588723.296518149,16588723.296518149,1.0,16588723.296518149,16588723.296518149,2025-10-31,2025-07-01,3
run_20260811T161321Z_ebb0c846,one_step_202511,one_step_ex_ante,same_month_historical_mean,2008-01,2025-10,2025-11,2025-11,0.0022873999550938606,,1.0,1827084.3529411764,1827084.3529411764,42.93859272595012,54.677458289964726,42.93859272595012,2.9713288536613427,1.6703995828917384,,-1827084.3529411764,1.0,1827084.3529411764,1827084.3529411764,42.93859272595012,54.677458289964726,42.93859272595012,2.9713288536613427,1.6703995828917384,,-1827084.3529411764,1.0,236863.0,236863.0,5.566554096133825,5.7259223795129355,5.566554096133825,0.3852027221030258,0.2165504048926766,,-236863.0,-6.713675639256348,-6.713675639256348,1.0,4086746.547434767,4086746.547434767,1.0,4086746.547434767,4086746.547434767,2025-10-31,2025-07-01,3
run_20260811T161321Z_ebb0c846,one_step_202511,one_step_ex_ante,seasonal_moving_average_3,2008-01,2025-10,2025-11,2025-11,0.03317740000784397,,1.0,596177.0,596177.0,14.010848133185746,15.066306816882344,14.010848133185746,0.969543589565342,0.5450508130763406,,-596177.0,1.0,596177.0,596177.0,14.010848133185746,15.066306816882344,14.010848133185746,0.969543589565342,0.5450508130763406,,-596177.0,1.0,236863.0,236863.0,5.566554096133825,5.7259223795129355,5.566554096133825,0.3852027221030258,0.2165504048926766,,-236863.0,-1.516969725115362,-1.516969725115362,1.0,4212369.829433879,4212369.829433879,1.0,4212369.829433879,4212369.829433879,2025-10-31,2025-07-01,3
run_20260811T161321Z_ebb0c846,one_step_202512,one_step_ex_ante,naive_last,2008-01,2025-11,2025-12,2025-12,0.0014044999843463302,,1.0,5502382.0,5502382.0,161.37801745236936,89.31258109723812,161.37801745236936,8.97575068002659,5.042845009097222,,5502382.0,1.0,5502382.0,5502382.0,161.37801745236936,89.31258109723812,161.37801745236936,8.97575068002659,5.042845009097222,,5502382.0,1.0,233795.0,233795.0,6.856916439148844,7.100348935858759,6.856916439148844,0.38137767065914663,0.21426937440946214,,-233795.0,-22.53507132316773,-22.53507132316773,0.0,7709235.720758658,73619801.3055855,0.0,7709235.720758658,73619801.3055855,2025-11-30,2025-08-01,3
run_20260811T161321Z_ebb0c846,one_step_202512,one_step_ex_ante,seasonal_naive,2008-01,2025-11,2025-12,2025-12,0.0021479000570252538,,1.0,233795.0,233795.0,6.856916439148844,7.100348935858759,6.856916439148844,0.38137767065914663,0.21426937440946214,,-233795.0,1.0,233795.0,233795.0,6.856916439148844,7.100348935858759,6.856916439148844,0.38137767065914663,0.21426937440946214,,-233795.0,1.0,233795.0,233795.0,6.856916439148844,7.100348935858759,6.856916439148844,0.38137767065914663,0.21426937440946214,,-233795.0,0.0,0.0,1.0,4208459.742833152,4208459.742833152,1.0,4208459.742833152,4208459.742833152,2025-11-30,2025-08-01,3
run_20260811T161321Z_ebb0c846,one_step_202512,one_step_ex_ante,drift,2008-01,2025-11,2025-12,2025-12,0.00143440009560436,,1.0,5651214.096153846,5651214.096153846,165.74307764095462,90.63361018887828,165.7430776409546,9.218532767541172,5.179247242399618,,5651214.096153846,1.0,5651214.096153846,5651214.096153846,165.74307764095462,90.63361018887828,165.7430776409546,9.218532767541172,5.179247242399618,,5651214.096153846,1.0,233795.0,233795.0,6.856916439148844,7.100348935858759,6.856916439148844,0.38137767065914663,0.21426937440946214,,-233795.0,-23.17166362049593,-23.17166362049593,1.0,18704951.478439007,18704951.478439007,1.0,18704951.478439007,18704951.478439007,2025-11-30,2025-08-01,3
run_20260811T161321Z_ebb0c846,one_step_202512,one_step_ex_ante,same_month_historical_mean,2008-01,2025-11,2025-12,2025-12,0.002648100024089217,,1.0,1517612.3529411764,1517612.3529411764,44.50968194844933,57.250743977117274,44.50968194844933,2.4756024043638765,1.390867424285283,,-1517612.3529411764,1.0,1517612.3529411764,1517612.3529411764,44.50968194844933,57.250743977117274,44.50968194844933,2.4756024043638765,1.390867424285283,,-1517612.3529411764,1.0,233795.0,233795.0,6.856916439148844,7.100348935858759,6.856916439148844,0.38137767065914663,0.21426937440946214,,-233795.0,-5.491209619286881,-5.491209619286881,1.0,4141129.7148853624,4141129.7148853624,1.0,4141129.7148853624,4141129.7148853624,2025-11-30,2025-08-01,3
run_20260811T161321Z_ebb0c846,one_step_202512,one_step_ex_ante,seasonal_moving_average_3,2008-01,2025-11,2025-12,2025-12,0.03364880010485649,,1.0,544182.6666666665,544182.6666666665,15.960200487463469,17.344292408204108,15.960200487463467,0.8876969902111512,0.4987347015596548,,-544182.6666666665,1.0,544182.6666666665,544182.6666666665,15.960200487463469,17.344292408204108,15.960200487463467,0.8876969902111512,0.4987347015596548,,-544182.6666666665,1.0,233795.0,233795.0,6.856916439148844,7.100348935858759,6.856916439148844,0.38137767065914663,0.21426937440946214,,-233795.0,-1.3276060936575482,-1.3276060936575482,1.0,4202093.681321651,4202093.681321651,1.0,4202093.681321651,4202093.681321651,2025-11-30,2025-08-01,3
run_20260811T161321Z_ebb0c846,fixed_12m_2015,fixed_origin_12m_ex_ante,naive_last,2008-01,2014-12,2015-01,2015-12,0.0009992999257519841,,12.0,2236642.0833333335,2619606.566056167,103.33001767611638,56.778123149767765,64.49134380412909,12.384922100447453,11.20328321376484,-1.4952642485109853,2027854.4166666667,9.0,2051596.6666666667,2486456.93238029,93.50316520510913,51.611418597485866,55.10942870479918,11.360273102049815,10.633841575005446,-1.0349226450171467,1773213.111111111,9.0,120879.55555555556,144262.72944411758,3.6711957911462396,3.752568662348549,3.2470335699950934,0.6693444115390683,0.6169690655442218,0.993149941006397,-43116.444444444445,-15.972238665485204,-16.235615477131656,0.8333333333333334,10166077.77095737,12004344.17762806,0.7777777777777778,9367687.525561653,11818709.401122574,2014-12-31,2014-09-01,3
run_20260811T161321Z_ebb0c846,fixed_12m_2015,fixed_origin_12m_ex_ante,seasonal_naive,2008-01,2014-12,2015-01,2015-12,0.0033674999140203,,9.0,120879.55555555556,144262.72944411758,3.6711957911462396,3.752568662348549,3.2470335699950934,0.6693444115390683,0.6169690655442218,0.993149941006397,-43116.444444444445,9.0,120879.55555555556,144262.72944411758,3.6711957911462396,3.752568662348549,3.2470335699950934,0.6693444115390683,0.6169690655442218,0.993149941006397,-43116.444444444445,9.0,120879.55555555556,144262.72944411758,3.6711957911462396,3.752568662348549,3.2470335699950934,0.6693444115390683,0.6169690655442218,0.993149941006397,-43116.444444444445,0.0,0.0,1.0,1563651.5317109567,1563651.5317109567,1.0,1563651.5317109567,1563651.5317109567,2014-12-31,2014-09-01,3
run_20260811T161321Z_ebb0c846,fixed_12m_2015,fixed_origin_12m_ex_ante,drift,2008-01,2014-12,2015-01,2015-12,0.0010351999662816525,,12.0,2650953.1583333337,3007225.2743936055,119.50584925221837,62.9237105151529,76.43759044716036,14.679080127546921,12.861013891618441,-2.288337075442397,2541239.879166667,9.0,2351822.0833333335,2731592.239661613,104.18207977710337,56.2932936292343,63.1740017585477,13.022706455020444,11.682212849055402,-1.4559400572016332,2205537.711111111,9.0,120879.55555555556,144262.72944411758,3.6711957911462396,3.752568662348549,3.2470335699950934,0.6693444115390683,0.6169690655442218,0.993149941006397,-43116.444444444445,-18.455912726717873,-17.934843740910487,1.0,20048207.41327389,20048207.41327389,1.0,18473726.714124117,18473726.714124117,2014-12-31,2014-09-01,3
run_20260811T161321Z_ebb0c846,fixed_12m_2015,fixed_origin_12m_ex_ante,same_month_historical_mean,2008-01,2014-12,2015-01,2015-12,0.0014063999988138676,,12.0,514439.34126984136,569090.2125909185,15.68201383905218,17.14303692287702,14.833345340063772,2.848596659478554,2.4338306784122636,0.88223760309484,-514439.34126984136,9.0,582995.1587301588,629142.9013544507,16.9804090659771,18.66931107084927,15.66025654910213,3.2282096807596123,2.690658283245615,0.8697179379459712,-582995.1587301588,9.0,120879.55555555556,144262.72944411758,3.6711957911462396,3.752568662348549,3.2470335699950934,0.6693444115390683,0.6169690655442218,0.993149941006397,-43116.444444444445,-3.822942606388204,-3.3610910716766877,0.8333333333333334,1370715.0129033234,3015671.6365589127,0.7777777777777778,1370715.0129033234,3563990.511110775,2014-12-31,2014-09-01,3
run_20260811T161321Z_ebb0c846,fixed_12m_2015,fixed_origin_12m_ex_ante,seasonal_moving_average_3,2008-01,2014-12,2015-01,2015-12,0.015748600009828806,,12.0,240853.66666666672,294741.9601533782,7.806491906918678,8.2253332342751,6.944775267903328,1.3336751201731039,1.260524270081436,0.9684115483866188,-240853.66666666672,9.0,266810.8518518519,324872.10580721963,8.16206846538814,8.615794531743523,7.167000150027718,1.477407422655001,1.389381999866472,0.9652615154026217,-266810.8518518519,9.0,120879.55555555556,144262.72944411758,3.6711957911462396,3.752568662348549,3.2470335699950934,0.6693444115390683,0.6169690655442218,0.993149941006397,-43116.444444444445,-1.2072454736088698,-1.2519475893672447,0.9166666666666666,950508.4383307062,1881354.3744461958,0.8888888888888888,950508.4383307062,2191636.353151359,2014-12-31,2014-09-01,3
run_20260811T161321Z_ebb0c846,fixed_12m_2015,fixed_origin_12m_ex_ante,ets_holt_winters,2008-01,2014-12,2015-01,2015-12,0.07884649990592152,model-internal seasonal fill for missing training targets,12.0,100443.29723306186,131261.02370457991,3.041007265924922,3.0037194854434177,2.8961823006673373,0.5561830482459745,0.5613646119787511,0.9937350735387489,50942.47337849558,9.0,126032.14884148707,150749.4053144171,3.6735260929597295,3.6271051307894218,3.385441122000541,0.6978757831595315,0.6447106614893977,0.9925200751022184,62835.09249139243,9.0,120879.55555555556,144262.72944411758,3.6711957911462396,3.752568662348549,3.2470335699950934,0.6693444115390683,0.6169690655442218,0.993149941006397,-43116.444444444445,-0.04262584572097805,-0.04496432235335068,1.0,1761903.9250168775,1761903.9250168775,1.0,1550608.579814985,1550608.579814985,2014-12-31,2014-09-01,3
run_20260811T161321Z_ebb0c846,fixed_12m_2015,fixed_origin_12m_ex_ante,theta,2008-01,2014-12,2015-01,2015-12,0.08889180002734065,model-internal seasonal fill for missing training targets,12.0,216321.92934761452,269832.0176356336,7.134546584629383,7.529293281688601,6.237427088530009,1.197835927148396,1.1539918065882477,0.9735252806451586,-209279.64187901103,9.0,272537.19635851285,309814.2670079052,8.69433596424279,9.207195668469222,7.320819650447206,1.5091158176475634,1.3249840727724385,0.968407146861649,-272537.19635851285,9.0,120879.55555555556,144262.72944411758,3.6711957911462396,3.752568662348549,3.2470335699950934,0.6693444115390683,0.6169690655442218,0.993149941006397,-43116.444444444445,-1.2546177896332211,-1.1475697028726786,1.0,8620569.078555604,8620569.078555604,1.0,7528679.137609531,7528679.137609531,2014-12-31,2014-09-01,3
run_20260811T161321Z_ebb0c846,fixed_12m_2015,fixed_origin_12m_ex_ante,sarima_111_111_12,2008-01,2014-12,2015-01,2015-12,0.13433599995914847,,12.0,446927.2466873671,490237.4213556962,15.812611016711697,14.29554779285182,12.886701424571307,2.4747630280394675,2.0966005905620686,0.912610888862604,446927.2466873671,9.0,358367.4699702228,386565.3618750284,11.34282407924387,10.626650542836805,9.62636899217191,1.9843824061027426,1.6532258262879083,0.9508150883867961,358367.4699702228,9.0,120879.55555555556,144262.72944411758,3.6711957911462396,3.752568662348549,3.2470335699950934,0.6693444115390683,0.6169690655442218,0.993149941006397,-43116.444444444445,-1.964665681662927,-1.6795927358685567,0.9166666666666666,1258405.0053861383,1443701.8745376125,0.8888888888888888,1076712.5862218628,1323775.0784238286,2014-12-31,2014-09-01,3
run_20260811T161321Z_ebb0c846,fixed_12m_2015,fixed_origin_12m_ex_ante,dynamic_harmonic_arima_k2,2008-01,2014-12,2015-01,2015-12,0.019692300003953278,,12.0,505164.9831408824,565352.0453569631,19.749944247599103,17.15233287503622,14.565928473004776,2.7972419059331743,2.417843641746117,0.8837796071847331,415058.4077645466,9.0,416775.41935097676,454139.12981716456,14.779152342547345,13.327909867863958,11.19530735831869,2.307803801290588,1.942218864359543,0.9321165557810841,296633.3188491956,9.0,120879.55555555556,144262.72944411758,3.6711957911462396,3.752568662348549,3.2470335699950934,0.6693444115390683,0.6169690655442218,0.993149941006397,-43116.444444444445,-2.4478569799127787,-2.1480003987660754,0.75,1250967.0965574,3107805.2783810194,0.8888888888888888,1226526.4783907167,1413914.5269098217,2014-12-31,2014-09-01,3
run_20260811T161321Z_ebb0c846,fixed_12m_2015,fixed_origin_12m_ex_ante,stl_arima_111,2008-01,2014-12,2015-01,2015-12,0.06404219998512417,"robust STL(12) + ARIMA(1,1,1) remainder; model-internal seasonal fill for missing training targets",12.0,130086.86586031855,224421.98248713854,3.0587652976185407,3.126069413611354,3.7509250376333534,0.7203279022499252,0.9597865044991178,0.9816863380831754,-53643.37513396833,9.0,161196.50925670413,258013.76336075438,3.569141784567441,3.6547535881937057,4.330016556703723,0.8925908284051575,1.103448625238274,0.9780885171657017,-72411.39135503343,9.0,120879.55555555556,144262.72944411758,3.6711957911462396,3.752568662348549,3.2470335699950934,0.6693444115390683,0.6169690655442218,0.993149941006397,-43116.444444444445,-0.3335299630765032,-0.788499110996649,1.0,3312625.45910644,3312625.45910644,1.0,2915360.699111216,2915360.699111216,2014-12-31,2014-09-01,3
run_20260811T161321Z_ebb0c846,fixed_12m_2016,fixed_origin_12m_ex_ante,naive_last,2008-01,2015-12,2016-01,2016-12,0.001175600104033947,,12.0,2801544.5833333335,2964520.8049466303,135.289812551524,73.51898643123552,107.18374737915231,16.114832800658217,13.245393947093033,-8.352015049139968,2801544.5833333335,9.0,2674666.5555555555,2861161.585506119,125.92150022999718,69.5670020971737,97.59222236335275,15.38501460826542,12.783587918520313,-6.929301096644268,2674666.5555555555,9.0,982113.4444444445,1245992.4824586401,30.406715929702553,24.997904907273206,35.83498416173682,5.6492386530825645,5.567058682044975,-0.5037684978473185,982113.4444444445,-1.7233784148719637,-1.2962912102490098,0.8333333333333334,10478647.65999337,11443920.977400983,0.7777777777777778,9655709.820527136,10942740.910403954,2015-12-31,2015-09-01,3
run_20260811T161321Z_ebb0c846,fixed_12m_2016,fixed_origin_12m_ex_ante,seasonal_naive,2008-01,2015-12,2016-01,2016-12,0.003724499954842031,,9.0,982113.4444444445,1245992.4824586401,30.406715929702553,24.997904907273206,35.83498416173682,5.6492386530825645,5.567058682044975,-0.5037684978473185,982113.4444444445,9.0,982113.4444444445,1245992.4824586401,30.406715929702553,24.997904907273206,35.83498416173682,5.6492386530825645,5.567058682044975,-0.5037684978473185,982113.4444444445,9.0,982113.4444444445,1245992.4824586401,30.406715929702553,24.997904907273206,35.83498416173682,5.6492386530825645,5.567058682044975,-0.5037684978473185,982113.4444444445,0.0,0.0,0.4444444444444444,1519209.5164355303,16472917.30832269,0.4444444444444444,1519209.5164355303,16472917.30832269,2015-12-31,2015-09-01,3
run_20260811T161321Z_ebb0c846,fixed_12m_2016,fixed_origin_12m_ex_ante,drift,2008-01,2015-12,2016-01,2016-12,0.0011529999319463968,,12.0,3239637.702898551,3369560.844829213,153.53654916126578,80.03327374889044,123.94466652902831,18.63479889897115,15.05510123052283,-11.082110343401261,3239637.702898551,9.0,3043587.0772946863,3175208.5316910325,139.62939162648468,75.32943193262199,111.05325492353704,17.507091322634214,14.18674066859035,-8.765503593590662,3043587.0772946863,9.0,982113.4444444445,1245992.4824586401,30.406715929702553,24.997904907273206,35.83498416173682,5.6492386530825645,5.567058682044975,-0.5037684978473185,982113.4444444445,-2.0990178319128527,-1.548336828987595,1.0,20033440.4580152,20033440.4580152,1.0,18460119.477814894,18460119.477814894,2015-12-31,2015-09-01,3
run_20260811T161321Z_ebb0c846,fixed_12m_2016,fixed_origin_12m_ex_ante,same_month_historical_mean,2008-01,2015-12,2016-01,2016-12,0.0016108999261632562,,12.0,554110.474702381,688624.7130898595,19.16604494471068,17.740918492776647,21.199604494595196,3.1873123512094343,3.0767554713596645,0.4953835537425755,407803.55803571426,9.0,637109.9027777778,766377.460664011,21.46002327633574,19.74846040272395,23.246625330785633,3.664735382041186,3.4241525179143975,0.4311004560613345,471992.68055555556,9.0,982113.4444444445,1245992.4824586401,30.406715929702553,24.997904907273206,35.83498416173682,5.6492386530825645,5.567058682044975,-0.5037684978473185,982113.4444444445,0.3512868534875073,0.38492609590086324,0.6666666666666666,1491483.1866730412,5971394.4421860995,0.5555555555555556,1491483.1866730412,7464698.194023784,2015-12-31,2015-09-01,3
run_20260811T161321Z_ebb0c846,fixed_12m_2016,fixed_origin_12m_ex_ante,seasonal_moving_average_3,2008-01,2015-12,2016-01,2016-12,0.01638950000051409,,12.0,779829.0277777776,1028594.0901559606,24.800525969263497,20.84917827324129,29.83532655861296,4.485673535413272,4.595728899265627,-0.12585961562807868,760291.75,9.0,902297.6296296295,1143938.7767940476,27.93360847285542,23.206430348136546,32.92269487792302,5.190128161591233,5.11108565158667,-0.26752257228827925,878642.5185185184,9.0,982113.4444444445,1245992.4824586401,30.406715929702553,24.997904907273206,35.83498416173682,5.6492386530825645,5.567058682044975,-0.5037684978473185,982113.4444444445,0.08126944526247137,0.08190555489003937,0.4166666666666667,913424.6866835287,19775740.00870903,0.3333333333333333,913424.6866835287,24085316.27164389,2015-12-31,2015-09-01,3
run_20260811T161321Z_ebb0c846,fixed_12m_2016,fixed_origin_12m_ex_ante,ets_holt_winters,2008-01,2015-12,2016-01,2016-12,0.040840999921783805,model-internal seasonal fill for missing training targets,12.0,943626.8865475863,1200023.4831405324,30.927261618670205,25.57461121901081,36.10203686551809,5.427859186458909,5.36167051128024,-0.5324124844324578,943626.8865475863,9.0,1052456.884485315,1317325.5471375196,32.989759965766225,26.88280211519974,38.40164901497341,6.053862867034215,5.885772769511882,-0.6808786734766061,1052456.884485315,9.0,982113.4444444445,1245992.4824586401,30.406715929702553,24.997904907273206,35.83498416173682,5.6492386530825645,5.567058682044975,-0.5037684978473185,982113.4444444445,-0.07162455665257905,-0.057249996033782,0.5,1703556.6693178785,14966687.764371231,0.4444444444444444,1499258.5862024443,18827150.20063369,2015-12-31,2015-09-01,3
run_20260811T161321Z_ebb0c846,fixed_12m_2016,fixed_origin_12m_ex_ante,theta,2008-01,2015-12,2016-01,2016-12,0.02072310005314648,model-internal seasonal fill for missing training targets,12.0,900829.3114925924,1162669.9855380682,29.158471677573754,24.16679883503693,34.46465279516472,5.181682213089363,5.194776155126331,-0.4384975097087449,875807.8258242365,9.0,990224.5642420442,1263813.485072478,30.567831767076104,25.045770666491787,36.13093963523648,5.695894822733417,5.646682410695686,-0.547091886620793,956862.5833509032,9.0,982113.4444444445,1245992.4824586401,30.406715929702553,24.997904907273206,35.83498416173682,5.6492386530825645,5.567058682044975,-0.5037684978473185,982113.4444444445,-0.008258842034473801,-0.014302656608868647,1.0,8999095.103592245,8999095.103592245,1.0,7852549.106320729,7852549.106320729,2015-12-31,2015-09-01,3
run_20260811T161321Z_ebb0c846,fixed_12m_2016,fixed_origin_12m_ex_ante,sarima_111_111_12,2008-01,2015-12,2016-01,2016-12,0.20637200004421175,,12.0,901849.4857115918,1168322.3929917724,29.04013968962386,24.103884659448365,34.5036834414812,5.187550382050342,5.220030949543315,-0.4525182358268778,901849.4857115918,9.0,1015338.8659372487,1282625.671023839,31.551062961341046,25.852990046552335,37.04730078330102,5.840355408915476,5.730734718075674,-0.5934923913994978,1015338.8659372487,9.0,982113.4444444445,1245992.4824586401,30.406715929702553,24.997904907273206,35.83498416173682,5.6492386530825645,5.567058682044975,-0.5037684978473185,982113.4444444445,-0.03383053320443952,-0.029400810262444566,0.4166666666666667,1089444.3451832123,22220994.583202083,0.3333333333333333,945797.024395382,27085227.913563054,2015-12-31,2015-09-01,3
run_20260811T161321Z_ebb0c846,fixed_12m_2016,fixed_origin_12m_ex_ante,dynamic_harmonic_arima_k2,2008-01,2015-12,2016-01,2016-12,0.02182219992391765,,12.0,1276085.8144382928,1414550.9181550334,48.422402080064,38.22459965530729,48.821518094898714,7.340204279204261,6.320172939222425,-1.129282877505895,1276085.8144382928,9.0,1296552.8061850884,1464929.9748364864,45.797198529369986,36.46286909897858,47.30812874757087,7.457932960694539,6.545265119825552,-1.0786619647173161,1296552.8061850884,9.0,982113.4444444445,1245992.4824586401,30.406715929702553,24.997904907273206,35.83498416173682,5.6492386530825645,5.567058682044975,-0.5037684978473185,982113.4444444445,-0.320166029209094,-0.17571333331468453,0.08333333333333333,1303253.5203601532,27435525.48562883,0.1111111111111111,1281932.9825500976,29043931.972205054,2015-12-31,2015-09-01,3
run_20260811T161321Z_ebb0c846,fixed_12m_2016,fixed_origin_12m_ex_ante,stl_arima_111,2008-01,2015-12,2016-01,2016-12,0.09369869995862246,"robust STL(12) + ARIMA(1,1,1) remainder; model-internal seasonal fill for missing training targets",12.0,1005555.6853820964,1245929.8240673244,33.55526417273497,27.63875803972582,38.47135869222082,5.784081337875226,5.566778726149343,-0.6518984869457667,1005555.6853820964,9.0,1121588.6727033942,1365255.0274579283,35.899530433047694,29.162613343049095,40.92410357445536,6.451517509038642,6.0999203131769315,-0.8054177479933771,1121588.6727033942,9.0,982113.4444444445,1245992.4824586401,30.406715929702553,24.997904907273206,35.83498416173682,5.6492386530825645,5.567058682044975,-0.5037684978473185,982113.4444444445,-0.14201539450246203,-0.09571690574244451,0.6666666666666666,2871753.976827145,7182064.018471337,0.5555555555555556,2527360.4833721677,8274440.5388977565,2015-12-31,2015-09-01,3
run_20260811T161321Z_ebb0c846,fixed_12m_2017,fixed_origin_12m_ex_ante,naive_last,2008-01,2016-12,2017-01,2017-12,0.001146900001913309,,12.0,1566313.4166666667,1741845.650205049,69.1975884895693,47.39855922172441,48.66802724480958,6.3042008841547625,3.9539141463034384,-0.2644378288107896,796567.75,9.0,1666655.5555555555,1811715.83420187,72.89698839316159,49.61036684066656,49.38821098178557,6.708064500446529,4.112516436280931,-0.1427499769975551,640328.0,9.0,692344.5555555555,942169.1703767076,15.962327299523468,17.85872500630152,20.516332164668768,2.7865937384113804,2.138683189595418,0.6909499348424849,-633946.5555555555,-1.407263178690251,-0.9229198865395813,1.0,10419543.187059568,10419543.187059568,1.0,9601247.101838458,9601247.101838458,2016-12-31,2016-09-01,3
run_20260811T161321Z_ebb0c846,fixed_12m_2017,fixed_origin_12m_ex_ante,seasonal_naive,2008-01,2016-12,2017-01,2017-12,0.003549700020812452,,9.0,692344.5555555555,942169.1703767076,15.962327299523468,17.85872500630152,20.516332164668768,2.7865937384113804,2.138683189595418,0.6909499348424849,-633946.5555555555,9.0,692344.5555555555,942169.1703767076,15.962327299523468,17.85872500630152,20.516332164668768,2.7865937384113804,2.138683189595418,0.6909499348424849,-633946.5555555555,9.0,692344.5555555555,942169.1703767076,15.962327299523468,17.85872500630152,20.516332164668768,2.7865937384113804,2.138683189595418,0.6909499348424849,-633946.5555555555,0.0,0.0,1.0,3720823.0453146566,3720823.0453146566,1.0,3720823.0453146566,3720823.0453146566,2016-12-31,2016-09-01,3
run_20260811T161321Z_ebb0c846,fixed_12m_2017,fixed_origin_12m_ex_ante,drift,2008-01,2016-12,2017-01,2017-12,0.0017127000028267503,,12.0,1675628.5705128203,1844285.4627693372,75.6462906765892,49.70555862010003,52.06463537511417,6.744179679072468,4.186448081784421,-0.41753708567829584,1056191.2403846153,9.0,1684874.7478632478,1840940.9388822007,76.40206009897756,49.87178308823103,49.928102569228834,6.78139429959948,4.178856157489383,-0.17991513655254798,858958.3076923077,9.0,692344.5555555555,942169.1703767076,15.962327299523468,17.85872500630152,20.516332164668768,2.7865937384113804,2.138683189595418,0.6909499348424849,-633946.5555555555,-1.4335783885976543,-0.9539388432187155,1.0,18536374.735454887,18536374.735454887,1.0,17080625.418243725,17080625.418243725,2016-12-31,2016-09-01,3
run_20260811T161321Z_ebb0c846,fixed_12m_2017,fixed_origin_12m_ex_ante,same_month_historical_mean,2008-01,2016-12,2017-01,2017-12,0.0018493999959900975,,12.0,284778.32754629635,356438.6044929989,8.998816440106665,9.575678790822368,8.848547970207404,1.1461944750024067,0.8091001865909414,0.9470522373891747,-228119.494212963,9.0,289942.6172839507,366053.65214002936,7.941939705520633,8.250248248824123,8.591905572389,1.1669800467683928,0.8309259280993809,0.9533490438344009,-214397.50617283958,9.0,692344.5555555555,942169.1703767076,15.962327299523468,17.85872500630152,20.516332164668768,2.7865937384113804,2.138683189595418,0.6909499348424849,-633946.5555555555,0.5812162961962009,0.6114777858909668,1.0,1640293.1981357913,1640293.1981357913,1.0,1640293.1981357913,1640293.1981357913,2016-12-31,2016-09-01,3
run_20260811T161321Z_ebb0c846,fixed_12m_2017,fixed_origin_12m_ex_ante,seasonal_moving_average_3,2008-01,2016-12,2017-01,2017-12,0.01946540002245456,,12.0,255885.66666666666,287715.1032431278,8.224135138419559,8.26214920878712,7.950803756372256,1.0299054000798569,0.6531008167596478,0.9655012416844232,-11033.277777777752,9.0,260754.92592592596,293508.7778974453,7.7700937052049905,7.632915451633297,7.726983090922306,1.0495035138422533,0.6662522071667651,0.9700074598158134,6423.592592592609,9.0,692344.5555555555,942169.1703767076,15.962327299523468,17.85872500630152,20.516332164668768,2.7865937384113804,2.138683189595418,0.6909499348424849,-633946.5555555555,0.6233740500541824,0.6884755019312596,1.0,1800839.4337085579,1800839.4337085579,1.0,1800839.4337085579,1800839.4337085579,2016-12-31,2016-09-01,3
run_20260811T161321Z_ebb0c846,fixed_12m_2017,fixed_origin_12m_ex_ante,ets_holt_winters,2008-01,2016-12,2017-01,2017-12,0.050604799995198846,model-internal seasonal fill for missing training targets,12.0,248134.1607700016,266115.43976036244,8.55441664405515,8.449491778421544,7.709951257662235,0.9987066311698115,0.6040705166352676,0.9704866648976412,26435.081012480503,9.0,258017.0046574528,276316.4944317246,8.496333216015115,8.218178853506949,7.645849930079246,1.0384837488975163,0.6272264686954088,0.9734181818828985,57861.23042981666,9.0,692344.5555555555,942169.1703767076,15.962327299523468,17.85872500630152,20.516332164668768,2.7865937384113804,2.138683189595418,0.6909499348424849,-633946.5555555555,0.6273286146513954,0.7067230566234247,1.0,2566334.842342751,2566334.842342751,1.0,2258568.568190622,2258568.568190622,2016-12-31,2016-09-01,3
run_20260811T161321Z_ebb0c846,fixed_12m_2017,fixed_origin_12m_ex_ante,theta,2008-01,2016-12,2017-01,2017-12,0.020153200021013618,model-internal seasonal fill for missing training targets,12.0,255184.65944944764,329528.6021983467,8.41705323749112,8.107686750459662,7.929022267442009,1.0270839402930947,0.748015647477296,0.954745228539435,201704.3444561283,9.0,252413.19896127103,338679.71354689484,8.012096088506784,7.511445195572918,7.479791660209738,1.0159291844989793,0.7687882736920029,0.9600653917264946,252413.19896127103,9.0,692344.5555555555,942169.1703767076,15.962327299523468,17.85872500630152,20.516332164668768,2.7865937384113804,2.138683189595418,0.6909499348424849,-633946.5555555555,0.6354225696788675,0.6405319509536906,1.0,7797301.914090507,7797301.914090507,1.0,6856093.605295856,6856093.605295856,2016-12-31,2016-09-01,3
run_20260811T161321Z_ebb0c846,fixed_12m_2017,fixed_origin_12m_ex_ante,sarima_111_111_12,2008-01,2016-12,2017-01,2017-12,0.08354869997128844,,12.0,2807919.7929673283,2941456.6375980657,99.6127481237064,151.22929059845828,87.24685336361152,11.301499593313805,6.676979104760534,-2.6058117090268476,-2807919.7929673283,9.0,2483103.740674491,2596569.1403331603,82.36838117198569,139.2828743634086,73.5821214079317,9.994158659971122,5.894099431031481,-1.3473121338008287,-2483103.740674491,9.0,692344.5555555555,942169.1703767076,15.962327299523468,17.85872500630152,20.516332164668768,2.7865937384113804,2.138683189595418,0.6909499348424849,-633946.5555555555,-2.5865144323724523,-1.75594789340748,0.0,2424963.5857047183,66242483.59030349,0.0,2116834.92170511,59104286.11458257,2016-12-31,2016-09-01,3
run_20260811T161321Z_ebb0c846,fixed_12m_2017,fixed_origin_12m_ex_ante,dynamic_harmonic_arima_k2,2008-01,2016-12,2017-01,2017-12,0.0236047999933362,,12.0,1108909.1328384308,1161315.1006399207,41.35759657463866,56.655754209253736,34.45569661520952,4.463210147662971,2.6361349550090427,0.43794568004209855,-1108909.1328384308,9.0,1084388.9618161921,1143931.4023575634,39.32862004257445,53.19106087689843,32.133832725050006,4.3645197564595355,2.596674713198529,0.5444133124285343,-1084388.9618161921,9.0,692344.5555555555,942169.1703767076,15.962327299523468,17.85872500630152,20.516332164668768,2.7865937384113804,2.138683189595418,0.6909499348424849,-633946.5555555555,-0.5662562132030486,-0.21414650184338457,0.25,2002491.835012805,8921438.57178914,0.2222222222222222,1901615.2887321454,9519290.44513069,2016-12-31,2016-09-01,3
run_20260811T161321Z_ebb0c846,fixed_12m_2017,fixed_origin_12m_ex_ante,stl_arima_111,2008-01,2016-12,2017-01,2017-12,0.03975730005186051,"robust STL(12) + ARIMA(1,1,1) remainder; model-internal seasonal fill for missing training targets",12.0,496251.02816156315,671017.4985045916,12.795189683119427,12.97653096476038,15.419365180584105,1.9973436588167957,1.5231806443022806,0.8123511811862589,-14659.287092198269,9.0,582650.9807526626,760060.2286522473,14.218598451064118,14.417994657149897,17.265768844819707,2.345091850028041,1.7253037832353142,0.7988745276214244,-22983.31680883687,9.0,692344.5555555555,942169.1703767076,15.962327299523468,17.85872500630152,20.516332164668768,2.7865937384113804,2.138683189595418,0.6909499348424849,-633946.5555555555,0.15843783838940118,0.19328688249441195,1.0,4280067.671273681,4280067.671273681,1.0,3766782.943742031,3766782.943742031,2016-12-31,2016-09-01,3
run_20260811T161321Z_ebb0c846,fixed_12m_2018,fixed_origin_12m_ex_ante,naive_last,2008-01,2017-12,2018-01,2018-12,0.001132100005634129,,12.0,1982182.0,2269713.9850696316,77.3447532924472,48.8728998794206,52.12990410372215,6.768284592673896,4.466310311295138,-0.783742542239386,1504498.5,9.0,1946362.2222222222,2233035.387130013,75.10904099305235,47.44116984731943,48.69025248232659,6.6459757178852366,4.3941346974252085,-0.5240752114412399,1309450.888888889,9.0,622835.1111111111,643673.2236004713,17.41105527116892,19.202586627028143,15.58086078152185,2.1267094980731676,1.2666108481431284,0.8733672393232428,-622835.1111111111,-2.125004013903448,-2.469206586906372,1.0,10385568.298733847,10385568.298733847,1.0,9569940.422436455,9569940.422436455,2017-12-31,2017-09-01,3
run_20260811T161321Z_ebb0c846,fixed_12m_2018,fixed_origin_12m_ex_ante,seasonal_naive,2008-01,2017-12,2018-01,2018-12,0.00591299997176975,,9.0,622835.1111111111,643673.2236004713,17.41105527116892,19.202586627028143,15.58086078152185,2.1267094980731676,1.2666108481431284,0.8733672393232428,-622835.1111111111,9.0,622835.1111111111,643673.2236004713,17.41105527116892,19.202586627028143,15.58086078152185,2.1267094980731676,1.2666108481431284,0.8733672393232428,-622835.1111111111,9.0,622835.1111111111,643673.2236004713,17.41105527116892,19.202586627028143,15.58086078152185,2.1267094980731676,1.2666108481431284,0.8733672393232428,-622835.1111111111,0.0,0.0,1.0,4265600.187656392,4265600.187656392,1.0,4265600.187656392,4265600.187656392,2017-12-31,2017-09-01,3
run_20260811T161321Z_ebb0c846,fixed_12m_2018,fixed_origin_12m_ex_ante,drift,2008-01,2017-12,2018-01,2018-12,0.00165200000628829,,12.0,2124738.965517241,2477949.1970132277,84.31534647737217,51.009785577029255,55.87904567686295,7.255054280466786,4.876072545830553,-1.1260559998640773,1843071.2931034483,9.0,1970121.7164750956,2346400.820590086,78.53609942301605,47.625864037896676,49.284620663550314,6.727103999184051,4.617213555703306,-0.6827499732828322,1594564.819923372,9.0,622835.1111111111,643673.2236004713,17.41105527116892,19.202586627028143,15.58086078152185,2.1267094980731676,1.2666108481431284,0.8733672393232428,-622835.1111111111,-2.163151340264814,-2.6453292362624357,1.0,20870774.98416582,20870774.98416582,1.0,19231694.15706354,19231694.15706354,2017-12-31,2017-09-01,3
run_20260811T161321Z_ebb0c846,fixed_12m_2018,fixed_origin_12m_ex_ante,same_month_historical_mean,2008-01,2017-12,2018-01,2018-12,0.0017888000002130866,,12.0,802933.9925925927,853247.7819255926,22.478185207816523,25.475051558879247,21.11656348179461,2.7416684093582635,1.6790086290925628,0.7479189268188429,-802933.9925925927,9.0,815792.8666666668,874025.0058236093,21.735936895685708,24.539585834737256,20.407897460078175,2.785575840297849,1.719893749396808,0.7665128927693642,-815792.8666666668,9.0,622835.1111111111,643673.2236004713,17.41105527116892,19.202586627028143,15.58086078152185,2.1267094980731676,1.2666108481431284,0.8733672393232428,-622835.1111111111,-0.3098055201340968,-0.35787069242159064,0.6666666666666666,1615767.3171395364,6662975.573246335,0.6666666666666666,1615767.3171395364,7347216.313987077,2017-12-31,2017-09-01,3
run_20260811T161321Z_ebb0c846,fixed_12m_2018,fixed_origin_12m_ex_ante,seasonal_moving_average_3,2008-01,2017-12,2018-01,2018-12,0.021707599982619286,,12.0,700931.8333333334,766055.6458674816,18.49204993370989,20.404124219340865,18.433982981841638,2.393375647677493,1.5074332064173386,0.7968061596570527,-700931.8333333334,9.0,718095.0,793937.6327638115,17.778418961308482,19.532475343079245,17.963884860227388,2.45198035527321,1.5622989764630977,0.8073415931137528,-718095.0,9.0,622835.1111111111,643673.2236004713,17.41105527116892,19.202586627028143,15.58086078152185,2.1267094980731676,1.2666108481431284,0.8733672393232428,-622835.1111111111,-0.15294559858539336,-0.23344828346721713,0.6666666666666666,1793618.590839454,4229075.763020868,0.6666666666666666,1793618.590839454,4983902.059317164,2017-12-31,2017-09-01,3
run_20260811T161321Z_ebb0c846,fixed_12m_2018,fixed_origin_12m_ex_ante,ets_holt_winters,2008-01,2017-12,2018-01,2018-12,0.07246019993908703,model-internal seasonal fill for missing training targets,12.0,753522.0085475341,804228.5397791617,21.05103584174381,23.67407126680494,19.817065257189828,2.5729480949241608,1.5825492742616674,0.7760511353945524,-753522.0085475341,9.0,728322.370849817,774699.3740401024,19.496028439439613,21.711555944044406,18.219733059099344,2.486902353629757,1.52444220954256,0.8165652556713361,-728322.370849817,9.0,622835.1111111111,643673.2236004713,17.41105527116892,19.202586627028143,15.58086078152185,2.1267094980731676,1.2666108481431284,0.8733672393232428,-622835.1111111111,-0.16936627023245543,-0.2035600451215276,0.9166666666666666,2480373.884463819,2607911.060844949,0.8888888888888888,2182916.430225773,2352965.998733946,2017-12-31,2017-09-01,3
run_20260811T161321Z_ebb0c846,fixed_12m_2018,fixed_origin_12m_ex_ante,theta,2008-01,2017-12,2018-01,2018-12,0.025667899986729026,model-internal seasonal fill for missing training targets,12.0,712299.9171489883,760278.3112115745,19.943366437602876,22.285204691739853,18.73295508387524,2.4321926819042807,1.4960646509450555,0.7998594421987855,-712299.9171489883,9.0,725148.4470469356,781613.3612913975,19.291853053503765,21.48557494739096,18.140334091344247,2.476064792006575,1.5380474535317825,0.8132764316613623,-725148.4470469356,9.0,622835.1111111111,643673.2236004713,17.41105527116892,19.202586627028143,15.58086078152185,2.1267094980731676,1.2666108481431284,0.8733672393232428,-622835.1111111111,-0.1642703407540751,-0.21430150056474284,1.0,7771535.86279044,7771535.86279044,1.0,6830259.331767223,6830259.331767223,2017-12-31,2017-09-01,3
run_20260811T161321Z_ebb0c846,fixed_12m_2018,fixed_origin_12m_ex_ante,sarima_111_111_12,2008-01,2017-12,2018-01,2018-12,0.13798939995467663,,12.0,736261.3479082718,840399.9578341205,26.62111940242146,22.027093971956408,19.363122791820032,2.5140104880524956,1.6537268668992142,0.7554532209698952,736261.3479082718,9.0,544671.0068957991,566666.1318631099,19.042306077922376,16.731984110147764,13.62550533645305,1.8598132684329767,1.1150774081890735,0.9018546558577749,544671.0068957991,9.0,622835.1111111111,643673.2236004713,17.41105527116892,19.202586627028143,15.58086078152185,2.1267094980731676,1.2666108481431284,0.8733672393232428,-622835.1111111111,0.12549726696664654,0.11963693519300378,1.0,3368041.5222146977,3368041.5222146977,1.0,2966899.3937844425,2966899.3937844425,2017-12-31,2017-09-01,3
run_20260811T161321Z_ebb0c846,fixed_12m_2018,fixed_origin_12m_ex_ante,dynamic_harmonic_arima_k2,2008-01,2017-12,2018-01,2018-12,0.025170100037939847,,12.0,321059.34177385457,434648.1101203084,8.011031300614778,8.274318618299787,8.443620564748946,1.0962772319908074,0.8552942568028996,0.9345867850681737,-227127.56433322848,9.0,331725.7638068891,463292.45553833933,7.91502956674512,8.249236252262449,8.298461103611558,1.1326983981123568,0.9116601849076807,0.9343967062392723,-268126.38986835524,9.0,622835.1111111111,643673.2236004713,17.41105527116892,19.202586627028143,15.58086078152185,2.1267094980731676,1.2666108481431284,0.8733672393232428,-622835.1111111111,0.4673939251512257,0.2802365570733987,1.0,2189222.379033627,2189222.379033627,1.0,2074495.2782292524,2074495.2782292524,2017-12-31,2017-09-01,3
run_20260811T161321Z_ebb0c846,fixed_12m_2018,fixed_origin_12m_ex_ante,stl_arima_111,2008-01,2017-12,2018-01,2018-12,0.04934330005198717,"robust STL(12) + ARIMA(1,1,1) remainder; model-internal seasonal fill for missing training targets",12.0,682464.2598472879,758842.3843646512,20.69906408713664,23.55339798689639,17.948299611265178,2.33031696129568,1.4932390548898404,0.8006147335277887,-665489.5227429883,9.0,584780.6000461094,622571.383016726,17.819005918659606,19.913268425495254,14.628888054815857,1.9967699865030952,1.2250869518255947,0.8815340621683875,-562147.6172403765,9.0,622835.1111111111,643673.2236004713,17.41105527116892,19.202586627028143,15.58086078152185,2.1267094980731676,1.2666108481431284,0.8733672393232428,-622835.1111111111,0.06109885326971065,0.032783468086041156,1.0,3204374.289092284,3204374.289092284,1.0,2820091.4902652497,2820091.4902652497,2017-12-31,2017-09-01,3
run_20260811T161321Z_ebb0c846,fixed_12m_2019,fixed_origin_12m_ex_ante,naive_last,2008-01,2018-12,2019-01,2019-12,0.0013557999627664685,,12.0,2291002.3333333335,2632350.883009457,81.16356325668329,50.0776799656839,53.011966322742275,7.07143155062942,5.056375636670477,-0.7150235638572084,1699686.8333333333,9.0,2252144.111111111,2594625.540488882,79.09076552695173,48.65128115583056,49.414769389826134,6.951491359113424,4.98391056218618,-0.46681377059245244,1463723.4444444445,9.0,560196.4444444445,660939.8231953917,11.257026887114248,11.984118896002762,12.29138845007821,1.7291081524265284,1.2695723966288823,0.9048191802693647,-560196.4444444445,-3.020275625534534,-2.9256607779281,0.8333333333333334,10482261.583835153,12271158.944252133,0.7777777777777778,9659039.925809994,12044236.406365966,2018-12-31,2018-09-01,3
run_20260811T161321Z_ebb0c846,fixed_12m_2019,fixed_origin_12m_ex_ante,seasonal_naive,2008-01,2018-12,2019-01,2019-12,0.00465230003464967,,9.0,560196.4444444445,660939.8231953917,11.257026887114248,11.984118896002762,12.29138845007821,1.7291081524265284,1.2695723966288823,0.9048191802693647,-560196.4444444445,9.0,560196.4444444445,660939.8231953917,11.257026887114248,11.984118896002762,12.29138845007821,1.7291081524265284,1.2695723966288823,0.9048191802693647,-560196.4444444445,9.0,560196.4444444445,660939.8231953917,11.257026887114248,11.984118896002762,12.29138845007821,1.7291081524265284,1.2695723966288823,0.9048191802693647,-560196.4444444445,0.0,0.0,1.0,4291176.150814706,4291176.150814706,1.0,4291176.150814706,4291176.150814706,2018-12-31,2018-09-01,3
run_20260811T161321Z_ebb0c846,fixed_12m_2019,fixed_origin_12m_ex_ante,drift,2008-01,2018-12,2019-01,2019-12,0.0016367000062018633,,12.0,2442521.7395833335,2846193.302699772,87.86287019471276,52.06529652391752,56.518004507208076,7.539112920612989,5.467136834194648,-1.004985881714655,2059545.4231770833,9.0,2277397.345486111,2706160.91972942,82.424001451712,48.81099839225745,49.968855936433584,7.029438254110686,5.198154331076862,-0.59563236569606,1766762.2569444445,9.0,560196.4444444445,660939.8231953917,11.257026887114248,11.984118896002762,12.29138845007821,1.7291081524265284,1.2695723966288823,0.9048191802693647,-560196.4444444445,-3.0653548734045275,-3.0944134772302947,1.0,22036608.314739,22036608.314739,1.0,20305969.073481567,20305969.073481567,2018-12-31,2018-09-01,3
run_20260811T161321Z_ebb0c846,fixed_12m_2019,fixed_origin_12m_ex_ante,same_month_historical_mean,2008-01,2018-12,2019-01,2019-12,0.00273199996445328,,12.0,1259173.575757576,1380861.0225512031,29.578672328761208,34.775974037308806,29.136272024405436,3.886578211544519,2.6524397173348646,0.5280646859146663,-1259173.575757576,9.0,1301826.3232323234,1438084.0539846693,28.880558753185515,33.81659146974275,28.56364618532032,4.018230624039061,2.762357108615854,0.5493969341507692,-1301826.3232323234,9.0,560196.4444444445,660939.8231953917,11.257026887114248,11.984118896002762,12.29138845007821,1.7291081524265284,1.2695723966288823,0.9048191802693647,-560196.4444444445,-1.3238746624380395,-1.175816925407947,0.3333333333333333,1775467.8649467856,19061230.27171692,0.3333333333333333,1775467.8649467854,21247288.251514897,2018-12-31,2018-09-01,3
run_20260811T161321Z_ebb0c846,fixed_12m_2019,fixed_origin_12m_ex_ante,seasonal_moving_average_3,2008-01,2018-12,2019-01,2019-12,0.025517300004139543,,12.0,1152914.0277777778,1309994.5242158703,25.555925130377066,29.44802642606588,26.677510853796324,3.558596389262089,2.5163151459672113,0.5752616313377816,-1152914.0277777778,9.0,1186735.3703703703,1359920.5448463697,24.629898764828738,28.245485244625893,26.038411291837885,3.662989695900903,2.612216006289964,0.5970485984544578,-1186735.3703703703,9.0,560196.4444444445,660939.8231953917,11.257026887114248,11.984118896002762,12.29138845007821,1.7291081524265284,1.2695723966288823,0.9048191802693647,-560196.4444444445,-1.1184271734306956,-1.0575557669859763,0.5,1855947.6946498828,17329066.303706612,0.4444444444444444,1855947.694649883,19134681.457799334,2018-12-31,2018-09-01,3
run_20260811T161321Z_ebb0c846,fixed_12m_2019,fixed_origin_12m_ex_ante,ets_holt_winters,2008-01,2018-12,2019-01,2019-12,0.05904159997589886,model-internal seasonal fill for missing training targets,12.0,858321.0479146055,1024903.8738534353,18.06254777460904,20.052588994871005,19.86086431433138,2.6493026438614047,1.9686961229716442,0.7400146937605703,-858321.0479146055,9.0,857110.8160576018,1030932.6891090664,16.784984134359497,18.470108813353253,18.80604935894465,2.6455671296662966,1.9802766287367835,0.7684279063899975,-857110.8160576018,9.0,560196.4444444445,660939.8231953917,11.257026887114248,11.984118896002762,12.29138845007821,1.7291081524265284,1.2695723966288823,0.9048191802693647,-560196.4444444445,-0.5300183079662562,-0.5597981131245815,0.75,2394141.7905271226,4381985.429282258,0.7777777777777778,2107025.672043613,4617157.176173811,2018-12-31,2018-09-01,3
run_20260811T161321Z_ebb0c846,fixed_12m_2019,fixed_origin_12m_ex_ante,theta,2008-01,2018-12,2019-01,2019-12,0.030010899994522333,model-internal seasonal fill for missing training targets,12.0,462565.0415241497,516551.4638613568,11.039433751748566,11.74268428072858,10.703386044866289,1.4277580521242361,0.9922226758649224,0.933959595095037,-462565.0415241497,9.0,468579.6568394374,533887.9727224489,10.446364151561221,11.081580905448313,10.28120517210646,1.4463228261039909,1.0255236698911938,0.9378950987573055,-468579.6568394374,9.0,560196.4444444445,660939.8231953917,11.257026887114248,11.984118896002762,12.29138845007821,1.7291081524265284,1.2695723966288823,0.9048191802693647,-560196.4444444445,0.16354403622797875,0.19222907443932735,1.0,7717438.3507371815,7717438.3507371815,1.0,6787823.85788637,6787823.85788637,2018-12-31,2018-09-01,3
run_20260811T161321Z_ebb0c846,fixed_12m_2019,fixed_origin_12m_ex_ante,sarima_111_111_12,2008-01,2018-12,2019-01,2019-12,0.16997159994207323,,12.0,460064.5850946983,562258.8506002495,16.249779215106457,14.217404796570095,10.645527477853525,1.4200401173893245,1.0800201341043003,0.9217552630258146,309254.62131336605,9.0,388169.87439513917,439203.00258418656,13.125063664686301,11.846270850965645,8.516917160265706,1.1981291580824722,0.8436471657913179,0.9579703085393906,187089.9226866961,9.0,560196.4444444445,660939.8231953917,11.257026887114248,11.984118896002762,12.29138845007821,1.7291081524265284,1.2695723966288823,0.9048191802693647,-560196.4444444445,0.3070825810397757,0.33548715454788647,1.0,3304833.921905692,3304833.921905692,1.0,2917034.5778397187,2917034.5778397187,2018-12-31,2018-09-01,3
run_20260811T161321Z_ebb0c846,fixed_12m_2019,fixed_origin_12m_ex_ante,dynamic_harmonic_arima_k2,2008-01,2018-12,2019-01,2019-12,0.026741999899968505,,12.0,501747.5273835091,619100.4411103114,13.859035239371412,12.944237612229069,11.610037509422204,1.54869911914394,1.1892048310456482,0.9051352730631081,-11633.336730940384,9.0,498679.63488998986,647015.9490062403,13.062450299194753,12.246102049569535,10.941635144890515,1.5392297303716265,1.2428265936006784,0.9087872450190594,-96573.45742982243,9.0,560196.4444444445,660939.8231953917,11.257026887114248,11.984118896002762,12.29138845007821,1.7291081524265284,1.2695723966288823,0.9048191802693647,-560196.4444444445,0.1098129239564557,0.02106678051541022,0.9166666666666666,2160371.056581273,3295830.7592354193,0.8888888888888888,2050491.281106769,3564437.551312297,2018-12-31,2018-09-01,3
run_20260811T161321Z_ebb0c846,fixed_12m_2019,fixed_origin_12m_ex_ante,stl_arima_111,2008-01,2018-12,2019-01,2019-12,0.1196863999357447,"robust STL(12) + ARIMA(1,1,1) remainder; model-internal seasonal fill for missing training targets",12.0,1008836.1039032942,1176462.2889882836,22.235884679264963,25.40566445629547,23.34366263498115,3.113883975917301,2.2598185119990966,0.6574384971288121,-1008836.1039032942,9.0,998544.4331635928,1139671.493115229,21.24640241918358,23.993073191706628,21.909274209779568,3.0821175983285336,2.189148570120546,0.7170009540040518,-998544.4331635928,9.0,560196.4444444445,660939.8231953917,11.257026887114248,11.984118896002762,12.29138845007821,1.7291081524265284,1.2695723966288823,0.9048191802693647,-560196.4444444445,-0.7824897731256841,-0.7243196023585816,0.8333333333333334,2845337.906956568,5110742.48727407,0.8888888888888888,2504112.3459427003,4550386.223586805,2018-12-31,2018-09-01,3
run_20260811T161321Z_ebb0c846,fixed_12m_2020,fixed_origin_12m_ex_ante,naive_last,2008-01,2019-12,2020-01,2020-12,0.0015016000252217054,,9.0,4983295.0,5031241.940114091,364.68549893868476,119.40451763006192,283.3874711824002,14.494737435230899,9.448190094688977,-51.71796465783033,4983295.0,6.0,4867840.833333333,4919097.924133533,343.8758167002879,115.22959763265722,259.76667195265134,14.15891990252679,9.237594382223174,-47.23586958022542,4867840.833333333,6.0,2972164.8333333335,3868395.553227699,223.6566783699612,76.60769143347012,158.60612408746724,8.645032829361593,7.264476044560086,-28.830527063203895,2835464.5,-0.6378098478050986,-0.2716119270763695,0.5555555555555556,11010105.481223263,24478643.606712356,0.3333333333333333,9861243.017335804,30064050.205569446,2019-12-31,2019-09-01,3
run_20260811T161321Z_ebb0c846,fixed_12m_2020,fixed_origin_12m_ex_ante,seasonal_naive,2008-01,2019-12,2020-01,2020-12,0.004134799935854971,,6.0,2972164.8333333335,3868395.553227699,223.6566783699612,76.60769143347012,158.60612408746724,8.645032829361593,7.264476044560086,-28.830527063203895,2835464.5,6.0,2972164.8333333335,3868395.553227699,223.6566783699612,76.60769143347012,158.60612408746724,8.645032829361593,7.264476044560086,-28.830527063203895,2835464.5,6.0,2972164.8333333335,3868395.553227699,223.6566783699612,76.60769143347012,158.60612408746724,8.645032829361593,7.264476044560086,-28.830527063203895,2835464.5,0.0,0.0,0.5,4222800.144819656,54232324.960569225,0.5,4222800.144819656,54232324.960569225,2019-12-31,2019-09-01,3
run_20260811T161321Z_ebb0c846,fixed_12m_2020,fixed_origin_12m_ex_ante,drift,2008-01,2019-12,2020-01,2020-12,0.0015652000438421965,,9.0,5381083.071428571,5431941.177856754,393.0979534201752,122.83732778300597,306.0086797660114,15.65176981044128,10.200664854212029,-60.44949913021233,5381083.071428571,6.0,5186071.290476191,5235319.337767403,365.1772099820719,118.16656449731812,276.7486706654901,15.084545802695096,9.831427885677456,-53.63683464844911,5186071.290476191,6.0,2972164.8333333335,3868395.553227699,223.6566783699612,76.60769143347012,158.60612408746724,8.645032829361593,7.264476044560086,-28.830527063203895,2835464.5,-0.7448801063499306,-0.3533567769198718,1.0,23747175.196827516,23747175.19682752,1.0,21269248.14576322,21269248.14576322,2019-12-31,2019-09-01,3
run_20260811T161321Z_ebb0c846,fixed_12m_2020,fixed_origin_12m_ex_ante,same_month_historical_mean,2008-01,2019-12,2020-01,2020-12,0.0020887000719085336,,9.0,1757020.998316498,2178158.751587586,127.0206878265335,65.89220397332963,99.91737144345029,5.110586075836351,4.090373348442723,-8.880690356693268,1394729.1835016834,6.0,2124637.3611111105,2555582.1246825485,156.5797937184143,73.49956091297517,113.37880495656376,6.179859047956705,4.7991382652614645,-12.01903694750745,1581199.6388888888,6.0,2972164.8333333335,3868395.553227699,223.6566783699612,76.60769143347012,158.60612408746724,8.645032829361593,7.264476044560086,-28.830527063203895,2835464.5,0.2851549357953026,0.3393689736432898,0.5555555555555556,2219957.6692440286,35089067.511654004,0.5,2219957.6692440286,48844963.75458151,2019-12-31,2019-09-01,3
run_20260811T161321Z_ebb0c846,fixed_12m_2020,fixed_origin_12m_ex_ante,seasonal_moving_average_3,2008-01,2019-12,2020-01,2020-12,0.024042599950917065,,9.0,2119796.962962963,2750918.16576996,155.82320193876583,69.65048495306127,120.54752944672273,6.165779949641358,5.165960626520439,-14.760267083368381,1918319.6296296297,6.0,2576806.111111111,3253215.1393234157,191.8297347454062,75.11377563183842,137.50826509506604,7.495066617981471,6.109226195262378,-20.09719637674748,2274590.111111111,6.0,2972164.8333333335,3868395.553227699,223.6566783699612,76.60769143347012,158.60612408746724,8.645032829361593,7.264476044560086,-28.830527063203895,2835464.5,0.13302045626413694,0.15902727770198966,0.4444444444444444,2183034.079132069,49768175.42210909,0.3333333333333333,2183034.079132069,70103837.46848227,2019-12-31,2019-09-01,3
run_20260811T161321Z_ebb0c846,fixed_12m_2020,fixed_origin_12m_ex_ante,ets_holt_winters,2008-01,2019-12,2020-01,2020-12,0.05676669999957085,model-internal seasonal fill for missing training targets,9.0,2047945.4003580166,2617339.3700841246,155.84373237425214,68.94799648742534,116.46151153545726,5.956787800015507,4.91511245239531,-13.266856940169777,1972704.3976427105,6.0,2354438.108906027,3034803.5458699595,182.8106325044902,70.05388929028074,125.64185494335618,6.848272517700524,5.69907015856314,-17.359478531043052,2241576.604833068,6.0,2972164.8333333335,3868395.553227699,223.6566783699612,76.60769143347012,158.60612408746724,8.645032829361593,7.264476044560086,-28.830527063203895,2835464.5,0.2078373034696449,0.21548778967606086,0.4444444444444444,2545733.4075385174,41715415.62556823,0.3333333333333333,2135862.688774561,59510452.712866,2019-12-31,2019-09-01,3
run_20260811T161321Z_ebb0c846,fixed_12m_2020,fixed_origin_12m_ex_ante,theta,2008-01,2019-12,2020-01,2020-12,0.04461159999482334,model-internal seasonal fill for missing training targets,9.0,2549013.5760043454,3219746.4799572355,184.9745371099777,77.26062711823847,144.95600025956284,7.414227434462934,6.046375261105375,-20.589947426070925,2402958.279192264,6.0,2873482.909394535,3674855.4976248695,214.69956076470243,77.33582517994257,153.34007783798197,8.358000137719554,6.901026371887271,-25.92028844477885,2654399.9641764136,6.0,2972164.8333333335,3868395.553227699,223.6566783699612,76.60769143347012,158.60612408746724,8.645032829361593,7.264476044560086,-28.830527063203895,2835464.5,0.03320203604862837,0.05003109246192372,0.7777777777777778,8136045.525296518,18632503.021883912,0.6666666666666666,6820918.803927627,22565605.04880872,2019-12-31,2019-09-01,3
run_20260811T161321Z_ebb0c846,fixed_12m_2020,fixed_origin_12m_ex_ante,sarima_111_111_12,2008-01,2019-12,2020-01,2020-12,0.17630199994891882,,9.0,3532876.525836963,4104414.8622687976,259.5340096833266,95.36148671959506,200.9058152601041,10.275955493924705,7.707697683348317,-34.08413178959589,3532876.525836963,6.0,3635197.692534325,4430267.028129769,269.79952230915836,89.36944945274843,193.98810248957383,10.573573524834927,8.31961681633097,-38.12541733501516,3635197.692534325,6.0,2972164.8333333335,3868395.553227699,223.6566783699612,76.60769143347012,158.60612408746724,8.645032829361593,7.264476044560086,-28.830527063203895,2835464.5,-0.22308078332835568,-0.14524664480943716,0.2222222222222222,3387268.6702891192,80529220.06676446,0.3333333333333333,2864727.2557299747,96336485.49567229,2019-12-31,2019-09-01,3
run_20260811T161321Z_ebb0c846,fixed_12m_2020,fixed_origin_12m_ex_ante,dynamic_harmonic_arima_k2,2008-01,2019-12,2020-01,2020-12,0.024399499990977347,,9.0,3435512.1772772293,3829263.378517509,255.37238362748445,96.95275141715366,195.36894928655352,9.992755188117876,7.190989571462339,-29.537867564942218,3435512.1772772293,6.0,3553321.9381145095,4100521.418646194,267.08315409978917,92.64557746600634,189.6188979556852,10.335424355936302,7.700386169430447,-32.517942027873055,3553321.9381145095,6.0,2972164.8333333335,3868395.553227699,223.6566783699612,76.60769143347012,158.60612408746724,8.645032829361593,7.264476044560086,-28.830527063203895,2835464.5,-0.19553326863416198,-0.06000572129311199,0.1111111111111111,2438645.410796557,91982857.99691668,0.16666666666666666,2262371.4583168384,100492770.3830036,2019-12-31,2019-09-01,3
run_20260811T161321Z_ebb0c846,fixed_12m_2020,fixed_origin_12m_ex_ante,stl_arima_111,2008-01,2019-12,2020-01,2020-12,0.04283200006466359,"robust STL(12) + ARIMA(1,1,1) remainder; model-internal seasonal fill for missing training targets",9.0,2248468.342980341,2855863.2457452603,166.34887421558398,72.54781362353512,127.86474767214874,6.540041932682842,5.363037427221161,-15.985684188845184,2126327.3720739875,6.0,2587785.7461412516,3310643.4865076873,194.11729056274075,73.4699328072829,138.09418056533036,7.527002701816875,6.217071126489933,-20.848619770767083,2404574.2897817213,6.0,2972164.8333333335,3868395.553227699,223.6566783699612,76.60769143347012,158.60612408746724,8.645032829361593,7.264476044560086,-28.830527063203895,2835464.5,0.12932630212201057,0.14418175676337863,0.4444444444444444,2910757.312171356,43732230.17015692,0.3333333333333333,2442116.649266804,62790224.1185896,2019-12-31,2019-09-01,3
run_20260811T161321Z_ebb0c846,fixed_12m_2021,fixed_origin_12m_ex_ante,naive_last,2008-01,2020-12,2021-01,2021-12,0.001339699956588447,,12.0,1439521.0833333333,1598534.0221917655,95.30666813410905,61.170524011912185,58.841096044300556,3.134685935661352,1.6667323580883093,-0.013986233068652432,187739.75,6.0,1840033.8333333333,1914107.0777146106,125.65473498479605,76.58599392852643,67.97676961243056,4.00683827786316,1.9957687224564284,-0.0014431335975815252,-72661.83333333333,6.0,1845910.3333333333,2139562.9431110458,94.65182038493053,77.55622852437169,68.19386642847321,4.019634882313203,2.2308432225673567,-0.2512496518169154,-832928.6666666666,0.003183524082336242,0.10537472904097389,1.0,10957997.347104145,10957997.347104145,1.0,10033096.159843301,10033096.159843301,2020-12-31,2020-09-01,3
run_20260811T161321Z_ebb0c846,fixed_12m_2021,fixed_origin_12m_ex_ante,seasonal_naive,2008-01,2020-12,2021-01,2021-12,0.0038580000400543213,,6.0,1845910.3333333333,2139562.9431110458,94.65182038493053,77.55622852437169,68.19386642847321,4.019634882313203,2.2308432225673567,-0.2512496518169154,-832928.6666666666,6.0,1845910.3333333333,2139562.9431110458,94.65182038493053,77.55622852437169,68.19386642847321,4.019634882313203,2.2308432225673567,-0.2512496518169154,-832928.6666666666,6.0,1845910.3333333333,2139562.9431110458,94.65182038493053,77.55622852437169,68.19386642847321,4.019634882313203,2.2308432225673567,-0.2512496518169154,-832928.6666666666,0.0,0.0,1.0,7933251.698567106,7933251.698567106,1.0,7933251.698567106,7933251.698567106,2020-12-31,2020-09-01,3
run_20260811T161321Z_ebb0c846,fixed_12m_2021,fixed_origin_12m_ex_ante,drift,2008-01,2020-12,2021-01,2021-12,0.0015820999396964908,,12.0,1457503.241051454,1590688.6456400042,98.4317643398439,61.72125867562105,59.57612513253427,3.1738436927407494,1.6585522738494523,-0.004057657948971949,280920.02181208064,6.0,1810608.484340045,1883696.435589595,127.29692850430358,75.40108036141947,66.88970255255016,3.9427619480968743,1.9640606696052854,0.030125218892101402,5805.763982103129,6.0,1845910.3333333333,2139562.9431110458,94.65182038493053,77.55622852437169,68.19386642847321,4.019634882313203,2.2308432225673567,-0.2512496518169154,-832928.6666666666,0.019124357427232397,0.11958821232405825,1.0,18739410.672286347,18739410.672286347,1.0,17157725.385243773,17157725.385243773,2020-12-31,2020-09-01,3
run_20260811T161321Z_ebb0c846,fixed_12m_2021,fixed_origin_12m_ex_ante,same_month_historical_mean,2008-01,2020-12,2021-01,2021-12,0.001874100067652762,,12.0,864786.920940171,1074834.3658086471,64.69780250796792,42.040916001321676,35.34856895257622,1.8831508824711827,1.1206900774137476,0.5415717441071292,675462.9764957266,6.0,626640.2307692309,666190.613924983,50.59362002979885,36.2685849014234,23.15010616935956,1.3645651604930589,0.6946123369717574,0.8786916057678673,626640.2307692309,6.0,1845910.3333333333,2139562.9431110458,94.65182038493053,77.55622852437169,68.19386642847321,4.019634882313203,2.2308432225673567,-0.2512496518169154,-832928.6666666666,0.6605250973173502,0.6886323835108566,0.8333333333333334,2952786.4612269565,7544011.868248212,1.0,2952786.461226957,2952786.461226957,2020-12-31,2020-09-01,3
run_20260811T161321Z_ebb0c846,fixed_12m_2021,fixed_origin_12m_ex_ante,seasonal_moving_average_3,2008-01,2020-12,2021-01,2021-12,0.03009130002465099,,12.0,1049228.25,1345136.9559661567,84.5993527893448,47.637159940215554,42.88769434879301,2.2847883762546997,1.4025246003179823,0.2820051985452814,1049228.25,6.0,871413.8333333335,946481.1917485911,77.383738225664,46.70936560501608,32.19283054066214,1.8975815770377424,0.9868609655529226,0.7551400191121056,871413.8333333335,6.0,1845910.3333333333,2139562.9431110458,94.65182038493053,77.55622852437169,68.19386642847321,4.019634882313203,2.2308432225673567,-0.2512496518169154,-832928.6666666666,0.5279219051990787,0.5576287228211413,0.8333333333333334,3520809.530588936,9138575.539736928,1.0,3520809.530588936,3520809.530588936,2020-12-31,2020-09-01,3
run_20260811T161321Z_ebb0c846,fixed_12m_2021,fixed_origin_12m_ex_ante,ets_holt_winters,2008-01,2020-12,2021-01,2021-12,0.0810633999062702,model-internal seasonal fill for missing training targets,12.0,1413827.6402959453,1658798.3312854276,106.07264600279397,57.00950675594796,57.79086457011406,3.0787361649629497,1.7295677263756366,-0.09188140595237804,1413827.6402959453,6.0,1339428.896583568,1363527.2208592768,102.53037009264708,58.659457143174045,49.482812688476805,2.916726244965092,1.4216994499900288,0.49181544719819403,1339428.896583568,6.0,1845910.3333333333,2139562.9431110458,94.65182038493053,77.55622852437169,68.19386642847321,4.019634882313203,2.2308432225673567,-0.2512496518169154,-832928.6666666666,0.2743803030969355,0.36270759163708877,0.8333333333333334,5856830.922590577,8354372.414777432,0.8333333333333334,5054243.774333473,7284085.172564459,2020-12-31,2020-09-01,3
run_20260811T161321Z_ebb0c846,fixed_12m_2021,fixed_origin_12m_ex_ante,theta,2008-01,2020-12,2021-01,2021-12,0.02037499996367842,model-internal seasonal fill for missing training targets,12.0,1981036.2677369236,2277875.4530581194,122.66263052355417,65.19020730168829,80.9757819088219,4.313883692575296,2.375056565953766,-1.0589615657977687,1981036.2677369236,6.0,2060108.7800214523,2176500.050409248,111.62080532354379,68.03848014949276,76.1070461744573,4.4860711617450875,2.2693561794975334,-0.29482536367395906,2060108.7800214523,6.0,1845910.3333333333,2139562.9431110458,94.65182038493053,77.55622852437169,68.19386642847321,4.019634882313203,2.2308432225673567,-0.2512496518169154,-832928.6666666666,-0.11603946455043723,-0.017263856348387563,1.0,10033237.251982355,10033237.251982355,1.0,8620235.78400612,8620235.78400612,2020-12-31,2020-09-01,3
run_20260811T161321Z_ebb0c846,fixed_12m_2021,fixed_origin_12m_ex_ante,sarima_111_111_12,2008-01,2020-12,2021-01,2021-12,0.1495242000091821,,12.0,2480504.2452391624,2681758.996282429,120.14561803829926,170.96967905025235,101.39176856961363,5.401519895001756,2.796171012719391,-1.8538279237700377,-2480504.2452391624,6.0,2219568.269621851,2512548.0343397036,100.39077168114794,153.3481965759681,81.99799273789388,4.83330846527985,2.6197409951546122,-0.7255302664835765,-2219568.269621851,6.0,1845910.3333333333,2139562.9431110458,94.65182038493053,77.55622852437169,68.19386642847321,4.019634882313203,2.2308432225673567,-0.2512496518169154,-832928.6666666666,-0.2024247492096587,-0.1743277020335361,0.9166666666666666,6810674.877507281,7105392.703924806,0.8333333333333334,5934757.066983867,6524192.71981892,2020-12-31,2020-09-01,3
run_20260811T161321Z_ebb0c846,fixed_12m_2021,fixed_origin_12m_ex_ante,dynamic_harmonic_arima_k2,2008-01,2020-12,2021-01,2021-12,0.03260130004491657,,12.0,2002804.3164959445,2156379.612275782,117.2728346471794,137.94588874116917,81.86556106006616,4.361285566074563,2.2483773421187823,-0.8451799415937689,-2002804.3164959445,6.0,1969559.7907751699,2003415.0790061052,137.17465339550483,127.36000203974972,72.76187519492024,4.288892637328195,2.088886875415496,-0.09707346620980228,-1969559.7907751699,6.0,1845910.3333333333,2139562.9431110458,94.65182038493053,77.55622852437169,68.19386642847321,4.019634882313203,2.2308432225673567,-0.2512496518169154,-832928.6666666666,-0.06698562503767524,0.06363349325305379,0.4166666666666667,3962165.0420220285,16312932.438448837,0.3333333333333333,3652878.670526681,15881502.001644151,2020-12-31,2020-09-01,3
run_20260811T161321Z_ebb0c846,fixed_12m_2021,fixed_origin_12m_ex_ante,stl_arima_111,2008-01,2020-12,2021-01,2021-12,0.045714400010183454,"robust STL(12) + ARIMA(1,1,1) remainder; model-internal seasonal fill for missing training targets",12.0,2026994.4205296256,2240415.624591541,128.70942265634,68.01862008042478,82.85434285093201,4.413961681606666,2.3359985869762037,-0.9917988450999915,2026994.4205296256,6.0,2131193.8432609206,2191374.1862057117,126.36569620031459,71.61436100692008,78.73315710740718,4.640865246077897,2.2848648912837075,-0.312583431169966,2131193.8432609206,6.0,1845910.3333333333,2139562.9431110458,94.65182038493053,77.55622852437169,68.19386642847321,4.019634882313203,2.2308432225673567,-0.2512496518169154,-832928.6666666666,-0.1545489533136879,-0.024215806906493498,0.75,6203279.269710054,11227880.803644823,0.8333333333333334,5353216.789723548,8844308.13127725,2020-12-31,2020-09-01,3
run_20260811T161321Z_ebb0c846,fixed_12m_2022,fixed_origin_12m_ex_ante,naive_last,2008-01,2021-12,2022-01,2022-12,0.0021249999990686774,,12.0,1763462.8333333333,1961194.5220928495,51.95118299855813,42.22477608226141,41.195164619051354,3.211979814819376,1.8291079127757235,-0.004100652010518013,125331.0,9.0,1877106.0,2101260.747076436,55.72566240231986,44.65150634753007,42.88794727860205,3.4189700334538795,1.959740666204337,-0.00019467094889136227,29314.88888888889,9.0,2120395.777777778,2234644.2850243524,53.613913159514205,75.66440543145131,48.44661000876014,3.8620992225715303,2.084140812108377,-0.13120533111579902,-2120395.777777778,0.1147379089920425,0.05968893521076124,1.0,10948422.465060337,10948422.465060337,1.0,10088590.984767389,10088590.984767389,2021-12-31,2021-09-01,3
run_20260811T161321Z_ebb0c846,fixed_12m_2022,fixed_origin_12m_ex_ante,seasonal_naive,2008-01,2021-12,2022-01,2022-12,0.0038663001032546163,,9.0,2120395.777777778,2234644.2850243524,53.613913159514205,75.66440543145131,48.44661000876014,3.8620992225715303,2.084140812108377,-0.13120533111579902,-2120395.777777778,9.0,2120395.777777778,2234644.2850243524,53.613913159514205,75.66440543145131,48.44661000876014,3.8620992225715303,2.084140812108377,-0.13120533111579902,-2120395.777777778,9.0,2120395.777777778,2234644.2850243524,53.613913159514205,75.66440543145131,48.44661000876014,3.8620992225715303,2.084140812108377,-0.13120533111579902,-2120395.777777778,0.0,0.0,1.0,9045489.928002302,9045489.928002302,1.0,9045489.928002302,9045489.928002302,2021-12-31,2021-09-01,3
run_20260811T161321Z_ebb0c846,fixed_12m_2022,fixed_origin_12m_ex_ante,drift,2008-01,2021-12,2022-01,2022-12,0.0014946000883355737,,12.0,1770157.1335403726,1951653.2737377249,54.02532394784368,42.31308830521032,41.351546026034036,3.2241728459016974,1.8202092682672262,0.005645519761142914,316118.5559006212,9.0,1850328.7991718426,2060793.3083117772,56.795127602738084,44.04215751783076,42.27614422784916,3.370197909124595,1.9219987127059068,0.037959153358669284,189978.09385783307,9.0,2120395.777777778,2234644.2850243524,53.613913159514205,75.66440543145131,48.44661000876014,3.8620992225715303,2.084140812108377,-0.13120533111579902,-2120395.777777778,0.12736630653404313,0.07779805398006812,1.0,21386414.225016642,21386414.225016642,1.0,19706837.805679698,19706837.805679698,2021-12-31,2021-09-01,3
run_20260811T161321Z_ebb0c846,fixed_12m_2022,fixed_origin_12m_ex_ante,same_month_historical_mean,2008-01,2021-12,2022-01,2022-12,0.0021962999599054456,,12.0,1237708.2005494505,1375461.084078353,28.808810039951773,33.858659135069814,28.913335800566124,2.2543677596463363,1.2828236690759431,0.5061073980976643,-1237708.2005494505,9.0,1170254.3015873013,1328084.7215548404,26.241764175060172,30.251480485087768,26.737863918730984,2.1315068987300037,1.238638108391318,0.6004453383314206,-1170254.3015873013,9.0,2120395.777777778,2234644.2850243524,53.613913159514205,75.66440543145131,48.44661000876014,3.8620992225715303,2.084140812108377,-0.13120533111579902,-2120395.777777778,0.44809628756488384,0.40568405877610747,0.6666666666666666,3101128.4667752516,9165099.677284563,0.6666666666666666,3101128.466775251,8973872.656527542,2021-12-31,2021-09-01,3
run_20260811T161321Z_ebb0c846,fixed_12m_2022,fixed_origin_12m_ex_ante,seasonal_moving_average_3,2008-01,2021-12,2022-01,2022-12,0.028526299982331693,,12.0,1260935.7222222222,1494707.0967071701,27.351374958712704,32.246298585403274,29.4559395690809,2.296674481030535,1.3940384531319212,0.4167589286401636,-1260935.7222222222,9.0,1279078.888888889,1562694.3342940237,26.329332480549528,31.030420194061726,29.224278198375345,2.329720533382023,1.4574467447812234,0.44681204402709973,-1279078.888888889,9.0,2120395.777777778,2234644.2850243524,53.613913159514205,75.66440543145131,48.44661000876014,3.8620992225715303,2.084140812108377,-0.13120533111579902,-2120395.777777778,0.39677351639070313,0.30069660537628073,0.75,3851530.18145223,9197868.163079962,0.6666666666666666,3851530.1814522306,10979980.82362254,2021-12-31,2021-09-01,3
run_20260811T161321Z_ebb0c846,fixed_12m_2022,fixed_origin_12m_ex_ante,ets_holt_winters,2008-01,2021-12,2022-01,2022-12,0.06416699988767505,model-internal seasonal fill for missing training targets,12.0,1940506.6942498044,2030574.4410564026,49.15268312570788,66.30682877619414,45.330976759452646,3.5344483675171943,1.8938150885986251,-0.07640011830324323,-1940506.6942498044,9.0,1863521.9347517635,1959980.2110644449,46.680274095137825,61.942044530884374,42.57757979046048,3.394227950685936,1.827975385693068,0.129782096658006,-1863521.9347517635,9.0,2120395.777777778,2234644.2850243524,53.613913159514205,75.66440543145131,48.44661000876014,3.8620992225715303,2.084140812108377,-0.13120533111579902,-2120395.777777778,0.12114429094705326,0.12291176533132853,0.6666666666666666,4276030.999226711,8093085.700874489,0.6666666666666666,3763230.3673381433,8497760.916955031,2021-12-31,2021-09-01,3
run_20260811T161321Z_ebb0c846,fixed_12m_2022,fixed_origin_12m_ex_ante,theta,2008-01,2021-12,2022-01,2022-12,0.02509100001771003,model-internal seasonal fill for missing training targets,12.0,2474669.5900941337,2730296.847747653,57.60614321683707,81.03891578483078,57.80922581112229,4.507375274082252,2.546411134736697,-0.9460573798915322,-2474669.5900941337,9.0,2475867.847662186,2769240.1803685953,56.10644875869433,78.02393669443109,56.56840355276779,4.509557786267248,2.5827316307631745,-0.7371842759054541,-2475867.847662186,9.0,2120395.777777778,2234644.2850243524,53.613913159514205,75.66440543145131,48.44661000876014,3.8620992225715303,2.084140812108377,-0.13120533111579902,-2120395.777777778,-0.16764420756249132,-0.2392308695065608,1.0,8621848.260995533,8621848.260995533,1.0,7573656.9910419835,7573656.9910419835,2021-12-31,2021-09-01,3
run_20260811T161321Z_ebb0c846,fixed_12m_2022,fixed_origin_12m_ex_ante,sarima_111_111_12,2008-01,2021-12,2022-01,2022-12,0.11051570007111877,,12.0,1322527.21813518,1486893.9377292169,31.262013078338796,38.181569144888066,30.894740413254024,2.4088575324096255,1.3867515110415984,0.42284044805647825,-1322527.21813518,9.0,1488528.4858482357,1614324.0700475115,35.6763203579674,44.15539007441348,34.009763552914144,2.711213051930789,1.5055992136655685,0.4096547333311906,-1488528.4858482357,9.0,2120395.777777778,2234644.2850243524,53.613913159514205,75.66440543145131,48.44661000876014,3.8620992225715303,2.084140812108377,-0.13120533111579902,-2120395.777777778,0.2979949774243341,0.27759237527599645,1.0,7706794.406000264,7706794.406000264,1.0,6857282.6676448025,6857282.6676448025,2021-12-31,2021-09-01,3
run_20260811T161321Z_ebb0c846,fixed_12m_2022,fixed_origin_12m_ex_ante,dynamic_harmonic_arima_k2,2008-01,2021-12,2022-01,2022-12,0.03330200002528727,,12.0,1617158.102493101,1712377.6546460958,40.58030396268404,51.681882494303785,37.77743028545221,2.9454996637275945,1.5970488814292252,0.234517952330773,-1617158.102493101,9.0,1595191.4286225783,1695881.8058746876,39.71272471288228,50.4368410941358,36.44678877487101,2.905489456686558,1.5816640294036666,0.3484979257766233,-1595191.4286225783,9.0,2120395.777777778,2234644.2850243524,53.613913159514205,75.66440543145131,48.44661000876014,3.8620992225715303,2.084140812108377,-0.13120533111579902,-2120395.777777778,0.24769165957575412,0.24109540957378528,0.9166666666666666,4746943.740315525,5690758.411491259,0.8888888888888888,4387797.123680761,5646216.685248408,2021-12-31,2021-09-01,3
run_20260811T161321Z_ebb0c846,fixed_12m_2022,fixed_origin_12m_ex_ante,stl_arima_111,2008-01,2021-12,2022-01,2022-12,0.053710200008936226,"robust STL(12) + ARIMA(1,1,1) remainder; model-internal seasonal fill for missing training targets",12.0,1534039.588910263,1692948.9897475704,40.44453973886691,53.28359532286888,35.83575009508289,2.7941071972579588,1.5789287386793678,0.25178975391405267,-1421026.1293731083,9.0,1313755.0996171718,1416445.7800428092,35.65770232754086,45.8798420766823,30.01655710938852,2.392879952910665,1.3210480424600257,0.5455097712024709,-1163070.4869009657,9.0,2120395.777777778,2234644.2850243524,53.613913159514205,75.66440543145131,48.44661000876014,3.8620992225715303,2.084140812108377,-0.13120533111579902,-2120395.777777778,0.38041986624118995,0.3661426162833906,0.8333333333333334,4994169.32604294,5853621.505459311,0.8888888888888888,4395246.355976432,5337234.932106599,2021-12-31,2021-09-01,3
run_20260811T161321Z_ebb0c846,fixed_12m_2023,fixed_origin_12m_ex_ante,naive_last,2008-01,2022-12,2023-01,2023-12,0.0014915000647306442,,12.0,2305876.5833333335,2729270.165029701,71.07588566506217,45.54906592892495,48.47890775197535,3.516609725502936,2.314636126686932,-0.9253991226389728,1892128.75,9.0,2244102.0,2678002.3782373476,68.72750113909864,43.98251848087905,45.27919488659799,3.422399522706714,2.271157004332047,-0.6649906324849109,1692438.2222222222,9.0,579375.6666666666,613519.1012792964,13.996340150739146,15.402184952152076,11.690049616083687,0.8835850621174457,0.5203125342551439,0.9126131560167023,-579375.6666666666,-2.873310753471985,-3.3649861473803115,0.9166666666666666,11051296.195069589,11890318.299662458,0.8888888888888888,10183385.553432679,11302081.692889838,2022-12-31,2022-09-01,3
run_20260811T161321Z_ebb0c846,fixed_12m_2023,fixed_origin_12m_ex_ante,seasonal_naive,2008-01,2022-12,2023-01,2023-12,0.003947700024582446,,9.0,579375.6666666666,613519.1012792964,13.996340150739146,15.402184952152076,11.690049616083687,0.8835850621174457,0.5203125342551439,0.9126131560167023,-579375.6666666666,9.0,579375.6666666666,613519.1012792964,13.996340150739146,15.402184952152076,11.690049616083687,0.8835850621174457,0.5203125342551439,0.9126131560167023,-579375.6666666666,9.0,579375.6666666666,613519.1012792964,13.996340150739146,15.402184952152076,11.690049616083687,0.8835850621174457,0.5203125342551439,0.9126131560167023,-579375.6666666666,0.0,0.0,1.0,9849024.198565066,9849024.198565066,1.0,9849024.198565066,9849024.198565066,2022-12-31,2022-09-01,3
run_20260811T161321Z_ebb0c846,fixed_12m_2023,fixed_origin_12m_ex_ante,drift,2008-01,2022-12,2023-01,2023-12,0.001549100037664175,,12.0,2441370.2991329483,2920112.8366317716,75.91516266537425,47.232759454466645,51.32753694431766,3.7232463348381444,2.476485747828706,-1.20407810794388,2192825.49566474,9.0,2277049.6056518946,2789985.340894931,71.15415949981204,44.289531824529384,45.943977974603314,3.472646735113892,2.3661273792922906,-0.8071479963327295,1945656.5343609506,9.0,579375.6666666666,613519.1012792964,13.996340150739146,15.402184952152076,11.690049616083687,0.8835850621174457,0.5203125342551439,0.9126131560167023,-579375.6666666666,-2.930178184307409,-3.547511780932844,1.0,25312172.871121395,25312172.871121395,1.0,23324288.028472763,23324288.028472763,2022-12-31,2022-09-01,3
run_20260811T161321Z_ebb0c846,fixed_12m_2023,fixed_origin_12m_ex_ante,same_month_historical_mean,2008-01,2022-12,2023-01,2023-12,0.0023331999545916915,,12.0,1645493.525793651,1737892.2010554986,35.877687279933895,43.94207829110625,34.594968967552674,2.509483195190405,1.4738695070910106,0.2193194082073866,-1645493.525793651,9.0,1670124.693121693,1767961.6833158203,35.07579775952548,42.801065262882304,33.698067852876925,2.5470473056039253,1.4993707970850538,0.2743360064476228,-1670124.693121693,9.0,579375.6666666666,613519.1012792964,13.996340150739146,15.402184952152076,11.690049616083687,0.8835850621174457,0.5203125342551439,0.9126131560167023,-579375.6666666666,-1.8826283000983701,-1.8816734142902898,0.5833333333333334,3212531.217061646,14120200.805039993,0.5555555555555556,3212531.2170616454,14931802.578630082,2022-12-31,2022-09-01,3
run_20260811T161321Z_ebb0c846,fixed_12m_2023,fixed_origin_12m_ex_ante,seasonal_moving_average_3,2008-01,2022-12,2023-01,2023-12,0.032229799893684685,,12.0,1751499.6944444447,1935117.54602359,36.562612482312716,45.00335117262466,36.823649942201044,2.671149403319289,1.6411321381088781,0.032073420998627866,-1751499.6944444447,9.0,1855989.0,2056233.6033596343,37.17449808108204,45.99318893365248,37.448247734898914,2.8305022979119983,1.7438480969113088,0.01839947474604675,-1855989.0,9.0,579375.6666666666,613519.1012792964,13.996340150739146,15.402184952152076,11.690049616083687,0.8835850621174457,0.5203125342551439,0.9126131560167023,-579375.6666666666,-2.203429323634004,-2.3515396653046685,0.6666666666666666,3965123.62141381,14524879.478655076,0.6666666666666666,3965123.6214138097,17589847.626803227,2022-12-31,2022-09-01,3
run_20260811T161321Z_ebb0c846,fixed_12m_2023,fixed_origin_12m_ex_ante,ets_holt_winters,2008-01,2022-12,2023-01,2023-12,0.0662919000023976,model-internal seasonal fill for missing training targets,12.0,1129943.1884102004,1269234.6792050046,22.827870003289775,25.932326511126877,23.75600324485898,1.7232358550104998,1.0764110051742835,0.5835991823142394,-1129943.1884102004,9.0,1140237.3336761864,1289457.264966987,21.935968453003856,24.81340810600277,23.006542683219795,1.7389350869727653,1.0935613511456945,0.6139853525056491,-1140237.3336761864,9.0,579375.6666666666,613519.1012792964,13.996340150739146,15.402184952152076,11.690049616083687,0.8835850621174457,0.5203125342551439,0.9126131560167023,-579375.6666666666,-0.968044913305276,-1.1017393953639574,0.9166666666666666,4264460.078050987,4427744.895264639,0.8888888888888888,3753047.0824287417,3970760.1720469445,2022-12-31,2022-09-01,3
run_20260811T161321Z_ebb0c846,fixed_12m_2023,fixed_origin_12m_ex_ante,theta,2008-01,2022-12,2023-01,2023-12,0.022677599918097258,model-internal seasonal fill for missing training targets,12.0,898199.6589009353,940930.5223894244,20.199260359566452,22.669825337333847,18.883811354625117,1.3698121047607883,0.7979832146083157,0.7711542626498298,-898199.6589009353,9.0,906236.9218182985,953684.1733350805,19.70696262155524,22.114050276609614,18.28512170856824,1.3820694463487606,0.808799315412191,0.7888461382172379,-906236.9218182985,9.0,579375.6666666666,613519.1012792964,13.996340150739146,15.402184952152076,11.690049616083687,0.8835850621174457,0.5203125342551439,0.9126131560167023,-579375.6666666666,-0.5641611720287965,-0.5544490323878741,1.0,8740545.668468567,8740545.668468567,1.0,7680760.302501402,7680760.302501402,2022-12-31,2022-09-01,3
run_20260811T161321Z_ebb0c846,fixed_12m_2023,fixed_origin_12m_ex_ante,sarima_111_111_12,2008-01,2022-12,2023-01,2023-12,0.11920629988890141,,12.0,1494540.3166135678,1701277.8774168876,40.64865983831243,31.13216177100433,31.421318323975278,2.2792698666300444,1.4428176759699922,0.2518680134979785,1494540.3166135678,9.0,1094427.6480779676,1149720.4650713368,28.55227763757675,23.84193972873124,22.082241701403664,1.6690723774672755,0.9750535356093842,0.6931158902798218,1094427.6480779676,9.0,579375.6666666666,613519.1012792964,13.996340150739146,15.402184952152076,11.690049616083687,0.8835850621174457,0.5203125342551439,0.9126131560167023,-579375.6666666666,-0.8889775857770479,-0.8739766417605666,1.0,7411333.085707751,7411333.085707751,1.0,6607810.051281515,6607810.051281515,2022-12-31,2022-09-01,3
run_20260811T161321Z_ebb0c846,fixed_12m_2023,fixed_origin_12m_ex_ante,dynamic_harmonic_arima_k2,2008-01,2022-12,2023-01,2023-12,0.0359832999529317,,12.0,529229.2090561391,684305.9509396222,15.834256947201988,13.77365007509816,11.126551260776905,0.807108497063049,0.5803453597399613,0.8789601581306445,339506.99818290916,9.0,452289.0417031263,608466.8664220796,13.317542240746427,11.654762782121026,9.125825681875646,0.6897698056729402,0.5160278410536946,0.91404646435519,234154.30703020075,9.0,579375.6666666666,613519.1012792964,13.996340150739146,15.402184952152076,11.690049616083687,0.8835850621174457,0.5203125342551439,0.9126131560167023,-579375.6666666666,0.2193509880984652,0.00823484525042828,1.0,4841318.81073101,4841318.81073101,1.0,4472601.865136095,4472601.865136095,2022-12-31,2022-09-01,3
run_20260811T161321Z_ebb0c846,fixed_12m_2023,fixed_origin_12m_ex_ante,stl_arima_111,2008-01,2022-12,2023-01,2023-12,0.0767164999851957,"robust STL(12) + ARIMA(1,1,1) remainder; model-internal seasonal fill for missing training targets",12.0,1411559.552974668,1641734.5077647339,28.74822593112882,34.158891510083656,29.676725046644112,2.152718878363197,1.3923202073545868,0.30331963996713207,-1411559.552974668,9.0,1443386.4499984551,1644928.4677958905,29.073070713791456,34.45036624938765,29.12317549120088,2.201256938212279,1.3950289370985436,0.3718202806127613,-1443386.4499984551,9.0,579375.6666666666,613519.1012792964,13.996340150739146,15.402184952152076,11.690049616083687,0.8835850621174457,0.5203125342551439,0.9126131560167023,-579375.6666666666,-1.4912790319668043,-1.6811365194105972,0.8333333333333334,4732635.927288438,6524677.386615408,0.7777777777777778,4165077.204152209,6554465.816588168,2022-12-31,2022-09-01,3
run_20260811T161321Z_ebb0c846,fixed_12m_2024,fixed_origin_12m_ex_ante,naive_last,2008-01,2023-12,2024-01,2024-12,0.0014845000114291906,,12.0,2188656.4166666665,2681065.9044437436,61.53491852924912,40.607129441577364,42.202867259903826,3.3297089409618863,2.3224586403305234,-0.8684138105741803,1827823.75,9.0,2126687.5555555555,2634578.770881178,59.855965523403675,39.26934281119313,39.61578201913614,3.235432713166778,2.282189415755464,-0.6397054661242405,1645577.3333333333,9.0,412139.8888888889,486715.810047643,8.69114583994447,9.235852593357555,7.677312051298498,0.6270083611617759,0.42161490195264123,0.9440378519822629,-412139.8888888889,-4.160110954775604,-4.412971422940396,0.8333333333333334,11290617.301925046,11946523.452648992,0.7777777777777778,10403911.640071336,11278453.174369931,2023-12-31,2023-09-01,3
run_20260811T161321Z_ebb0c846,fixed_12m_2024,fixed_origin_12m_ex_ante,seasonal_naive,2008-01,2023-12,2024-01,2024-12,0.004228699952363968,,9.0,412139.8888888889,486715.810047643,8.69114583994447,9.235852593357555,7.677312051298498,0.6270083611617759,0.42161490195264123,0.9440378519822629,-412139.8888888889,9.0,412139.8888888889,486715.810047643,8.69114583994447,9.235852593357555,7.677312051298498,0.6270083611617759,0.42161490195264123,0.9440378519822629,-412139.8888888889,9.0,412139.8888888889,486715.810047643,8.69114583994447,9.235852593357555,7.677312051298498,0.6270083611617759,0.42161490195264123,0.9440378519822629,-412139.8888888889,0.0,0.0,1.0,9587475.61038316,9587475.61038316,1.0,9587475.61038316,9587475.61038316,2023-12-31,2023-09-01,3
run_20260811T161321Z_ebb0c846,fixed_12m_2024,fixed_origin_12m_ex_ante,drift,2008-01,2023-12,2024-01,2024-12,0.00429939990863204,,12.0,2355477.9752252256,2867437.219853984,66.16384481744956,42.68525328387284,45.419611577707535,3.5835026524132294,2.483901770492623,-1.1372037409290736,2127773.412162162,9.0,2201772.606606607,2744044.692033586,62.470320721503924,40.17022516974789,41.014460921245536,3.3496632355609846,2.37701366978845,-0.7787947100771304,1898166.5225225224,9.0,412139.8888888889,486715.810047643,8.69114583994447,9.235852593357555,7.677312051298498,0.6270083611617759,0.42161490195264123,0.9440378519822629,-412139.8888888889,-4.342294366464963,-4.637878686876805,1.0,25419994.722720593,25419994.722720593,1.0,23423642.119299635,23423642.119299635,2023-12-31,2023-09-01,3
run_20260811T161321Z_ebb0c846,fixed_12m_2024,fixed_origin_12m_ex_ante,same_month_historical_mean,2008-01,2023-12,2024-01,2024-12,0.0037678000517189503,,12.0,1971720.7687500005,2045234.957018377,39.758050431032075,49.904695074473715,38.019795726496184,2.9996742397721956,1.7716735681732005,-0.08728777107621388,-1971720.7687500005,9.0,1975720.5064814815,2050428.1246210823,38.687124577230364,48.27925819697517,36.80357874434507,3.0057592343764643,1.7761721211366308,0.006809472554997087,-1975720.5064814815,9.0,412139.8888888889,486715.810047643,8.69114583994447,9.235852593357555,7.677312051298498,0.6270083611617759,0.42161490195264123,0.9440378519822629,-412139.8888888889,-3.7938104506407706,-3.2127830703103166,0.4166666666666667,3513665.3143872074,17806665.535425354,0.4444444444444444,3513665.314387207,18413030.858233064,2023-12-31,2023-09-01,3
run_20260811T161321Z_ebb0c846,fixed_12m_2024,fixed_origin_12m_ex_ante,seasonal_moving_average_3,2008-01,2023-12,2024-01,2024-12,0.06889519991818815,,12.0,1577301.7499999998,1655761.245027699,32.880523996753446,40.01688266168025,30.414392993417074,2.399625496069676,1.4342941005162795,0.28738736917455787,-1577301.7499999998,9.0,1505188.9259259258,1578890.986394537,30.81869309735789,37.166285368799066,28.03855048257061,2.2899167664358346,1.3677056604293993,0.4110915860534313,-1505188.9259259258,9.0,412139.8888888889,486715.810047643,8.69114583994447,9.235852593357555,7.677312051298498,0.6270083611617759,0.42161490195264123,0.9440378519822629,-412139.8888888889,-2.6521311489257915,-2.2439689728590992,0.75,4240860.749117508,6705324.78130775,0.7777777777777778,4240860.749117507,5855061.864150811,2023-12-31,2023-09-01,3
run_20260811T161321Z_ebb0c846,fixed_12m_2024,fixed_origin_12m_ex_ante,ets_holt_winters,2008-01,2023-12,2024-01,2024-12,0.04808689991477877,model-internal seasonal fill for missing training targets,12.0,1050078.0841781034,1184047.695902365,19.053532511003148,21.262765846046964,20.248178591044702,1.5975346148305336,1.0256748248351746,0.6355847999769404,-1050078.0841781034,9.0,1025858.7380153348,1161340.5397799406,17.766127677526132,19.65763124866239,19.10962239915169,1.5606885512600617,1.0060048753399196,0.6813876238373642,-1025858.7380153348,9.0,412139.8888888889,486715.810047643,8.69114583994447,9.235852593357555,7.677312051298498,0.6270083611617759,0.42161490195264123,0.9440378519822629,-412139.8888888889,-1.4891032527353882,-1.3860752328268537,1.0,4360867.757210814,4360867.757210814,1.0,3837893.124453335,3837893.124453335,2023-12-31,2023-09-01,3
run_20260811T161321Z_ebb0c846,fixed_12m_2024,fixed_origin_12m_ex_ante,theta,2008-01,2023-12,2024-01,2024-12,0.04365349991712719,model-internal seasonal fill for missing training targets,12.0,506038.65430855256,529390.2277219588,11.543213579293543,12.398592384358258,9.757713450834789,0.7698610978372349,0.45858138229335893,0.9271532921188033,-412881.2275622661,9.0,486847.38880730525,517217.14193593856,10.949657390794982,11.746836124169546,9.068957958207225,0.7406644967438579,0.44803651347220513,0.9368040439144233,-362637.48647892335,9.0,412139.8888888889,486715.810047643,8.69114583994447,9.235852593357555,7.677312051298498,0.6270083611617759,0.42161490195264123,0.9440378519822629,-412139.8888888889,-0.18126733648573667,-0.06266764148325055,1.0,8939871.026470883,8939871.026470883,1.0,7854768.437387611,7854768.437387611,2023-12-31,2023-09-01,3
run_20260811T161321Z_ebb0c846,fixed_12m_2024,fixed_origin_12m_ex_ante,sarima_111_111_12,2008-01,2023-12,2024-01,2024-12,0.12084370001684874,,12.0,570598.4312793856,686360.5715685749,14.232176276325967,12.758407044462231,11.002590297232933,0.8680790113339916,0.5945560820342307,0.8775488850560929,443218.9081535817,9.0,416067.3497913709,461269.32747733354,9.83489948504473,9.275120018461562,7.750472509022981,0.6329833975277805,0.39957202594072283,0.9497365121072028,246227.9856236324,9.0,412139.8888888889,486715.810047643,8.69114583994447,9.235852593357555,7.677312051298498,0.6270083611617759,0.42161490195264123,0.9440378519822629,-412139.8888888889,-0.009529436505333999,0.052282013538493044,1.0,7566465.116044153,7566465.116044153,1.0,6720455.986823693,6720455.986823693,2023-12-31,2023-09-01,3
run_20260811T161321Z_ebb0c846,fixed_12m_2024,fixed_origin_12m_ex_ante,dynamic_harmonic_arima_k2,2008-01,2023-12,2024-01,2024-12,0.034467400051653385,,12.0,582544.5926462369,674870.415559698,15.017663177738779,13.479924509811944,11.232942699095284,0.8862532848336938,0.5846027973882502,0.8816144026196945,288450.1198707763,9.0,519423.52770550293,614333.6279200119,13.279380674201283,11.976647558300828,9.675783918252387,0.7902241535841691,0.5321631369984721,0.9108436981466926,202642.05955526466,9.0,412139.8888888889,486715.810047643,8.69114583994447,9.235852593357555,7.677312051298498,0.6270083611617759,0.42161490195264123,0.9440378519822629,-412139.8888888889,-0.26030879734996293,-0.2622019158569695,1.0,4818969.023793996,4818969.023793996,1.0,4454426.538945715,4454426.538945715,2023-12-31,2023-09-01,3
run_20260811T161321Z_ebb0c846,fixed_12m_2024,fixed_origin_12m_ex_ante,stl_arima_111,2008-01,2023-12,2024-01,2024-12,0.04815270006656647,"robust STL(12) + ARIMA(1,1,1) remainder; model-internal seasonal fill for missing training targets",12.0,296567.09734362055,365742.72941444797,5.993565855700617,6.218928460759358,5.718568591917085,0.451181879485729,0.31682263410935735,0.9652296155609841,-197767.83238983256,9.0,240534.16840041097,320369.9978655704,4.520053574016933,4.624046324389099,4.480653097636439,0.36593627260576056,0.2775187541687592,0.975753606726214,-108801.81512869366,9.0,412139.8888888889,486715.810047643,8.69114583994447,9.235852593357555,7.677312051298498,0.6270083611617759,0.42161490195264123,0.9440378519822629,-412139.8888888889,0.4163773638875854,0.34177195140998107,1.0,4597728.605929441,4597728.605929441,1.0,4046348.568039366,4046348.568039366,2023-12-31,2023-09-01,3
run_20260811T161321Z_ebb0c846,fixed_12m_2025,fixed_origin_12m_ex_ante,naive_last,2008-01,2024-12,2025-01,2025-12,0.0017865999834612012,,12.0,2188326.1666666665,2701095.948747255,59.90772546362303,39.71666138833871,41.08436095680001,3.434402971428442,2.4087861237669386,-0.8368372965350639,1823161.6666666667,9.0,2172796.111111111,2691154.498287574,60.02084520696135,39.334927148756066,39.76804899008107,3.410029790794363,2.3999205268493236,-0.6459727776625699,1685910.111111111,9.0,116944.33333333333,138442.74532295132,2.4345789833474476,2.4633886903122892,2.1403977820699205,0.18353478197608028,0.12346061383890863,0.9956440208589238,-95389.22222222222,-17.579746869118164,-18.438754208534384,0.9166666666666666,11505740.898182914,11895776.943932286,0.8888888888888888,10602140.561246408,11122188.62224557,2024-12-31,2024-09-01,3
run_20260811T161321Z_ebb0c846,fixed_12m_2025,fixed_origin_12m_ex_ante,seasonal_naive,2008-01,2024-12,2025-01,2025-12,0.004419300006702542,,9.0,116944.33333333333,138442.74532295132,2.4345789833474476,2.4633886903122892,2.1403977820699205,0.18353478197608028,0.12346061383890863,0.9956440208589238,-95389.22222222222,9.0,116944.33333333333,138442.74532295132,2.4345789833474476,2.4633886903122892,2.1403977820699205,0.18353478197608028,0.12346061383890863,0.9956440208589238,-95389.22222222222,9.0,116944.33333333333,138442.74532295132,2.4345789833474476,2.4633886903122892,2.1403977820699205,0.18353478197608028,0.12346061383890863,0.9956440208589238,-95389.22222222222,0.0,0.0,1.0,9287035.631087212,9287035.631087212,1.0,9287035.631087212,9287035.631087212,2024-12-31,2024-09-01,3
run_20260811T161321Z_ebb0c846,fixed_12m_2025,fixed_origin_12m_ex_ante,drift,2008-01,2024-12,2025-01,2025-12,0.0020718000596389174,,12.0,2349500.157360406,2875295.344509505,64.17949598482268,41.70267043462437,44.11029489268854,3.687352664663032,2.56413384011715,-1.0814001825167998,2111385.252961083,9.0,2246111.2492949804,2796351.1944621024,62.50534978918893,40.1981566827152,41.109914428858815,3.5250920389476668,2.49373294477874,-0.7771693443918,1928624.7100958824,9.0,116944.33333333333,138442.74532295132,2.4345789833474476,2.4633886903122892,2.1403977820699205,0.18353478197608028,0.12346061383890863,0.9956440208589238,-95389.22222222222,-18.20667026159153,-19.19861125939777,1.0,25036285.58361439,25036285.58361439,1.0,23070067.47656791,23070067.47656791,2024-12-31,2024-09-01,3
run_20260811T161321Z_ebb0c846,fixed_12m_2025,fixed_origin_12m_ex_ante,same_month_historical_mean,2008-01,2024-12,2025-01,2025-12,0.0023093000054359436,,12.0,1999870.981617647,2076169.0755746574,39.17451358737845,49.04214760277887,37.54624083345104,3.1386376246660195,1.8514881939524253,-0.08521578434541799,-1999870.981617647,9.0,1952252.1768790847,2028379.707952413,37.43751632988474,46.35299982195315,35.7314981438448,3.0639037175450796,1.8088705425337674,0.06493048105214305,-1952252.1768790847,9.0,116944.33333333333,138442.74532295132,2.4345789833474476,2.4633886903122892,2.1403977820699205,0.18353478197608028,0.12346061383890863,0.9956440208589238,-95389.22222222222,-15.69385870381992,-13.651397610042512,0.5,3858988.492551344,14785612.48860652,0.4444444444444444,3858988.492551345,14097314.637405677,2024-12-31,2024-09-01,3
run_20260811T161321Z_ebb0c846,fixed_12m_2025,fixed_origin_12m_ex_ante,seasonal_moving_average_3,2008-01,2024-12,2025-01,2025-12,0.034381400095298886,,12.0,720556.6666666669,802212.7528244519,14.854757336327495,16.37628268969413,13.527969748794442,1.130856082963215,0.7153981139428343,0.8379795666647181,-720556.6666666669,9.0,563274.3703703705,595921.8019745481,11.550138594097998,12.404924080096565,10.309445346112582,0.8840140929613791,0.5314317575842612,0.9192906341657825,-563274.3703703705,9.0,116944.33333333333,138442.74532295132,2.4345789833474476,2.4633886903122892,2.1403977820699205,0.18353478197608028,0.12346061383890863,0.9956440208589238,-95389.22222222222,-3.816602517753779,-3.3044639181664293,1.0,4302804.568966712,4302804.568966712,1.0,4302804.568966712,4302804.568966712,2024-12-31,2024-09-01,3
run_20260811T161321Z_ebb0c846,fixed_12m_2025,fixed_origin_12m_ex_ante,ets_holt_winters,2008-01,2024-12,2025-01,2025-12,0.07172939996235073,model-internal seasonal fill for missing training targets,12.0,1039309.2119946638,1199967.5585536596,17.916612119656538,20.00182801352228,19.512335711982676,1.6311127199765054,1.0701083037628187,0.6374819160979782,-1039309.2119946638,9.0,978865.982934431,1143536.272713099,16.032180764816566,17.71685956861573,17.91589655605273,1.536251904139625,1.0197839536255673,0.7028024152835248,-978865.982934431,9.0,116944.33333333333,138442.74532295132,2.4345789833474476,2.4633886903122892,2.1403977820699205,0.18353478197608028,0.12346061383890863,0.9956440208589238,-95389.22222222222,-7.370358400729957,-7.259994195040866,1.0,4206105.517126579,4206105.517126579,1.0,3701690.6596658733,3701690.6596658733,2024-12-31,2024-09-01,3
run_20260811T161321Z_ebb0c846,fixed_12m_2025,fixed_origin_12m_ex_ante,theta,2008-01,2024-12,2025-01,2025-12,0.02296209998894483,model-internal seasonal fill for missing training targets,12.0,440233.14012284036,481839.87711005367,9.569985737760838,10.162038144124496,8.265082924773763,0.6909107186988457,0.4296956612735521,0.9415484348400552,-266441.2728128342,9.0,388243.8022215823,436732.5907475621,8.277036721202089,8.708478350792385,7.105912270317794,0.6093176091841634,0.3894698390397496,0.9566512488986849,-156521.31247490738,9.0,116944.33333333333,138442.74532295132,2.4345789833474476,2.4633886903122892,2.1403977820699205,0.18353478197608028,0.12346061383890863,0.9956440208589238,-95389.22222222222,-2.3199026507333884,-2.1546079914030694,1.0,9063574.252384793,9063574.252384793,1.0,7965054.371691797,7965054.371691797,2024-12-31,2024-09-01,3
run_20260811T161321Z_ebb0c846,fixed_12m_2025,fixed_origin_12m_ex_ante,sarima_111_111_12,2008-01,2024-12,2025-01,2025-12,0.13574249995872378,,12.0,312054.5851301513,396451.4427533985,8.032352852859146,7.456318258835098,5.858616237834569,0.48974472395554447,0.3535478754446596,0.9604295789602451,289720.1569314617,9.0,259428.22778085514,320440.73414908565,6.5542060512897375,6.156103851409156,4.748238649287318,0.4071518633440995,0.2857629675339731,0.9766632259136435,242301.94205232977,9.0,116944.33333333333,138442.74532295132,2.4345789833474476,2.4633886903122892,2.1403977820699205,0.18353478197608028,0.12346061383890863,0.9956440208589238,-95389.22222222222,-1.2183907538417578,-1.3146083487551468,1.0,7441210.759443368,7441210.759443368,1.0,6599851.474785323,6599851.474785323,2024-12-31,2024-09-01,3
run_20260811T161321Z_ebb0c846,fixed_12m_2025,fixed_origin_12m_ex_ante,dynamic_harmonic_arima_k2,2008-01,2024-12,2025-01,2025-12,0.03496740001719445,,12.0,585163.9791473957,674699.6840570514,14.431677832693074,12.992304027548998,10.98606254607338,0.9183680839579476,0.6016843783058948,0.8853928587793302,270537.514581445,9.0,528613.7786482449,641855.4513518696,13.398745389139677,11.936548263805525,9.675062716936292,0.8296170652169915,0.5723945146775009,0.9063689585527575,238269.81666742737,9.0,116944.33333333333,138442.74532295132,2.4345789833474476,2.4633886903122892,2.1403977820699205,0.18353478197608028,0.12346061383890863,0.9956440208589238,-95389.22222222222,-3.5202171287898656,-3.6362519744504196,1.0,4862524.930805282,4862524.930805282,1.0,4496518.909181969,4496518.909181969,2024-12-31,2024-09-01,3
run_20260811T161321Z_ebb0c846,fixed_12m_2025,fixed_origin_12m_ex_ante,stl_arima_111,2008-01,2024-12,2025-01,2025-12,0.061161500052548945,"robust STL(12) + ARIMA(1,1,1) remainder; model-internal seasonal fill for missing training targets",12.0,327770.25039819354,424718.91517794394,7.927235443687102,7.791822056524089,6.153667347848941,0.5144092041946826,0.37875627108191545,0.9545855695408458,5741.646440625191,9.0,236450.87162147023,335642.74262441887,6.397754974518903,5.937213019440996,4.327690848812065,0.37109073979158763,0.2993198302902752,0.9743964663509409,208231.65749695478,9.0,116944.33333333333,138442.74532295132,2.4345789833474476,2.4633886903122892,2.1403977820699205,0.18353478197608028,0.12346061383890863,0.9956440208589238,-95389.22222222222,-1.0219096118791868,-1.4244155361225368,1.0,4218435.185360285,4218435.185360285,1.0,3712541.6993156513,3712541.6993156513,2024-12-31,2024-09-01,3
