run_id,fold_id,protocol,model,date,horizon,actual,forecast,lower_95,upper_95,seasonal_naive_forecast,error,absolute_error,year,month,regime,full_evaluable,comparable_to_seasonal_naive,forecast_origin,target_available_through,target_publication_delay_months
run_20260811T162732Z_6bbfe89e,one_step_201501,one_step_ex_ante,naive_last,2015-01-01,1,1762004.0,5495982.0,2137416.8798069325,8854547.120193068,1575399.0,3733978.0,3733978.0,2015,1,pre_pandemic,True,True,2014-12-31,2014-09-01,3
run_20260811T162732Z_6bbfe89e,one_step_201501,one_step_ex_ante,seasonal_naive,2015-01-01,1,1762004.0,1575399.0,1210930.3528967276,1939867.6471032724,1575399.0,-186605.0,186605.0,2015,1,pre_pandemic,True,True,2014-12-31,2014-09-01,3
run_20260811T162732Z_6bbfe89e,one_step_201501,one_step_ex_ante,drift,2015-01-01,1,1762004.0,5712144.3,-911178.0527933743,12335466.652793374,1575399.0,3950140.3,3950140.3,2015,1,pre_pandemic,True,True,2014-12-31,2014-09-01,3
run_20260811T162732Z_6bbfe89e,one_step_201501,one_step_ex_ante,same_month_historical_mean,2015-01-01,1,1762004.0,1315074.7142857143,629717.2078340525,2000432.2207373763,1575399.0,-446929.2857142857,446929.2857142857,2015,1,pre_pandemic,True,True,2014-12-31,2014-09-01,3
run_20260811T162732Z_6bbfe89e,one_step_201501,one_step_ex_ante,seasonal_moving_average_3,2015-01-01,1,1762004.0,1471976.0,996721.7808346469,1947230.219165353,1575399.0,-290028.0,290028.0,2015,1,pre_pandemic,True,True,2014-12-31,2014-09-01,3
run_20260811T162732Z_6bbfe89e,one_step_201502,one_step_ex_ante,naive_last,2015-02-01,1,1564925.0,4293279.0,911182.6344593195,7675375.3655406805,1523245.0,2728354.0,2728354.0,2015,2,pre_pandemic,True,True,2015-01-31,2014-10-01,3
run_20260811T162732Z_6bbfe89e,one_step_201502,one_step_ex_ante,seasonal_naive,2015-02-01,1,1564925.0,1523245.0,1161124.8291629772,1885365.1708370228,1523245.0,-41680.0,41680.0,2015,2,pre_pandemic,True,True,2015-01-31,2014-10-01,3
run_20260811T162732Z_6bbfe89e,one_step_201502,one_step_ex_ante,drift,2015-02-01,1,1564925.0,4447379.888888889,-1537279.9856332988,10432039.763411077,1523245.0,2882454.888888889,2882454.888888889,2015,2,pre_pandemic,True,True,2015-01-31,2014-10-01,3
run_20260811T162732Z_6bbfe89e,one_step_201502,one_step_ex_ante,same_month_historical_mean,2015-02-01,1,1564925.0,1235293.857142857,543670.7782924727,1926916.9359932414,1523245.0,-329631.14285714296,329631.14285714296,2015,2,pre_pandemic,True,True,2015-01-31,2014-10-01,3
run_20260811T162732Z_6bbfe89e,one_step_201502,one_step_ex_ante,seasonal_moving_average_3,2015-02-01,1,1564925.0,1382545.6666666667,910137.725729269,1854953.6076040645,1523245.0,-182379.33333333326,182379.33333333326,2015,2,pre_pandemic,True,True,2015-01-31,2014-10-01,3
run_20260811T162732Z_6bbfe89e,one_step_201503,one_step_ex_ante,naive_last,2015-03-01,1,2017645.0,2264373.0,-1213889.0804738891,5742635.080473889,1967114.0,246728.0,246728.0,2015,3,pre_pandemic,True,True,2015-02-28,2014-11-01,3
run_20260811T162732Z_6bbfe89e,one_step_201503,one_step_ex_ante,seasonal_naive,2015-03-01,1,2017645.0,1967114.0,1607579.6949499333,2326648.3050500667,1967114.0,-50531.0,50531.0,2015,3,pre_pandemic,True,True,2015-02-28,2014-11-01,3
run_20260811T162732Z_6bbfe89e,one_step_201503,one_step_ex_ante,drift,2015-03-01,1,2017645.0,2317623.5853658537,-3358993.112823441,7994240.283555148,1967114.0,299978.58536585374,299978.58536585374,2015,3,pre_pandemic,True,True,2015-02-28,2014-11-01,3
run_20260811T162732Z_6bbfe89e,one_step_201503,one_step_ex_ante,same_month_historical_mean,2015-03-01,1,2017645.0,1674150.0,985223.0306870851,2363076.9693129146,1967114.0,-343495.0,343495.0,2015,3,pre_pandemic,True,True,2015-02-28,2014-11-01,3
run_20260811T162732Z_6bbfe89e,one_step_201503,one_step_ex_ante,seasonal_moving_average_3,2015-03-01,1,2017645.0,1831726.6666666667,1361462.8384714995,2301990.4948618338,1967114.0,-185918.33333333326,185918.33333333326,2015,3,pre_pandemic,True,True,2015-02-28,2014-11-01,3
run_20260811T162732Z_6bbfe89e,one_step_201504,one_step_ex_ante,naive_last,2015-04-01,1,2626663.0,1740546.0,-1724158.9585480262,5205250.958548026,2573139.0,-886117.0,886117.0,2015,4,pre_pandemic,True,True,2015-03-31,2014-12-01,3
run_20260811T162732Z_6bbfe89e,one_step_201504,one_step_ex_ante,seasonal_naive,2015-04-01,1,2626663.0,2573139.0,2215965.6995084044,2930312.3004915956,2573139.0,-53524.0,53524.0,2015,4,pre_pandemic,True,True,2015-03-31,2014-12-01,3
run_20260811T162732Z_6bbfe89e,one_step_201504,one_step_ex_ante,drift,2015-04-01,1,2626663.0,1767910.3373493976,-3978191.3397721094,7514012.014470905,2573139.0,-858752.6626506024,858752.6626506024,2015,4,pre_pandemic,True,True,2015-03-31,2014-12-01,3
run_20260811T162732Z_6bbfe89e,one_step_201504,one_step_ex_ante,same_month_historical_mean,2015-04-01,1,2626663.0,2125932.4285714286,1438788.520896044,2813076.336246813,2573139.0,-500730.57142857136,500730.57142857136,2015,4,pre_pandemic,True,True,2015-03-31,2014-12-01,3
run_20260811T162732Z_6bbfe89e,one_step_201504,one_step_ex_ante,seasonal_moving_average_3,2015-04-01,1,2626663.0,2408014.6666666665,1941066.8603438505,2874962.4729894823,2573139.0,-218648.3333333335,218648.3333333335,2015,4,pre_pandemic,True,True,2015-03-31,2014-12-01,3
run_20260811T162732Z_6bbfe89e,one_step_201505,one_step_ex_ante,naive_last,2015-05-01,1,3775013.0,1762004.0,-1681771.668174726,5205779.668174726,3863883.0,-2013009.0,2013009.0,2015,5,pre_pandemic,True,True,2015-04-30,2015-01-01,3
run_20260811T162732Z_6bbfe89e,one_step_201505,one_step_ex_ante,seasonal_naive,2015-05-01,1,3775013.0,3863883.0,3509069.9363638875,4218696.063636112,3863883.0,88870.0,88870.0,2015,5,pre_pandemic,True,True,2015-04-30,2015-01-01,3
run_20260811T162732Z_6bbfe89e,one_step_201505,one_step_ex_ante,drift,2015-05-01,1,3775013.0,1790064.380952381,-3955148.5538087324,7535277.315713495,3863883.0,-1984948.619047619,1984948.619047619,2015,5,pre_pandemic,True,True,2015-04-30,2015-01-01,3
run_20260811T162732Z_6bbfe89e,one_step_201505,one_step_ex_ante,same_month_historical_mean,2015-05-01,1,3775013.0,3202865.714285714,2513998.104419403,3891733.3241520254,3863883.0,-572147.2857142859,572147.2857142859,2015,5,pre_pandemic,True,True,2015-04-30,2015-01-01,3
run_20260811T162732Z_6bbfe89e,one_step_201505,one_step_ex_ante,seasonal_moving_average_3,2015-05-01,1,3775013.0,3592054.6666666665,3128232.1843503136,4055877.1489830194,3863883.0,-182958.3333333335,182958.3333333335,2015,5,pre_pandemic,True,True,2015-04-30,2015-01-01,3
run_20260811T162732Z_6bbfe89e,one_step_201506,one_step_ex_ante,naive_last,2015-06-01,1,4349675.0,1564925.0,-1859390.304110753,4989240.304110752,4530079.0,-2784750.0,2784750.0,2015,6,pre_pandemic,True,True,2015-05-31,2015-02-01,3
run_20260811T162732Z_6bbfe89e,one_step_201506,one_step_ex_ante,seasonal_naive,2015-06-01,1,4349675.0,4530079.0,4176911.4466131893,4883246.55338681,4530079.0,180404.0,180404.0,2015,6,pre_pandemic,True,True,2015-05-31,2015-02-01,3
run_20260811T162732Z_6bbfe89e,one_step_201506,one_step_ex_ante,drift,2015-06-01,1,4349675.0,1583380.9529411765,-4196923.520920298,7363685.426802651,4530079.0,-2766294.0470588235,2766294.0470588235,2015,6,pre_pandemic,True,True,2015-05-31,2015-02-01,3
run_20260811T162732Z_6bbfe89e,one_step_201506,one_step_ex_ante,same_month_historical_mean,2015-06-01,1,4349675.0,3761816.8571428573,3073883.3255907227,4449750.388694992,4530079.0,-587858.1428571427,587858.1428571427,2015,6,pre_pandemic,True,True,2015-05-31,2015-02-01,3
run_20260811T162732Z_6bbfe89e,one_step_201506,one_step_ex_ante,seasonal_moving_average_3,2015-06-01,1,4349675.0,4186043.6666666665,3725201.6326928036,4646885.700640529,4530079.0,-163631.3333333335,163631.3333333335,2015,6,pre_pandemic,True,True,2015-05-31,2015-02-01,3
run_20260811T162732Z_6bbfe89e,one_step_201507,one_step_ex_ante,naive_last,2015-07-01,1,5244965.0,2017645.0,-1391733.2983903405,5427023.29839034,4952404.0,-3227320.0,3227320.0,2015,7,pre_pandemic,True,True,2015-06-30,2015-03-01,3
run_20260811T162732Z_6bbfe89e,one_step_201507,one_step_ex_ante,seasonal_naive,2015-07-01,1,5244965.0,4952404.0,4600992.207986998,5303815.792013002,4952404.0,-292561.0,292561.0,2015,7,pre_pandemic,True,True,2015-06-30,2015-03-01,3
run_20260811T162732Z_6bbfe89e,one_step_201507,one_step_ex_ante,drift,2015-07-01,1,5244965.0,2056943.093023256,-3676785.942973588,7790672.1290201,4952404.0,-3188021.906976744,3188021.906976744,2015,7,pre_pandemic,True,True,2015-06-30,2015-03-01,3
run_20260811T162732Z_6bbfe89e,one_step_201507,one_step_ex_ante,same_month_historical_mean,2015-07-01,1,5244965.0,4643002.0,3955716.648702359,5330287.351297641,4952404.0,-601963.0,601963.0,2015,7,pre_pandemic,True,True,2015-06-30,2015-03-01,3
run_20260811T162732Z_6bbfe89e,one_step_201507,one_step_ex_ante,seasonal_moving_average_3,2015-07-01,1,5244965.0,4908784.0,4450888.961649752,5366679.038350248,4952404.0,-336181.0,336181.0,2015,7,pre_pandemic,True,True,2015-06-30,2015-03-01,3
run_20260811T162732Z_6bbfe89e,one_step_201508,one_step_ex_ante,naive_last,2015-08-01,1,6748708.0,2626663.0,-772176.6783729238,6025502.678372923,6635627.0,-4122045.0,4122045.0,2015,8,pre_pandemic,True,True,2015-07-31,2015-04-01,3
run_20260811T162732Z_6bbfe89e,one_step_201508,one_step_ex_ante,seasonal_naive,2015-08-01,1,6748708.0,6635627.0,6285988.5594188385,6985265.4405811615,6635627.0,-113081.0,113081.0,2015,8,pre_pandemic,True,True,2015-07-31,2015-04-01,3
run_20260811T162732Z_6bbfe89e,one_step_201508,one_step_ex_ante,drift,2015-08-01,1,6748708.0,2693510.2183908047,-3051903.1186360847,8438923.555417694,6635627.0,-4055197.7816091953,4055197.7816091953,2015,8,pre_pandemic,True,True,2015-07-31,2015-04-01,3
run_20260811T162732Z_6bbfe89e,one_step_201508,one_step_ex_ante,same_month_historical_mean,2015-08-01,1,6748708.0,5579593.285714285,4889217.44423852,6269969.127190051,6635627.0,-1169114.7142857146,1169114.7142857146,2015,8,pre_pandemic,True,True,2015-07-31,2015-04-01,3
run_20260811T162732Z_6bbfe89e,one_step_201508,one_step_ex_ante,seasonal_moving_average_3,2015-08-01,1,6748708.0,5994200.0,5539338.874128167,6449061.125871833,6635627.0,-754508.0,754508.0,2015,8,pre_pandemic,True,True,2015-07-31,2015-04-01,3
run_20260811T162732Z_6bbfe89e,one_step_201509,one_step_ex_ante,naive_last,2015-09-01,1,5415322.0,3775013.0,362838.1844176743,7187187.815582326,5495982.0,-1640309.0,1640309.0,2015,9,pre_pandemic,True,True,2015-08-31,2015-05-01,3
run_20260811T162732Z_6bbfe89e,one_step_201509,one_step_ex_ante,seasonal_naive,2015-09-01,1,5415322.0,5495982.0,5144854.930528461,5847109.069471539,5495982.0,80660.0,80660.0,2015,9,pre_pandemic,True,True,2015-08-31,2015-05-01,3
run_20260811T162732Z_6bbfe89e,one_step_201509,one_step_ex_ante,drift,2015-09-01,1,5415322.0,3893298.3181818184,-2103538.4680406563,9890135.104404293,5495982.0,-1522023.6818181816,1522023.6818181816,2015,9,pre_pandemic,True,True,2015-08-31,2015-05-01,3
run_20260811T162732Z_6bbfe89e,one_step_201509,one_step_ex_ante,same_month_historical_mean,2015-09-01,1,5415322.0,4720234.714285715,4024744.7126617837,5415724.715909645,5495982.0,-695087.2857142854,695087.2857142854,2015,9,pre_pandemic,True,True,2015-08-31,2015-05-01,3
run_20260811T162732Z_6bbfe89e,one_step_201509,one_step_ex_ante,seasonal_moving_average_3,2015-09-01,1,5415322.0,5328277.0,4876231.200907694,5780322.799092306,5495982.0,-87045.0,87045.0,2015,9,pre_pandemic,True,True,2015-08-31,2015-05-01,3
run_20260811T162732Z_6bbfe89e,one_step_201510,one_step_ex_ante,naive_last,2015-10-01,1,4161806.0,4349675.0,949391.298334525,7749958.701665475,4293279.0,187869.0,187869.0,2015,10,pre_pandemic,True,True,2015-09-30,2015-06-01,3
run_20260811T162732Z_6bbfe89e,one_step_201510,one_step_ex_ante,seasonal_naive,2015-10-01,1,4161806.0,4293279.0,3937324.7274758425,4649233.272524158,4293279.0,131473.0,131473.0,2015,10,pre_pandemic,True,True,2015-09-30,2015-06-01,3
run_20260811T162732Z_6bbfe89e,one_step_201510,one_step_ex_ante,drift,2015-10-01,1,4161806.0,4492458.775280898,-1696983.543857459,10681901.094419256,4293279.0,330652.77528089844,330652.77528089844,2015,10,pre_pandemic,True,True,2015-09-30,2015-06-01,3
run_20260811T162732Z_6bbfe89e,one_step_201510,one_step_ex_ante,same_month_historical_mean,2015-10-01,1,4161806.0,3782654.285714286,3081709.989855554,4483598.581573018,4293279.0,-379151.7142857141,379151.7142857141,2015,10,pre_pandemic,True,True,2015-09-30,2015-06-01,3
run_20260811T162732Z_6bbfe89e,one_step_201510,one_step_ex_ante,seasonal_moving_average_3,2015-10-01,1,4161806.0,4092065.3333333335,3642641.26222265,4541489.404444017,4293279.0,-69740.66666666651,69740.66666666651,2015,10,pre_pandemic,True,True,2015-09-30,2015-06-01,3
run_20260811T162732Z_6bbfe89e,one_step_201511,one_step_ex_ante,naive_last,2015-11-01,1,2236998.0,5244965.0,1845233.5733268778,8644696.426673122,2264373.0,3007967.0,3007967.0,2015,11,pre_pandemic,True,True,2015-10-31,2015-07-01,3
run_20260811T162732Z_6bbfe89e,one_step_201511,one_step_ex_ante,seasonal_naive,2015-11-01,1,2236998.0,2264373.0,1908996.481880532,2619749.518119468,2264373.0,27375.0,27375.0,2015,11,pre_pandemic,True,True,2015-10-31,2015-07-01,3
run_20260811T162732Z_6bbfe89e,one_step_201511,one_step_ex_ante,drift,2015-11-01,1,2236998.0,5425952.955555555,-1183626.5368433315,12035532.447954442,2264373.0,3188954.9555555554,3188954.9555555554,2015,11,pre_pandemic,True,True,2015-10-31,2015-07-01,3
run_20260811T162732Z_6bbfe89e,one_step_201511,one_step_ex_ante,same_month_historical_mean,2015-11-01,1,2236998.0,2067827.2857142857,1361147.0269737039,2774507.5444548675,2264373.0,-169170.71428571432,169170.71428571432,2015,11,pre_pandemic,True,True,2015-10-31,2015-07-01,3
run_20260811T162732Z_6bbfe89e,one_step_201511,one_step_ex_ante,seasonal_moving_average_3,2015-11-01,1,2236998.0,2204387.6666666665,1757344.522203218,2651430.811130115,2264373.0,-32610.33333333349,32610.33333333349,2015,11,pre_pandemic,True,True,2015-10-31,2015-07-01,3
run_20260811T162732Z_6bbfe89e,one_step_201512,one_step_ex_ante,naive_last,2015-12-01,1,1713807.0,6748708.0,3315205.3457622984,10182210.654237702,1740546.0,5034901.0,5034901.0,2015,12,pre_pandemic,True,True,2015-11-30,2015-08-01,3
run_20260811T162732Z_6bbfe89e,one_step_201512,one_step_ex_ante,seasonal_naive,2015-12-01,1,1713807.0,1740546.0,1387388.2842147285,2093703.7157852715,1740546.0,26739.0,26739.0,2015,12,pre_pandemic,True,True,2015-11-30,2015-08-01,3
run_20260811T162732Z_6bbfe89e,one_step_201512,one_step_ex_ante,drift,2015-12-01,1,1713807.0,6993805.67032967,-569921.5606212122,14557532.901280552,1740546.0,5279998.67032967,5279998.67032967,2015,12,pre_pandemic,True,True,2015-11-30,2015-08-01,3
run_20260811T162732Z_6bbfe89e,one_step_201512,one_step_ex_ante,same_month_historical_mean,2015-12-01,1,1713807.0,1494657.0,756825.161410821,2232488.838589179,1740546.0,-219150.0,219150.0,2015,12,pre_pandemic,True,True,2015-11-30,2015-08-01,3
run_20260811T162732Z_6bbfe89e,one_step_201512,one_step_ex_ante,seasonal_moving_average_3,2015-12-01,1,1713807.0,1618695.3333333333,1160441.6985638344,2076948.968102832,1740546.0,-95111.66666666674,95111.66666666674,2015,12,pre_pandemic,True,True,2015-11-30,2015-08-01,3
run_20260811T162732Z_6bbfe89e,one_step_201601,one_step_ex_ante,naive_last,2016-01-01,1,1691287.0,5415322.0,1953493.2268435475,8877150.773156453,1762004.0,3724035.0,3724035.0,2016,1,pre_pandemic,True,True,2015-12-31,2015-09-01,3
run_20260811T162732Z_6bbfe89e,one_step_201601,one_step_ex_ante,seasonal_naive,2016-01-01,1,1691287.0,1762004.0,1407894.2601426751,2116113.739857325,1762004.0,70717.0,70717.0,2016,1,pre_pandemic,True,True,2015-12-31,2015-09-01,3
run_20260811T162732Z_6bbfe89e,one_step_201601,one_step_ex_ante,drift,2016-01-01,1,1691287.0,5599782.260869565,-1018661.5358099677,12218226.057549099,1762004.0,3908495.2608695654,3908495.2608695654,2016,1,pre_pandemic,True,True,2015-12-31,2015-09-01,3
run_20260811T162732Z_6bbfe89e,one_step_201601,one_step_ex_ante,same_month_historical_mean,2016-01-01,1,1691287.0,1370940.875,625199.2816634795,2116682.4683365207,1762004.0,-320346.125,320346.125,2016,1,pre_pandemic,True,True,2015-12-31,2015-09-01,3
run_20260811T162732Z_6bbfe89e,one_step_201601,one_step_ex_ante,seasonal_moving_average_3,2016-01-01,1,1691287.0,1601177.0,1144464.6566582355,2057889.3433417645,1762004.0,-90110.0,90110.0,2016,1,pre_pandemic,True,True,2015-12-31,2015-09-01,3
run_20260811T162732Z_6bbfe89e,one_step_201602,one_step_ex_ante,naive_last,2016-02-01,1,1517504.0,4161806.0,678551.0667486843,7645060.933251316,1564925.0,2644302.0,2644302.0,2016,2,pre_pandemic,True,True,2016-01-31,2015-10-01,3
run_20260811T162732Z_6bbfe89e,one_step_201602,one_step_ex_ante,seasonal_naive,2016-02-01,1,1517504.0,1564925.0,1208361.1817986714,1921488.8182013286,1564925.0,47421.0,47421.0,2016,2,pre_pandemic,True,True,2016-01-31,2015-10-01,3
run_20260811T162732Z_6bbfe89e,one_step_201602,one_step_ex_ante,drift,2016-02-01,1,1517504.0,4290368.150537634,-1724386.6683594752,10305122.969434744,1564925.0,2772864.1505376343,2772864.1505376343,2016,2,pre_pandemic,True,True,2016-01-31,2015-10-01,3
run_20260811T162732Z_6bbfe89e,one_step_201602,one_step_ex_ante,same_month_historical_mean,2016-02-01,1,1517504.0,1276497.75,531282.0999935757,2021713.4000064242,1564925.0,-241006.25,241006.25,2016,2,pre_pandemic,True,True,2016-01-31,2015-10-01,3
run_20260811T162732Z_6bbfe89e,one_step_201602,one_step_ex_ante,seasonal_moving_average_3,2016-02-01,1,1517504.0,1501166.0,1045697.2341230906,1956634.7658769093,1564925.0,-16338.0,16338.0,2016,2,pre_pandemic,True,True,2016-01-31,2015-10-01,3
run_20260811T162732Z_6bbfe89e,one_step_201603,one_step_ex_ante,naive_last,2016-03-01,1,1898762.0,2236998.0,-1316679.0128820078,5790675.012882007,2017645.0,338236.0,338236.0,2016,3,pre_pandemic,True,True,2016-02-29,2015-11-01,3
run_20260811T162732Z_6bbfe89e,one_step_201603,one_step_ex_ante,seasonal_naive,2016-03-01,1,1898762.0,2017645.0,1661640.498273193,2373649.501726807,2017645.0,118883.0,118883.0,2016,3,pre_pandemic,True,True,2016-02-29,2015-11-01,3
run_20260811T162732Z_6bbfe89e,one_step_201603,one_step_ex_ante,drift,2016-03-01,1,1898762.0,2282285.744680851,-3503299.691375607,8067871.180737309,2017645.0,383523.74468085123,383523.74468085123,2016,3,pre_pandemic,True,True,2016-02-29,2015-11-01,3
run_20260811T162732Z_6bbfe89e,one_step_201603,one_step_ex_ante,same_month_historical_mean,2016-03-01,1,1898762.0,1717086.875,975155.7589397754,2459017.9910602244,2017645.0,-181675.125,181675.125,2016,3,pre_pandemic,True,True,2016-02-29,2015-11-01,3
run_20260811T162732Z_6bbfe89e,one_step_201603,one_step_ex_ante,seasonal_moving_average_3,2016-03-01,1,1898762.0,1959043.0,1504103.4389718352,2413982.561028165,2017645.0,60281.0,60281.0,2016,3,pre_pandemic,True,True,2016-02-29,2015-11-01,3
run_20260811T162732Z_6bbfe89e,one_step_201604,one_step_ex_ante,naive_last,2016-04-01,1,2049238.0,1713807.0,-1827447.6752293366,5255061.675229337,2626663.0,-335431.0,335431.0,2016,4,pre_pandemic,True,True,2016-03-31,2015-12-01,3
run_20260811T162732Z_6bbfe89e,one_step_201604,one_step_ex_ante,seasonal_naive,2016-04-01,1,2049238.0,2626663.0,2271256.0308575374,2982069.9691424626,2626663.0,577425.0,577425.0,2016,4,pre_pandemic,True,True,2016-03-31,2015-12-01,3
run_20260811T162732Z_6bbfe89e,one_step_201604,one_step_ex_ante,drift,2016-04-01,1,2049238.0,1736588.9368421054,-4128035.9571176535,7601213.830801864,2626663.0,-312649.06315789465,312649.06315789465,2016,4,pre_pandemic,True,True,2016-03-31,2015-12-01,3
run_20260811T162732Z_6bbfe89e,one_step_201604,one_step_ex_ante,same_month_historical_mean,2016-04-01,1,2049238.0,2188523.75,1449357.5162634489,2927689.9837365514,2626663.0,139285.75,139285.75,2016,4,pre_pandemic,True,True,2016-03-31,2015-12-01,3
run_20260811T162732Z_6bbfe89e,one_step_201604,one_step_ex_ante,seasonal_moving_average_3,2016-04-01,1,2049238.0,2539588.0,2086330.6463074347,2992845.3536925656,2626663.0,490350.0,490350.0,2016,4,pre_pandemic,True,True,2016-03-31,2015-12-01,3
run_20260811T162732Z_6bbfe89e,one_step_201605,one_step_ex_ante,naive_last,2016-05-01,1,2749648.0,1691287.0,-1831298.2721477551,5213872.272147755,3775013.0,-1058361.0,1058361.0,2016,5,pre_pandemic,True,True,2016-04-30,2016-01-01,3
run_20260811T162732Z_6bbfe89e,one_step_201605,one_step_ex_ante,seasonal_naive,2016-05-01,1,2749648.0,3775013.0,3419245.362069722,4130780.637930278,3775013.0,1025365.0,1025365.0,2016,5,pre_pandemic,True,True,2016-04-30,2016-01-01,3
run_20260811T162732Z_6bbfe89e,one_step_201605,one_step_ex_ante,drift,2016-05-01,1,2749648.0,1712893.2916666667,-4160652.4567399453,7586439.040073279,3775013.0,-1036754.7083333333,1036754.7083333333,2016,5,pre_pandemic,True,True,2016-04-30,2016-01-01,3
run_20260811T162732Z_6bbfe89e,one_step_201605,one_step_ex_ante,same_month_historical_mean,2016-05-01,1,2749648.0,3274384.125,2536599.9040573044,4012168.3459426956,3775013.0,524736.125,524736.125,2016,5,pre_pandemic,True,True,2016-04-30,2016-01-01,3
run_20260811T162732Z_6bbfe89e,one_step_201605,one_step_ex_ante,seasonal_moving_average_3,2016-05-01,1,2749648.0,3785543.3333333335,3333885.9164512632,4237200.750215404,3775013.0,1035895.3333333335,1035895.3333333335,2016,5,pre_pandemic,True,True,2016-04-30,2016-01-01,3
run_20260811T162732Z_6bbfe89e,one_step_201606,one_step_ex_ante,naive_last,2016-06-01,1,2696149.0,1517504.0,-1987412.0882579768,5022420.088257977,4349675.0,-1178645.0,1178645.0,2016,6,pre_pandemic,True,True,2016-05-31,2016-02-01,3
run_20260811T162732Z_6bbfe89e,one_step_201606,one_step_ex_ante,seasonal_naive,2016-06-01,1,2696149.0,4349675.0,3994148.678627071,4705201.321372929,4349675.0,1653526.0,1653526.0,2016,6,pre_pandemic,True,True,2016-05-31,2016-02-01,3
run_20260811T162732Z_6bbfe89e,one_step_201606,one_step_ex_ante,drift,2016-06-01,1,2696149.0,1531721.237113402,-4379325.552999685,7442768.027226489,4349675.0,-1164427.762886598,1164427.762886598,2016,6,pre_pandemic,True,True,2016-05-31,2016-02-01,3
run_20260811T162732Z_6bbfe89e,one_step_201606,one_step_ex_ante,same_month_historical_mean,2016-06-01,1,2696149.0,3835299.125,3099936.18875765,4570662.06124235,4349675.0,1139150.125,1139150.125,2016,6,pre_pandemic,True,True,2016-05-31,2016-02-01,3
run_20260811T162732Z_6bbfe89e,one_step_201606,one_step_ex_ante,seasonal_moving_average_3,2016-06-01,1,2696149.0,4336945.0,3885537.579816927,4788352.420183073,4349675.0,1640796.0,1640796.0,2016,6,pre_pandemic,True,True,2016-05-31,2016-02-01,3
run_20260811T162732Z_6bbfe89e,one_step_201607,one_step_ex_ante,naive_last,2016-07-01,1,3482544.0,1898762.0,-1591246.7944999258,5388770.794499926,5244965.0,-1583782.0,1583782.0,2016,7,pre_pandemic,True,True,2016-06-30,2016-03-01,3
run_20260811T162732Z_6bbfe89e,one_step_201607,one_step_ex_ante,seasonal_naive,2016-07-01,1,3482544.0,5244965.0,4887896.302777602,5602033.697222398,5244965.0,1762421.0,1762421.0,2016,7,pre_pandemic,True,True,2016-06-30,2016-03-01,3
run_20260811T162732Z_6bbfe89e,one_step_201607,one_step_ex_ante,drift,2016-07-01,1,3482544.0,1928395.7142857143,-3934452.298099027,7791243.726670456,5244965.0,-1554148.2857142857,1554148.2857142857,2016,7,pre_pandemic,True,True,2016-06-30,2016-03-01,3
run_20260811T162732Z_6bbfe89e,one_step_201607,one_step_ex_ante,same_month_historical_mean,2016-07-01,1,3482544.0,4718247.375,3985860.3660429744,5450634.383957026,5244965.0,1235703.375,1235703.375,2016,7,pre_pandemic,True,True,2016-06-30,2016-03-01,3
run_20260811T162732Z_6bbfe89e,one_step_201607,one_step_ex_ante,seasonal_moving_average_3,2016-07-01,1,3482544.0,4996318.0,4543291.110818435,5449344.889181565,5244965.0,1513774.0,1513774.0,2016,7,pre_pandemic,True,True,2016-06-30,2016-03-01,3
run_20260811T162732Z_6bbfe89e,one_step_201608,one_step_ex_ante,naive_last,2016-08-01,1,4565837.0,2049238.0,-1423376.4219404901,5521852.421940491,6748708.0,-2516599.0,2516599.0,2016,8,pre_pandemic,True,True,2016-07-31,2016-04-01,3
run_20260811T162732Z_6bbfe89e,one_step_201608,one_step_ex_ante,seasonal_naive,2016-08-01,1,4565837.0,6748708.0,6364992.21162605,7132423.78837395,6748708.0,2182871.0,2182871.0,2016,8,pre_pandemic,True,True,2016-07-31,2016-04-01,3
run_20260811T162732Z_6bbfe89e,one_step_201608,one_step_ex_ante,drift,2016-08-01,1,4565837.0,2084652.2222222222,-3767130.2907902207,7936434.735234665,6748708.0,-2481184.777777778,2481184.777777778,2016,8,pre_pandemic,True,True,2016-07-31,2016-04-01,3
run_20260811T162732Z_6bbfe89e,one_step_201608,one_step_ex_ante,same_month_historical_mean,2016-08-01,1,4565837.0,5725732.625,4996594.921842088,6454870.328157912,6748708.0,1159895.625,1159895.625,2016,8,pre_pandemic,True,True,2016-07-31,2016-04-01,3
run_20260811T162732Z_6bbfe89e,one_step_201608,one_step_ex_ante,seasonal_moving_average_3,2016-08-01,1,4565837.0,6438405.333333333,5963442.772977992,6913367.893688674,6748708.0,1872568.333333333,1872568.333333333,2016,8,pre_pandemic,True,True,2016-07-31,2016-04-01,3
run_20260811T162732Z_6bbfe89e,one_step_201609,one_step_ex_ante,naive_last,2016-09-01,1,4014930.0,2749648.0,-716001.9367443048,6215297.936744304,5415322.0,-1265282.0,1265282.0,2016,9,pre_pandemic,True,True,2016-08-31,2016-05-01,3
run_20260811T162732Z_6bbfe89e,one_step_201609,one_step_ex_ante,seasonal_naive,2016-09-01,1,4014930.0,5415322.0,4966587.252650778,5864056.747349222,5415322.0,1400392.0,1400392.0,2016,9,pre_pandemic,True,True,2016-08-31,2016-05-01,3
run_20260811T162732Z_6bbfe89e,one_step_201609,one_step_ex_ante,drift,2016-09-01,1,4014930.0,2812724.48,-3067924.6705089617,8693373.630508961,5415322.0,-1202205.52,1202205.52,2016,9,pre_pandemic,True,True,2016-08-31,2016-05-01,3
run_20260811T162732Z_6bbfe89e,one_step_201609,one_step_ex_ante,same_month_historical_mean,2016-09-01,1,4014930.0,4807120.625,4075186.551547884,5539054.698452116,5415322.0,792190.625,792190.625,2016,9,pre_pandemic,True,True,2016-08-31,2016-05-01,3
run_20260811T162732Z_6bbfe89e,one_step_201609,one_step_ex_ante,seasonal_moving_average_3,2016-09-01,1,4014930.0,5415496.0,4875672.066887362,5955319.933112638,5415322.0,1400566.0,1400566.0,2016,9,pre_pandemic,True,True,2016-08-31,2016-05-01,3
run_20260811T162732Z_6bbfe89e,one_step_201610,one_step_ex_ante,naive_last,2016-10-01,1,3190334.0,2696149.0,-752234.9915939965,6144532.991593996,4161806.0,-494185.0,494185.0,2016,10,pre_pandemic,True,True,2016-09-30,2016-06-01,3
run_20260811T162732Z_6bbfe89e,one_step_201610,one_step_ex_ante,seasonal_naive,2016-10-01,1,3190334.0,4161806.0,3587200.0311788283,4736411.968821172,4161806.0,971472.0,971472.0,2016,10,pre_pandemic,True,True,2016-09-30,2016-06-01,3
run_20260811T162732Z_6bbfe89e,one_step_201610,one_step_ex_ante,drift,2016-10-01,1,3190334.0,2756482.1881188117,-3099296.654587321,8612261.030824944,4161806.0,-433851.8118811883,433851.8118811883,2016,10,pre_pandemic,True,True,2016-09-30,2016-06-01,3
run_20260811T162732Z_6bbfe89e,one_step_201610,one_step_ex_ante,same_month_historical_mean,2016-10-01,1,3190334.0,3830048.25,3072225.75776059,4587870.74223941,4161806.0,639714.25,639714.25,2016,10,pre_pandemic,True,True,2016-09-30,2016-06-01,3
run_20260811T162732Z_6bbfe89e,one_step_201610,one_step_ex_ante,seasonal_moving_average_3,2016-10-01,1,3190334.0,4180570.0,3521682.314433313,4839457.685566687,4161806.0,990236.0,990236.0,2016,10,pre_pandemic,True,True,2016-09-30,2016-06-01,3
run_20260811T162732Z_6bbfe89e,one_step_201611,one_step_ex_ante,naive_last,2016-11-01,1,1879625.0,3482544.0,38238.809739382006,6926849.190260618,2236998.0,1602919.0,1602919.0,2016,11,pre_pandemic,True,True,2016-10-31,2016-07-01,3
run_20260811T162732Z_6bbfe89e,one_step_201611,one_step_ex_ante,seasonal_naive,2016-11-01,1,1879625.0,2236998.0,1551649.5222412948,2922346.477758705,2236998.0,357373.0,357373.0,2016,11,pre_pandemic,True,True,2016-10-31,2016-07-01,3
run_20260811T162732Z_6bbfe89e,one_step_201611,one_step_ex_ante,drift,2016-11-01,1,1879625.0,3573124.705882353,-2435102.0602244427,9581351.471989147,2236998.0,1693499.7058823528,1693499.7058823528,2016,11,pre_pandemic,True,True,2016-10-31,2016-07-01,3
run_20260811T162732Z_6bbfe89e,one_step_201611,one_step_ex_ante,same_month_historical_mean,2016-11-01,1,1879625.0,2088973.625,1301711.0489532547,2876236.2010467453,2236998.0,209348.625,209348.625,2016,11,pre_pandemic,True,True,2016-10-31,2016-07-01,3
run_20260811T162732Z_6bbfe89e,one_step_201611,one_step_ex_ante,seasonal_moving_average_3,2016-11-01,1,1879625.0,2210955.3333333335,1468271.7524927848,2953638.9141738825,2236998.0,331330.3333333335,331330.3333333335,2016,11,pre_pandemic,True,True,2016-10-31,2016-07-01,3
run_20260811T162732Z_6bbfe89e,one_step_201612,one_step_ex_ante,naive_last,2016-12-01,1,1629471.0,4565837.0,1114060.8189912373,8017613.181008763,1713807.0,2936366.0,2936366.0,2016,12,pre_pandemic,True,True,2016-11-30,2016-08-01,3
run_20260811T162732Z_6bbfe89e,one_step_201612,one_step_ex_ante,seasonal_naive,2016-12-01,1,1629471.0,1713807.0,892571.8000737453,2535042.199926255,1713807.0,84336.0,84336.0,2016,12,pre_pandemic,True,True,2016-11-30,2016-08-01,3
run_20260811T162732Z_6bbfe89e,one_step_201612,one_step_ex_ante,drift,2016-12-01,1,1629471.0,4697607.912621359,-1715396.395176597,11110612.220419316,1713807.0,3068136.9126213593,3068136.9126213593,2016,12,pre_pandemic,True,True,2016-11-30,2016-08-01,3
run_20260811T162732Z_6bbfe89e,one_step_201612,one_step_ex_ante,same_month_historical_mean,2016-12-01,1,1629471.0,1522050.75,710653.1753409331,2333448.3246590667,1713807.0,-107420.25,107420.25,2016,12,pre_pandemic,True,True,2016-11-30,2016-08-01,3
run_20260811T162732Z_6bbfe89e,one_step_201612,one_step_ex_ante,seasonal_moving_average_3,2016-12-01,1,1629471.0,1667192.0,818885.8805145072,2515498.119485493,1713807.0,37721.0,37721.0,2016,12,pre_pandemic,True,True,2016-11-30,2016-08-01,3
run_20260811T162732Z_6bbfe89e,one_step_201701,one_step_ex_ante,naive_last,2017-01-01,1,1568344.0,4014930.0,572627.5599796125,7457232.440020388,1691287.0,2446586.0,2446586.0,2017,1,pre_pandemic,True,True,2016-12-31,2016-09-01,3
run_20260811T162732Z_6bbfe89e,one_step_201701,one_step_ex_ante,seasonal_naive,2017-01-01,1,1568344.0,1691287.0,824007.229581694,2558566.770418306,1691287.0,122943.0,122943.0,2017,1,pre_pandemic,True,True,2016-12-31,2016-09-01,3
run_20260811T162732Z_6bbfe89e,one_step_201701,one_step_ex_ante,drift,2017-01-01,1,1568344.0,4124245.153846154,-1999613.3335618172,10248103.641254125,1691287.0,2555901.153846154,2555901.153846154,2017,1,pre_pandemic,True,True,2016-12-31,2016-09-01,3
run_20260811T162732Z_6bbfe89e,one_step_201701,one_step_ex_ante,same_month_historical_mean,2017-01-01,1,1568344.0,1406534.888888889,586388.2898209932,2226681.4879567847,1691287.0,-161809.111111111,161809.111111111,2017,1,pre_pandemic,True,True,2016-12-31,2016-09-01,3
run_20260811T162732Z_6bbfe89e,one_step_201701,one_step_ex_ante,seasonal_moving_average_3,2017-01-01,1,1568344.0,1676230.0,775810.2831457212,2576649.716854279,1691287.0,107886.0,107886.0,2017,1,pre_pandemic,True,True,2016-12-31,2016-09-01,3
run_20260811T162732Z_6bbfe89e,one_step_201702,one_step_ex_ante,naive_last,2017-02-01,1,1432342.0,3190334.0,-250846.0416761525,6631514.0416761525,1517504.0,1757992.0,1757992.0,2017,2,pre_pandemic,True,True,2017-01-31,2016-10-01,3
run_20260811T162732Z_6bbfe89e,one_step_201702,one_step_ex_ante,seasonal_naive,2017-02-01,1,1432342.0,1517504.0,631950.3336547053,2403057.6663452946,1517504.0,85162.0,85162.0,2017,2,pre_pandemic,True,True,2017-01-31,2016-10-01,3
run_20260811T162732Z_6bbfe89e,one_step_201702,one_step_ex_ante,drift,2017-02-01,1,1432342.0,3267194.876190476,-2571360.95037314,9105750.702754091,1517504.0,1834852.8761904761,1834852.8761904761,2017,2,pre_pandemic,True,True,2017-01-31,2016-10-01,3
run_20260811T162732Z_6bbfe89e,one_step_201702,one_step_ex_ante,same_month_historical_mean,2017-02-01,1,1432342.0,1303276.2222222222,478932.38509751344,2127620.059346931,1517504.0,-129065.77777777775,129065.77777777775,2017,2,pre_pandemic,True,True,2017-01-31,2016-10-01,3
run_20260811T162732Z_6bbfe89e,one_step_201702,one_step_ex_ante,seasonal_moving_average_3,2017-02-01,1,1432342.0,1535224.6666666667,611441.4851798725,2459007.848153461,1517504.0,102882.66666666674,102882.66666666674,2017,2,pre_pandemic,True,True,2017-01-31,2016-10-01,3
run_20260811T162732Z_6bbfe89e,one_step_201703,one_step_ex_ante,naive_last,2017-03-01,1,1844076.0,1879625.0,-1582359.0515374392,5341609.051537439,1898762.0,35549.0,35549.0,2017,3,pre_pandemic,True,True,2017-02-28,2016-11-01,3
run_20260811T162732Z_6bbfe89e,one_step_201703,one_step_ex_ante,seasonal_naive,2017-03-01,1,1844076.0,1898762.0,1014859.0284122211,2782664.971587779,1898762.0,54686.0,54686.0,2017,3,pre_pandemic,True,True,2017-02-28,2016-11-01,3
run_20260811T162732Z_6bbfe89e,one_step_201703,one_step_ex_ante,drift,2017-03-01,1,1844076.0,1906300.0566037735,-3818863.771062605,7631463.884270152,1898762.0,62224.0566037735,62224.0566037735,2017,3,pre_pandemic,True,True,2017-02-28,2016-11-01,3
run_20260811T162732Z_6bbfe89e,one_step_201703,one_step_ex_ante,same_month_historical_mean,2017-03-01,1,1844076.0,1737273.0,915966.8471097946,2558579.1528902054,1898762.0,-106803.0,106803.0,2017,3,pre_pandemic,True,True,2017-02-28,2016-11-01,3
run_20260811T162732Z_6bbfe89e,one_step_201703,one_step_ex_ante,seasonal_moving_average_3,2017-03-01,1,1844076.0,1961173.6666666667,1037872.6907257739,2884474.6426075594,1898762.0,117097.66666666674,117097.66666666674,2017,3,pre_pandemic,True,True,2017-02-28,2016-11-01,3
run_20260811T162732Z_6bbfe89e,one_step_201704,one_step_ex_ante,naive_last,2017-04-01,1,2278538.0,1629471.0,-1817518.4602560843,5076460.460256085,2049238.0,-649067.0,649067.0,2017,4,pre_pandemic,True,True,2017-03-31,2016-12-01,3
run_20260811T162732Z_6bbfe89e,one_step_201704,one_step_ex_ante,seasonal_naive,2017-04-01,1,2278538.0,2049238.0,1169818.0920837815,2928657.9079162185,2049238.0,-229300.0,229300.0,2017,4,pre_pandemic,True,True,2017-03-31,2016-12-01,3
run_20260811T162732Z_6bbfe89e,one_step_201704,one_step_ex_ante,drift,2017-04-01,1,2278538.0,1646545.2056074766,-4102020.943078248,7395111.354293201,2049238.0,-631992.7943925234,631992.7943925234,2017,4,pre_pandemic,True,True,2017-03-31,2016-12-01,3
run_20260811T162732Z_6bbfe89e,one_step_201704,one_step_ex_ante,same_month_historical_mean,2017-04-01,1,2278538.0,2173047.5555555555,1355363.08695459,2990732.024156521,2049238.0,-105490.4444444445,105490.4444444445,2017,4,pre_pandemic,True,True,2017-03-31,2016-12-01,3
run_20260811T162732Z_6bbfe89e,one_step_201704,one_step_ex_ante,seasonal_moving_average_3,2017-04-01,1,2278538.0,2416346.6666666665,1497417.2457389263,3335276.0875944067,2049238.0,137808.6666666665,137808.6666666665,2017,4,pre_pandemic,True,True,2017-03-31,2016-12-01,3
run_20260811T162732Z_6bbfe89e,one_step_201705,one_step_ex_ante,naive_last,2017-05-01,1,3095282.0,1568344.0,-1862588.8949685404,4999276.89496854,2749648.0,-1526938.0,1526938.0,2017,5,pre_pandemic,True,True,2017-04-30,2017-01-01,3
run_20260811T162732Z_6bbfe89e,one_step_201705,one_step_ex_ante,seasonal_naive,2017-05-01,1,3095282.0,2749648.0,1874455.6446964052,3624840.355303595,2749648.0,-345634.0,345634.0,2017,5,pre_pandemic,True,True,2017-04-30,2017-01-01,3
run_20260811T162732Z_6bbfe89e,one_step_201705,one_step_ex_ante,drift,2017-05-01,1,3095282.0,1582996.148148148,-4176552.5037862407,7342544.800082537,2749648.0,-1512285.851851852,1512285.851851852,2017,5,pre_pandemic,True,True,2017-04-30,2017-01-01,3
run_20260811T162732Z_6bbfe89e,one_step_201705,one_step_ex_ante,same_month_historical_mean,2017-05-01,1,3095282.0,3216080.111111111,2401675.282591619,4030484.939630603,2749648.0,120798.11111111101,120798.11111111101,2017,5,pre_pandemic,True,True,2017-04-30,2017-01-01,3
run_20260811T162732Z_6bbfe89e,one_step_201705,one_step_ex_ante,seasonal_moving_average_3,2017-05-01,1,3095282.0,3462848.0,2547667.261383121,4378028.738616879,2749648.0,367566.0,367566.0,2017,5,pre_pandemic,True,True,2017-04-30,2017-01-01,3
run_20260811T162732Z_6bbfe89e,one_step_201706,one_step_ex_ante,naive_last,2017-06-01,1,3489572.0,1432342.0,-1983072.5914496556,4847756.591449656,2696149.0,-2057230.0,2057230.0,2017,6,pre_pandemic,True,True,2017-05-31,2017-02-01,3
run_20260811T162732Z_6bbfe89e,one_step_201706,one_step_ex_ante,seasonal_naive,2017-06-01,1,3489572.0,2696149.0,1825305.8539028172,3566992.1460971828,2696149.0,-793423.0,793423.0,2017,6,pre_pandemic,True,True,2017-05-31,2017-02-01,3
run_20260811T162732Z_6bbfe89e,one_step_201706,one_step_ex_ante,drift,2017-06-01,1,3489572.0,1441868.8256880734,-4337240.2357746735,7220977.88715082,2696149.0,-2047703.1743119266,2047703.1743119266,2017,6,pre_pandemic,True,True,2017-05-31,2017-02-01,3
run_20260811T162732Z_6bbfe89e,one_step_201706,one_step_ex_ante,same_month_historical_mean,2017-06-01,1,3489572.0,3708726.888888889,2897740.64989779,4519713.1278799875,2696149.0,219154.888888889,219154.888888889,2017,6,pre_pandemic,True,True,2017-05-31,2017-02-01,3
run_20260811T162732Z_6bbfe89e,one_step_201706,one_step_ex_ante,seasonal_moving_average_3,2017-06-01,1,3489572.0,3858634.3333333335,2947207.568525458,4770061.098141209,2696149.0,369062.3333333335,369062.3333333335,2017,6,pre_pandemic,True,True,2017-05-31,2017-02-01,3
run_20260811T162732Z_6bbfe89e,one_step_201707,one_step_ex_ante,naive_last,2017-07-01,1,5032488.0,1844076.0,-1559076.306089032,5247228.306089032,3482544.0,-3188412.0,3188412.0,2017,7,pre_pandemic,True,True,2017-06-30,2017-03-01,3
run_20260811T162732Z_6bbfe89e,one_step_201707,one_step_ex_ante,seasonal_naive,2017-07-01,1,5032488.0,3482544.0,2616083.855307366,4349004.144692634,3482544.0,-1549944.0,1549944.0,2017,7,pre_pandemic,True,True,2017-06-30,2017-03-01,3
run_20260811T162732Z_6bbfe89e,one_step_201707,one_step_ex_ante,drift,2017-07-01,1,5032488.0,1868488.3636363635,-3894992.1251818864,7631968.852454613,3482544.0,-3163999.6363636367,3163999.6363636367,2017,7,pre_pandemic,True,True,2017-06-30,2017-03-01,3
run_20260811T162732Z_6bbfe89e,one_step_201707,one_step_ex_ante,same_month_historical_mean,2017-07-01,1,5032488.0,4580947.0,3773433.457989153,5388460.542010847,3482544.0,-451541.0,451541.0,2017,7,pre_pandemic,True,True,2017-06-30,2017-03-01,3
run_20260811T162732Z_6bbfe89e,one_step_201707,one_step_ex_ante,seasonal_moving_average_3,2017-07-01,1,5032488.0,4559971.0,3652123.8392221127,5467818.160777887,3482544.0,-472517.0,472517.0,2017,7,pre_pandemic,True,True,2017-06-30,2017-03-01,3
run_20260811T162732Z_6bbfe89e,one_step_201708,one_step_ex_ante,naive_last,2017-08-01,1,6323888.0,2278538.0,-1112857.0863167252,5669933.086316725,4565837.0,-4045350.0,4045350.0,2017,8,pre_pandemic,True,True,2017-07-31,2017-04-01,3
run_20260811T162732Z_6bbfe89e,one_step_201708,one_step_ex_ante,seasonal_naive,2017-08-01,1,6323888.0,4565837.0,3702605.9488156745,5429068.0511843255,4565837.0,-1758051.0,1758051.0,2017,8,pre_pandemic,True,True,2017-07-31,2017-04-01,3
run_20260811T162732Z_6bbfe89e,one_step_201708,one_step_ex_ante,drift,2017-08-01,1,6323888.0,2318386.720720721,-3468872.1567940484,8105645.59823549,4565837.0,-4005501.279279279,4005501.279279279,2017,8,pre_pandemic,True,True,2017-07-31,2017-04-01,3
run_20260811T162732Z_6bbfe89e,one_step_201708,one_step_ex_ante,same_month_historical_mean,2017-08-01,1,6323888.0,5596855.333333333,4792771.908829624,6400938.757837042,4565837.0,-727032.666666667,727032.666666667,2017,8,pre_pandemic,True,True,2017-07-31,2017-04-01,3
run_20260811T162732Z_6bbfe89e,one_step_201708,one_step_ex_ante,seasonal_moving_average_3,2017-08-01,1,6323888.0,5983390.666666667,5078881.003534304,6887900.32979903,4565837.0,-340497.333333333,340497.333333333,2017,8,pre_pandemic,True,True,2017-07-31,2017-04-01,3
run_20260811T162732Z_6bbfe89e,one_step_201709,one_step_ex_ante,naive_last,2017-09-01,1,5306888.0,3095282.0,-294001.5144886933,6484565.514488693,4014930.0,-2211606.0,2211606.0,2017,9,pre_pandemic,True,True,2017-08-31,2017-05-01,3
run_20260811T162732Z_6bbfe89e,one_step_201709,one_step_ex_ante,seasonal_naive,2017-09-01,1,5306888.0,4014930.0,3153438.380784654,4876421.619215346,4014930.0,-1291958.0,1291958.0,2017,9,pre_pandemic,True,True,2017-08-31,2017-05-01,3
run_20260811T162732Z_6bbfe89e,one_step_201709,one_step_ex_ante,drift,2017-09-01,1,5306888.0,3163944.3571428573,-2783031.695700559,9110920.409986272,4014930.0,-2142943.6428571427,2142943.6428571427,2017,9,pre_pandemic,True,True,2017-08-31,2017-05-01,3
run_20260811T162732Z_6bbfe89e,one_step_201709,one_step_ex_ante,same_month_historical_mean,2017-09-01,1,5306888.0,4719099.444444444,3918332.4193440666,5519866.469544821,4014930.0,-587788.555555556,587788.555555556,2017,9,pre_pandemic,True,True,2017-08-31,2017-05-01,3
run_20260811T162732Z_6bbfe89e,one_step_201709,one_step_ex_ante,seasonal_moving_average_3,2017-09-01,1,5306888.0,4975411.333333333,4070764.957832915,5880057.708833751,4014930.0,-331476.666666667,331476.666666667,2017,9,pre_pandemic,True,True,2017-08-31,2017-05-01,3
run_20260811T162732Z_6bbfe89e,one_step_201710,one_step_ex_ante,naive_last,2017-10-01,1,3913759.0,3489572.0,112588.48606424406,6866555.513935756,3190334.0,-424187.0,424187.0,2017,10,pre_pandemic,True,True,2017-09-30,2017-06-01,3
run_20260811T162732Z_6bbfe89e,one_step_201710,one_step_ex_ante,seasonal_naive,2017-10-01,1,3913759.0,3190334.0,2319634.6956574577,4061033.3043425423,3190334.0,-723425.0,723425.0,2017,10,pre_pandemic,True,True,2017-09-30,2017-06-01,3
run_20260811T162732Z_6bbfe89e,one_step_201710,one_step_ex_ante,drift,2017-10-01,1,3913759.0,3571583.8938053097,-2483843.7636564677,9627011.551267087,3190334.0,-342175.10619469034,342175.10619469034,2017,10,pre_pandemic,True,True,2017-09-30,2017-06-01,3
run_20260811T162732Z_6bbfe89e,one_step_201710,one_step_ex_ante,same_month_historical_mean,2017-10-01,1,3913759.0,3758968.888888889,2960831.8566718125,4557105.921105965,3190334.0,-154790.111111111,154790.111111111,2017,10,pre_pandemic,True,True,2017-09-30,2017-06-01,3
run_20260811T162732Z_6bbfe89e,one_step_201710,one_step_ex_ante,seasonal_moving_average_3,2017-10-01,1,3913759.0,3881806.3333333335,2977087.324425316,4786525.342241351,3190334.0,-31952.66666666651,31952.66666666651,2017,10,pre_pandemic,True,True,2017-09-30,2017-06-01,3
run_20260811T162732Z_6bbfe89e,one_step_201711,one_step_ex_ante,naive_last,2017-11-01,1,2293847.0,5032488.0,1624335.8700464196,8440640.12995358,1879625.0,2738641.0,2738641.0,2017,11,pre_pandemic,True,True,2017-10-31,2017-07-01,3
run_20260811T162732Z_6bbfe89e,one_step_201711,one_step_ex_ante,seasonal_naive,2017-11-01,1,2293847.0,1879625.0,963874.312063483,2795375.687936517,1879625.0,-414222.0,414222.0,2017,11,pre_pandemic,True,True,2017-10-31,2017-07-01,3
run_20260811T162732Z_6bbfe89e,one_step_201711,one_step_ex_ante,drift,2017-11-01,1,2293847.0,5167917.894736842,-1641162.2386435838,11976998.02811727,1879625.0,2874070.8947368423,2874070.8947368423,2017,11,pre_pandemic,True,True,2017-10-31,2017-07-01,3
run_20260811T162732Z_6bbfe89e,one_step_201711,one_step_ex_ante,same_month_historical_mean,2017-11-01,1,2293847.0,2065712.6666666667,1267202.6691703356,2864222.664162998,1879625.0,-228134.33333333326,228134.33333333326,2017,11,pre_pandemic,True,True,2017-10-31,2017-07-01,3
run_20260811T162732Z_6bbfe89e,one_step_201711,one_step_ex_ante,seasonal_moving_average_3,2017-11-01,1,2293847.0,2126998.6666666665,1223761.7097388885,3030235.6235944442,1879625.0,-166848.3333333335,166848.3333333335,2017,11,pre_pandemic,True,True,2017-10-31,2017-07-01,3
run_20260811T162732Z_6bbfe89e,one_step_201712,one_step_ex_ante,naive_last,2017-12-01,1,2041323.0,6323888.0,2899722.025083924,9748053.974916076,1629471.0,4282565.0,4282565.0,2017,12,pre_pandemic,True,True,2017-11-30,2017-08-01,3
run_20260811T162732Z_6bbfe89e,one_step_201712,one_step_ex_ante,seasonal_naive,2017-12-01,1,2041323.0,1629471.0,659512.9558109829,2599429.0441890173,1629471.0,-411852.0,411852.0,2017,12,pre_pandemic,True,True,2017-11-30,2017-08-01,3
run_20260811T162732Z_6bbfe89e,one_step_201712,one_step_ex_ante,drift,2017-12-01,1,2041323.0,6503058.504347826,-1150473.4422202678,14156590.450915921,1629471.0,4461735.504347826,4461735.504347826,2017,12,pre_pandemic,True,True,2017-11-30,2017-08-01,3
run_20260811T162732Z_6bbfe89e,one_step_201712,one_step_ex_ante,same_month_historical_mean,2017-12-01,1,2041323.0,1533986.3333333333,729023.8389191437,2338948.827747523,1629471.0,-507336.66666666674,507336.66666666674,2017,12,pre_pandemic,True,True,2017-11-30,2017-08-01,3
run_20260811T162732Z_6bbfe89e,one_step_201712,one_step_ex_ante,seasonal_moving_average_3,2017-12-01,1,2041323.0,1694608.0,794555.114922688,2594660.885077312,1629471.0,-346715.0,346715.0,2017,12,pre_pandemic,True,True,2017-11-30,2017-08-01,3
run_20260811T162732Z_6bbfe89e,one_step_201801,one_step_ex_ante,naive_last,2018-01-01,1,2045341.0,5306888.0,1875809.8371752095,8737966.16282479,1568344.0,3261547.0,3261547.0,2018,1,pre_pandemic,True,True,2017-12-31,2017-09-01,3
run_20260811T162732Z_6bbfe89e,one_step_201801,one_step_ex_ante,seasonal_naive,2018-01-01,1,2045341.0,1568344.0,574083.1318016662,2562604.868198334,1568344.0,-476997.0,476997.0,2018,1,pre_pandemic,True,True,2017-12-31,2017-09-01,3
run_20260811T162732Z_6bbfe89e,one_step_201801,one_step_ex_ante,drift,2018-01-01,1,2045341.0,5449444.9655172415,-1445628.8744122973,12344518.805446781,1568344.0,3404103.9655172415,3404103.9655172415,2018,1,pre_pandemic,True,True,2017-12-31,2017-09-01,3
run_20260811T162732Z_6bbfe89e,one_step_201801,one_step_ex_ante,same_month_historical_mean,2018-01-01,1,2045341.0,1422715.8,614832.1414302319,2230599.4585697684,1568344.0,-622625.2,622625.2,2018,1,pre_pandemic,True,True,2017-12-31,2017-09-01,3
run_20260811T162732Z_6bbfe89e,one_step_201801,one_step_ex_ante,seasonal_moving_average_3,2018-01-01,1,2045341.0,1673878.3333333333,777069.0379136063,2570687.6287530605,1568344.0,-371462.66666666674,371462.66666666674,2018,1,pre_pandemic,True,True,2017-12-31,2017-09-01,3
run_20260811T162732Z_6bbfe89e,one_step_201802,one_step_ex_ante,naive_last,2018-02-01,1,1806822.0,3913759.0,458486.1842804686,7369031.815719532,1432342.0,2106937.0,2106937.0,2018,2,pre_pandemic,True,True,2018-01-31,2017-10-01,3
run_20260811T162732Z_6bbfe89e,one_step_201802,one_step_ex_ante,seasonal_naive,2018-02-01,1,1806822.0,1432342.0,434751.767121159,2429932.232878841,1432342.0,-374480.0,374480.0,2018,2,pre_pandemic,True,True,2018-01-31,2017-10-01,3
run_20260811T162732Z_6bbfe89e,one_step_201802,one_step_ex_ante,drift,2018-02-01,1,1806822.0,4007469.188034188,-2140287.590151743,10155225.966220118,1432342.0,2200647.188034188,2200647.188034188,2018,2,pre_pandemic,True,True,2018-01-31,2017-10-01,3
run_20260811T162732Z_6bbfe89e,one_step_201802,one_step_ex_ante,same_month_historical_mean,2018-02-01,1,1806822.0,1316182.8,511319.0921840968,2121046.507815903,1432342.0,-490639.19999999995,490639.19999999995,2018,2,pre_pandemic,True,True,2018-01-31,2017-10-01,3
run_20260811T162732Z_6bbfe89e,one_step_201802,one_step_ex_ante,seasonal_moving_average_3,2018-02-01,1,1806822.0,1504923.6666666667,612295.0502769619,2397552.283056372,1432342.0,-301898.33333333326,301898.33333333326,2018,2,pre_pandemic,True,True,2018-01-31,2017-10-01,3
run_20260811T162732Z_6bbfe89e,one_step_201803,one_step_ex_ante,naive_last,2018-03-01,1,2270019.0,2293847.0,-1197360.9522591033,5785054.952259103,1844076.0,23828.0,23828.0,2018,3,pre_pandemic,True,True,2018-02-28,2017-11-01,3
run_20260811T162732Z_6bbfe89e,one_step_201803,one_step_ex_ante,seasonal_naive,2018-03-01,1,2270019.0,1844076.0,848991.0528560757,2839160.9471439244,1844076.0,-425943.0,425943.0,2018,3,pre_pandemic,True,True,2018-02-28,2017-11-01,3
run_20260811T162732Z_6bbfe89e,one_step_201803,one_step_ex_ante,drift,2018-03-01,1,2270019.0,2331850.7627118644,-3447853.568998502,8111555.0944222305,1844076.0,61831.76271186443,61831.76271186443,2018,3,pre_pandemic,True,True,2018-02-28,2017-11-01,3
run_20260811T162732Z_6bbfe89e,one_step_201803,one_step_ex_ante,same_month_historical_mean,2018-03-01,1,2270019.0,1747953.3,945556.516342746,2550350.083657254,1844076.0,-522065.69999999995,522065.69999999995,2018,3,pre_pandemic,True,True,2018-02-28,2017-11-01,3
run_20260811T162732Z_6bbfe89e,one_step_201803,one_step_ex_ante,seasonal_moving_average_3,2018-03-01,1,2270019.0,1920161.0,1031666.5801639351,2808655.419836065,1844076.0,-349858.0,349858.0,2018,3,pre_pandemic,True,True,2018-02-28,2017-11-01,3
run_20260811T162732Z_6bbfe89e,one_step_201804,one_step_ex_ante,naive_last,2018-04-01,1,2870569.0,2041323.0,-1436335.0675582252,5518981.067558225,2278538.0,-829246.0,829246.0,2018,4,pre_pandemic,True,True,2018-03-31,2017-12-01,3
run_20260811T162732Z_6bbfe89e,one_step_201804,one_step_ex_ante,seasonal_naive,2018-04-01,1,2870569.0,2278538.0,1285987.6264213452,3271088.3735786546,2278538.0,-592031.0,592031.0,2018,4,pre_pandemic,True,True,2018-03-31,2017-12-01,3
run_20260811T162732Z_6bbfe89e,one_step_201804,one_step_ex_ante,drift,2018-04-01,1,2870569.0,2070519.2016806724,-3699595.1868453985,7840633.590206743,2278538.0,-800049.7983193276,800049.7983193276,2018,4,pre_pandemic,True,True,2018-03-31,2017-12-01,3
run_20260811T162732Z_6bbfe89e,one_step_201804,one_step_ex_ante,same_month_historical_mean,2018-04-01,1,2870569.0,2183596.6,1379912.487879618,2987280.712120382,2278538.0,-686972.3999999999,686972.3999999999,2018,4,pre_pandemic,True,True,2018-03-31,2017-12-01,3
run_20260811T162732Z_6bbfe89e,one_step_201804,one_step_ex_ante,seasonal_moving_average_3,2018-04-01,1,2870569.0,2318146.3333333335,1432611.0297243227,3203681.6369423443,2278538.0,-552422.6666666665,552422.6666666665,2018,4,pre_pandemic,True,True,2018-03-31,2017-12-01,3
run_20260811T162732Z_6bbfe89e,one_step_201805,one_step_ex_ante,naive_last,2018-05-01,1,3790524.0,2045341.0,-1417674.4307402354,5508356.430740235,3095282.0,-1745183.0,1745183.0,2018,5,pre_pandemic,True,True,2018-04-30,2018-01-01,3
run_20260811T162732Z_6bbfe89e,one_step_201805,one_step_ex_ante,seasonal_naive,2018-05-01,1,3790524.0,3095282.0,2104398.0825018524,4086165.9174981476,3095282.0,-695242.0,695242.0,2018,5,pre_pandemic,True,True,2018-04-30,2018-01-01,3
run_20260811T162732Z_6bbfe89e,one_step_201805,one_step_ex_ante,drift,2018-05-01,1,3790524.0,2074427.8333333333,-3693210.4970028903,7842066.163669556,3095282.0,-1716096.1666666667,1716096.1666666667,2018,5,pre_pandemic,True,True,2018-04-30,2018-01-01,3
run_20260811T162732Z_6bbfe89e,one_step_201805,one_step_ex_ante,same_month_historical_mean,2018-05-01,1,3790524.0,3204000.3,2396654.4555697273,4011346.1444302723,3095282.0,-586523.7000000002,586523.7000000002,2018,5,pre_pandemic,True,True,2018-04-30,2018-01-01,3
run_20260811T162732Z_6bbfe89e,one_step_201805,one_step_ex_ante,seasonal_moving_average_3,2018-05-01,1,3790524.0,3206647.6666666665,2323796.5712939342,4089498.762039399,3095282.0,-583876.3333333335,583876.3333333335,2018,5,pre_pandemic,True,True,2018-04-30,2018-01-01,3
run_20260811T162732Z_6bbfe89e,one_step_201806,one_step_ex_ante,naive_last,2018-06-01,1,4406894.0,1806822.0,-1642846.165673241,5256490.165673241,3489572.0,-2600072.0,2600072.0,2018,6,pre_pandemic,True,True,2018-05-31,2018-02-01,3
run_20260811T162732Z_6bbfe89e,one_step_201806,one_step_ex_ante,seasonal_naive,2018-06-01,1,4406894.0,3489572.0,2501651.7973893927,4477492.202610607,3489572.0,-917322.0,917322.0,2018,6,pre_pandemic,True,True,2018-05-31,2018-02-01,3
run_20260811T162732Z_6bbfe89e,one_step_201806,one_step_ex_ante,drift,2018-06-01,1,4406894.0,1827783.520661157,-3940552.777361511,7596119.818683825,3489572.0,-2579110.479338843,2579110.479338843,2018,6,pre_pandemic,True,True,2018-05-31,2018-02-01,3
run_20260811T162732Z_6bbfe89e,one_step_201806,one_step_ex_ante,same_month_historical_mean,2018-06-01,1,4406894.0,3686811.4,2878499.4551908122,4495123.344809188,3489572.0,-720082.6000000001,720082.6000000001,2018,6,pre_pandemic,True,True,2018-05-31,2018-02-01,3
run_20260811T162732Z_6bbfe89e,one_step_201806,one_step_ex_ante,seasonal_moving_average_3,2018-06-01,1,4406894.0,3511798.6666666665,2632250.8697730466,4391346.463560286,3489572.0,-895095.3333333335,895095.3333333335,2018,6,pre_pandemic,True,True,2018-05-31,2018-02-01,3
run_20260811T162732Z_6bbfe89e,one_step_201807,one_step_ex_ante,naive_last,2018-07-01,1,5712975.0,2270019.0,-1169207.1144834124,5709245.114483412,5032488.0,-3442956.0,3442956.0,2018,7,pre_pandemic,True,True,2018-06-30,2018-03-01,3
run_20260811T162732Z_6bbfe89e,one_step_201807,one_step_ex_ante,seasonal_naive,2018-07-01,1,5712975.0,5032488.0,4046930.894033882,6018045.105966118,5032488.0,-680487.0,680487.0,2018,7,pre_pandemic,True,True,2018-06-30,2018-03-01,3
run_20260811T162732Z_6bbfe89e,one_step_201807,one_step_ex_ante,drift,2018-07-01,1,5712975.0,2305995.4918032787,-3475471.8009327785,8087462.784539336,5032488.0,-3406979.5081967213,3406979.5081967213,2018,7,pre_pandemic,True,True,2018-06-30,2018-03-01,3
run_20260811T162732Z_6bbfe89e,one_step_201807,one_step_ex_ante,same_month_historical_mean,2018-07-01,1,5712975.0,4626101.1,3816277.3486522185,5435924.851347781,5032488.0,-1086873.9000000004,1086873.9000000004,2018,7,pre_pandemic,True,True,2018-06-30,2018-03-01,3
run_20260811T162732Z_6bbfe89e,one_step_201807,one_step_ex_ante,seasonal_moving_average_3,2018-07-01,1,5712975.0,4586665.666666667,3709975.2983094007,5463356.035023933,5032488.0,-1126309.333333333,1126309.333333333,2018,7,pre_pandemic,True,True,2018-06-30,2018-03-01,3
run_20260811T162732Z_6bbfe89e,one_step_201808,one_step_ex_ante,naive_last,2018-08-01,1,7052433.0,2870569.0,-560908.7287607547,6302046.728760755,6323888.0,-4181864.0,4181864.0,2018,8,pre_pandemic,True,True,2018-07-31,2018-04-01,3
run_20260811T162732Z_6bbfe89e,one_step_201808,one_step_ex_ante,seasonal_naive,2018-08-01,1,7052433.0,6323888.0,5338214.373648705,7309561.626351295,6323888.0,-728545.0,728545.0,2018,8,pre_pandemic,True,True,2018-07-31,2018-04-01,3
run_20260811T162732Z_6bbfe89e,one_step_201808,one_step_ex_ante,drift,2018-08-01,1,7052433.0,2925783.081300813,-2942332.618394376,8793898.780996002,6323888.0,-4126649.918699187,4126649.918699187,2018,8,pre_pandemic,True,True,2018-07-31,2018-04-01,3
run_20260811T162732Z_6bbfe89e,one_step_201808,one_step_ex_ante,same_month_historical_mean,2018-08-01,1,7052433.0,5669558.6,4854769.164518626,6484348.035481373,6323888.0,-1382874.4000000004,1382874.4000000004,2018,8,pre_pandemic,True,True,2018-07-31,2018-04-01,3
run_20260811T162732Z_6bbfe89e,one_step_201808,one_step_ex_ante,seasonal_moving_average_3,2018-08-01,1,7052433.0,5879477.666666667,5002920.73180622,6756034.601527114,6323888.0,-1172955.333333333,1172955.333333333,2018,8,pre_pandemic,True,True,2018-07-31,2018-04-01,3
run_20260811T162732Z_6bbfe89e,one_step_201809,one_step_ex_ante,naive_last,2018-09-01,1,6021357.0,3790524.0,358169.44831076916,7222878.551689231,5306888.0,-2230833.0,2230833.0,2018,9,pre_pandemic,True,True,2018-08-31,2018-05-01,3
run_20260811T162732Z_6bbfe89e,one_step_201809,one_step_ex_ante,seasonal_naive,2018-09-01,1,6021357.0,5306888.0,4319193.031545193,6294582.968454807,5306888.0,-714469.0,714469.0,2018,9,pre_pandemic,True,True,2018-08-31,2018-05-01,3
run_20260811T162732Z_6bbfe89e,one_step_201809,one_step_ex_ante,drift,2018-09-01,1,6021357.0,3874968.7741935486,-2271538.135812355,10021475.684199452,5306888.0,-2146388.2258064514,2146388.2258064514,2018,9,pre_pandemic,True,True,2018-08-31,2018-05-01,3
run_20260811T162732Z_6bbfe89e,one_step_201809,one_step_ex_ante,same_month_historical_mean,2018-09-01,1,6021357.0,4777878.3,3960433.281563187,5595323.318436813,5306888.0,-1243478.7000000002,1243478.7000000002,2018,9,pre_pandemic,True,True,2018-08-31,2018-05-01,3
run_20260811T162732Z_6bbfe89e,one_step_201809,one_step_ex_ante,seasonal_moving_average_3,2018-09-01,1,6021357.0,4912380.0,4035468.00929018,5789291.99070982,5306888.0,-1108977.0,1108977.0,2018,9,pre_pandemic,True,True,2018-08-31,2018-05-01,3
run_20260811T162732Z_6bbfe89e,one_step_201810,one_step_ex_ante,naive_last,2018-10-01,1,4791439.0,4406894.0,982042.7296596086,7831745.270340391,3913759.0,-384545.0,384545.0,2018,10,pre_pandemic,True,True,2018-09-30,2018-06-01,3
run_20260811T162732Z_6bbfe89e,one_step_201810,one_step_ex_ante,seasonal_naive,2018-10-01,1,4791439.0,3913759.0,2918794.0479161367,4908723.952083863,3913759.0,-877680.0,877680.0,2018,10,pre_pandemic,True,True,2018-09-30,2018-06-01,3
run_20260811T162732Z_6bbfe89e,one_step_201810,one_step_ex_ante,drift,2018-10-01,1,4791439.0,4510387.056,-1890719.4073716747,10911493.519371673,3913759.0,-281051.94400000013,281051.94400000013,2018,10,pre_pandemic,True,True,2018-09-30,2018-06-01,3
run_20260811T162732Z_6bbfe89e,one_step_201810,one_step_ex_ante,same_month_historical_mean,2018-10-01,1,4791439.0,3774447.9,2951430.9203835474,4597464.879616452,3913759.0,-1016991.1000000001,1016991.1000000001,2018,10,pre_pandemic,True,True,2018-09-30,2018-06-01,3
run_20260811T162732Z_6bbfe89e,one_step_201810,one_step_ex_ante,seasonal_moving_average_3,2018-10-01,1,4791439.0,3755299.6666666665,2870724.5172007736,4639874.816132559,3913759.0,-1036139.3333333335,1036139.3333333335,2018,10,pre_pandemic,True,True,2018-09-30,2018-06-01,3
run_20260811T162732Z_6bbfe89e,one_step_201811,one_step_ex_ante,naive_last,2018-11-01,1,2679420.0,5712975.0,2272678.6649996056,9153271.335000394,2293847.0,3033555.0,3033555.0,2018,11,pre_pandemic,True,True,2018-10-31,2018-07-01,3
run_20260811T162732Z_6bbfe89e,one_step_201811,one_step_ex_ante,seasonal_naive,2018-11-01,1,2679420.0,2293847.0,1297542.8003430516,3290151.1996569484,2293847.0,-385573.0,385573.0,2018,11,pre_pandemic,True,True,2018-10-31,2018-07-01,3
run_20260811T162732Z_6bbfe89e,one_step_201811,one_step_ex_ante,drift,2018-11-01,1,2679420.0,5857109.571428572,-1294990.1929767048,13009209.335833848,2293847.0,3177689.571428572,3177689.571428572,2018,11,pre_pandemic,True,True,2018-10-31,2018-07-01,3
run_20260811T162732Z_6bbfe89e,one_step_201811,one_step_ex_ante,same_month_historical_mean,2018-11-01,1,2679420.0,2088526.1,1249048.8522176535,2928003.3477823464,2293847.0,-590893.8999999999,590893.8999999999,2018,11,pre_pandemic,True,True,2018-10-31,2018-07-01,3
run_20260811T162732Z_6bbfe89e,one_step_201811,one_step_ex_ante,seasonal_moving_average_3,2018-11-01,1,2679420.0,2136823.3333333335,1237347.9737847643,3036298.6928819027,2293847.0,-542596.6666666665,542596.6666666665,2018,11,pre_pandemic,True,True,2018-10-31,2018-07-01,3
run_20260811T162732Z_6bbfe89e,one_step_201812,one_step_ex_ante,naive_last,2018-12-01,1,2180881.0,7052433.0,3595952.3662269707,10508913.633773029,2041323.0,4871552.0,4871552.0,2018,12,pre_pandemic,True,True,2018-11-30,2018-08-01,3
run_20260811T162732Z_6bbfe89e,one_step_201812,one_step_ex_ante,seasonal_naive,2018-12-01,1,2180881.0,2041323.0,1042842.0225998167,3039803.977400183,2041323.0,-139558.0,139558.0,2018,12,pre_pandemic,True,True,2018-11-30,2018-08-01,3
run_20260811T162732Z_6bbfe89e,one_step_201812,one_step_ex_ante,drift,2018-12-01,1,2180881.0,7237620.307086614,-861946.5422193473,15337187.156392574,2041323.0,5056739.307086614,5056739.307086614,2018,12,pre_pandemic,True,True,2018-11-30,2018-08-01,3
run_20260811T162732Z_6bbfe89e,one_step_201812,one_step_ex_ante,same_month_historical_mean,2018-12-01,1,2180881.0,1584720.0,717679.940216829,2451760.059783171,2041323.0,-596161.0,596161.0,2018,12,pre_pandemic,True,True,2018-11-30,2018-08-01,3
run_20260811T162732Z_6bbfe89e,one_step_201812,one_step_ex_ante,seasonal_moving_average_3,2018-12-01,1,2180881.0,1794867.0,879584.9167880305,2710149.0832119696,2041323.0,-386014.0,386014.0,2018,12,pre_pandemic,True,True,2018-11-30,2018-08-01,3
run_20260811T162732Z_6bbfe89e,one_step_201901,one_step_ex_ante,naive_last,2019-01-01,1,2226288.0,6021357.0,2558334.295532425,9484379.704467576,2045341.0,3795069.0,3795069.0,2019,1,pre_pandemic,True,True,2018-12-31,2018-09-01,3
run_20260811T162732Z_6bbfe89e,one_step_201901,one_step_ex_ante,seasonal_naive,2019-01-01,1,2226288.0,2045341.0,1045118.6777937685,3045563.3222062318,2045341.0,-180947.0,180947.0,2019,1,pre_pandemic,True,True,2018-12-31,2018-09-01,3
run_20260811T162732Z_6bbfe89e,one_step_201901,one_step_ex_ante,drift,2019-01-01,1,2226288.0,6172876.40625,-1107353.5625464208,13453106.37504642,2045341.0,3946588.40625,3946588.40625,2019,1,pre_pandemic,True,True,2018-12-31,2018-09-01,3
run_20260811T162732Z_6bbfe89e,one_step_201901,one_step_ex_ante,same_month_historical_mean,2019-01-01,1,2226288.0,1479318.0909090908,591584.1584356981,2367052.0233824835,2045341.0,-746969.9090909092,746969.9090909092,2019,1,pre_pandemic,True,True,2018-12-31,2018-09-01,3
run_20260811T162732Z_6bbfe89e,one_step_201901,one_step_ex_ante,seasonal_moving_average_3,2019-01-01,1,2226288.0,1768324.0,840350.1526750585,2696297.8473249413,2045341.0,-457964.0,457964.0,2019,1,pre_pandemic,True,True,2018-12-31,2018-09-01,3
run_20260811T162732Z_6bbfe89e,one_step_201902,one_step_ex_ante,naive_last,2019-02-01,1,1944957.0,4791439.0,1314329.634399163,8268548.365600837,1806822.0,2846482.0,2846482.0,2019,2,pre_pandemic,True,True,2019-01-31,2018-10-01,3
run_20260811T162732Z_6bbfe89e,one_step_201902,one_step_ex_ante,seasonal_naive,2019-02-01,1,1944957.0,1806822.0,801377.2192767385,2812266.7807232616,1806822.0,-138135.0,138135.0,2019,2,pre_pandemic,True,True,2019-01-31,2018-10-01,3
run_20260811T162732Z_6bbfe89e,one_step_201902,one_step_ex_ante,drift,2019-02-01,1,1944957.0,4903646.84496124,-1608426.8732630843,11415720.563185565,1806822.0,2958689.84496124,2958689.84496124,2019,2,pre_pandemic,True,True,2019-01-31,2018-10-01,3
run_20260811T162732Z_6bbfe89e,one_step_201902,one_step_ex_ante,same_month_historical_mean,2019-02-01,1,1944957.0,1360786.3636363635,460807.57925305236,2260765.1480196747,1806822.0,-584170.6363636365,584170.6363636365,2019,2,pre_pandemic,True,True,2019-01-31,2018-10-01,3
run_20260811T162732Z_6bbfe89e,one_step_201902,one_step_ex_ante,seasonal_moving_average_3,2019-02-01,1,1944957.0,1585556.0,647873.9721507321,2523238.027849268,1806822.0,-359401.0,359401.0,2019,2,pre_pandemic,True,True,2019-01-31,2018-10-01,3
run_20260811T162732Z_6bbfe89e,one_step_201903,one_step_ex_ante,naive_last,2019-03-01,1,2473147.0,2679420.0,-861470.4504697677,6220310.450469768,2270019.0,206273.0,206273.0,2019,3,pre_pandemic,True,True,2019-02-28,2018-11-01,3
run_20260811T162732Z_6bbfe89e,one_step_201903,one_step_ex_ante,seasonal_naive,2019-03-01,1,2473147.0,2270019.0,1267704.6023629722,3272333.397637028,2270019.0,-203128.0,203128.0,2019,3,pre_pandemic,True,True,2019-02-28,2018-11-01,3
run_20260811T162732Z_6bbfe89e,one_step_201903,one_step_ex_ante,drift,2019-03-01,1,2473147.0,2725779.5076923077,-3153819.4630714064,8605378.478456022,2270019.0,252632.5076923077,252632.5076923077,2019,3,pre_pandemic,True,True,2019-02-28,2018-11-01,3
run_20260811T162732Z_6bbfe89e,one_step_201903,one_step_ex_ante,same_month_historical_mean,2019-03-01,1,2473147.0,1795413.8181818181,893687.237994509,2697140.398369127,2270019.0,-677733.1818181819,677733.1818181819,2019,3,pre_pandemic,True,True,2019-02-28,2018-11-01,3
run_20260811T162732Z_6bbfe89e,one_step_201903,one_step_ex_ante,seasonal_moving_average_3,2019-03-01,1,2473147.0,2004285.6666666667,1068046.1214226666,2940525.211910667,2270019.0,-468861.33333333326,468861.33333333326,2019,3,pre_pandemic,True,True,2019-02-28,2018-11-01,3
run_20260811T162732Z_6bbfe89e,one_step_201904,one_step_ex_ante,naive_last,2019-04-01,1,3266256.0,2180881.0,-1350688.620741642,5712450.620741642,2870569.0,-1085375.0,1085375.0,2019,4,pre_pandemic,True,True,2019-03-31,2018-12-01,3
run_20260811T162732Z_6bbfe89e,one_step_201904,one_step_ex_ante,seasonal_naive,2019-04-01,1,3266256.0,2870569.0,1872469.9064016822,3868668.093598318,2870569.0,-395687.0,395687.0,2019,4,pre_pandemic,True,True,2019-03-31,2018-12-01,3
run_20260811T162732Z_6bbfe89e,one_step_201904,one_step_ex_ante,drift,2019-04-01,1,3266256.0,2211664.0534351147,-3651592.356954755,8074920.463824984,2870569.0,-1054591.9465648853,1054591.9465648853,2019,4,pre_pandemic,True,True,2019-03-31,2018-12-01,3
run_20260811T162732Z_6bbfe89e,one_step_201904,one_step_ex_ante,same_month_historical_mean,2019-04-01,1,3266256.0,2246048.6363636362,1342512.0081448471,3149585.2645824254,2870569.0,-1020207.3636363638,1020207.3636363638,2019,4,pre_pandemic,True,True,2019-03-31,2018-12-01,3
run_20260811T162732Z_6bbfe89e,one_step_201904,one_step_ex_ante,seasonal_moving_average_3,2019-04-01,1,3266256.0,2399448.3333333335,1466292.0165988342,3332604.650067833,2870569.0,-866807.6666666665,866807.6666666665,2019,4,pre_pandemic,True,True,2019-03-31,2018-12-01,3
run_20260811T162732Z_6bbfe89e,one_step_201905,one_step_ex_ante,naive_last,2019-05-01,1,4219837.0,2226288.0,-1291800.0531137711,5744376.053113772,3790524.0,-1993549.0,1993549.0,2019,5,pre_pandemic,True,True,2019-04-30,2019-01-01,3
run_20260811T162732Z_6bbfe89e,one_step_201905,one_step_ex_ante,seasonal_naive,2019-05-01,1,4219837.0,3790524.0,2796536.9966243114,4784511.003375689,3790524.0,-429313.0,429313.0,2019,5,pre_pandemic,True,True,2019-04-30,2019-01-01,3
run_20260811T162732Z_6bbfe89e,one_step_201905,one_step_ex_ante,drift,2019-05-01,1,4219837.0,2258213.8181818184,-3601302.47404337,8117730.110407007,3790524.0,-1961623.1818181816,1961623.1818181816,2019,5,pre_pandemic,True,True,2019-04-30,2019-01-01,3
run_20260811T162732Z_6bbfe89e,one_step_201905,one_step_ex_ante,same_month_historical_mean,2019-05-01,1,4219837.0,3257320.6363636362,2348982.347420114,4165658.9253071584,3790524.0,-962516.3636363638,962516.3636363638,2019,5,pre_pandemic,True,True,2019-04-30,2019-01-01,3
run_20260811T162732Z_6bbfe89e,one_step_201905,one_step_ex_ante,seasonal_moving_average_3,2019-05-01,1,4219837.0,3211818.0,2281084.6299043032,4142551.3700956968,3790524.0,-1008019.0,1008019.0,2019,5,pre_pandemic,True,True,2019-04-30,2019-01-01,3
run_20260811T162732Z_6bbfe89e,one_step_201906,one_step_ex_ante,naive_last,2019-06-01,1,5276253.0,1944957.0,-1561158.9564225902,5451072.95642259,4406894.0,-3331296.0,3331296.0,2019,6,pre_pandemic,True,True,2019-05-31,2019-02-01,3
run_20260811T162732Z_6bbfe89e,one_step_201906,one_step_ex_ante,seasonal_naive,2019-06-01,1,5276253.0,4406894.0,3417019.043845057,5396768.9561549425,4406894.0,-869359.0,869359.0,2019,6,pre_pandemic,True,True,2019-05-31,2019-02-01,3
run_20260811T162732Z_6bbfe89e,one_step_201906,one_step_ex_ante,drift,2019-06-01,1,5276253.0,1968181.6917293232,-3898835.041518024,7835198.42497667,4406894.0,-3308071.308270677,3308071.308270677,2019,6,pre_pandemic,True,True,2019-05-31,2019-02-01,3
run_20260811T162732Z_6bbfe89e,one_step_201906,one_step_ex_ante,same_month_historical_mean,2019-06-01,1,5276253.0,3752273.4545454546,2842377.8555614064,4662169.053529503,4406894.0,-1523979.5454545454,1523979.5454545454,2019,6,pre_pandemic,True,True,2019-05-31,2019-02-01,3
run_20260811T162732Z_6bbfe89e,one_step_201906,one_step_ex_ante,seasonal_moving_average_3,2019-06-01,1,5276253.0,3530871.6666666665,2603361.0496359705,4458382.283697363,4406894.0,-1745381.3333333335,1745381.3333333335,2019,6,pre_pandemic,True,True,2019-05-31,2019-02-01,3
run_20260811T162732Z_6bbfe89e,one_step_201907,one_step_ex_ante,naive_last,2019-07-01,1,6703045.0,2473147.0,-1024239.6647592634,5970533.664759263,5712975.0,-4229898.0,4229898.0,2019,7,pre_pandemic,True,True,2019-06-30,2019-03-01,3
run_20260811T162732Z_6bbfe89e,one_step_201907,one_step_ex_ante,seasonal_naive,2019-07-01,1,6703045.0,5712975.0,4727062.760677418,6698887.239322582,5712975.0,-990070.0,990070.0,2019,7,pre_pandemic,True,True,2019-06-30,2019-03-01,3
run_20260811T162732Z_6bbfe89e,one_step_201907,one_step_ex_ante,drift,2019-07-01,1,6703045.0,2511965.23880597,-3356970.626098807,8380901.103710747,5712975.0,-4191079.76119403,4191079.76119403,2019,7,pre_pandemic,True,True,2019-06-30,2019-03-01,3
run_20260811T162732Z_6bbfe89e,one_step_201907,one_step_ex_ante,same_month_historical_mean,2019-07-01,1,6703045.0,4724907.818181818,3811780.263602556,5638035.372761081,5712975.0,-1978137.1818181816,1978137.1818181816,2019,7,pre_pandemic,True,True,2019-06-30,2019-03-01,3
run_20260811T162732Z_6bbfe89e,one_step_201907,one_step_ex_ante,seasonal_moving_average_3,2019-07-01,1,6703045.0,4742669.0,3817440.2462558732,5667897.753744127,5712975.0,-1960376.0,1960376.0,2019,7,pre_pandemic,True,True,2019-06-30,2019-03-01,3
run_20260811T162732Z_6bbfe89e,one_step_201908,one_step_ex_ante,naive_last,2019-08-01,1,8167150.0,3266256.0,-228066.04452254064,6760578.044522541,7052433.0,-4900894.0,4900894.0,2019,8,pre_pandemic,True,True,2019-07-31,2019-04-01,3
run_20260811T162732Z_6bbfe89e,one_step_201908,one_step_ex_ante,seasonal_naive,2019-08-01,1,8167150.0,7052433.0,6069367.312443254,8035498.687556746,7052433.0,-1114717.0,1114717.0,2019,8,pre_pandemic,True,True,2019-07-31,2019-04-01,3
run_20260811T162732Z_6bbfe89e,one_step_201908,one_step_ex_ante,drift,2019-08-01,1,8167150.0,3328286.222222222,-2657911.348221477,9314483.792665921,7052433.0,-4838863.777777778,4838863.777777778,2019,8,pre_pandemic,True,True,2019-07-31,2019-04-01,3
run_20260811T162732Z_6bbfe89e,one_step_201908,one_step_ex_ante,same_month_historical_mean,2019-08-01,1,8167150.0,5795274.454545454,4870734.337530016,6719814.571560892,7052433.0,-2371875.545454546,2371875.545454546,2019,8,pre_pandemic,True,True,2019-07-31,2019-04-01,3
run_20260811T162732Z_6bbfe89e,one_step_201908,one_step_ex_ante,seasonal_moving_average_3,2019-08-01,1,8167150.0,5980719.333333333,5051147.5572604,6910291.109406266,7052433.0,-2186430.666666667,2186430.666666667,2019,8,pre_pandemic,True,True,2019-07-31,2019-04-01,3
run_20260811T162732Z_6bbfe89e,one_step_201909,one_step_ex_ante,naive_last,2019-09-01,1,6741769.0,4219837.0,724230.6264162306,7715443.373583769,6021357.0,-2521932.0,2521932.0,2019,9,pre_pandemic,True,True,2019-08-31,2019-05-01,3
run_20260811T162732Z_6bbfe89e,one_step_201909,one_step_ex_ante,seasonal_naive,2019-09-01,1,6741769.0,6021357.0,5040816.146656918,7001897.853343082,6021357.0,-720412.0,720412.0,2019,9,pre_pandemic,True,True,2019-08-31,2019-05-01,3
run_20260811T162732Z_6bbfe89e,one_step_201909,one_step_ex_ante,drift,2019-09-01,1,6741769.0,4309457.617647059,-1981446.6186173167,10600361.853911435,6021357.0,-2432311.3823529407,2432311.3823529407,2019,9,pre_pandemic,True,True,2019-08-31,2019-05-01,3
run_20260811T162732Z_6bbfe89e,one_step_201909,one_step_ex_ante,same_month_historical_mean,2019-09-01,1,6741769.0,4890921.818181818,3956857.1415493125,5824986.494814324,6021357.0,-1850847.1818181816,1850847.1818181816,2019,9,pre_pandemic,True,True,2019-08-31,2019-05-01,3
run_20260811T162732Z_6bbfe89e,one_step_201909,one_step_ex_ante,seasonal_moving_average_3,2019-09-01,1,6741769.0,5114391.666666667,4177163.0741928564,6051620.2591404775,6021357.0,-1627377.333333333,1627377.333333333,2019,9,pre_pandemic,True,True,2019-08-31,2019-05-01,3
run_20260811T162732Z_6bbfe89e,one_step_201910,one_step_ex_ante,naive_last,2019-10-01,1,5437494.0,5276253.0,1776348.0324838068,8776157.967516193,4791439.0,-161241.0,161241.0,2019,10,pre_pandemic,True,True,2019-09-30,2019-06-01,3
run_20260811T162732Z_6bbfe89e,one_step_201910,one_step_ex_ante,seasonal_naive,2019-10-01,1,5437494.0,4791439.0,3806285.893925591,5776592.10607441,4791439.0,-646055.0,646055.0,2019,10,pre_pandemic,True,True,2019-09-30,2019-06-01,3
run_20260811T162732Z_6bbfe89e,one_step_201910,one_step_ex_ante,drift,2019-10-01,1,5437494.0,5396063.715328467,-1405222.106155104,12197349.536812037,4791439.0,-41430.28467153292,41430.28467153292,2019,10,pre_pandemic,True,True,2019-09-30,2019-06-01,3
run_20260811T162732Z_6bbfe89e,one_step_201910,one_step_ex_ante,same_month_historical_mean,2019-10-01,1,5437494.0,3866901.6363636362,2904714.34185712,4829088.930870152,4791439.0,-1570592.3636363638,1570592.3636363638,2019,10,pre_pandemic,True,True,2019-09-30,2019-06-01,3
run_20260811T162732Z_6bbfe89e,one_step_201910,one_step_ex_ante,seasonal_moving_average_3,2019-10-01,1,5437494.0,3965177.3333333335,2992653.3790674866,4937701.28759918,4791439.0,-1472316.6666666665,1472316.6666666665,2019,10,pre_pandemic,True,True,2019-09-30,2019-06-01,3
run_20260811T162732Z_6bbfe89e,one_step_201911,one_step_ex_ante,naive_last,2019-11-01,1,3005517.0,6703045.0,3184923.5290692686,10221166.47093073,2679420.0,3697528.0,3697528.0,2019,11,pre_pandemic,True,True,2019-10-31,2019-07-01,3
run_20260811T162732Z_6bbfe89e,one_step_201911,one_step_ex_ante,seasonal_naive,2019-11-01,1,3005517.0,2679420.0,1686948.861386903,3671891.138613097,2679420.0,-326097.0,326097.0,2019,11,pre_pandemic,True,True,2019-10-31,2019-07-01,3
run_20260811T162732Z_6bbfe89e,one_step_201911,one_step_ex_ante,drift,2019-11-01,1,3005517.0,6863343.811594203,-855222.7192385709,14581910.342426978,2679420.0,3857826.811594203,3857826.811594203,2019,11,pre_pandemic,True,True,2019-10-31,2019-07-01,3
run_20260811T162732Z_6bbfe89e,one_step_201911,one_step_ex_ante,same_month_historical_mean,2019-11-01,1,3005517.0,2142243.727272727,1132816.108883853,3151671.345661601,2679420.0,-863273.2727272729,863273.2727272729,2019,11,pre_pandemic,True,True,2019-10-31,2019-07-01,3
run_20260811T162732Z_6bbfe89e,one_step_201911,one_step_ex_ante,seasonal_moving_average_3,2019-11-01,1,3005517.0,2284297.3333333335,1268160.3268542094,3300434.3398124576,2679420.0,-721219.6666666665,721219.6666666665,2019,11,pre_pandemic,True,True,2019-10-31,2019-07-01,3
run_20260811T162732Z_6bbfe89e,one_step_201912,one_step_ex_ante,naive_last,2019-12-01,1,2398329.0,8167150.0,4629967.478362582,11704332.521637417,2180881.0,5768821.0,5768821.0,2019,12,pre_pandemic,True,True,2019-11-30,2019-08-01,3
run_20260811T162732Z_6bbfe89e,one_step_201912,one_step_ex_ante,seasonal_naive,2019-12-01,1,2398329.0,2180881.0,1178024.3824367404,3183737.61756326,2180881.0,-217448.0,217448.0,2019,12,pre_pandemic,True,True,2019-11-30,2019-08-01,3
run_20260811T162732Z_6bbfe89e,one_step_201912,one_step_ex_ante,drift,2019-12-01,1,2398329.0,8368428.100719425,-464792.3912372878,17201648.592676137,2180881.0,5970099.100719425,5970099.100719425,2019,12,pre_pandemic,True,True,2019-11-30,2019-08-01,3
run_20260811T162732Z_6bbfe89e,one_step_201912,one_step_ex_ante,same_month_historical_mean,2019-12-01,1,2398329.0,1638916.4545454546,564610.2380604306,2713222.6710304786,2180881.0,-759412.5454545454,759412.5454545454,2019,12,pre_pandemic,True,True,2019-11-30,2019-08-01,3
run_20260811T162732Z_6bbfe89e,one_step_201912,one_step_ex_ante,seasonal_moving_average_3,2019-12-01,1,2398329.0,1950558.3333333333,882038.8973396313,3019077.769327035,2180881.0,-447770.66666666674,447770.66666666674,2019,12,pre_pandemic,True,True,2019-11-30,2019-08-01,3
run_20260811T162732Z_6bbfe89e,one_step_202001,one_step_ex_ante,naive_last,2020-01-01,1,2529423.0,6741769.0,3183586.4664975023,10299951.533502497,2226288.0,4212346.0,4212346.0,2020,1,pre_pandemic,True,True,2019-12-31,2019-09-01,3
run_20260811T162732Z_6bbfe89e,one_step_202001,one_step_ex_ante,seasonal_naive,2020-01-01,1,2529423.0,2226288.0,1222488.0042752577,3230087.9957247423,2226288.0,-303135.0,303135.0,2020,1,pre_pandemic,True,True,2019-12-31,2019-09-01,3
run_20260811T162732Z_6bbfe89e,one_step_202001,one_step_ex_ante,drift,2020-01-01,1,2529423.0,6900884.228571429,-773591.2021569163,14575359.659299774,2226288.0,4371461.228571429,4371461.228571429,2020,1,pre_pandemic,True,True,2019-12-31,2019-09-01,3
run_20260811T162732Z_6bbfe89e,one_step_202001,one_step_ex_ante,same_month_historical_mean,2020-01-01,1,2529423.0,1541565.5833333333,431586.7487113192,2651544.4179553473,2226288.0,-987857.4166666667,987857.4166666667,2020,1,pre_pandemic,True,True,2019-12-31,2019-09-01,3
run_20260811T162732Z_6bbfe89e,one_step_202001,one_step_ex_ante,seasonal_moving_average_3,2020-01-01,1,2529423.0,1946657.6666666667,855140.6271006323,3038174.7062327014,2226288.0,-582765.3333333333,582765.3333333333,2020,1,pre_pandemic,True,True,2019-12-31,2019-09-01,3
run_20260811T162732Z_6bbfe89e,one_step_202002,one_step_ex_ante,naive_last,2020-02-01,1,2051923.0,5437494.0,1864386.7418461628,9010601.258153837,1944957.0,3385571.0,3385571.0,2020,2,pre_pandemic,True,True,2020-01-31,2019-10-01,3
run_20260811T162732Z_6bbfe89e,one_step_202002,one_step_ex_ante,seasonal_naive,2020-02-01,1,2051923.0,1944957.0,941464.2962545961,2948449.703745404,1944957.0,-106966.0,106966.0,2020,2,pre_pandemic,True,True,2020-01-31,2019-10-01,3
run_20260811T162732Z_6bbfe89e,one_step_202002,one_step_ex_ante,drift,2020-02-01,1,2051923.0,5558480.042553191,-1273563.2570127742,12390523.342119157,1944957.0,3506557.042553191,3506557.042553191,2020,2,pre_pandemic,True,True,2020-01-31,2019-10-01,3
run_20260811T162732Z_6bbfe89e,one_step_202002,one_step_ex_ante,same_month_historical_mean,2020-02-01,1,2051923.0,1409467.25,275924.1413703279,2543010.358629672,1944957.0,-642455.75,642455.75,2020,2,pre_pandemic,True,True,2020-01-31,2019-10-01,3
run_20260811T162732Z_6bbfe89e,one_step_202002,one_step_ex_ante,seasonal_moving_average_3,2020-02-01,1,2051923.0,1728040.3333333333,620170.366645983,2835910.3000206836,1944957.0,-323882.66666666674,323882.66666666674,2020,2,pre_pandemic,True,True,2020-01-31,2019-10-01,3
run_20260811T162732Z_6bbfe89e,one_step_202003,one_step_ex_ante,naive_last,2020-03-01,1,1058068.0,3005517.0,-645863.1920981375,6656897.192098137,2473147.0,1947449.0,1947449.0,2020,3,pandemic_shock,True,True,2020-02-29,2019-11-01,3
run_20260811T162732Z_6bbfe89e,one_step_202003,one_step_ex_ante,seasonal_naive,2020-03-01,1,1058068.0,2473147.0,1473099.2142145573,3473194.7857854427,2473147.0,1415079.0,1415079.0,2020,3,pandemic_shock,True,True,2020-02-29,2019-11-01,3
run_20260811T162732Z_6bbfe89e,one_step_202003,one_step_ex_ante,drift,2020-03-01,1,1058068.0,3057144.6338028167,-3036249.02533209,9150538.292937724,2473147.0,1999076.6338028167,1999076.6338028167,2020,3,pandemic_shock,True,True,2020-02-29,2019-11-01,3
run_20260811T162732Z_6bbfe89e,one_step_202003,one_step_ex_ante,same_month_historical_mean,2020-03-01,1,1058068.0,1851891.5833333333,714195.737175303,2989587.4294913635,2473147.0,793823.5833333333,793823.5833333333,2020,3,pandemic_shock,True,True,2020-02-29,2019-11-01,3
run_20260811T162732Z_6bbfe89e,one_step_202003,one_step_ex_ante,seasonal_moving_average_3,2020-03-01,1,1058068.0,2195747.3333333335,1089137.998635541,3302356.6680311263,2473147.0,1137679.3333333335,1137679.3333333335,2020,3,pandemic_shock,True,True,2020-02-29,2019-11-01,3
run_20260811T162732Z_6bbfe89e,one_step_202004,one_step_ex_ante,naive_last,2020-04-01,1,,2398329.0,-1245844.9323244183,6042502.932324419,3266256.0,,,2020,4,pandemic_shock,False,False,2020-03-31,2019-12-01,3
run_20260811T162732Z_6bbfe89e,one_step_202004,one_step_ex_ante,seasonal_naive,2020-04-01,1,,3266256.0,2269980.414891178,4262531.585108822,3266256.0,,,2020,4,pandemic_shock,False,False,2020-03-31,2019-12-01,3
run_20260811T162732Z_6bbfe89e,one_step_202004,one_step_ex_ante,drift,2020-04-01,1,,2432611.321678322,-3658847.6212390047,8524070.264595648,3266256.0,,,2020,4,pandemic_shock,False,False,2020-03-31,2019-12-01,3
run_20260811T162732Z_6bbfe89e,one_step_202004,one_step_ex_ante,same_month_historical_mean,2020-04-01,1,,2331065.9166666665,1191109.033820103,3471022.79951323,3266256.0,,,2020,4,pandemic_shock,False,False,2020-03-31,2019-12-01,3
run_20260811T162732Z_6bbfe89e,one_step_202004,one_step_ex_ante,seasonal_moving_average_3,2020-04-01,1,,2805121.0,1702220.2558031988,3908021.7441968014,3266256.0,,,2020,4,pandemic_shock,False,False,2020-03-31,2019-12-01,3
run_20260811T162732Z_6bbfe89e,one_step_202005,one_step_ex_ante,naive_last,2020-05-01,1,,2529423.0,-1102207.2644587317,6161053.264458732,4219837.0,,,2020,5,pandemic_shock,False,False,2020-04-30,2020-01-01,3
run_20260811T162732Z_6bbfe89e,one_step_202005,one_step_ex_ante,seasonal_naive,2020-05-01,1,,4219837.0,3227036.676905904,5212637.323094096,4219837.0,,,2020,5,pandemic_shock,False,False,2020-04-30,2020-01-01,3
run_20260811T162732Z_6bbfe89e,one_step_202005,one_step_ex_ante,drift,2020-05-01,1,,2567108.75,-3513529.155763806,8647746.655763805,4219837.0,,,2020,5,pandemic_shock,False,False,2020-04-30,2020-01-01,3
run_20260811T162732Z_6bbfe89e,one_step_202005,one_step_ex_ante,same_month_historical_mean,2020-05-01,1,,3337530.3333333335,2191010.4999398855,4484050.166726781,4219837.0,,,2020,5,pandemic_shock,False,False,2020-04-30,2020-01-01,3
run_20260811T162732Z_6bbfe89e,one_step_202005,one_step_ex_ante,seasonal_moving_average_3,2020-05-01,1,,3701881.0,2601712.76788649,4802049.23211351,4219837.0,,,2020,5,pandemic_shock,False,False,2020-04-30,2020-01-01,3
run_20260811T162732Z_6bbfe89e,one_step_202006,one_step_ex_ante,naive_last,2020-06-01,1,,2051923.0,-1570545.0689425962,5674391.068942596,5276253.0,,,2020,6,pandemic_shock,False,False,2020-05-31,2020-02-01,3
run_20260811T162732Z_6bbfe89e,one_step_202006,one_step_ex_ante,seasonal_naive,2020-06-01,1,,5276253.0,4287152.40183191,6265353.59816809,5276253.0,,,2020,6,pandemic_shock,False,False,2020-05-31,2020-02-01,3
run_20260811T162732Z_6bbfe89e,one_step_202006,one_step_ex_ante,drift,2020-06-01,1,,2076176.4344827586,-4038235.8419855777,8190588.710951095,5276253.0,,,2020,6,pandemic_shock,False,False,2020-05-31,2020-02-01,3
run_20260811T162732Z_6bbfe89e,one_step_202006,one_step_ex_ante,same_month_historical_mean,2020-06-01,1,,3879271.75,2732303.613068755,5026239.886931245,5276253.0,,,2020,6,pandemic_shock,False,False,2020-05-31,2020-02-01,3
run_20260811T162732Z_6bbfe89e,one_step_202006,one_step_ex_ante,seasonal_moving_average_3,2020-06-01,1,,4390906.333333333,3294815.5459041772,5486997.120762489,5276253.0,,,2020,6,pandemic_shock,False,False,2020-05-31,2020-02-01,3
run_20260811T162732Z_6bbfe89e,one_step_202007,one_step_ex_ante,naive_last,2020-07-01,1,777043.0,1058068.0,-2566432.6174543384,4682568.617454339,6703045.0,281025.0,281025.0,2020,7,pandemic_shock,True,True,2020-06-30,2020-03-01,3
run_20260811T162732Z_6bbfe89e,one_step_202007,one_step_ex_ante,seasonal_naive,2020-07-01,1,777043.0,6703045.0,5682499.661519639,7723590.338480361,6703045.0,5926002.0,5926002.0,2020,7,pandemic_shock,True,True,2020-06-30,2020-03-01,3
run_20260811T162732Z_6bbfe89e,one_step_202007,one_step_ex_ante,drift,2020-07-01,1,777043.0,1054926.410958904,-5279775.238290494,7389628.060208302,6703045.0,277883.4109589041,277883.4109589041,2020,7,pandemic_shock,True,True,2020-06-30,2020-03-01,3
run_20260811T162732Z_6bbfe89e,one_step_202007,one_step_ex_ante,same_month_historical_mean,2020-07-01,1,777043.0,4889752.583333333,3740043.8193263845,6039461.347340282,6703045.0,4112709.583333333,4112709.583333333,2020,7,pandemic_shock,True,True,2020-06-30,2020-03-01,3
run_20260811T162732Z_6bbfe89e,one_step_202007,one_step_ex_ante,seasonal_moving_average_3,2020-07-01,1,777043.0,5816169.333333333,4699255.331595313,6933083.335071353,6703045.0,5039126.333333333,5039126.333333333,2020,7,pandemic_shock,True,True,2020-06-30,2020-03-01,3
run_20260811T162732Z_6bbfe89e,one_step_202008,one_step_ex_ante,naive_last,2020-08-01,1,2192917.0,1058068.0,-2994246.8825589307,5110382.882558931,8167150.0,-1134849.0,1134849.0,2020,8,pandemic_shock,True,True,2020-07-31,2020-04-01,3
run_20260811T162732Z_6bbfe89e,one_step_202008,one_step_ex_ante,seasonal_naive,2020-08-01,1,2192917.0,8167150.0,7146604.661519639,9187695.33848036,8167150.0,5974233.0,5974233.0,2020,8,pandemic_shock,True,True,2020-07-31,2020-04-01,3
run_20260811T162732Z_6bbfe89e,one_step_202008,one_step_ex_ante,drift,2020-08-01,1,2192917.0,1054141.01369863,-6028270.738752212,8136552.766149472,8167150.0,-1138775.98630137,1138775.98630137,2020,8,pandemic_shock,True,True,2020-07-31,2020-04-01,3
run_20260811T162732Z_6bbfe89e,one_step_202008,one_step_ex_ante,same_month_historical_mean,2020-08-01,1,2192917.0,5992930.75,4843221.985993052,7142639.514006948,8167150.0,3800013.75,3800013.75,2020,8,pandemic_shock,True,True,2020-07-31,2020-04-01,3
run_20260811T162732Z_6bbfe89e,one_step_202008,one_step_ex_ante,seasonal_moving_average_3,2020-08-01,1,2192917.0,7181157.0,6064242.998261981,8298071.001738019,8167150.0,4988240.0,4988240.0,2020,8,pandemic_shock,True,True,2020-07-31,2020-04-01,3
run_20260811T162732Z_6bbfe89e,one_step_202009,one_step_ex_ante,naive_last,2020-09-01,1,2634195.0,1058068.0,-3381020.542582848,5497156.542582848,6741769.0,-1576127.0,1576127.0,2020,9,pandemic_shock,True,True,2020-08-31,2020-05-01,3
run_20260811T162732Z_6bbfe89e,one_step_202009,one_step_ex_ante,seasonal_naive,2020-09-01,1,2634195.0,6741769.0,5721223.661519639,7762314.338480361,6741769.0,4107574.0,4107574.0,2020,9,pandemic_shock,True,True,2020-08-31,2020-05-01,3
run_20260811T162732Z_6bbfe89e,one_step_202009,one_step_ex_ante,drift,2020-09-01,1,2634195.0,1053355.6164383562,-6705037.740275684,8811748.973152395,6741769.0,-1580839.3835616438,1580839.3835616438,2020,9,pandemic_shock,True,True,2020-08-31,2020-05-01,3
run_20260811T162732Z_6bbfe89e,one_step_202009,one_step_ex_ante,same_month_historical_mean,2020-09-01,1,2634195.0,5045159.083333333,3895450.3193263845,6194867.847340282,6741769.0,2410964.083333333,2410964.083333333,2020,9,pandemic_shock,True,True,2020-08-31,2020-05-01,3
run_20260811T162732Z_6bbfe89e,one_step_202009,one_step_ex_ante,seasonal_moving_average_3,2020-09-01,1,2634195.0,6023338.0,4906423.998261981,7140252.001738019,6741769.0,3389143.0,3389143.0,2020,9,pandemic_shock,True,True,2020-08-31,2020-05-01,3
run_20260811T162732Z_6bbfe89e,one_step_202010,one_step_ex_ante,naive_last,2020-10-01,1,2355124.0,1058068.0,-3736695.6302921176,5852831.630292118,5437494.0,-1297056.0,1297056.0,2020,10,pandemic_shock,True,True,2020-09-30,2020-06-01,3
run_20260811T162732Z_6bbfe89e,one_step_202010,one_step_ex_ante,seasonal_naive,2020-10-01,1,2355124.0,5437494.0,4416948.661519639,6458039.338480361,5437494.0,3082370.0,3082370.0,2020,10,pandemic_shock,True,True,2020-09-30,2020-06-01,3
run_20260811T162732Z_6bbfe89e,one_step_202010,one_step_ex_ante,drift,2020-10-01,1,2355124.0,1052570.2191780822,-7327452.377674228,9432592.816030392,5437494.0,-1302553.7808219178,1302553.7808219178,2020,10,pandemic_shock,True,True,2020-09-30,2020-06-01,3
run_20260811T162732Z_6bbfe89e,one_step_202010,one_step_ex_ante,same_month_historical_mean,2020-10-01,1,2355124.0,3997784.3333333335,2848075.569326385,5147493.097340282,5437494.0,1642660.3333333335,1642660.3333333335,2020,10,pandemic_shock,True,True,2020-09-30,2020-06-01,3
run_20260811T162732Z_6bbfe89e,one_step_202010,one_step_ex_ante,seasonal_moving_average_3,2020-10-01,1,2355124.0,4714230.666666667,3597316.664928647,5831144.668404687,5437494.0,2359106.666666667,2359106.666666667,2020,10,pandemic_shock,True,True,2020-09-30,2020-06-01,3
run_20260811T162732Z_6bbfe89e,one_step_202011,one_step_ex_ante,naive_last,2020-11-01,1,1262757.0,777043.0,-2836159.7877167338,4390245.787716733,3005517.0,-485714.0,485714.0,2020,11,pandemic_shock,True,True,2020-10-31,2020-07-01,3
run_20260811T162732Z_6bbfe89e,one_step_202011,one_step_ex_ante,seasonal_naive,2020-11-01,1,1262757.0,3005517.0,1564813.7680955823,4446220.231904417,3005517.0,1742760.0,1742760.0,2020,11,pandemic_shock,True,True,2020-10-31,2020-07-01,3
run_20260811T162732Z_6bbfe89e,one_step_202011,one_step_ex_ante,drift,2020-11-01,1,1262757.0,766275.8435374149,-5671930.386717917,7204482.073792748,3005517.0,-496481.1564625851,496481.1564625851,2020,11,pandemic_shock,True,True,2020-10-31,2020-07-01,3
run_20260811T162732Z_6bbfe89e,one_step_202011,one_step_ex_ante,same_month_historical_mean,2020-11-01,1,1262757.0,2214183.1666666665,902371.4053250216,3525994.9280083114,3005517.0,951426.1666666665,951426.1666666665,2020,11,pandemic_shock,True,True,2020-10-31,2020-07-01,3
run_20260811T162732Z_6bbfe89e,one_step_202011,one_step_ex_ante,seasonal_moving_average_3,2020-11-01,1,1262757.0,2659594.6666666665,1236108.6135156793,4083080.7198176538,3005517.0,1396837.6666666665,1396837.6666666665,2020,11,pandemic_shock,True,True,2020-10-31,2020-07-01,3
run_20260811T162732Z_6bbfe89e,one_step_202012,one_step_ex_ante,naive_last,2020-12-01,1,964816.0,2192917.0,-1436869.4558987361,5822703.455898736,2398329.0,1228101.0,1228101.0,2020,12,pandemic_shock,True,True,2020-11-30,2020-08-01,3
run_20260811T162732Z_6bbfe89e,one_step_202012,one_step_ex_ante,seasonal_naive,2020-12-01,1,964816.0,2398329.0,638838.9844794574,4157819.015520543,2398329.0,1433513.0,1433513.0,2020,12,pandemic_shock,True,True,2020-11-30,2020-08-01,3
run_20260811T162732Z_6bbfe89e,one_step_202012,one_step_ex_ante,drift,2020-12-01,1,964816.0,2220489.4594594594,-3966780.434594335,8407759.353513254,2398329.0,1255673.4594594594,1255673.4594594594,2020,12,pandemic_shock,True,True,2020-11-30,2020-08-01,3
run_20260811T162732Z_6bbfe89e,one_step_202012,one_step_ex_ante,same_month_historical_mean,2020-12-01,1,964816.0,1702200.8333333333,268605.31112262304,3135796.3555440437,2398329.0,737384.8333333333,737384.8333333333,2020,12,pandemic_shock,True,True,2020-11-30,2020-08-01,3
run_20260811T162732Z_6bbfe89e,one_step_202012,one_step_ex_ante,seasonal_moving_average_3,2020-12-01,1,964816.0,2206844.3333333335,543304.3303756511,3870384.336291016,2398329.0,1242028.3333333335,1242028.3333333335,2020,12,pandemic_shock,True,True,2020-11-30,2020-08-01,3
run_20260811T162732Z_6bbfe89e,one_step_202101,one_step_ex_ante,naive_last,2021-01-01,1,829932.0,2634195.0,-985996.4353136304,6254386.435313631,2529423.0,1804263.0,1804263.0,2021,1,recovery,True,True,2020-12-31,2020-09-01,3
run_20260811T162732Z_6bbfe89e,one_step_202101,one_step_ex_ante,seasonal_naive,2021-01-01,1,829932.0,2529423.0,643613.17050236,4415232.82949764,2529423.0,1699491.0,1699491.0,2021,1,recovery,True,True,2020-12-31,2020-09-01,3
run_20260811T162732Z_6bbfe89e,one_step_202101,one_step_ex_ante,drift,2021-01-01,1,829932.0,2673428.798657718,-3517506.631397293,8864364.22871273,2529423.0,1843496.798657718,1843496.798657718,2021,1,recovery,True,True,2020-12-31,2020-09-01,3
run_20260811T162732Z_6bbfe89e,one_step_202101,one_step_ex_ante,same_month_historical_mean,2021-01-01,1,829932.0,1617554.6153846155,141161.38477113703,3093947.845998094,2529423.0,787622.6153846155,787622.6153846155,2021,1,recovery,True,True,2020-12-31,2020-09-01,3
run_20260811T162732Z_6bbfe89e,one_step_202101,one_step_ex_ante,seasonal_moving_average_3,2021-01-01,1,829932.0,2267017.3333333335,506612.56803886546,4027422.0986278015,2529423.0,1437085.3333333335,1437085.3333333335,2021,1,recovery,True,True,2020-12-31,2020-09-01,3
run_20260811T162732Z_6bbfe89e,one_step_202102,one_step_ex_ante,naive_last,2021-02-01,1,727126.0,2355124.0,-1254083.1700155558,5964331.170015556,2051923.0,1627998.0,1627998.0,2021,2,recovery,True,True,2021-01-31,2020-10-01,3
run_20260811T162732Z_6bbfe89e,one_step_202102,one_step_ex_ante,seasonal_naive,2021-02-01,1,727126.0,2051923.0,103108.42857559118,4000737.571424409,2051923.0,1324797.0,1324797.0,2021,2,recovery,True,True,2021-01-31,2020-10-01,3
run_20260811T162732Z_6bbfe89e,one_step_202102,one_step_ex_ante,drift,2021-02-01,1,727126.0,2386654.3466666667,-3784201.0582976313,8557509.751630966,2051923.0,1659528.3466666667,1659528.3466666667,2021,2,recovery,True,True,2021-01-31,2020-10-01,3
run_20260811T162732Z_6bbfe89e,one_step_202102,one_step_ex_ante,same_month_historical_mean,2021-02-01,1,727126.0,1458886.923076923,-34094.42283196258,2951868.268985809,2051923.0,731760.923076923,731760.923076923,2021,2,recovery,True,True,2021-01-31,2020-10-01,3
run_20260811T162732Z_6bbfe89e,one_step_202102,one_step_ex_ante,seasonal_moving_average_3,2021-02-01,1,727126.0,1934567.3333333333,132006.26255622716,3737128.404110439,2051923.0,1207441.3333333333,1207441.3333333333,2021,2,recovery,True,True,2021-01-31,2020-10-01,3
run_20260811T162732Z_6bbfe89e,one_step_202103,one_step_ex_ante,naive_last,2021-03-01,1,1043411.0,1262757.0,-2351481.5051519177,4876995.505151918,1058068.0,219346.0,219346.0,2021,3,recovery,True,True,2021-02-28,2020-11-01,3
run_20260811T162732Z_6bbfe89e,one_step_202103,one_step_ex_ante,seasonal_naive,2021-03-01,1,1043411.0,1058068.0,-905203.3375161819,3021339.337516182,1058068.0,14657.0,14657.0,2021,3,recovery,True,True,2021-02-28,2020-11-01,3
run_20260811T162732Z_6bbfe89e,one_step_202103,one_step_ex_ante,drift,2021-03-01,1,1043411.0,1265141.6622516557,-5004115.561071799,7534398.885575111,1058068.0,221730.6622516557,221730.6622516557,2021,3,recovery,True,True,2021-02-28,2020-11-01,3
run_20260811T162732Z_6bbfe89e,one_step_202103,one_step_ex_ante,same_month_historical_mean,2021-03-01,1,1043411.0,1790828.2307692308,295673.04968523444,3285983.411853227,1058068.0,747417.2307692308,747417.2307692308,2021,3,recovery,True,True,2021-02-28,2020-11-01,3
run_20260811T162732Z_6bbfe89e,one_step_202103,one_step_ex_ante,seasonal_moving_average_3,2021-03-01,1,1043411.0,1933744.6666666667,120134.18499690434,3747355.148336429,1058068.0,890333.6666666667,890333.6666666667,2021,3,recovery,True,True,2021-02-28,2020-11-01,3
run_20260811T162732Z_6bbfe89e,one_step_202104,one_step_ex_ante,naive_last,2021-04-01,1,1179562.0,964816.0,-2638685.293665295,4568317.2936652955,3266256.0,-214746.0,214746.0,2021,4,recovery,True,True,2021-03-31,2020-12-01,3
run_20260811T162732Z_6bbfe89e,one_step_202104,one_step_ex_ante,seasonal_naive,2021-04-01,1,1179562.0,3266256.0,1295886.581566783,5236625.418433217,3266256.0,2086694.0,2086694.0,2021,4,recovery,True,True,2021-03-31,2020-12-01,3
run_20260811T162732Z_6bbfe89e,one_step_202104,one_step_ex_ante,drift,2021-04-01,1,1179562.0,959344.4210526316,-5383619.249768533,7302308.091873797,3266256.0,-220217.57894736843,220217.57894736843,2021,4,recovery,True,True,2021-03-31,2020-12-01,3
run_20260811T162732Z_6bbfe89e,one_step_202104,one_step_ex_ante,same_month_historical_mean,2021-04-01,1,1179562.0,2331065.9166666665,836587.2407893641,3825544.592543969,3266256.0,1151503.9166666665,1151503.9166666665,2021,4,recovery,True,True,2021-03-31,2020-12-01,3
run_20260811T162732Z_6bbfe89e,one_step_202104,one_step_ex_ante,seasonal_moving_average_3,2021-04-01,1,1179562.0,2805121.0,984240.4763454751,4626001.523654525,3266256.0,1625559.0,1625559.0,2021,4,recovery,True,True,2021-03-31,2020-12-01,3
run_20260811T162732Z_6bbfe89e,one_step_202105,one_step_ex_ante,naive_last,2021-05-01,1,1025559.0,829932.0,-2761945.337810637,4421809.337810637,4219837.0,-195627.0,195627.0,2021,5,recovery,True,True,2021-04-30,2021-01-01,3
run_20260811T162732Z_6bbfe89e,one_step_202105,one_step_ex_ante,seasonal_naive,2021-05-01,1,1025559.0,4219837.0,2237060.0364996805,6202613.963500319,4219837.0,3194278.0,3194278.0,2021,5,recovery,True,True,2021-04-30,2021-01-01,3
run_20260811T162732Z_6bbfe89e,one_step_202105,one_step_ex_ante,drift,2021-05-01,1,1025559.0,820969.8039215687,-5566056.232142771,7207995.839985909,4219837.0,-204589.19607843133,204589.19607843133,2021,5,recovery,True,True,2021-04-30,2021-01-01,3
run_20260811T162732Z_6bbfe89e,one_step_202105,one_step_ex_ante,same_month_historical_mean,2021-05-01,1,1025559.0,3337530.3333333335,1843096.7861521414,4831963.880514526,4219837.0,2311971.3333333335,2311971.3333333335,2021,5,recovery,True,True,2021-04-30,2021-01-01,3
run_20260811T162732Z_6bbfe89e,one_step_202105,one_step_ex_ante,seasonal_moving_average_3,2021-05-01,1,1025559.0,3701881.0,1869895.9977047378,5533866.002295262,4219837.0,2676322.0,2676322.0,2021,5,recovery,True,True,2021-04-30,2021-01-01,3
run_20260811T162732Z_6bbfe89e,one_step_202106,one_step_ex_ante,naive_last,2021-06-01,1,1861089.0,727126.0,-2853134.8615253074,4307386.861525307,5276253.0,-1133963.0,1133963.0,2021,6,recovery,True,True,2021-05-31,2021-02-01,3
run_20260811T162732Z_6bbfe89e,one_step_202106,one_step_ex_ante,seasonal_naive,2021-06-01,1,1861089.0,5276253.0,3289084.707318372,7263421.292681628,5276253.0,3415164.0,3415164.0,2021,6,recovery,True,True,2021-05-31,2021-02-01,3
run_20260811T162732Z_6bbfe89e,one_step_202106,one_step_ex_ante,drift,2021-06-01,1,1861089.0,715551.7142857143,-5709061.667548344,7140165.096119773,5276253.0,-1145537.2857142857,1145537.2857142857,2021,6,recovery,True,True,2021-05-31,2021-02-01,3
run_20260811T162732Z_6bbfe89e,one_step_202106,one_step_ex_ante,same_month_historical_mean,2021-06-01,1,1861089.0,3879271.75,2385540.6685029827,5373002.831497017,5276253.0,2018182.75,2018182.75,2021,6,recovery,True,True,2021-05-31,2021-02-01,3
run_20260811T162732Z_6bbfe89e,one_step_202106,one_step_ex_ante,seasonal_moving_average_3,2021-06-01,1,1861089.0,4390906.333333333,2553018.2310135094,6228794.435653157,5276253.0,2529817.333333333,2529817.333333333,2021,6,recovery,True,True,2021-05-31,2021-02-01,3
run_20260811T162732Z_6bbfe89e,one_step_202107,one_step_ex_ante,naive_last,2021-07-01,1,3735532.0,1043411.0,-2526621.4433225305,4613443.44332253,777043.0,-2692121.0,2692121.0,2021,7,recovery,True,True,2021-06-30,2021-03-01,3
run_20260811T162732Z_6bbfe89e,one_step_202107,one_step_ex_ante,seasonal_naive,2021-07-01,1,3735532.0,777043.0,-1203168.592146572,2757254.5921465717,777043.0,-2958489.0,2958489.0,2021,7,recovery,True,True,2021-06-30,2021-03-01,3
run_20260811T162732Z_6bbfe89e,one_step_202107,one_step_ex_ante,drift,2021-07-01,1,3735532.0,1040073.5806451613,-5333238.839853426,7413386.00114375,777043.0,-2695458.419354839,2695458.419354839,2021,7,recovery,True,True,2021-06-30,2021-03-01,3
run_20260811T162732Z_6bbfe89e,one_step_202107,one_step_ex_ante,same_month_historical_mean,2021-07-01,1,3735532.0,4573390.307692308,3080174.48285372,6066606.132530896,777043.0,837858.307692308,837858.307692308,2021,7,recovery,True,True,2021-06-30,2021-03-01,3
run_20260811T162732Z_6bbfe89e,one_step_202107,one_step_ex_ante,seasonal_moving_average_3,2021-07-01,1,3735532.0,4397687.666666667,2559363.8075136626,6236011.525819671,777043.0,662155.666666667,662155.666666667,2021,7,recovery,True,True,2021-06-30,2021-03-01,3
run_20260811T162732Z_6bbfe89e,one_step_202108,one_step_ex_ante,naive_last,2021-08-01,1,5499057.0,1179562.0,-2379195.272144543,4738319.272144543,2192917.0,-4319495.0,4319495.0,2021,8,recovery,True,True,2021-07-31,2021-04-01,3
run_20260811T162732Z_6bbfe89e,one_step_202108,one_step_ex_ante,seasonal_naive,2021-08-01,1,5499057.0,2192917.0,212705.40785342804,4173128.5921465717,2192917.0,-3306140.0,3306140.0,2021,8,recovery,True,True,2021-07-31,2021-04-01,3
run_20260811T162732Z_6bbfe89e,one_step_202108,one_step_ex_ante,drift,2021-08-01,1,5499057.0,1179737.0256410257,-5183001.008038324,7542475.059320376,2192917.0,-4319319.974358974,4319319.974358974,2021,8,recovery,True,True,2021-07-31,2021-04-01,3
run_20260811T162732Z_6bbfe89e,one_step_202108,one_step_ex_ante,same_month_historical_mean,2021-08-01,1,5499057.0,5700622.0,4202109.274311688,7199134.725688312,2192917.0,201565.0,201565.0,2021,8,recovery,True,True,2021-07-31,2021-04-01,3
run_20260811T162732Z_6bbfe89e,one_step_202108,one_step_ex_ante,seasonal_moving_average_3,2021-08-01,1,5499057.0,5804166.666666667,3951437.130441067,7656896.202892267,2192917.0,305109.666666667,305109.666666667,2021,8,recovery,True,True,2021-07-31,2021-04-01,3
run_20260811T162732Z_6bbfe89e,one_step_202109,one_step_ex_ante,naive_last,2021-09-01,1,4406083.0,1025559.0,-2522101.0087249507,4573219.00872495,2634195.0,-3380524.0,3380524.0,2021,9,recovery,True,True,2021-08-31,2021-05-01,3
run_20260811T162732Z_6bbfe89e,one_step_202109,one_step_ex_ante,seasonal_naive,2021-09-01,1,4406083.0,2634195.0,653983.407853428,4614406.592146572,2634195.0,-1771888.0,1771888.0,2021,9,recovery,True,True,2021-08-31,2021-05-01,3
run_20260811T162732Z_6bbfe89e,one_step_202109,one_step_ex_ante,drift,2021-09-01,1,4406083.0,1021809.2675159236,-5366796.074602907,7410414.609634754,2634195.0,-3384273.732484076,3384273.732484076,2021,9,recovery,True,True,2021-08-31,2021-05-01,3
run_20260811T162732Z_6bbfe89e,one_step_202109,one_step_ex_ante,same_month_historical_mean,2021-09-01,1,4406083.0,4859700.307692308,3326089.155048863,6393311.460335753,2634195.0,453617.307692308,453617.307692308,2021,9,recovery,True,True,2021-08-31,2021-05-01,3
run_20260811T162732Z_6bbfe89e,one_step_202109,one_step_ex_ante,seasonal_moving_average_3,2021-09-01,1,4406083.0,5132440.333333333,3233374.447286732,7031506.219379934,2634195.0,726357.333333333,726357.333333333,2021,9,recovery,True,True,2021-08-31,2021-05-01,3
run_20260811T162732Z_6bbfe89e,one_step_202110,one_step_ex_ante,naive_last,2021-10-01,1,4406796.0,1861089.0,-1684862.4619929264,5407040.461992927,2355124.0,-2545707.0,2545707.0,2021,10,recovery,True,True,2021-09-30,2021-06-01,3
run_20260811T162732Z_6bbfe89e,one_step_202110,one_step_ex_ante,seasonal_naive,2021-10-01,1,4406796.0,2355124.0,374912.40785342804,4335335.592146572,2355124.0,-2051672.0,2051672.0,2021,10,recovery,True,True,2021-09-30,2021-06-01,3
run_20260811T162732Z_6bbfe89e,one_step_202110,one_step_ex_ante,drift,2021-10-01,1,4406796.0,1878515.6582278481,-4484570.01998739,8241601.336443086,2355124.0,-2528280.341772152,2528280.341772152,2021,10,recovery,True,True,2021-09-30,2021-06-01,3
run_20260811T162732Z_6bbfe89e,one_step_202110,one_step_ex_ante,same_month_historical_mean,2021-10-01,1,4406796.0,3871425.846153846,2313065.098052686,5429786.594255006,2355124.0,-535370.153846154,535370.153846154,2021,10,recovery,True,True,2021-09-30,2021-06-01,3
run_20260811T162732Z_6bbfe89e,one_step_202110,one_step_ex_ante,seasonal_moving_average_3,2021-10-01,1,4406796.0,4194685.666666667,2256910.998554111,6132460.334779223,2355124.0,-212110.33333333302,212110.33333333302,2021,10,recovery,True,True,2021-09-30,2021-06-01,3
run_20260811T162732Z_6bbfe89e,one_step_202111,one_step_ex_ante,naive_last,2021-11-01,1,2466682.0,3735532.0,153330.97075544205,7317733.029244558,1262757.0,1268850.0,1268850.0,2021,11,recovery,True,True,2021-10-31,2021-07-01,3
run_20260811T162732Z_6bbfe89e,one_step_202111,one_step_ex_ante,seasonal_naive,2021-11-01,1,2466682.0,1262757.0,-769935.4936280348,3295449.493628035,1262757.0,-1203925.0,1203925.0,2021,11,recovery,True,True,2021-10-31,2021-07-01,3
run_20260811T162732Z_6bbfe89e,one_step_202111,one_step_ex_ante,drift,2021-11-01,1,2466682.0,3800004.855345912,-3008490.0128612635,10608499.723553088,1262757.0,1333322.8553459118,1333322.8553459118,2021,11,recovery,True,True,2021-10-31,2021-07-01,3
run_20260811T162732Z_6bbfe89e,one_step_202111,one_step_ex_ante,same_month_historical_mean,2021-11-01,1,2466682.0,2140996.5384615385,582483.2074522036,3699509.8694708734,1262757.0,-325685.4615384615,325685.4615384615,2021,11,recovery,True,True,2021-10-31,2021-07-01,3
run_20260811T162732Z_6bbfe89e,one_step_202111,one_step_ex_ante,seasonal_moving_average_3,2021-11-01,1,2466682.0,2315898.0,381534.0608544084,4250261.939145591,1262757.0,-150784.0,150784.0,2021,11,recovery,True,True,2021-10-31,2021-07-01,3
run_20260811T162732Z_6bbfe89e,one_step_202112,one_step_ex_ante,naive_last,2021-12-01,1,2176634.0,5499057.0,1887312.3433928941,9110801.656607106,964816.0,3322423.0,3322423.0,2021,12,recovery,True,True,2021-11-30,2021-08-01,3
run_20260811T162732Z_6bbfe89e,one_step_202112,one_step_ex_ante,seasonal_naive,2021-12-01,1,2176634.0,964816.0,-1131350.6819924605,3060982.6819924605,964816.0,-1211818.0,1211818.0,2021,12,recovery,True,True,2021-11-30,2021-08-01,3
run_20260811T162732Z_6bbfe89e,one_step_202112,one_step_ex_ante,drift,2021-12-01,1,2176634.0,5607215.025,-2127850.8773476062,13342280.927347608,964816.0,3430581.0250000004,3430581.0250000004,2021,12,recovery,True,True,2021-11-30,2021-08-01,3
run_20260811T162732Z_6bbfe89e,one_step_202112,one_step_ex_ante,same_month_historical_mean,2021-12-01,1,2176634.0,1645478.923076923,91552.1046095076,3199405.7415443384,964816.0,-531155.076923077,531155.076923077,2021,12,recovery,True,True,2021-11-30,2021-08-01,3
run_20260811T162732Z_6bbfe89e,one_step_202112,one_step_ex_ante,seasonal_moving_average_3,2021-12-01,1,2176634.0,1848008.6666666667,-80527.23824463459,3776544.571577968,964816.0,-328625.33333333326,328625.33333333326,2021,12,recovery,True,True,2021-11-30,2021-08-01,3
run_20260811T162732Z_6bbfe89e,one_step_202201,one_step_ex_ante,naive_last,2022-01-01,1,2158066.0,4406083.0,789054.8165900852,8023111.183409914,829932.0,2248017.0,2248017.0,2022,1,recovery,True,True,2021-12-31,2021-09-01,3
run_20260811T162732Z_6bbfe89e,one_step_202201,one_step_ex_ante,seasonal_naive,2022-01-01,1,2158066.0,829932.0,-1278464.5382222347,2938328.5382222347,829932.0,-1328134.0,1328134.0,2022,1,recovery,True,True,2021-12-31,2021-09-01,3
run_20260811T162732Z_6bbfe89e,one_step_202201,one_step_ex_ante,drift,2022-01-01,1,2158066.0,4486414.602484472,-2579010.872356995,11551840.07732594,829932.0,2328348.602484472,2328348.602484472,2022,1,recovery,True,True,2021-12-31,2021-09-01,3
run_20260811T162732Z_6bbfe89e,one_step_202201,one_step_ex_ante,same_month_historical_mean,2022-01-01,1,2158066.0,1561295.857142857,10731.6237552315,3111860.0905304826,829932.0,-596770.142857143,596770.142857143,2022,1,recovery,True,True,2021-12-31,2021-09-01,3
run_20260811T162732Z_6bbfe89e,one_step_202201,one_step_ex_ante,seasonal_moving_average_3,2022-01-01,1,2158066.0,1861881.0,-63884.090726115275,3787646.0907261153,829932.0,-296185.0,296185.0,2022,1,recovery,True,True,2021-12-31,2021-09-01,3
run_20260811T162732Z_6bbfe89e,one_step_202202,one_step_ex_ante,naive_last,2022-02-01,1,1851394.0,4406796.0,801013.3855410065,8012578.614458993,727126.0,2555402.0,2555402.0,2022,2,recovery,True,True,2022-01-31,2021-10-01,3
run_20260811T162732Z_6bbfe89e,one_step_202202,one_step_ex_ante,seasonal_naive,2022-02-01,1,1851394.0,727126.0,-1399484.6223903373,2853736.6223903373,727126.0,-1124268.0,1124268.0,2022,2,recovery,True,True,2022-01-31,2021-10-01,3
run_20260811T162732Z_6bbfe89e,one_step_202202,one_step_ex_ante,drift,2022-02-01,1,1851394.0,4486649.333333333,-2547798.3702861387,11521097.036952805,727126.0,2635255.333333333,2635255.333333333,2022,2,recovery,True,True,2022-01-31,2021-10-01,3
run_20260811T162732Z_6bbfe89e,one_step_202202,one_step_ex_ante,same_month_historical_mean,2022-02-01,1,1851394.0,1406618.2857142857,-141192.90822075377,2954429.479649325,727126.0,-444775.7142857143,444775.7142857143,2022,2,recovery,True,True,2022-01-31,2021-10-01,3
run_20260811T162732Z_6bbfe89e,one_step_202202,one_step_ex_ante,seasonal_moving_average_3,2022-02-01,1,1851394.0,1574668.6666666667,-344922.79664259776,3494260.1299759313,727126.0,-276725.33333333326,276725.33333333326,2022,2,recovery,True,True,2022-01-31,2021-10-01,3
run_20260811T162732Z_6bbfe89e,one_step_202203,one_step_ex_ante,naive_last,2022-03-01,1,2442196.0,2466682.0,-1177983.0248491694,6111347.024849169,1043411.0,24486.0,24486.0,2022,3,recovery,True,True,2022-02-28,2021-11-01,3
run_20260811T162732Z_6bbfe89e,one_step_202203,one_step_ex_ante,seasonal_naive,2022-03-01,1,2442196.0,1043411.0,-1084347.4592734324,3171169.4592734324,1043411.0,-1398785.0,1398785.0,2022,3,recovery,True,True,2022-02-28,2021-11-01,3
run_20260811T162732Z_6bbfe89e,one_step_202203,one_step_ex_ante,drift,2022-03-01,1,2442196.0,2498435.2760736197,-3880122.3311804915,8876992.88332773,1043411.0,56239.27607361972,56239.27607361972,2022,3,recovery,True,True,2022-02-28,2021-11-01,3
run_20260811T162732Z_6bbfe89e,one_step_202203,one_step_ex_ante,same_month_historical_mean,2022-03-01,1,2442196.0,1737441.2857142857,193633.3087803966,3281249.2626481745,1043411.0,-704754.7142857143,704754.7142857143,2022,3,recovery,True,True,2022-02-28,2021-11-01,3
run_20260811T162732Z_6bbfe89e,one_step_202203,one_step_ex_ante,seasonal_moving_average_3,2022-03-01,1,2442196.0,1524875.3333333333,-388467.97397026536,3438218.640636932,1043411.0,-917320.6666666667,917320.6666666667,2022,3,recovery,True,True,2022-02-28,2021-11-01,3
run_20260811T162732Z_6bbfe89e,one_step_202204,one_step_ex_ante,naive_last,2022-04-01,1,2921440.0,2176634.0,-1457978.5538648413,5811246.553864841,1179562.0,-744806.0,744806.0,2022,4,recovery,True,True,2022-03-31,2021-12-01,3
run_20260811T162732Z_6bbfe89e,one_step_202204,one_step_ex_ante,seasonal_naive,2022-04-01,1,2921440.0,1179562.0,-949328.9960664217,3308452.9960664217,1179562.0,-1741878.0,1741878.0,2022,4,recovery,True,True,2022-03-31,2021-12-01,3
run_20260811T162732Z_6bbfe89e,one_step_202204,one_step_ex_ante,drift,2022-04-01,1,2921440.0,2201119.3170731706,-4134268.19275538,8536506.82690172,1179562.0,-720320.6829268294,720320.6829268294,2022,4,recovery,True,True,2022-03-31,2021-12-01,3
run_20260811T162732Z_6bbfe89e,one_step_202204,one_step_ex_ante,same_month_historical_mean,2022-04-01,1,2921440.0,2242488.6923076925,701402.4381334465,3783574.9464819385,1179562.0,-678951.3076923075,678951.3076923075,2022,4,recovery,True,True,2022-03-31,2021-12-01,3
run_20260811T162732Z_6bbfe89e,one_step_202204,one_step_ex_ante,seasonal_moving_average_3,2022-04-01,1,2921440.0,2438795.6666666665,531120.0361900288,4346471.297143305,1179562.0,-482644.3333333335,482644.3333333335,2022,4,recovery,True,True,2022-03-31,2021-12-01,3
run_20260811T162732Z_6bbfe89e,one_step_202205,one_step_ex_ante,naive_last,2022-05-01,1,4078425.0,2158066.0,-1465456.3073975458,5781588.307397546,1025559.0,-1920359.0,1920359.0,2022,5,recovery,True,True,2022-04-30,2022-01-01,3
run_20260811T162732Z_6bbfe89e,one_step_202205,one_step_ex_ante,seasonal_naive,2022-05-01,1,4078425.0,1025559.0,-1106038.308114884,3157156.308114884,1025559.0,-3052866.0,3052866.0,2022,5,recovery,True,True,2022-04-30,2022-01-01,3
run_20260811T162732Z_6bbfe89e,one_step_202205,one_step_ex_ante,drift,2022-05-01,1,4078425.0,2181952.787878788,-4145777.0494419,8509682.625199476,1025559.0,-1896472.212121212,1896472.212121212,2022,5,recovery,True,True,2022-04-30,2022-01-01,3
run_20260811T162732Z_6bbfe89e,one_step_202205,one_step_ex_ante,same_month_historical_mean,2022-05-01,1,4078425.0,3159686.3846153845,1620760.837477883,4698611.931752886,1025559.0,-918738.6153846155,918738.6153846155,2022,5,recovery,True,True,2022-04-30,2022-01-01,3
run_20260811T162732Z_6bbfe89e,one_step_202205,one_step_ex_ante,seasonal_moving_average_3,2022-05-01,1,4078425.0,3011973.3333333335,1110040.638019197,4913906.02864747,1025559.0,-1066451.6666666665,1066451.6666666665,2022,5,recovery,True,True,2022-04-30,2022-01-01,3
run_20260811T162732Z_6bbfe89e,one_step_202206,one_step_ex_ante,naive_last,2022-06-01,1,4939265.0,1851394.0,-1762383.3269878388,5465171.326987838,1861089.0,-3087871.0,3087871.0,2022,6,recovery,True,True,2022-05-31,2022-02-01,3
run_20260811T162732Z_6bbfe89e,one_step_202206,one_step_ex_ante,seasonal_naive,2022-06-01,1,4939265.0,1861089.0,-270219.72717887536,3992397.7271788754,1861089.0,-3078176.0,3078176.0,2022,6,recovery,True,True,2022-05-31,2022-02-01,3
run_20260811T162732Z_6bbfe89e,one_step_202206,one_step_ex_ante,drift,2022-06-01,1,4939265.0,1867747.2048192772,-4433571.873409533,8169066.283048087,1861089.0,-3071517.795180723,3071517.795180723,2022,6,recovery,True,True,2022-05-31,2022-02-01,3
run_20260811T162732Z_6bbfe89e,one_step_202206,one_step_ex_ante,same_month_historical_mean,2022-06-01,1,4939265.0,3724026.923076923,2188351.903226386,5259701.94292746,1861089.0,-1215238.076923077,1215238.076923077,2022,6,recovery,True,True,2022-05-31,2022-02-01,3
run_20260811T162732Z_6bbfe89e,one_step_202206,one_step_ex_ante,seasonal_moving_average_3,2022-06-01,1,4939265.0,3848078.6666666665,1951905.2268552836,5744252.106478049,1861089.0,-1091186.3333333335,1091186.3333333335,2022,6,recovery,True,True,2022-05-31,2022-02-01,3
run_20260811T162732Z_6bbfe89e,one_step_202207,one_step_ex_ante,naive_last,2022-07-01,1,6359123.0,2442196.0,-1165072.8812128832,6049464.881212883,3735532.0,-3916927.0,3916927.0,2022,7,recovery,True,True,2022-06-30,2022-03-01,3
run_20260811T162732Z_6bbfe89e,one_step_202207,one_step_ex_ante,seasonal_naive,2022-07-01,1,6359123.0,3735532.0,1600721.8871224527,5870342.112877548,3735532.0,-2623591.0,2623591.0,2022,7,recovery,True,True,2022-06-30,2022-03-01,3
run_20260811T162732Z_6bbfe89e,one_step_202207,one_step_ex_ante,drift,2022-07-01,1,6359123.0,2472602.2275449103,-3889263.3360143285,8834467.79110415,3735532.0,-3886520.7724550897,3886520.7724550897,2022,7,recovery,True,True,2022-06-30,2022-03-01,3
run_20260811T162732Z_6bbfe89e,one_step_202207,one_step_ex_ante,same_month_historical_mean,2022-07-01,1,6359123.0,4513543.285714285,2978994.6407759,6048091.930652671,3735532.0,-1845579.7142857146,1845579.7142857146,2022,7,recovery,True,True,2022-06-30,2022-03-01,3
run_20260811T162732Z_6bbfe89e,one_step_202207,one_step_ex_ante,seasonal_moving_average_3,2022-07-01,1,6359123.0,3738540.0,1843291.2450374484,5633788.754962551,3735532.0,-2620583.0,2620583.0,2022,7,recovery,True,True,2022-06-30,2022-03-01,3
run_20260811T162732Z_6bbfe89e,one_step_202208,one_step_ex_ante,naive_last,2022-08-01,1,7992422.0,2921440.0,-677839.9260981767,6520719.926098177,5499057.0,-5070982.0,5070982.0,2022,8,recovery,True,True,2022-07-31,2022-04-01,3
run_20260811T162732Z_6bbfe89e,one_step_202208,one_step_ex_ante,seasonal_naive,2022-08-01,1,7992422.0,5499057.0,3354940.7441641353,7643173.255835865,5499057.0,-2493365.0,2493365.0,2022,8,recovery,True,True,2022-07-31,2022-04-01,3
run_20260811T162732Z_6bbfe89e,one_step_202208,one_step_ex_ante,drift,2022-08-01,1,7992422.0,2963075.8095238097,-3494253.9878628217,9420405.606910441,5499057.0,-5029346.19047619,5029346.19047619,2022,8,recovery,True,True,2022-07-31,2022-04-01,3
run_20260811T162732Z_6bbfe89e,one_step_202208,one_step_ex_ante,same_month_historical_mean,2022-08-01,1,7992422.0,5686224.5,4153054.478387109,7219394.521612891,5499057.0,-2306197.5,2306197.5,2022,8,recovery,True,True,2022-07-31,2022-04-01,3
run_20260811T162732Z_6bbfe89e,one_step_202208,one_step_ex_ante,seasonal_moving_average_3,2022-08-01,1,7992422.0,5286374.666666667,3395876.986098678,7176872.347234656,5499057.0,-2706047.333333333,2706047.333333333,2022,8,recovery,True,True,2022-07-31,2022-04-01,3
run_20260811T162732Z_6bbfe89e,one_step_202209,one_step_ex_ante,naive_last,2022-09-01,1,6648582.0,4078425.0,473257.38768588565,7683592.612314114,4406083.0,-2570157.0,2570157.0,2022,9,recovery,True,True,2022-08-31,2022-05-01,3
run_20260811T162732Z_6bbfe89e,one_step_202209,one_step_ex_ante,seasonal_naive,2022-09-01,1,6648582.0,4406083.0,2218370.3662282843,6593795.633771716,4406083.0,-2242499.0,2242499.0,2022,9,recovery,True,True,2022-08-31,2022-05-01,3
run_20260811T162732Z_6bbfe89e,one_step_202209,one_step_ex_ante,drift,2022-09-01,1,6648582.0,4147198.7041420117,-2725920.2472762642,11020317.655560289,4406083.0,-2501383.2958579883,2501383.2958579883,2022,9,recovery,True,True,2022-08-31,2022-05-01,3
run_20260811T162732Z_6bbfe89e,one_step_202209,one_step_ex_ante,same_month_historical_mean,2022-09-01,1,6648582.0,4827299.071428572,3292855.420414351,6361742.722442793,4406083.0,-1821282.9285714282,1821282.9285714282,2022,9,recovery,True,True,2022-08-31,2022-05-01,3
run_20260811T162732Z_6bbfe89e,one_step_202209,one_step_ex_ante,seasonal_moving_average_3,2022-09-01,1,6648582.0,4594015.666666667,2702654.146291294,6485377.18704204,4406083.0,-2054566.333333333,2054566.333333333,2022,9,recovery,True,True,2022-08-31,2022-05-01,3
run_20260811T162732Z_6bbfe89e,one_step_202210,one_step_ex_ante,naive_last,2022-10-01,1,5919814.0,4939265.0,1335841.7668439709,8542688.23315603,4406796.0,-980549.0,980549.0,2022,10,recovery,True,True,2022-09-30,2022-06-01,3
run_20260811T162732Z_6bbfe89e,one_step_202210,one_step_ex_ante,seasonal_naive,2022-10-01,1,5919814.0,4406796.0,2176681.479456725,6636910.520543275,4406796.0,-1513018.0,1513018.0,2022,10,recovery,True,True,2022-09-30,2022-06-01,3
run_20260811T162732Z_6bbfe89e,one_step_202210,one_step_ex_ante,drift,2022-10-01,1,5919814.0,5027889.211764706,-2274666.0181084843,12330444.441637896,4406796.0,-891924.7882352937,891924.7882352937,2022,10,recovery,True,True,2022-09-30,2022-06-01,3
run_20260811T162732Z_6bbfe89e,one_step_202210,one_step_ex_ante,same_month_historical_mean,2022-10-01,1,5919814.0,3909666.5714285714,2369648.8348862114,5449684.307970932,4406796.0,-2010147.4285714286,2010147.4285714286,2022,10,recovery,True,True,2022-09-30,2022-06-01,3
run_20260811T162732Z_6bbfe89e,one_step_202210,one_step_ex_ante,seasonal_moving_average_3,2022-10-01,1,5919814.0,4066471.3333333335,2174014.662163588,5958928.004503079,4406796.0,-1853342.6666666665,1853342.6666666665,2022,10,recovery,True,True,2022-09-30,2022-06-01,3
run_20260811T162732Z_6bbfe89e,one_step_202211,one_step_ex_ante,naive_last,2022-11-01,1,3438085.0,6359123.0,2741966.1124708955,9976279.887529105,2466682.0,2921038.0,2921038.0,2022,11,recovery,True,True,2022-10-31,2022-07-01,3
run_20260811T162732Z_6bbfe89e,one_step_202211,one_step_ex_ante,seasonal_naive,2022-11-01,1,3438085.0,2466682.0,209508.35742954072,4723855.642570459,2466682.0,-971403.0,971403.0,2022,11,recovery,True,True,2022-10-31,2022-07-01,3
run_20260811T162732Z_6bbfe89e,one_step_202211,one_step_ex_ante,drift,2022-11-01,1,3438085.0,6480441.994152047,-1733882.428713358,14694766.417017452,2466682.0,3042356.9941520467,3042356.9941520467,2022,11,recovery,True,True,2022-10-31,2022-07-01,3
run_20260811T162732Z_6bbfe89e,one_step_202211,one_step_ex_ante,same_month_historical_mean,2022-11-01,1,3438085.0,2164259.785714286,605669.8957208376,3722849.675707734,2466682.0,-1273825.214285714,1273825.214285714,2022,11,recovery,True,True,2022-10-31,2022-07-01,3
run_20260811T162732Z_6bbfe89e,one_step_202211,one_step_ex_ante,seasonal_moving_average_3,2022-11-01,1,3438085.0,2244985.3333333335,316735.19929260714,4173235.46737406,2466682.0,-1193099.6666666665,1193099.6666666665,2022,11,recovery,True,True,2022-10-31,2022-07-01,3
run_20260811T162732Z_6bbfe89e,one_step_202212,one_step_ex_ante,naive_last,2022-12-01,1,2620212.0,7992422.0,4354172.312548831,11630671.687451169,2176634.0,5372210.0,5372210.0,2022,12,recovery,True,True,2022-11-30,2022-08-01,3
run_20260811T162732Z_6bbfe89e,one_step_202212,one_step_ex_ante,seasonal_naive,2022-12-01,1,2620212.0,2176634.0,-103156.06058529764,4456424.060585298,2176634.0,-443578.0,443578.0,2022,12,recovery,True,True,2022-11-30,2022-08-01,3
run_20260811T162732Z_6bbfe89e,one_step_202212,one_step_ex_ante,drift,2022-12-01,1,2620212.0,8151019.348837209,-1317248.434584015,17619287.132258434,2176634.0,5530807.348837209,5530807.348837209,2022,12,recovery,True,True,2022-11-30,2022-08-01,3
run_20260811T162732Z_6bbfe89e,one_step_202212,one_step_ex_ante,same_month_historical_mean,2022-12-01,1,2620212.0,1683418.5714285714,94096.40385634778,3272740.739000795,2176634.0,-936793.4285714286,936793.4285714286,2022,12,recovery,True,True,2022-11-30,2022-08-01,3
run_20260811T162732Z_6bbfe89e,one_step_202212,one_step_ex_ante,seasonal_moving_average_3,2022-12-01,1,2620212.0,1846593.0,-118564.08844672935,3811750.0884467294,2176634.0,-773619.0,773619.0,2022,12,recovery,True,True,2022-11-30,2022-08-01,3
run_20260811T162732Z_6bbfe89e,one_step_202301,one_step_ex_ante,naive_last,2023-01-01,1,3077654.0,6648582.0,2997567.4425747013,10299596.557425298,2158066.0,3570928.0,3570928.0,2023,1,normalization,True,True,2022-12-31,2022-09-01,3
run_20260811T162732Z_6bbfe89e,one_step_202301,one_step_ex_ante,seasonal_naive,2023-01-01,1,3077654.0,2158066.0,-137624.85703550186,4453756.857035502,2158066.0,-919588.0,919588.0,2023,1,normalization,True,True,2022-12-31,2022-09-01,3
run_20260811T162732Z_6bbfe89e,one_step_202301,one_step_ex_ante,drift,2023-01-01,1,3077654.0,6775191.156069364,-1587186.43306447,15137568.745203199,2158066.0,3697537.1560693644,3697537.1560693644,2023,1,normalization,True,True,2022-12-31,2022-09-01,3
run_20260811T162732Z_6bbfe89e,one_step_202301,one_step_ex_ante,same_month_historical_mean,2023-01-01,1,3077654.0,1601080.5333333334,-5185.075197489234,3207346.1418641564,2158066.0,-1476573.4666666666,1476573.4666666666,2023,1,normalization,True,True,2022-12-31,2022-09-01,3
run_20260811T162732Z_6bbfe89e,one_step_202301,one_step_ex_ante,seasonal_moving_average_3,2023-01-01,1,3077654.0,1839140.3333333333,-143421.4773735716,3821702.144040238,2158066.0,-1238513.6666666667,1238513.6666666667,2023,1,normalization,True,True,2022-12-31,2022-09-01,3
run_20260811T162732Z_6bbfe89e,one_step_202302,one_step_ex_ante,naive_last,2023-02-01,1,2314917.0,5919814.0,2272360.1276724054,9567267.872327594,1851394.0,3604897.0,3604897.0,2023,2,normalization,True,True,2023-01-31,2022-10-01,3
run_20260811T162732Z_6bbfe89e,one_step_202302,one_step_ex_ante,seasonal_naive,2023-02-01,1,2314917.0,1851394.0,-446585.66396693746,4149373.6639669375,1851394.0,-463523.0,463523.0,2023,2,normalization,True,True,2023-01-31,2022-10-01,3
run_20260811T162732Z_6bbfe89e,one_step_202302,one_step_ex_ante,drift,2023-02-01,1,2314917.0,6028942.229885058,-1794406.0810704418,13852290.540840557,1851394.0,3714025.2298850575,3714025.2298850575,2023,2,normalization,True,True,2023-01-31,2022-10-01,3
run_20260811T162732Z_6bbfe89e,one_step_202302,one_step_ex_ante,same_month_historical_mean,2023-02-01,1,2314917.0,1436270.0,-191157.9416963465,3063697.9416963467,1851394.0,-878647.0,878647.0,2023,2,normalization,True,True,2023-01-31,2022-10-01,3
run_20260811T162732Z_6bbfe89e,one_step_202302,one_step_ex_ante,seasonal_moving_average_3,2023-02-01,1,2314917.0,1543481.0,-451412.30767600425,3538374.3076760042,1851394.0,-771436.0,771436.0,2023,2,normalization,True,True,2023-01-31,2022-10-01,3
run_20260811T162732Z_6bbfe89e,one_step_202303,one_step_ex_ante,naive_last,2023-03-01,1,2788995.0,3438085.0,-274084.6448744368,7150254.644874437,2442196.0,649090.0,649090.0,2023,3,normalization,True,True,2023-02-28,2022-11-01,3
run_20260811T162732Z_6bbfe89e,one_step_202303,one_step_ex_ante,seasonal_naive,2023-03-01,1,2788995.0,2442196.0,148090.96356286155,4736301.036437139,2442196.0,-346799.0,346799.0,2023,3,normalization,True,True,2023-02-28,2022-11-01,3
run_20260811T162732Z_6bbfe89e,one_step_202303,one_step_ex_ante,drift,2023-03-01,1,2788995.0,3489864.4057142856,-3164887.185751412,10144615.997179983,2442196.0,700869.4057142856,700869.4057142856,2023,3,normalization,True,True,2023-02-28,2022-11-01,3
run_20260811T162732Z_6bbfe89e,one_step_202303,one_step_ex_ante,same_month_historical_mean,2023-03-01,1,2788995.0,1784424.9333333333,151442.57072099252,3417407.295945674,2442196.0,-1004570.0666666667,1004570.0666666667,2023,3,normalization,True,True,2023-02-28,2022-11-01,3
run_20260811T162732Z_6bbfe89e,one_step_202303,one_step_ex_ante,seasonal_moving_average_3,2023-03-01,1,2788995.0,1514558.3333333333,-481224.6753717349,3510341.3420384014,2442196.0,-1274436.6666666667,1274436.6666666667,2023,3,normalization,True,True,2023-02-28,2022-11-01,3
run_20260811T162732Z_6bbfe89e,one_step_202304,one_step_ex_ante,naive_last,2023-04-01,1,3541271.0,2620212.0,-1089467.6441971161,6329891.644197116,2921440.0,-921059.0,921059.0,2023,4,normalization,True,True,2023-03-31,2022-12-01,3
run_20260811T162732Z_6bbfe89e,one_step_202304,one_step_ex_ante,seasonal_naive,2023-04-01,1,3541271.0,2921440.0,634104.7016326287,5208775.298367372,2921440.0,-619831.0,619831.0,2023,4,normalization,True,True,2023-03-31,2022-12-01,3
run_20260811T162732Z_6bbfe89e,one_step_202304,one_step_ex_ante,drift,2023-04-01,1,3541271.0,2653109.1818181816,-3842009.934789628,9148228.298425991,2921440.0,-888161.8181818184,888161.8181818184,2023,4,normalization,True,True,2023-03-31,2022-12-01,3
run_20260811T162732Z_6bbfe89e,one_step_202304,one_step_ex_ante,same_month_historical_mean,2023-04-01,1,3541271.0,2290985.214285714,657168.3242303568,3924802.104341071,2921440.0,-1250285.785714286,1250285.785714286,2023,4,normalization,True,True,2023-03-31,2022-12-01,3
run_20260811T162732Z_6bbfe89e,one_step_202304,one_step_ex_ante,seasonal_moving_average_3,2023-04-01,1,3541271.0,2455752.6666666665,463466.323524663,4448039.00980867,2921440.0,-1085518.3333333335,1085518.3333333335,2023,4,normalization,True,True,2023-03-31,2022-12-01,3
run_20260811T162732Z_6bbfe89e,one_step_202305,one_step_ex_ante,naive_last,2023-05-01,1,4584458.0,3077654.0,-623838.9343294981,6779146.934329499,4078425.0,-1506804.0,1506804.0,2023,5,normalization,True,True,2023-04-30,2023-01-01,3
run_20260811T162732Z_6bbfe89e,one_step_202305,one_step_ex_ante,seasonal_naive,2023-05-01,1,4584458.0,4078425.0,1795331.873080039,6361518.126919961,4078425.0,-506033.0,506033.0,2023,5,normalization,True,True,2023-04-30,2023-01-01,3
run_20260811T162732Z_6bbfe89e,one_step_202305,one_step_ex_ante,drift,2023-05-01,1,4584458.0,3120702.9943502825,-3431473.8773035863,9672879.86600415,4078425.0,-1463755.0056497175,1463755.0056497175,2023,5,normalization,True,True,2023-04-30,2023-01-01,3
run_20260811T162732Z_6bbfe89e,one_step_202305,one_step_ex_ante,same_month_historical_mean,2023-05-01,1,4584458.0,3225310.5714285714,1582557.4498231595,4868063.693033983,4078425.0,-1359147.4285714286,1359147.4285714286,2023,5,normalization,True,True,2023-04-30,2023-01-01,3
run_20260811T162732Z_6bbfe89e,one_step_202305,one_step_ex_ante,seasonal_moving_average_3,2023-05-01,1,4584458.0,3107940.3333333335,1114310.3058234085,5101570.360843258,4078425.0,-1476517.6666666665,1476517.6666666665,2023,5,normalization,True,True,2023-04-30,2023-01-01,3
run_20260811T162732Z_6bbfe89e,one_step_202306,one_step_ex_ante,naive_last,2023-06-01,1,5869766.0,2314917.0,-1383094.7864851234,6012928.786485123,4939265.0,-3554849.0,3554849.0,2023,6,normalization,True,True,2023-05-31,2023-02-01,3
run_20260811T162732Z_6bbfe89e,one_step_202306,one_step_ex_ante,seasonal_naive,2023-06-01,1,5869766.0,4939265.0,2662784.2206271007,7215745.779372899,4939265.0,-930501.0,930501.0,2023,6,normalization,True,True,2023-05-31,2023-02-01,3
run_20260811T162732Z_6bbfe89e,one_step_202306,one_step_ex_ante,drift,2023-06-01,1,5869766.0,2340583.988764045,-4108720.427612083,8789888.405140173,4939265.0,-3529182.011235955,3529182.011235955,2023,6,normalization,True,True,2023-05-31,2023-02-01,3
run_20260811T162732Z_6bbfe89e,one_step_202306,one_step_ex_ante,same_month_historical_mean,2023-06-01,1,5869766.0,3810829.6428571427,2167936.8397689797,5453722.445945306,4939265.0,-2058936.3571428573,2058936.3571428573,2023,6,normalization,True,True,2023-05-31,2023-02-01,3
run_20260811T162732Z_6bbfe89e,one_step_202306,one_step_ex_ante,seasonal_moving_average_3,2023-06-01,1,5869766.0,4025535.6666666665,2035449.9672244773,6015621.366108855,4939265.0,-1844230.3333333335,1844230.3333333335,2023,6,normalization,True,True,2023-05-31,2023-02-01,3
run_20260811T162732Z_6bbfe89e,one_step_202307,one_step_ex_ante,naive_last,2023-07-01,1,6926346.0,2788995.0,-901159.209263261,6479149.209263261,6359123.0,-4137351.0,4137351.0,2023,7,normalization,True,True,2023-06-30,2023-03-01,3
run_20260811T162732Z_6bbfe89e,one_step_202307,one_step_ex_ante,seasonal_naive,2023-07-01,1,6926346.0,6359123.0,4089460.3464575373,8628785.653542463,6359123.0,-567223.0,567223.0,2023,7,normalization,True,True,2023-06-30,2023-03-01,3
run_20260811T162732Z_6bbfe89e,one_step_202307,one_step_ex_ante,drift,2023-07-01,1,6926346.0,2825112.5195530728,-3663924.005192781,9314149.044298926,6359123.0,-4101233.4804469272,4101233.4804469272,2023,7,normalization,True,True,2023-06-30,2023-03-01,3
run_20260811T162732Z_6bbfe89e,one_step_202307,one_step_ex_ante,same_month_historical_mean,2023-07-01,1,6926346.0,4636581.933333334,2992099.736457957,6281064.13020871,6359123.0,-2289764.0666666664,2289764.0666666664,2023,7,normalization,True,True,2023-06-30,2023-03-01,3
run_20260811T162732Z_6bbfe89e,one_step_202307,one_step_ex_ante,seasonal_moving_average_3,2023-07-01,1,6926346.0,3623899.3333333335,1632140.8007874254,5615657.865879241,6359123.0,-3302446.6666666665,3302446.6666666665,2023,7,normalization,True,True,2023-06-30,2023-03-01,3
run_20260811T162732Z_6bbfe89e,one_step_202308,one_step_ex_ante,naive_last,2023-08-01,1,8488026.0,3541271.0,-144963.05387541652,7227505.0538754165,7992422.0,-4946755.0,4946755.0,2023,8,normalization,True,True,2023-07-31,2023-04-01,3
run_20260811T162732Z_6bbfe89e,one_step_202308,one_step_ex_ante,seasonal_naive,2023-08-01,1,8488026.0,7992422.0,5728688.72317299,10256155.276827011,7992422.0,-495604.0,495604.0,2023,8,normalization,True,True,2023-07-31,2023-04-01,3
run_20260811T162732Z_6bbfe89e,one_step_202308,one_step_ex_ante,drift,2023-08-01,1,8488026.0,3593905.111111111,-3049878.8378449334,10237689.060067154,7992422.0,-4894120.888888889,4894120.888888889,2023,8,normalization,True,True,2023-07-31,2023-04-01,3
run_20260811T162732Z_6bbfe89e,one_step_202308,one_step_ex_ante,same_month_historical_mean,2023-08-01,1,8488026.0,5839971.0,4190596.921906137,7489345.078093863,7992422.0,-2648055.0,2648055.0,2023,8,normalization,True,True,2023-07-31,2023-04-01,3
run_20260811T162732Z_6bbfe89e,one_step_202308,one_step_ex_ante,seasonal_moving_average_3,2023-08-01,1,8488026.0,5228132.0,3237077.5915689706,7219186.408431029,7992422.0,-3259894.0,3259894.0,2023,8,normalization,True,True,2023-07-31,2023-04-01,3
run_20260811T162732Z_6bbfe89e,one_step_202309,one_step_ex_ante,naive_last,2023-09-01,1,7013861.0,4584458.0,896247.0551595362,8272668.944840464,6648582.0,-2429403.0,2429403.0,2023,9,normalization,True,True,2023-08-31,2023-05-01,3
run_20260811T162732Z_6bbfe89e,one_step_202309,one_step_ex_ante,seasonal_naive,2023-09-01,1,7013861.0,6648582.0,4391166.532779619,8905997.46722038,6648582.0,-365279.0,365279.0,2023,9,normalization,True,True,2023-08-31,2023-05-01,3
run_20260811T162732Z_6bbfe89e,one_step_202309,one_step_ex_ante,drift,2023-09-01,1,7013861.0,4659855.171270718,-2363889.8214489957,11683600.16399043,6648582.0,-2354005.828729282,2354005.828729282,2023,9,normalization,True,True,2023-08-31,2023-05-01,3
run_20260811T162732Z_6bbfe89e,one_step_202309,one_step_ex_ante,same_month_historical_mean,2023-09-01,1,7013861.0,4948717.933333334,3292820.310197729,6604615.556468938,6648582.0,-2065143.0666666664,2065143.0666666664,2023,9,normalization,True,True,2023-08-31,2023-05-01,3
run_20260811T162732Z_6bbfe89e,one_step_202309,one_step_ex_ante,seasonal_moving_average_3,2023-09-01,1,7013861.0,4562953.333333333,2567572.3990860814,6558334.267580585,6648582.0,-2450907.666666667,2450907.666666667,2023,9,normalization,True,True,2023-08-31,2023-05-01,3
run_20260811T162732Z_6bbfe89e,one_step_202310,one_step_ex_ante,naive_last,2023-10-01,1,6151397.0,5869766.0,2173394.69086445,9566137.30913555,5919814.0,-281631.0,281631.0,2023,10,normalization,True,True,2023-09-30,2023-06-01,3
run_20260811T162732Z_6bbfe89e,one_step_202310,one_step_ex_ante,seasonal_naive,2023-10-01,1,6151397.0,5919814.0,3666393.1296221204,8173234.87037788,5919814.0,-231583.0,231583.0,2023,10,normalization,True,True,2023-09-30,2023-06-01,3
run_20260811T162732Z_6bbfe89e,one_step_202310,one_step_ex_ante,drift,2023-10-01,1,6151397.0,5972997.428571428,-1734900.1406231243,13680894.99776598,5919814.0,-178399.57142857183,178399.57142857183,2023,10,normalization,True,True,2023-09-30,2023-06-01,3
run_20260811T162732Z_6bbfe89e,one_step_202310,one_step_ex_ante,same_month_historical_mean,2023-10-01,1,6151397.0,4043676.4,2367238.8859183746,5720113.914081626,5919814.0,-2107720.6,2107720.6,2023,10,normalization,True,True,2023-09-30,2023-06-01,3
run_20260811T162732Z_6bbfe89e,one_step_202310,one_step_ex_ante,seasonal_moving_average_3,2023-10-01,1,6151397.0,4227244.666666667,2221453.7866305783,6233035.546702756,5919814.0,-1924152.333333333,1924152.333333333,2023,10,normalization,True,True,2023-09-30,2023-06-01,3
run_20260811T162732Z_6bbfe89e,one_step_202311,one_step_ex_ante,naive_last,2023-11-01,1,3520467.0,6926346.0,3228062.342386369,10624629.657613631,3438085.0,3405879.0,3405879.0,2023,11,normalization,True,True,2023-10-31,2023-07-01,3
run_20260811T162732Z_6bbfe89e,one_step_202311,one_step_ex_ante,seasonal_naive,2023-11-01,1,3520467.0,3438085.0,1190682.4798410456,5685487.520158954,3438085.0,-82382.0,82382.0,2023,11,normalization,True,True,2023-10-31,2023-07-01,3
run_20260811T162732Z_6bbfe89e,one_step_202311,one_step_ex_ante,drift,2023-11-01,1,3520467.0,7052107.967213115,-1341718.6385749765,15445934.573001206,3438085.0,3531640.9672131147,3531640.9672131147,2023,11,normalization,True,True,2023-10-31,2023-07-01,3
run_20260811T162732Z_6bbfe89e,one_step_202311,one_step_ex_ante,same_month_historical_mean,2023-11-01,1,3520467.0,2249181.466666667,546752.1205858155,3951610.812747518,3438085.0,-1271285.5333333332,1271285.5333333332,2023,11,normalization,True,True,2023-10-31,2023-07-01,3
run_20260811T162732Z_6bbfe89e,one_step_202311,one_step_ex_ante,seasonal_moving_average_3,2023-11-01,1,3520467.0,2389174.6666666665,334591.7367507103,4443757.596582623,3438085.0,-1131292.3333333335,1131292.3333333335,2023,11,normalization,True,True,2023-10-31,2023-07-01,3
run_20260811T162732Z_6bbfe89e,one_step_202312,one_step_ex_ante,naive_last,2023-12-01,1,2800281.0,8488026.0,4773444.951652768,12202607.048347231,2620212.0,5687745.0,5687745.0,2023,12,normalization,True,True,2023-11-30,2023-08-01,3
run_20260811T162732Z_6bbfe89e,one_step_202312,one_step_ex_ante,seasonal_naive,2023-12-01,1,2800281.0,2620212.0,379021.51175620453,4861402.488243796,2620212.0,-180069.0,180069.0,2023,12,normalization,True,True,2023-11-30,2023-08-01,3
run_20260811T162732Z_6bbfe89e,one_step_202312,one_step_ex_ante,drift,2023-12-01,1,2800281.0,8647054.043478262,-933157.0432525352,18227265.13020906,2620212.0,5846773.043478262,5846773.043478262,2023,12,normalization,True,True,2023-11-30,2023-08-01,3
run_20260811T162732Z_6bbfe89e,one_step_202312,one_step_ex_ante,same_month_historical_mean,2023-12-01,1,2800281.0,1745871.4666666666,8125.374686787603,3483617.5586465457,2620212.0,-1054409.5333333334,1054409.5333333334,2023,12,normalization,True,True,2023-11-30,2023-08-01,3
run_20260811T162732Z_6bbfe89e,one_step_202312,one_step_ex_ante,seasonal_moving_average_3,2023-12-01,1,2800281.0,1920554.0,-179135.39167074626,4020243.3916707463,2620212.0,-879727.0,879727.0,2023,12,normalization,True,True,2023-11-30,2023-08-01,3
run_20260811T162732Z_6bbfe89e,one_step_202401,one_step_ex_ante,naive_last,2024-01-01,1,3245893.0,7013861.0,3283781.9754203204,10743940.02457968,3077654.0,3767968.0,3767968.0,2024,1,normalization,True,True,2023-12-31,2023-09-01,3
run_20260811T162732Z_6bbfe89e,one_step_202401,one_step_ex_ante,seasonal_naive,2024-01-01,1,3245893.0,3077654.0,842927.0202435516,5312380.979756448,3077654.0,-168239.0,168239.0,2024,1,normalization,True,True,2023-12-31,2023-09-01,3
run_20260811T162732Z_6bbfe89e,one_step_202401,one_step_ex_ante,drift,2024-01-01,1,3245893.0,7140155.594594595,-1257843.0785142435,15538154.267703433,3077654.0,3894262.594594595,3894262.594594595,2024,1,normalization,True,True,2023-12-31,2023-09-01,3
run_20260811T162732Z_6bbfe89e,one_step_202401,one_step_ex_ante,same_month_historical_mean,2024-01-01,1,3245893.0,1693366.375,-63466.28219360346,3450199.0321936035,3077654.0,-1552526.625,1552526.625,2024,1,normalization,True,True,2023-12-31,2023-09-01,3
run_20260811T162732Z_6bbfe89e,one_step_202401,one_step_ex_ante,seasonal_moving_average_3,2024-01-01,1,3245893.0,2021884.0,-98546.37455875333,4142314.3745587533,3077654.0,-1224009.0,1224009.0,2024,1,normalization,True,True,2023-12-31,2023-09-01,3
run_20260811T162732Z_6bbfe89e,one_step_202402,one_step_ex_ante,naive_last,2024-02-01,1,2684623.0,6151397.0,2422548.1779309567,9880245.822069043,2314917.0,3466774.0,3466774.0,2024,2,normalization,True,True,2024-01-31,2023-10-01,3
run_20260811T162732Z_6bbfe89e,one_step_202402,one_step_ex_ante,seasonal_naive,2024-02-01,1,2684623.0,2314917.0,86729.07424989762,4543104.925750103,2314917.0,-369706.0,369706.0,2024,2,normalization,True,True,2024-01-31,2023-10-01,3
run_20260811T162732Z_6bbfe89e,one_step_202402,one_step_ex_ante,drift,2024-02-01,1,2684623.0,6258464.978494624,-1538994.3727745814,14055924.32976383,2314917.0,3573841.9784946237,3573841.9784946237,2024,2,normalization,True,True,2024-01-31,2023-10-01,3
run_20260811T162732Z_6bbfe89e,one_step_202402,one_step_ex_ante,same_month_historical_mean,2024-02-01,1,2684623.0,1491185.4375,-285295.1778918633,3267666.0528918635,2314917.0,-1193437.5625,1193437.5625,2024,2,normalization,True,True,2024-01-31,2023-10-01,3
run_20260811T162732Z_6bbfe89e,one_step_202402,one_step_ex_ante,seasonal_moving_average_3,2024-02-01,1,2684623.0,1631145.6666666667,-498533.4690806193,3760824.8024139525,2314917.0,-1053477.3333333333,1053477.3333333333,2024,2,normalization,True,True,2024-01-31,2023-10-01,3
run_20260811T162732Z_6bbfe89e,one_step_202403,one_step_ex_ante,naive_last,2024-03-01,1,3079574.0,3520467.0,-275577.8648978495,7316511.864897849,2788995.0,440893.0,440893.0,2024,3,normalization,True,True,2024-02-29,2023-11-01,3
run_20260811T162732Z_6bbfe89e,one_step_202403,one_step_ex_ante,seasonal_naive,2024-03-01,1,3079574.0,2788995.0,567223.7762940936,5010766.223705906,2788995.0,-290579.0,290579.0,2024,3,normalization,True,True,2024-02-29,2023-11-01,3
run_20260811T162732Z_6bbfe89e,one_step_202403,one_step_ex_ante,drift,2024-03-01,1,3079574.0,3570685.8449197863,-3149080.5828950745,10290452.272734648,2788995.0,491111.8449197863,491111.8449197863,2024,3,normalization,True,True,2024-02-29,2023-11-01,3
run_20260811T162732Z_6bbfe89e,one_step_202403,one_step_ex_ante,same_month_historical_mean,2024-03-01,1,3079574.0,1847210.5625,66724.05909902789,3627697.065900972,2788995.0,-1232363.4375,1232363.4375,2024,3,normalization,True,True,2024-02-29,2023-11-01,3
run_20260811T162732Z_6bbfe89e,one_step_202403,one_step_ex_ante,seasonal_moving_average_3,2024-03-01,1,3079574.0,2091534.0,-36397.35543817654,4219465.355438177,2788995.0,-988040.0,988040.0,2024,3,normalization,True,True,2024-02-29,2023-11-01,3
run_20260811T162732Z_6bbfe89e,one_step_202404,one_step_ex_ante,naive_last,2024-04-01,1,4040974.0,2800281.0,-991391.6247565635,6591953.624756563,3541271.0,-1240693.0,1240693.0,2024,4,normalization,True,True,2024-03-31,2023-12-01,3
run_20260811T162732Z_6bbfe89e,one_step_202404,one_step_ex_ante,seasonal_naive,2024-04-01,1,4040974.0,3541271.0,1325928.3917023912,5756613.608297609,3541271.0,-499703.0,499703.0,2024,4,normalization,True,True,2024-03-31,2023-12-01,3
run_20260811T162732Z_6bbfe89e,one_step_202404,one_step_ex_ante,drift,2024-04-01,1,4040974.0,2834909.6170212766,-3794405.615771507,9464224.849814061,3541271.0,-1206064.3829787234,1206064.3829787234,2024,4,normalization,True,True,2024-03-31,2023-12-01,3
run_20260811T162732Z_6bbfe89e,one_step_202404,one_step_ex_ante,same_month_historical_mean,2024-04-01,1,4040974.0,2374337.6,592606.0642765423,4156069.1357234577,3541271.0,-1666636.4,1666636.4,2024,4,normalization,True,True,2024-03-31,2023-12-01,3
run_20260811T162732Z_6bbfe89e,one_step_202404,one_step_ex_ante,seasonal_moving_average_3,2024-04-01,1,4040974.0,2547424.3333333335,423298.2736383956,4671550.393028271,3541271.0,-1493549.6666666665,1493549.6666666665,2024,4,normalization,True,True,2024-03-31,2023-12-01,3
run_20260811T162732Z_6bbfe89e,one_step_202405,one_step_ex_ante,naive_last,2024-05-01,1,5585634.0,3245893.0,-537733.7998371939,7029519.799837194,4584458.0,-2339741.0,2339741.0,2024,5,normalization,True,True,2024-04-30,2024-01-01,3
run_20260811T162732Z_6bbfe89e,one_step_202405,one_step_ex_ante,seasonal_naive,2024-05-01,1,5585634.0,4584458.0,2375485.490993657,6793430.509006343,4584458.0,-1001176.0,1001176.0,2024,5,normalization,True,True,2024-04-30,2024-01-01,3
run_20260811T162732Z_6bbfe89e,one_step_202405,one_step_ex_ante,drift,2024-05-01,1,5585634.0,3289769.3386243386,-3368433.321234448,9947971.998483125,4584458.0,-2295864.6613756614,2295864.6613756614,2024,5,normalization,True,True,2024-04-30,2024-01-01,3
run_20260811T162732Z_6bbfe89e,one_step_202405,one_step_ex_ante,same_month_historical_mean,2024-05-01,1,5585634.0,3315920.4,1525982.0254016332,5105858.774598367,4584458.0,-2269713.6,2269713.6,2024,5,normalization,True,True,2024-04-30,2024-01-01,3
run_20260811T162732Z_6bbfe89e,one_step_202405,one_step_ex_ante,seasonal_moving_average_3,2024-05-01,1,5585634.0,3229480.6666666665,1106236.5136433057,5352724.819690027,4584458.0,-2356153.3333333335,2356153.3333333335,2024,5,normalization,True,True,2024-04-30,2024-01-01,3
run_20260811T162732Z_6bbfe89e,one_step_202406,one_step_ex_ante,naive_last,2024-06-01,1,6471276.0,2684623.0,-1092488.202371737,6461734.202371737,5869766.0,-3786653.0,3786653.0,2024,6,normalization,True,True,2024-05-31,2024-02-01,3
run_20260811T162732Z_6bbfe89e,one_step_202406,one_step_ex_ante,seasonal_naive,2024-06-01,1,6471276.0,5869766.0,3666970.827962788,8072561.172037212,5869766.0,-601510.0,601510.0,2024,6,normalization,True,True,2024-05-31,2024-02-01,3
run_20260811T162732Z_6bbfe89e,one_step_202406,one_step_ex_ante,drift,2024-06-01,1,6471276.0,2716452.2,-3886975.7374600833,9319880.137460083,5869766.0,-3754823.8,3754823.8,2024,6,normalization,True,True,2024-05-31,2024-02-01,3
run_20260811T162732Z_6bbfe89e,one_step_202406,one_step_ex_ante,same_month_historical_mean,2024-06-01,1,6471276.0,3948092.066666667,2155295.4824542357,5740888.650879098,5869766.0,-2523183.933333333,2523183.933333333,2024,6,normalization,True,True,2024-05-31,2024-02-01,3
run_20260811T162732Z_6bbfe89e,one_step_202406,one_step_ex_ante,seasonal_moving_average_3,2024-06-01,1,6471276.0,4223373.333333333,2102633.2249680767,6344113.441698589,5869766.0,-2247902.666666667,2247902.666666667,2024,6,normalization,True,True,2024-05-31,2024-02-01,3
run_20260811T162732Z_6bbfe89e,one_step_202407,one_step_ex_ante,naive_last,2024-07-01,1,7395701.0,3079574.0,-689183.1244969838,6848331.124496983,6926346.0,-4316127.0,4316127.0,2024,7,normalization,True,True,2024-06-30,2024-03-01,3
run_20260811T162732Z_6bbfe89e,one_step_202407,one_step_ex_ante,seasonal_naive,2024-07-01,1,7395701.0,6926346.0,4729777.816529876,9122914.183470124,6926346.0,-469355.0,469355.0,2024,7,normalization,True,True,2024-06-30,2024-03-01,3
run_20260811T162732Z_6bbfe89e,one_step_202407,one_step_ex_ante,drift,2024-07-01,1,7395701.0,3119507.780104712,-3502492.3593245395,9741507.919533964,6926346.0,-4276193.219895288,4276193.219895288,2024,7,normalization,True,True,2024-06-30,2024-03-01,3
run_20260811T162732Z_6bbfe89e,one_step_202407,one_step_ex_ante,same_month_historical_mean,2024-07-01,1,7395701.0,4779692.1875,2983574.1524231695,6575810.222576831,6926346.0,-2616008.8125,2616008.8125,2024,7,normalization,True,True,2024-06-30,2024-03-01,3
run_20260811T162732Z_6bbfe89e,one_step_202407,one_step_ex_ante,seasonal_moving_average_3,2024-07-01,1,7395701.0,5673667.0,3555965.295307794,7791368.704692205,6926346.0,-1722034.0,1722034.0,2024,7,normalization,True,True,2024-06-30,2024-03-01,3
run_20260811T162732Z_6bbfe89e,one_step_202408,one_step_ex_ante,naive_last,2024-08-01,1,8661295.0,4040974.0,272471.74867145484,7809476.251328545,8488026.0,-4620321.0,4620321.0,2024,8,normalization,True,True,2024-07-31,2024-04-01,3
run_20260811T162732Z_6bbfe89e,one_step_202408,one_step_ex_ante,seasonal_naive,2024-08-01,1,8661295.0,8488026.0,6297232.841491953,10678819.158508047,8488026.0,-173269.0,173269.0,2024,8,normalization,True,True,2024-07-31,2024-04-01,3
run_20260811T162732Z_6bbfe89e,one_step_202408,one_step_ex_ante,drift,2024-08-01,1,8661295.0,4100728.9583333335,-2701920.5560697843,10903378.472736452,8488026.0,-4560566.041666666,4560566.041666666,2024,8,normalization,True,True,2024-07-31,2024-04-01,3
run_20260811T162732Z_6bbfe89e,one_step_202408,one_step_ex_ante,same_month_historical_mean,2024-08-01,1,8661295.0,6005474.4375,4199556.684176222,7811392.190823778,8488026.0,-2655820.5625,2655820.5625,2024,8,normalization,True,True,2024-07-31,2024-04-01,3
run_20260811T162732Z_6bbfe89e,one_step_202408,one_step_ex_ante,seasonal_moving_average_3,2024-08-01,1,8661295.0,7326501.666666667,5206742.397759566,9446260.935573768,8488026.0,-1334793.333333333,1334793.333333333,2024,8,normalization,True,True,2024-07-31,2024-04-01,3
run_20260811T162732Z_6bbfe89e,one_step_202409,one_step_ex_ante,naive_last,2024-09-01,1,7149583.0,5585634.0,1802256.2687814068,9369011.731218593,7013861.0,-1563949.0,1563949.0,2024,9,normalization,True,True,2024-08-31,2024-05-01,3
run_20260811T162732Z_6bbfe89e,one_step_202409,one_step_ex_ante,seasonal_naive,2024-09-01,1,7149583.0,7013861.0,4826102.930620849,9201619.06937915,7013861.0,-135722.0,135722.0,2024,9,normalization,True,True,2024-08-31,2024-05-01,3
run_20260811T162732Z_6bbfe89e,one_step_202409,one_step_ex_ante,drift,2024-09-01,1,7149583.0,5677093.025906736,-1747625.9397951728,13101811.991608646,7013861.0,-1472489.974093264,1472489.974093264,2024,9,normalization,True,True,2024-08-31,2024-05-01,3
run_20260811T162732Z_6bbfe89e,one_step_202409,one_step_ex_ante,same_month_historical_mean,2024-09-01,1,7149583.0,5077789.375,3250066.9328482905,6905511.817151709,7013861.0,-2071793.625,2071793.625,2024,9,normalization,True,True,2024-08-31,2024-05-01,3
run_20260811T162732Z_6bbfe89e,one_step_202409,one_step_ex_ante,seasonal_moving_average_3,2024-09-01,1,7149583.0,6022842.0,3886741.2671594205,8158942.732840579,7013861.0,-1126741.0,1126741.0,2024,9,normalization,True,True,2024-08-31,2024-05-01,3
run_20260811T162732Z_6bbfe89e,one_step_202410,one_step_ex_ante,naive_last,2024-10-01,1,6723819.0,6471276.0,2689908.422151947,10252643.577848053,6151397.0,-252543.0,252543.0,2024,10,normalization,True,True,2024-09-30,2024-06-01,3
run_20260811T162732Z_6bbfe89e,one_step_202410,one_step_ex_ante,seasonal_naive,2024-10-01,1,6723819.0,6151397.0,3968998.936891924,8333795.063108075,6151397.0,-572422.0,572422.0,2024,10,normalization,True,True,2024-09-30,2024-06-01,3
run_20260811T162732Z_6bbfe89e,one_step_202410,one_step_ex_ante,drift,2024-10-01,1,6723819.0,6580524.24742268,-1328789.088456776,14489837.583302137,6151397.0,-143294.75257731974,143294.75257731974,2024,10,normalization,True,True,2024-09-30,2024-06-01,3
run_20260811T162732Z_6bbfe89e,one_step_202410,one_step_ex_ante,same_month_historical_mean,2024-10-01,1,6723819.0,4175408.9375,2320271.4170177085,6030546.4579822915,6151397.0,-2548410.0625,2548410.0625,2024,10,normalization,True,True,2024-09-30,2024-06-01,3
run_20260811T162732Z_6bbfe89e,one_step_202410,one_step_ex_ante,seasonal_moving_average_3,2024-10-01,1,6723819.0,5492669.0,3342931.2703406634,7642406.729659337,6151397.0,-1231150.0,1231150.0,2024,10,normalization,True,True,2024-09-30,2024-06-01,3
run_20260811T162732Z_6bbfe89e,one_step_202411,one_step_ex_ante,naive_last,2024-11-01,1,4018247.0,7395701.0,3615693.8061371027,11175708.193862896,3520467.0,3377454.0,3377454.0,2024,11,normalization,True,True,2024-10-31,2024-07-01,3
run_20260811T162732Z_6bbfe89e,one_step_202411,one_step_ex_ante,seasonal_naive,2024-11-01,1,4018247.0,3520467.0,1343810.5762246586,5697123.423775341,3520467.0,-497780.0,497780.0,2024,11,normalization,True,True,2024-10-31,2024-07-01,3
run_20260811T162732Z_6bbfe89e,one_step_202411,one_step_ex_ante,drift,2024-11-01,1,4018247.0,7523351.564102564,-973820.0058068484,16020523.134011976,3520467.0,3505104.564102564,3505104.564102564,2024,11,normalization,True,True,2024-10-31,2024-07-01,3
run_20260811T162732Z_6bbfe89e,one_step_202411,one_step_ex_ante,same_month_historical_mean,2024-11-01,1,4018247.0,2328636.8125,444287.70965052815,4212985.915349472,3520467.0,-1689610.1875,1689610.1875,2024,11,normalization,True,True,2024-10-31,2024-07-01,3
run_20260811T162732Z_6bbfe89e,one_step_202411,one_step_ex_ante,seasonal_moving_average_3,2024-11-01,1,4018247.0,3141744.6666666665,987564.5875710133,5295924.74576232,3520467.0,-876502.3333333335,876502.3333333335,2024,11,normalization,True,True,2024-10-31,2024-07-01,3
run_20260811T162732Z_6bbfe89e,one_step_202412,one_step_ex_ante,naive_last,2024-12-01,1,3175828.0,8661295.0,4875202.251583567,12447387.748416433,2800281.0,5485467.0,5485467.0,2024,12,normalization,True,True,2024-11-30,2024-08-01,3
run_20260811T162732Z_6bbfe89e,one_step_202412,one_step_ex_ante,seasonal_naive,2024-12-01,1,3175828.0,2800281.0,629638.8399919244,4970923.160008076,2800281.0,-375547.0,375547.0,2024,12,normalization,True,True,2024-11-30,2024-08-01,3
run_20260811T162732Z_6bbfe89e,one_step_202412,one_step_ex_ante,drift,2024-12-01,1,3175828.0,8814122.734693877,-606526.8862359822,18234772.355623737,2800281.0,5638294.734693877,5638294.734693877,2024,12,normalization,True,True,2024-11-30,2024-08-01,3
run_20260811T162732Z_6bbfe89e,one_step_202412,one_step_ex_ante,same_month_historical_mean,2024-12-01,1,3175828.0,1811772.0625,-102063.02623936231,3725607.1512393625,2800281.0,-1364055.9375,1364055.9375,2024,12,normalization,True,True,2024-11-30,2024-08-01,3
run_20260811T162732Z_6bbfe89e,one_step_202412,one_step_ex_ante,seasonal_moving_average_3,2024-12-01,1,3175828.0,2532375.6666666665,378606.3378648786,4686144.995468454,2800281.0,-643452.3333333335,643452.3333333335,2024,12,normalization,True,True,2024-11-30,2024-08-01,3
run_20260811T162732Z_6bbfe89e,one_step_202501,one_step_ex_ante,naive_last,2025-01-01,1,3355818.0,7149583.0,3348433.63509829,10950732.36490171,3245893.0,3793765.0,3793765.0,2025,1,normalization,True,True,2024-12-31,2024-09-01,3
run_20260811T162732Z_6bbfe89e,one_step_202501,one_step_ex_ante,seasonal_naive,2025-01-01,1,3355818.0,3245893.0,1081195.0200360515,5410590.979963949,3245893.0,-109925.0,109925.0,2025,1,normalization,True,True,2024-12-31,2024-09-01,3
run_20260811T162732Z_6bbfe89e,one_step_202501,one_step_ex_ante,drift,2025-01-01,1,3355818.0,7270940.299492386,-1000292.4605537932,15542173.059538566,3245893.0,3915122.299492386,3915122.299492386,2025,1,normalization,True,True,2024-12-31,2024-09-01,3
run_20260811T162732Z_6bbfe89e,one_step_202501,one_step_ex_ante,same_month_historical_mean,2025-01-01,1,3355818.0,1784691.4705882352,-144802.77568743727,3714185.716863908,3245893.0,-1571126.5294117648,1571126.5294117648,2025,1,normalization,True,True,2024-12-31,2024-09-01,3
run_20260811T162732Z_6bbfe89e,one_step_202501,one_step_ex_ante,seasonal_moving_average_3,2025-01-01,1,3355818.0,2827204.3333333335,675802.0488499776,4978606.617816689,3245893.0,-528613.6666666665,528613.6666666665,2025,1,normalization,True,True,2024-12-31,2024-09-01,3
run_20260811T162732Z_6bbfe89e,one_step_202502,one_step_ex_ante,naive_last,2025-02-01,1,2782758.0,6723819.0,2930201.0845001065,10517436.915499894,2684623.0,3941061.0,3941061.0,2025,2,normalization,True,True,2025-01-31,2024-10-01,3
run_20260811T162732Z_6bbfe89e,one_step_202502,one_step_ex_ante,seasonal_naive,2025-02-01,1,2782758.0,2684623.0,525213.9442280349,4844032.0557719655,2684623.0,-98135.0,98135.0,2025,2,normalization,True,True,2025-01-31,2024-10-01,3
run_20260811T162732Z_6bbfe89e,one_step_202502,one_step_ex_ante,drift,2025-02-01,1,2782758.0,6835962.090909091,-1131406.00390595,14803330.185724132,2684623.0,4053204.090909091,4053204.090909091,2025,2,normalization,True,True,2025-01-31,2024-10-01,3
run_20260811T162732Z_6bbfe89e,one_step_202502,one_step_ex_ante,same_month_historical_mean,2025-02-01,1,2782758.0,1561387.6470588236,-393793.4851168543,3516568.7792345015,2684623.0,-1221370.3529411764,1221370.3529411764,2025,2,normalization,True,True,2025-01-31,2024-10-01,3
run_20260811T162732Z_6bbfe89e,one_step_202502,one_step_ex_ante,seasonal_moving_average_3,2025-02-01,1,2782758.0,2283644.6666666665,133728.7588976263,4433560.574435707,2684623.0,-499113.3333333335,499113.3333333335,2025,2,normalization,True,True,2025-01-31,2024-10-01,3
run_20260811T162732Z_6bbfe89e,one_step_202503,one_step_ex_ante,naive_last,2025-03-01,1,2982576.0,4018247.0,158732.53044219175,7877761.469557809,3079574.0,1035671.0,1035671.0,2025,3,normalization,True,True,2025-02-28,2024-11-01,3
run_20260811T162732Z_6bbfe89e,one_step_202503,one_step_ex_ante,seasonal_naive,2025-03-01,1,2982576.0,3079574.0,925648.2034823671,5233499.796517633,3079574.0,96998.0,96998.0,2025,3,normalization,True,True,2025-02-28,2024-11-01,3
run_20260811T162732Z_6bbfe89e,one_step_202503,one_step_ex_ante,drift,2025-03-01,1,2982576.0,4075443.2010050253,-2786617.2253846866,10937503.627394738,3079574.0,1092867.2010050253,1092867.2010050253,2025,3,normalization,True,True,2025-02-28,2024-11-01,3
run_20260811T162732Z_6bbfe89e,one_step_202503,one_step_ex_ante,same_month_historical_mean,2025-03-01,1,2982576.0,1919702.5294117648,-43812.1958196722,3883217.254643202,3079574.0,-1062873.4705882352,1062873.4705882352,2025,3,normalization,True,True,2025-02-28,2024-11-01,3
run_20260811T162732Z_6bbfe89e,one_step_202503,one_step_ex_ante,seasonal_moving_average_3,2025-03-01,1,2982576.0,2770255.0,624442.6349898078,4916067.365010193,3079574.0,-212321.0,212321.0,2025,3,normalization,True,True,2025-02-28,2024-11-01,3
run_20260811T162732Z_6bbfe89e,one_step_202504,one_step_ex_ante,naive_last,2025-04-01,1,4242307.0,3175828.0,-681293.7770080748,7032949.777008075,4040974.0,-1066479.0,1066479.0,2025,4,normalization,True,True,2025-03-31,2024-12-01,3
run_20260811T162732Z_6bbfe89e,one_step_202504,one_step_ex_ante,seasonal_naive,2025-04-01,1,4242307.0,4040974.0,1892751.9163677539,6189196.083632246,4040974.0,-201333.0,201333.0,2025,4,normalization,True,True,2025-03-31,2024-12-01,3
run_20260811T162732Z_6bbfe89e,one_step_202504,one_step_ex_ante,drift,2025-04-01,1,4242307.0,3215889.84,-3553001.101078349,9984780.78107835,4040974.0,-1026417.1600000001,1026417.1600000001,2025,4,normalization,True,True,2025-03-31,2024-12-01,3
run_20260811T162732Z_6bbfe89e,one_step_202504,one_step_ex_ante,same_month_historical_mean,2025-04-01,1,4242307.0,2478502.375,511334.6358489597,4445670.11415104,4040974.0,-1763804.625,1763804.625,2025,4,normalization,True,True,2025-03-31,2024-12-01,3
run_20260811T162732Z_6bbfe89e,one_step_202504,one_step_ex_ante,seasonal_moving_average_3,2025-04-01,1,4242307.0,3501228.3333333335,1360539.3737919615,5641917.292874705,4040974.0,-741078.6666666665,741078.6666666665,2025,4,normalization,True,True,2025-03-31,2024-12-01,3
run_20260811T162732Z_6bbfe89e,one_step_202505,one_step_ex_ante,naive_last,2025-05-01,1,5618724.0,3355818.0,-491935.90527592273,7203571.905275922,5585634.0,-2262906.0,2262906.0,2025,5,normalization,True,True,2025-04-30,2025-01-01,3
run_20260811T162732Z_6bbfe89e,one_step_202505,one_step_ex_ante,seasonal_naive,2025-05-01,1,5618724.0,5585634.0,3443141.7827366916,7728126.217263308,5585634.0,-33090.0,33090.0,2025,5,normalization,True,True,2025-04-30,2025-01-01,3
run_20260811T162732Z_6bbfe89e,one_step_202505,one_step_ex_ante,drift,2025-05-01,1,5618724.0,3399262.417910448,-3366329.533343879,10164854.369164774,5585634.0,-2219461.582089552,2219461.582089552,2025,5,normalization,True,True,2025-04-30,2025-01-01,3
run_20260811T162732Z_6bbfe89e,one_step_202505,one_step_ex_ante,same_month_historical_mean,2025-05-01,1,5618724.0,3457777.5,1484188.9715188746,5431366.028481126,5585634.0,-2160946.5,2160946.5,2025,5,normalization,True,True,2025-04-30,2025-01-01,3
run_20260811T162732Z_6bbfe89e,one_step_202505,one_step_ex_ante,seasonal_moving_average_3,2025-05-01,1,5618724.0,4749505.666666667,2614223.3876430057,6884787.945690328,5585634.0,-869218.333333333,869218.333333333,2025,5,normalization,True,True,2025-04-30,2025-01-01,3
run_20260811T162732Z_6bbfe89e,one_step_202506,one_step_ex_ante,naive_last,2025-06-01,1,6551137.0,2782758.0,-1058789.7297565937,6624305.729756594,6471276.0,-3768379.0,3768379.0,2025,6,normalization,True,True,2025-05-31,2025-02-01,3
run_20260811T162732Z_6bbfe89e,one_step_202506,one_step_ex_ante,seasonal_naive,2025-06-01,1,6551137.0,6471276.0,4334455.622648902,8608096.377351098,6471276.0,-79861.0,79861.0,2025,6,normalization,True,True,2025-05-31,2025-02-01,3
run_20260811T162732Z_6bbfe89e,one_step_202506,one_step_ex_ante,drift,2025-06-01,1,6551137.0,2814639.623762376,-3941107.303855263,9570386.551380016,6471276.0,-3736497.376237624,3736497.376237624,2025,6,normalization,True,True,2025-05-31,2025-02-01,3
run_20260811T162732Z_6bbfe89e,one_step_202506,one_step_ex_ante,same_month_historical_mean,2025-06-01,1,6551137.0,4105791.0625,2130300.7652414395,6081281.359758561,6471276.0,-2445345.9375,2445345.9375,2025,6,normalization,True,True,2025-05-31,2025-02-01,3
run_20260811T162732Z_6bbfe89e,one_step_202506,one_step_ex_ante,seasonal_moving_average_3,2025-06-01,1,6551137.0,5760102.333333333,3630247.4161953432,7889957.250471323,6471276.0,-791034.666666667,791034.666666667,2025,6,normalization,True,True,2025-05-31,2025-02-01,3
run_20260811T162732Z_6bbfe89e,one_step_202507,one_step_ex_ante,naive_last,2025-07-01,1,7403653.0,2982576.0,-849814.6417477555,6814966.641747756,7395701.0,-4421077.0,4421077.0,2025,7,normalization,True,True,2025-06-30,2025-03-01,3
run_20260811T162732Z_6bbfe89e,one_step_202507,one_step_ex_ante,seasonal_naive,2025-07-01,1,7403653.0,7395701.0,5264111.24878151,9527290.75121849,7395701.0,-7952.0,7952.0,2025,7,normalization,True,True,2025-06-30,2025-03-01,3
run_20260811T162732Z_6bbfe89e,one_step_202507,one_step_ex_ante,drift,2025-07-01,1,7403653.0,3018237.871921182,-3725639.5480959727,9762115.291938337,7395701.0,-4385415.128078818,4385415.128078818,2025,7,normalization,True,True,2025-06-30,2025-03-01,3
run_20260811T162732Z_6bbfe89e,one_step_202507,one_step_ex_ante,same_month_historical_mean,2025-07-01,1,7403653.0,4933575.05882353,2957840.3528035735,6909309.764843486,7395701.0,-2470077.9411764704,2470077.9411764704,2025,7,normalization,True,True,2025-06-30,2025-03-01,3
run_20260811T162732Z_6bbfe89e,one_step_202507,one_step_ex_ante,seasonal_moving_average_3,2025-07-01,1,7403653.0,6893723.333333333,4769419.245734962,9018027.420931704,7395701.0,-509929.666666667,509929.666666667,2025,7,normalization,True,True,2025-06-30,2025-03-01,3
run_20260811T162732Z_6bbfe89e,one_step_202508,one_step_ex_ante,naive_last,2025-08-01,1,8912005.0,4242307.0,403985.4167259261,8080628.583274074,8661295.0,-4669698.0,4669698.0,2025,8,normalization,True,True,2025-07-31,2025-04-01,3
run_20260811T162732Z_6bbfe89e,one_step_202508,one_step_ex_ante,seasonal_naive,2025-08-01,1,8912005.0,8661295.0,6535351.317472519,10787238.68252748,8661295.0,-250710.0,250710.0,2025,8,normalization,True,True,2025-07-31,2025-04-01,3
run_20260811T162732Z_6bbfe89e,one_step_202508,one_step_ex_ante,drift,2025-08-01,1,8912005.0,4302494.666666667,-2577811.7806928195,11182801.114026153,8661295.0,-4609510.333333333,4609510.333333333,2025,8,normalization,True,True,2025-07-31,2025-04-01,3
run_20260811T162732Z_6bbfe89e,one_step_202508,one_step_ex_ante,same_month_historical_mean,2025-08-01,1,8912005.0,6161699.176470588,4176874.488639662,8146523.864301514,8661295.0,-2750305.823529412,2750305.823529412,2025,8,normalization,True,True,2025-07-31,2025-04-01,3
run_20260811T162732Z_6bbfe89e,one_step_202508,one_step_ex_ante,seasonal_moving_average_3,2025-08-01,1,8912005.0,8380581.0,6260879.02824487,10500282.97175513,8661295.0,-531424.0,531424.0,2025,8,normalization,True,True,2025-07-31,2025-04-01,3
run_20260811T162732Z_6bbfe89e,one_step_202509,one_step_ex_ante,naive_last,2025-09-01,1,7324078.0,5618724.0,1771723.8465913157,9465724.153408684,7149583.0,-1705354.0,1705354.0,2025,9,normalization,True,True,2025-08-31,2025-05-01,3
run_20260811T162732Z_6bbfe89e,one_step_202509,one_step_ex_ante,seasonal_naive,2025-09-01,1,7324078.0,7149583.0,5029089.653407119,9270076.34659288,7149583.0,-174495.0,174495.0,2025,9,normalization,True,True,2025-08-31,2025-05-01,3
run_20260811T162732Z_6bbfe89e,one_step_202509,one_step_ex_ante,drift,2025-09-01,1,7324078.0,5705474.985365854,-1637244.6154697035,13048194.58620141,7149583.0,-1618603.0146341464,1618603.0146341464,2025,9,normalization,True,True,2025-08-31,2025-05-01,3
run_20260811T162732Z_6bbfe89e,one_step_202509,one_step_ex_ante,same_month_historical_mean,2025-09-01,1,7324078.0,5199659.588235294,3198992.45048443,7200326.7259861585,7149583.0,-2124418.4117647056,2124418.4117647056,2025,9,normalization,True,True,2025-08-31,2025-05-01,3
run_20260811T162732Z_6bbfe89e,one_step_202509,one_step_ex_ante,seasonal_moving_average_3,2025-09-01,1,7324078.0,6937342.0,4821604.051462408,9053079.948537592,7149583.0,-386736.0,386736.0,2025,9,normalization,True,True,2025-08-31,2025-05-01,3
run_20260811T162732Z_6bbfe89e,one_step_202510,one_step_ex_ante,naive_last,2025-10-01,1,7079267.0,6551137.0,2705478.9810623857,10396795.018937614,6723819.0,-528130.0,528130.0,2025,10,normalization,True,True,2025-09-30,2025-06-01,3
run_20260811T162732Z_6bbfe89e,one_step_202510,one_step_ex_ante,seasonal_naive,2025-10-01,1,7079267.0,6723819.0,4608802.669240719,8838835.330759281,6723819.0,-355448.0,355448.0,2025,10,normalization,True,True,2025-09-30,2025-06-01,3
run_20260811T162732Z_6bbfe89e,one_step_202510,one_step_ex_ante,drift,2025-10-01,1,7079267.0,6655571.970873786,-1142725.3050095811,14453869.246757153,6723819.0,-423695.02912621386,423695.02912621386,2025,10,normalization,True,True,2025-09-30,2025-06-01,3
run_20260811T162732Z_6bbfe89e,one_step_202510,one_step_ex_ante,same_month_historical_mean,2025-10-01,1,7079267.0,4325315.411764706,2303388.576449132,6347242.2470802795,6723819.0,-2753951.5882352944,2753951.5882352944,2025,10,normalization,True,True,2025-09-30,2025-06-01,3
run_20260811T162732Z_6bbfe89e,one_step_202510,one_step_ex_ante,seasonal_moving_average_3,2025-10-01,1,7079267.0,6265010.0,4153605.16738806,8376414.83261194,6723819.0,-814257.0,814257.0,2025,10,normalization,True,True,2025-09-30,2025-06-01,3
run_20260811T162732Z_6bbfe89e,one_step_202511,one_step_ex_ante,naive_last,2025-11-01,1,4255110.0,7403653.0,3560738.7457983717,11246567.254201628,4018247.0,3148543.0,3148543.0,2025,11,normalization,True,True,2025-10-31,2025-07-01,3
run_20260811T162732Z_6bbfe89e,one_step_202511,one_step_ex_ante,seasonal_naive,2025-11-01,1,4255110.0,4018247.0,1908552.5955128898,6127941.404487111,4018247.0,-236863.0,236863.0,2025,11,normalization,True,True,2025-10-31,2025-07-01,3
run_20260811T162732Z_6bbfe89e,one_step_202511,one_step_ex_ante,drift,2025-11-01,1,4255110.0,7524057.193236715,-770304.4550223593,15818418.84149579,4018247.0,3268947.193236715,3268947.193236715,2025,11,normalization,True,True,2025-10-31,2025-07-01,3
run_20260811T162732Z_6bbfe89e,one_step_202511,one_step_ex_ante,same_month_historical_mean,2025-11-01,1,4255110.0,2428025.6470588236,384652.3733414402,4471398.920776207,4018247.0,-1827084.3529411764,1827084.3529411764,2025,11,normalization,True,True,2025-10-31,2025-07-01,3
run_20260811T162732Z_6bbfe89e,one_step_202511,one_step_ex_ante,seasonal_moving_average_3,2025-11-01,1,4255110.0,3658933.0,1552748.0852830606,5765117.914716939,4018247.0,-596177.0,596177.0,2025,11,normalization,True,True,2025-10-31,2025-07-01,3
run_20260811T162732Z_6bbfe89e,one_step_202512,one_step_ex_ante,naive_last,2025-12-01,1,3409623.0,8912005.0,5057387.139620671,12766622.860379329,3175828.0,5502382.0,5502382.0,2025,12,normalization,True,True,2025-11-30,2025-08-01,3
run_20260811T162732Z_6bbfe89e,one_step_202512,one_step_ex_ante,seasonal_naive,2025-12-01,1,3409623.0,3175828.0,1071598.1285834233,5280057.871416576,3175828.0,-233795.0,233795.0,2025,12,normalization,True,True,2025-11-30,2025-08-01,3
run_20260811T162732Z_6bbfe89e,one_step_202512,one_step_ex_ante,drift,2025-12-01,1,3409623.0,9060837.096153846,-291638.64306565747,18413312.83537335,3175828.0,5651214.096153846,5651214.096153846,2025,12,normalization,True,True,2025-11-30,2025-08-01,3
run_20260811T162732Z_6bbfe89e,one_step_202512,one_step_ex_ante,same_month_historical_mean,2025-12-01,1,3409623.0,1892010.6470588236,-178554.2103838576,3962575.504501505,3175828.0,-1517612.3529411764,1517612.3529411764,2025,12,normalization,True,True,2025-11-30,2025-08-01,3
run_20260811T162732Z_6bbfe89e,one_step_202512,one_step_ex_ante,seasonal_moving_average_3,2025-12-01,1,3409623.0,2865440.3333333335,764393.4926725081,4966487.173994159,3175828.0,-544182.6666666665,544182.6666666665,2025,12,normalization,True,True,2025-11-30,2025-08-01,3
run_20260811T162732Z_6bbfe89e,fixed_12m_2015,fixed_origin_12m_ex_ante,naive_last,2015-01-01,1,1762004.0,5495982.0,2137416.8798069325,8854547.120193068,1575399.0,3733978.0,3733978.0,2015,1,pre_pandemic,True,True,2014-12-31,2014-09-01,3
run_20260811T162732Z_6bbfe89e,fixed_12m_2015,fixed_origin_12m_ex_ante,naive_last,2015-02-01,2,1564925.0,5495982.0,1740992.0421942747,9250971.957805725,1523245.0,3931057.0,3931057.0,2015,2,pre_pandemic,True,True,2014-12-31,2014-09-01,3
run_20260811T162732Z_6bbfe89e,fixed_12m_2015,fixed_origin_12m_ex_ante,naive_last,2015-03-01,3,2017645.0,5495982.0,1382596.5938088652,9609367.406191135,1967114.0,3478337.0,3478337.0,2015,3,pre_pandemic,True,True,2014-12-31,2014-09-01,3
run_20260811T162732Z_6bbfe89e,fixed_12m_2015,fixed_origin_12m_ex_ante,naive_last,2015-04-01,4,2626663.0,5495982.0,1053017.9649766935,9938946.035023306,2573139.0,2869319.0,2869319.0,2015,4,pre_pandemic,True,True,2014-12-31,2014-09-01,3
run_20260811T162732Z_6bbfe89e,fixed_12m_2015,fixed_origin_12m_ex_ante,naive_last,2015-05-01,5,3775013.0,5495982.0,746253.6569097396,10245710.34309026,3863883.0,1720969.0,1720969.0,2015,5,pre_pandemic,True,True,2014-12-31,2014-09-01,3
run_20260811T162732Z_6bbfe89e,fixed_12m_2015,fixed_origin_12m_ex_ante,naive_last,2015-06-01,6,4349675.0,5495982.0,458134.319710399,10533829.6802896,4530079.0,1146307.0,1146307.0,2015,6,pre_pandemic,True,True,2014-12-31,2014-09-01,3
run_20260811T162732Z_6bbfe89e,fixed_12m_2015,fixed_origin_12m_ex_ante,naive_last,2015-07-01,7,5244965.0,5495982.0,185624.2750963671,10806339.724903632,4952404.0,251017.0,251017.0,2015,7,pre_pandemic,True,True,2014-12-31,2014-09-01,3
run_20260811T162732Z_6bbfe89e,fixed_12m_2015,fixed_origin_12m_ex_ante,naive_last,2015-08-01,8,6748708.0,5495982.0,-73568.16882764548,11065532.168827645,6635627.0,-1252726.0,1252726.0,2015,8,pre_pandemic,True,True,2014-12-31,2014-09-01,3
run_20260811T162732Z_6bbfe89e,fixed_12m_2015,fixed_origin_12m_ex_ante,naive_last,2015-09-01,9,5415322.0,5495982.0,-321223.42870306596,11313187.428703066,5495982.0,80660.0,80660.0,2015,9,pre_pandemic,True,True,2014-12-31,2014-09-01,3
run_20260811T162732Z_6bbfe89e,fixed_12m_2015,fixed_origin_12m_ex_ante,naive_last,2015-10-01,10,4161806.0,5495982.0,-558757.3764204904,11550721.37642049,4086625.0,1334176.0,1334176.0,2015,10,pre_pandemic,True,True,2014-12-31,2014-09-01,3
run_20260811T162732Z_6bbfe89e,fixed_12m_2015,fixed_origin_12m_ex_ante,naive_last,2015-11-01,11,2236998.0,5495982.0,-787317.9954658505,11779281.99546585,2131495.0,3258984.0,3258984.0,2015,11,pre_pandemic,True,True,2014-12-31,2014-09-01,3
run_20260811T162732Z_6bbfe89e,fixed_12m_2015,fixed_origin_12m_ex_ante,naive_last,2015-12-01,12,1713807.0,5495982.0,-1007851.3888304308,11999815.38883043,1547223.0,3782175.0,3782175.0,2015,12,pre_pandemic,True,True,2014-12-31,2014-09-01,3
run_20260811T162732Z_6bbfe89e,fixed_12m_2015,fixed_origin_12m_ex_ante,seasonal_naive,2015-01-01,1,1762004.0,1575399.0,1210930.3528967276,1939867.6471032724,1575399.0,-186605.0,186605.0,2015,1,pre_pandemic,True,True,2014-12-31,2014-09-01,3
run_20260811T162732Z_6bbfe89e,fixed_12m_2015,fixed_origin_12m_ex_ante,seasonal_naive,2015-02-01,2,1564925.0,1523245.0,1007808.4962067787,2038681.5037932214,1523245.0,-41680.0,41680.0,2015,2,pre_pandemic,True,True,2014-12-31,2014-09-01,3
run_20260811T162732Z_6bbfe89e,fixed_12m_2015,fixed_origin_12m_ex_ante,seasonal_naive,2015-03-01,3,2017645.0,1967114.0,1335835.7854512408,2598392.214548759,1967114.0,-50531.0,50531.0,2015,3,pre_pandemic,True,True,2014-12-31,2014-09-01,3
run_20260811T162732Z_6bbfe89e,fixed_12m_2015,fixed_origin_12m_ex_ante,seasonal_naive,2015-04-01,4,2626663.0,2573139.0,1844201.7057934552,3302076.2942065448,2573139.0,-53524.0,53524.0,2015,4,pre_pandemic,True,True,2014-12-31,2014-09-01,3
run_20260811T162732Z_6bbfe89e,fixed_12m_2015,fixed_origin_12m_ex_ante,seasonal_naive,2015-05-01,5,3775013.0,3863883.0,3048906.329409701,4678859.670590299,3863883.0,88870.0,88870.0,2015,5,pre_pandemic,True,True,2014-12-31,2014-09-01,3
run_20260811T162732Z_6bbfe89e,fixed_12m_2015,fixed_origin_12m_ex_ante,seasonal_naive,2015-06-01,6,4349675.0,4530079.0,3637316.7873544726,5422841.212645527,4530079.0,180404.0,180404.0,2015,6,pre_pandemic,True,True,2014-12-31,2014-09-01,3
run_20260811T162732Z_6bbfe89e,fixed_12m_2015,fixed_origin_12m_ex_ante,seasonal_naive,2015-07-01,7,5244965.0,4952404.0,3988110.5990845794,5916697.400915421,4952404.0,-292561.0,292561.0,2015,7,pre_pandemic,True,True,2014-12-31,2014-09-01,3
run_20260811T162732Z_6bbfe89e,fixed_12m_2015,fixed_origin_12m_ex_ante,seasonal_naive,2015-08-01,8,6748708.0,6635627.0,5604753.992413557,7666500.007586443,6635627.0,-113081.0,113081.0,2015,8,pre_pandemic,True,True,2014-12-31,2014-09-01,3
run_20260811T162732Z_6bbfe89e,fixed_12m_2015,fixed_origin_12m_ex_ante,seasonal_naive,2015-09-01,9,5415322.0,5495982.0,4402576.058690183,6589387.941309817,5495982.0,80660.0,80660.0,2015,9,pre_pandemic,True,True,2014-12-31,2014-09-01,3
run_20260811T162732Z_6bbfe89e,fixed_12m_2015,fixed_origin_12m_ex_ante,seasonal_naive,2015-10-01,10,4161806.0,4086625.0,2934073.939433529,5239176.060566471,4086625.0,-75181.0,75181.0,2015,10,pre_pandemic,True,True,2014-12-31,2014-09-01,3
run_20260811T162732Z_6bbfe89e,fixed_12m_2015,fixed_origin_12m_ex_ante,seasonal_naive,2015-11-01,11,2236998.0,2131495.0,922689.2497099931,3340300.750290007,2131495.0,-105503.0,105503.0,2015,11,pre_pandemic,True,True,2014-12-31,2014-09-01,3
run_20260811T162732Z_6bbfe89e,fixed_12m_2015,fixed_origin_12m_ex_ante,seasonal_naive,2015-12-01,12,1713807.0,1547223.0,284666.5709024819,2809779.4290975183,1547223.0,-166584.0,166584.0,2015,12,pre_pandemic,True,True,2014-12-31,2014-09-01,3
run_20260811T162732Z_6bbfe89e,fixed_12m_2015,fixed_origin_12m_ex_ante,drift,2015-01-01,1,1762004.0,5712144.3,-911178.0527933743,12335466.652793374,1575399.0,3950140.3,3950140.3,2015,1,pre_pandemic,True,True,2014-12-31,2014-09-01,3
run_20260811T162732Z_6bbfe89e,fixed_12m_2015,fixed_origin_12m_ex_ante,drift,2015-02-01,2,1564925.0,5766184.875,-1638914.6338699143,13171284.383869914,1523245.0,4201259.875,4201259.875,2015,2,pre_pandemic,True,True,2014-12-31,2014-09-01,3
run_20260811T162732Z_6bbfe89e,fixed_12m_2015,fixed_origin_12m_ex_ante,drift,2015-03-01,3,2017645.0,5820225.45,-2291654.633156957,13932105.533156957,1967114.0,3802580.45,3802580.45,2015,3,pre_pandemic,True,True,2014-12-31,2014-09-01,3
run_20260811T162732Z_6bbfe89e,fixed_12m_2015,fixed_origin_12m_ex_ante,drift,2015-04-01,4,2626663.0,5874266.025,-2887565.8742532395,14636097.92425324,2573139.0,3247603.0250000004,3247603.0250000004,2015,4,pre_pandemic,True,True,2014-12-31,2014-09-01,3
run_20260811T162732Z_6bbfe89e,fixed_12m_2015,fixed_origin_12m_ex_ante,drift,2015-05-01,5,3775013.0,5928306.6,-3438485.699289268,15295098.899289267,3863883.0,2153293.5999999996,2153293.5999999996,2015,5,pre_pandemic,True,True,2014-12-31,2014-09-01,3
run_20260811T162732Z_6bbfe89e,fixed_12m_2015,fixed_origin_12m_ex_ante,drift,2015-06-01,6,4349675.0,5982347.175,-3952636.354190062,15917330.70419006,4530079.0,1632672.1749999998,1632672.1749999998,2015,6,pre_pandemic,True,True,2014-12-31,2014-09-01,3
run_20260811T162732Z_6bbfe89e,fixed_12m_2015,fixed_origin_12m_ex_ante,drift,2015-07-01,7,5244965.0,6036387.75,-4436004.406166179,16508779.90616618,4952404.0,791422.75,791422.75,2015,7,pre_pandemic,True,True,2014-12-31,2014-09-01,3
run_20260811T162732Z_6bbfe89e,fixed_12m_2015,fixed_origin_12m_ex_ante,drift,2015-08-01,8,6748708.0,6090428.325,-4893109.229894779,17073965.879894778,6635627.0,-658279.6749999998,658279.6749999998,2015,8,pre_pandemic,True,True,2014-12-31,2014-09-01,3
run_20260811T162732Z_6bbfe89e,fixed_12m_2015,fixed_origin_12m_ex_ante,drift,2015-09-01,9,5415322.0,6144468.9,-5327461.929944759,17616399.729944758,5495982.0,729146.9000000004,729146.9000000004,2015,9,pre_pandemic,True,True,2014-12-31,2014-09-01,3
run_20260811T162732Z_6bbfe89e,fixed_12m_2015,fixed_origin_12m_ex_ante,drift,2015-10-01,10,4161806.0,6198509.475,-5741854.703461651,18138873.65346165,4086625.0,2036703.4749999996,2036703.4749999996,2015,10,pre_pandemic,True,True,2014-12-31,2014-09-01,3
run_20260811T162732Z_6bbfe89e,fixed_12m_2015,fixed_origin_12m_ex_ante,drift,2015-11-01,11,2236998.0,6252550.05,-6138551.453157145,18643651.553157143,2131495.0,4015552.05,4015552.05,2015,11,pre_pandemic,True,True,2014-12-31,2014-09-01,3
run_20260811T162732Z_6bbfe89e,fixed_12m_2015,fixed_origin_12m_ex_ante,drift,2015-12-01,12,1713807.0,6306590.625,-6519417.959466033,19132599.209466033,1547223.0,4592783.625,4592783.625,2015,12,pre_pandemic,True,True,2014-12-31,2014-09-01,3
run_20260811T162732Z_6bbfe89e,fixed_12m_2015,fixed_origin_12m_ex_ante,same_month_historical_mean,2015-01-01,1,1762004.0,1315074.7142857143,629717.2078340525,2000432.2207373763,1575399.0,-446929.2857142857,446929.2857142857,2015,1,pre_pandemic,True,True,2014-12-31,2014-09-01,3
run_20260811T162732Z_6bbfe89e,fixed_12m_2015,fixed_origin_12m_ex_ante,same_month_historical_mean,2015-02-01,2,1564925.0,1235293.857142857,549936.3506911952,1920651.363594519,1523245.0,-329631.14285714296,329631.14285714296,2015,2,pre_pandemic,True,True,2014-12-31,2014-09-01,3
run_20260811T162732Z_6bbfe89e,fixed_12m_2015,fixed_origin_12m_ex_ante,same_month_historical_mean,2015-03-01,3,2017645.0,1674150.0,988792.4935483382,2359507.5064516617,1967114.0,-343495.0,343495.0,2015,3,pre_pandemic,True,True,2014-12-31,2014-09-01,3
run_20260811T162732Z_6bbfe89e,fixed_12m_2015,fixed_origin_12m_ex_ante,same_month_historical_mean,2015-04-01,4,2626663.0,2125932.4285714286,1440574.922119767,2811289.9350230903,2573139.0,-500730.57142857136,500730.57142857136,2015,4,pre_pandemic,True,True,2014-12-31,2014-09-01,3
run_20260811T162732Z_6bbfe89e,fixed_12m_2015,fixed_origin_12m_ex_ante,same_month_historical_mean,2015-05-01,5,3775013.0,3202865.714285714,2517508.2078340524,3888223.220737376,3863883.0,-572147.2857142859,572147.2857142859,2015,5,pre_pandemic,True,True,2014-12-31,2014-09-01,3
run_20260811T162732Z_6bbfe89e,fixed_12m_2015,fixed_origin_12m_ex_ante,same_month_historical_mean,2015-06-01,6,4349675.0,3761816.8571428573,3076459.3506911956,4447174.363594519,4530079.0,-587858.1428571427,587858.1428571427,2015,6,pre_pandemic,True,True,2014-12-31,2014-09-01,3
run_20260811T162732Z_6bbfe89e,fixed_12m_2015,fixed_origin_12m_ex_ante,same_month_historical_mean,2015-07-01,7,5244965.0,4643002.0,3957644.4935483383,5328359.506451662,4952404.0,-601963.0,601963.0,2015,7,pre_pandemic,True,True,2014-12-31,2014-09-01,3
run_20260811T162732Z_6bbfe89e,fixed_12m_2015,fixed_origin_12m_ex_ante,same_month_historical_mean,2015-08-01,8,6748708.0,5579593.285714285,4894235.779262624,6264950.792165947,6635627.0,-1169114.7142857146,1169114.7142857146,2015,8,pre_pandemic,True,True,2014-12-31,2014-09-01,3
run_20260811T162732Z_6bbfe89e,fixed_12m_2015,fixed_origin_12m_ex_ante,same_month_historical_mean,2015-09-01,9,5415322.0,4720234.714285715,4034877.207834053,5405592.220737376,5495982.0,-695087.2857142854,695087.2857142854,2015,9,pre_pandemic,True,True,2014-12-31,2014-09-01,3
run_20260811T162732Z_6bbfe89e,fixed_12m_2015,fixed_origin_12m_ex_ante,same_month_historical_mean,2015-10-01,10,4161806.0,3697550.1666666665,3012192.660215005,4382907.673118329,4086625.0,-464255.8333333335,464255.8333333335,2015,10,pre_pandemic,True,True,2014-12-31,2014-09-01,3
run_20260811T162732Z_6bbfe89e,fixed_12m_2015,fixed_origin_12m_ex_ante,same_month_historical_mean,2015-11-01,11,2236998.0,2035069.6666666667,1349712.1602150048,2720427.1731183287,2131495.0,-201928.33333333326,201928.33333333326,2015,11,pre_pandemic,True,True,2014-12-31,2014-09-01,3
run_20260811T162732Z_6bbfe89e,fixed_12m_2015,fixed_origin_12m_ex_ante,same_month_historical_mean,2015-12-01,12,1713807.0,1453675.5,768317.9935483382,2139033.0064516617,1547223.0,-260131.5,260131.5,2015,12,pre_pandemic,True,True,2014-12-31,2014-09-01,3
run_20260811T162732Z_6bbfe89e,fixed_12m_2015,fixed_origin_12m_ex_ante,seasonal_moving_average_3,2015-01-01,1,1762004.0,1471976.0,996721.7808346469,1947230.219165353,1575399.0,-290028.0,290028.0,2015,1,pre_pandemic,True,True,2014-12-31,2014-09-01,3
run_20260811T162732Z_6bbfe89e,fixed_12m_2015,fixed_origin_12m_ex_ante,seasonal_moving_average_3,2015-02-01,2,1564925.0,1382545.6666666667,907291.4475013136,1857799.8858320198,1523245.0,-182379.33333333326,182379.33333333326,2015,2,pre_pandemic,True,True,2014-12-31,2014-09-01,3
run_20260811T162732Z_6bbfe89e,fixed_12m_2015,fixed_origin_12m_ex_ante,seasonal_moving_average_3,2015-03-01,3,2017645.0,1831726.6666666667,1356472.4475013136,2306980.8858320196,1967114.0,-185918.33333333326,185918.33333333326,2015,3,pre_pandemic,True,True,2014-12-31,2014-09-01,3
run_20260811T162732Z_6bbfe89e,fixed_12m_2015,fixed_origin_12m_ex_ante,seasonal_moving_average_3,2015-04-01,4,2626663.0,2408014.6666666665,1932760.4475013134,2883268.8858320196,2573139.0,-218648.3333333335,218648.3333333335,2015,4,pre_pandemic,True,True,2014-12-31,2014-09-01,3
run_20260811T162732Z_6bbfe89e,fixed_12m_2015,fixed_origin_12m_ex_ante,seasonal_moving_average_3,2015-05-01,5,3775013.0,3592054.6666666665,3116800.4475013134,4067308.8858320196,3863883.0,-182958.3333333335,182958.3333333335,2015,5,pre_pandemic,True,True,2014-12-31,2014-09-01,3
run_20260811T162732Z_6bbfe89e,fixed_12m_2015,fixed_origin_12m_ex_ante,seasonal_moving_average_3,2015-06-01,6,4349675.0,4186043.6666666665,3710789.4475013134,4661297.885832019,4530079.0,-163631.3333333335,163631.3333333335,2015,6,pre_pandemic,True,True,2014-12-31,2014-09-01,3
run_20260811T162732Z_6bbfe89e,fixed_12m_2015,fixed_origin_12m_ex_ante,seasonal_moving_average_3,2015-07-01,7,5244965.0,4908784.0,4433529.780834647,5384038.219165353,4952404.0,-336181.0,336181.0,2015,7,pre_pandemic,True,True,2014-12-31,2014-09-01,3
run_20260811T162732Z_6bbfe89e,fixed_12m_2015,fixed_origin_12m_ex_ante,seasonal_moving_average_3,2015-08-01,8,6748708.0,5994200.0,5518945.780834647,6469454.219165353,6635627.0,-754508.0,754508.0,2015,8,pre_pandemic,True,True,2014-12-31,2014-09-01,3
run_20260811T162732Z_6bbfe89e,fixed_12m_2015,fixed_origin_12m_ex_ante,seasonal_moving_average_3,2015-09-01,9,5415322.0,5328277.0,4853022.780834647,5803531.219165353,5495982.0,-87045.0,87045.0,2015,9,pre_pandemic,True,True,2014-12-31,2014-09-01,3
run_20260811T162732Z_6bbfe89e,fixed_12m_2015,fixed_origin_12m_ex_ante,seasonal_moving_average_3,2015-10-01,10,4161806.0,3947656.6666666665,3472402.4475013134,4422910.885832019,4086625.0,-214149.3333333335,214149.3333333335,2015,10,pre_pandemic,True,True,2014-12-31,2014-09-01,3
run_20260811T162732Z_6bbfe89e,fixed_12m_2015,fixed_origin_12m_ex_ante,seasonal_moving_average_3,2015-11-01,11,2236998.0,2166608.0,1691353.780834647,2641862.219165353,2131495.0,-70390.0,70390.0,2015,11,pre_pandemic,True,True,2014-12-31,2014-09-01,3
run_20260811T162732Z_6bbfe89e,fixed_12m_2015,fixed_origin_12m_ex_ante,seasonal_moving_average_3,2015-12-01,12,1713807.0,1509400.0,1034145.7808346469,1984654.219165353,1547223.0,-204407.0,204407.0,2015,12,pre_pandemic,True,True,2014-12-31,2014-09-01,3
run_20260811T162732Z_6bbfe89e,fixed_12m_2015,fixed_origin_12m_ex_ante,ets_holt_winters,2015-01-01,1,1762004.0,1689513.9896887492,1328085.5001495834,2050942.479227915,1575399.0,-72490.01031125081,72490.01031125081,2015,1,pre_pandemic,True,True,2014-12-31,2014-09-01,3
run_20260811T162732Z_6bbfe89e,fixed_12m_2015,fixed_origin_12m_ex_ante,ets_holt_winters,2015-02-01,2,1564925.0,1637042.8376162378,1125905.7658819272,2148179.9093505484,1523245.0,72117.83761623781,72117.83761623781,2015,2,pre_pandemic,True,True,2014-12-31,2014-09-01,3
run_20260811T162732Z_6bbfe89e,fixed_12m_2015,fixed_origin_12m_ex_ante,ets_holt_winters,2015-03-01,3,2017645.0,2081200.6161709689,1455188.108986257,2707213.1233556806,1967114.0,63555.61617096886,63555.61617096886,2015,3,pre_pandemic,True,True,2014-12-31,2014-09-01,3
run_20260811T162732Z_6bbfe89e,fixed_12m_2015,fixed_origin_12m_ex_ante,ets_holt_winters,2015-04-01,4,2626663.0,2685834.588821701,1962977.609743369,3408691.5679000327,2573139.0,59171.588821700774,59171.588821700774,2015,4,pre_pandemic,True,True,2014-12-31,2014-09-01,3
run_20260811T162732Z_6bbfe89e,fixed_12m_2015,fixed_origin_12m_ex_ante,ets_holt_winters,2015-05-01,5,3775013.0,3975193.7225702945,3167015.050955648,4783372.394184941,3863883.0,200180.7225702945,200180.7225702945,2015,5,pre_pandemic,True,True,2014-12-31,2014-09-01,3
run_20260811T162732Z_6bbfe89e,fixed_12m_2015,fixed_origin_12m_ex_ante,ets_holt_winters,2015-06-01,6,4349675.0,4634795.086788386,3749479.708912582,5520110.46466419,4530079.0,285120.0867883861,285120.0867883861,2015,6,pre_pandemic,True,True,2014-12-31,2014-09-01,3
run_20260811T162732Z_6bbfe89e,fixed_12m_2015,fixed_origin_12m_ex_ante,ets_holt_winters,2015-07-01,7,5244965.0,5055653.500351658,4099403.600297315,6011903.400406001,4952404.0,-189311.4996483419,189311.4996483419,2015,7,pre_pandemic,True,True,2014-12-31,2014-09-01,3
run_20260811T162732Z_6bbfe89e,fixed_12m_2015,fixed_origin_12m_ex_ante,ets_holt_winters,2015-08-01,8,6748708.0,6726122.756384167,5703848.612915546,7748396.899852788,6635627.0,-22585.24361583311,22585.24361583311,2015,8,pre_pandemic,True,True,2014-12-31,2014-09-01,3
run_20260811T162732Z_6bbfe89e,fixed_12m_2015,fixed_origin_12m_ex_ante,ets_holt_winters,2015-09-01,9,5415322.0,5585078.73403037,4500793.265412873,6669364.202647867,5495982.0,169756.73403036967,169756.73403036967,2015,9,pre_pandemic,True,True,2014-12-31,2014-09-01,3
run_20260811T162732Z_6bbfe89e,fixed_12m_2015,fixed_origin_12m_ex_ante,ets_holt_winters,2015-10-01,10,4161806.0,4177598.862536622,3034661.624318517,5320536.100754728,4086625.0,15792.862536622211,15792.862536622211,2015,10,pre_pandemic,True,True,2014-12-31,2014-09-01,3
run_20260811T162732Z_6bbfe89e,fixed_12m_2015,fixed_origin_12m_ex_ante,ets_holt_winters,2015-11-01,11,2236998.0,2224379.810448028,1025657.1221017234,3423102.498794333,2131495.0,-12618.189551971853,12618.189551971853,2015,11,pre_pandemic,True,True,2014-12-31,2014-09-01,3
run_20260811T162732Z_6bbfe89e,fixed_12m_2015,fixed_origin_12m_ex_ante,ets_holt_winters,2015-12-01,12,1713807.0,1756426.1751347648,504401.16076534125,3008451.1895041885,1547223.0,42619.17513476475,42619.17513476475,2015,12,pre_pandemic,True,True,2014-12-31,2014-09-01,3
run_20260811T162732Z_6bbfe89e,fixed_12m_2015,fixed_origin_12m_ex_ante,theta,2015-01-01,1,1762004.0,1450844.3173014745,-97392.294886193,2999080.9294891423,1575399.0,-311159.6826985255,311159.6826985255,2015,1,pre_pandemic,True,True,2014-12-31,2014-09-01,3
run_20260811T162732Z_6bbfe89e,fixed_12m_2015,fixed_origin_12m_ex_ante,theta,2015-02-01,2,1564925.0,1362383.5278105892,-1025186.5474242067,3749953.6030453853,1523245.0,-202541.47218941082,202541.47218941082,2015,2,pre_pandemic,True,True,2014-12-31,2014-09-01,3
run_20260811T162732Z_6bbfe89e,fixed_12m_2015,fixed_origin_12m_ex_ante,theta,2015-03-01,3,2017645.0,1836073.79752718,-1164583.6505989851,4836731.245653345,1967114.0,-181571.20247281995,181571.20247281995,2015,3,pre_pandemic,True,True,2014-12-31,2014-09-01,3
run_20260811T162732Z_6bbfe89e,fixed_12m_2015,fixed_origin_12m_ex_ante,theta,2015-04-01,4,2626663.0,2355240.1709143594,-1152950.1571370382,5863430.498965757,2573139.0,-271422.8290856406,271422.8290856406,2015,4,pre_pandemic,True,True,2014-12-31,2014-09-01,3
run_20260811T162732Z_6bbfe89e,fixed_12m_2015,fixed_origin_12m_ex_ante,theta,2015-05-01,5,3775013.0,3500176.111374212,-450881.16923710704,7451233.391985531,3863883.0,-274836.88862578804,274836.88862578804,2015,5,pre_pandemic,True,True,2014-12-31,2014-09-01,3
run_20260811T162732Z_6bbfe89e,fixed_12m_2015,fixed_origin_12m_ex_ante,theta,2015-06-01,6,4349675.0,4134099.354765551,-214958.92163292225,8483157.631164026,4530079.0,-215575.64523444884,215575.64523444884,2015,6,pre_pandemic,True,True,2014-12-31,2014-09-01,3
run_20260811T162732Z_6bbfe89e,fixed_12m_2015,fixed_origin_12m_ex_ante,theta,2015-07-01,7,5244965.0,5168138.36845682,454566.2465572944,9881710.490356345,4952404.0,-76826.63154317997,76826.63154317997,2015,7,pre_pandemic,True,True,2014-12-31,2014-09-01,3
run_20260811T162732Z_6bbfe89e,fixed_12m_2015,fixed_origin_12m_ex_ante,theta,2015-08-01,8,6748708.0,6103136.0869774595,1051283.3174297623,11154988.856525157,6635627.0,-645571.9130225405,645571.9130225405,2015,8,pre_pandemic,True,True,2014-12-31,2014-09-01,3
run_20260811T162732Z_6bbfe89e,fixed_12m_2015,fixed_origin_12m_ex_ante,theta,2015-09-01,9,5415322.0,5141993.497645739,-226867.70954011008,10510854.704831587,5495982.0,-273328.50235426147,273328.50235426147,2015,9,pre_pandemic,True,True,2014-12-31,2014-09-01,3
run_20260811T162732Z_6bbfe89e,fixed_12m_2015,fixed_origin_12m_ex_ante,theta,2015-10-01,10,4161806.0,4150049.934461413,-1518117.7517369604,9818217.620659787,4086625.0,-11756.065538587049,11756.065538587049,2015,10,pre_pandemic,True,True,2014-12-31,2014-09-01,3
run_20260811T162732Z_6bbfe89e,fixed_12m_2015,fixed_origin_12m_ex_ante,theta,2015-11-01,11,2236998.0,2279251.724811621,-3673191.40181309,8231694.851436332,2131495.0,42253.72481162101,42253.72481162101,2015,11,pre_pandemic,True,True,2014-12-31,2014-09-01,3
run_20260811T162732Z_6bbfe89e,fixed_12m_2015,fixed_origin_12m_ex_ante,theta,2015-12-01,12,1713807.0,1624788.40540545,-4598959.133862198,7848535.944673098,1547223.0,-89018.59459455009,89018.59459455009,2015,12,pre_pandemic,True,True,2014-12-31,2014-09-01,3
run_20260811T162732Z_6bbfe89e,fixed_12m_2015,fixed_origin_12m_ex_ante,sarima_111_111_12,2015-01-01,1,1762004.0,1936352.89043735,1489854.8793201023,2382850.9015545975,1575399.0,174348.8904373499,174348.8904373499,2015,1,pre_pandemic,True,True,2014-12-31,2014-09-01,3
run_20260811T162732Z_6bbfe89e,fixed_12m_2015,fixed_origin_12m_ex_ante,sarima_111_111_12,2015-02-01,2,1564925.0,1886336.1131596789,1413701.8856099523,2358970.3407094055,1523245.0,321411.1131596789,321411.1131596789,2015,2,pre_pandemic,True,True,2014-12-31,2014-09-01,3
run_20260811T162732Z_6bbfe89e,fixed_12m_2015,fixed_origin_12m_ex_ante,sarima_111_111_12,2015-03-01,3,2017645.0,2325729.2243763856,1829320.3191377379,2822138.1296150335,1967114.0,308084.22437638557,308084.22437638557,2015,3,pre_pandemic,True,True,2014-12-31,2014-09-01,3
run_20260811T162732Z_6bbfe89e,fixed_12m_2015,fixed_origin_12m_ex_ante,sarima_111_111_12,2015-04-01,4,2626663.0,2956406.0014640377,2437006.32079352,3475805.682134555,2573139.0,329743.0014640377,329743.0014640377,2015,4,pre_pandemic,True,True,2014-12-31,2014-09-01,3
run_20260811T162732Z_6bbfe89e,fixed_12m_2015,fixed_origin_12m_ex_ante,sarima_111_111_12,2015-05-01,5,3775013.0,4236155.077952835,3694834.3684242656,4777475.787481404,3863883.0,461142.0779528348,461142.0779528348,2015,5,pre_pandemic,True,True,2014-12-31,2014-09-01,3
run_20260811T162732Z_6bbfe89e,fixed_12m_2015,fixed_origin_12m_ex_ante,sarima_111_111_12,2015-06-01,6,4349675.0,4967681.306440722,4405264.060745442,5530098.552136002,4530079.0,618006.3064407222,618006.3064407222,2015,6,pre_pandemic,True,True,2014-12-31,2014-09-01,3
run_20260811T162732Z_6bbfe89e,fixed_12m_2015,fixed_origin_12m_ex_ante,sarima_111_111_12,2015-07-01,7,5244965.0,5377469.273610146,4794727.858831366,5960210.688388926,4952404.0,132504.27361014578,132504.27361014578,2015,7,pre_pandemic,True,True,2014-12-31,2014-09-01,3
run_20260811T162732Z_6bbfe89e,fixed_12m_2015,fixed_origin_12m_ex_ante,sarima_111_111_12,2015-08-01,8,6748708.0,7124923.262503405,6522540.1668363875,7727306.358170423,6635627.0,376215.2625034051,376215.2625034051,2015,8,pre_pandemic,True,True,2014-12-31,2014-09-01,3
run_20260811T162732Z_6bbfe89e,fixed_12m_2015,fixed_origin_12m_ex_ante,sarima_111_111_12,2015-09-01,9,5415322.0,5919174.079787445,5297770.732034849,6540577.4275400415,5495982.0,503852.07978744525,503852.07978744525,2015,9,pre_pandemic,True,True,2014-12-31,2014-09-01,3
run_20260811T162732Z_6bbfe89e,fixed_12m_2015,fixed_origin_12m_ex_ante,sarima_111_111_12,2015-10-01,10,4161806.0,4976353.047129836,4120663.1192666003,5832042.9749930715,4086625.0,814547.0471298359,814547.0471298359,2015,10,pre_pandemic,True,True,2014-12-31,2014-09-01,3
run_20260811T162732Z_6bbfe89e,fixed_12m_2015,fixed_origin_12m_ex_ante,sarima_111_111_12,2015-11-01,11,2236998.0,2905174.6501405193,2014790.7971018746,3795558.5031791637,2131495.0,668176.6501405193,668176.6501405193,2015,11,pre_pandemic,True,True,2014-12-31,2014-09-01,3
run_20260811T162732Z_6bbfe89e,fixed_12m_2015,fixed_origin_12m_ex_ante,sarima_111_111_12,2015-12-01,12,1713807.0,2368903.033246045,1409753.4198294776,3328052.6466626124,1547223.0,655096.033246045,655096.033246045,2015,12,pre_pandemic,True,True,2014-12-31,2014-09-01,3
run_20260811T162732Z_6bbfe89e,fixed_12m_2015,fixed_origin_12m_ex_ante,dynamic_harmonic_arima_k2,2015-01-01,1,1762004.0,1980784.7902383069,1402387.7380155625,2559181.8424610514,1575399.0,218780.79023830686,218780.79023830686,2015,1,pre_pandemic,True,True,2014-12-31,2014-09-01,3
run_20260811T162732Z_6bbfe89e,fixed_12m_2015,fixed_origin_12m_ex_ante,dynamic_harmonic_arima_k2,2015-02-01,2,1564925.0,2195306.91318141,1607087.3109167987,2783526.5154460217,1523245.0,630381.9131814102,630381.9131814102,2015,2,pre_pandemic,True,True,2014-12-31,2014-09-01,3
run_20260811T162732Z_6bbfe89e,fixed_12m_2015,fixed_origin_12m_ex_ante,dynamic_harmonic_arima_k2,2015-03-01,3,2017645.0,2579607.1396915214,1983002.5868333762,3176211.6925496664,1967114.0,561962.1396915214,561962.1396915214,2015,3,pre_pandemic,True,True,2014-12-31,2014-09-01,3
run_20260811T162732Z_6bbfe89e,fixed_12m_2015,fixed_origin_12m_ex_ante,dynamic_harmonic_arima_k2,2015-04-01,4,2626663.0,3070492.0862490777,2465208.9217613107,3675775.2507368447,2573139.0,443829.0862490777,443829.0862490777,2015,4,pre_pandemic,True,True,2014-12-31,2014-09-01,3
run_20260811T162732Z_6bbfe89e,fixed_12m_2015,fixed_origin_12m_ex_ante,dynamic_harmonic_arima_k2,2015-05-01,5,3775013.0,3798297.327690252,3184594.0150094153,4412000.640371089,3863883.0,23284.327690252103,23284.327690252103,2015,5,pre_pandemic,True,True,2014-12-31,2014-09-01,3
run_20260811T162732Z_6bbfe89e,fixed_12m_2015,fixed_origin_12m_ex_ante,dynamic_harmonic_arima_k2,2015-06-01,6,4349675.0,4796751.354863211,4174697.3334707776,5418805.376255644,4530079.0,447076.3548632106,447076.3548632106,2015,6,pre_pandemic,True,True,2014-12-31,2014-09-01,3
run_20260811T162732Z_6bbfe89e,fixed_12m_2015,fixed_origin_12m_ex_ante,dynamic_harmonic_arima_k2,2015-07-01,7,5244965.0,5770556.339139649,5140276.899134892,6400835.779144405,4952404.0,525591.3391396487,525591.3391396487,2015,7,pre_pandemic,True,True,2014-12-31,2014-09-01,3
run_20260811T162732Z_6bbfe89e,fixed_12m_2015,fixed_origin_12m_ex_ante,dynamic_harmonic_arima_k2,2015-08-01,8,6748708.0,6208068.547741985,5569664.836956296,6846472.258527674,6635627.0,-540639.452258015,540639.452258015,2015,8,pre_pandemic,True,True,2014-12-31,2014-09-01,3
run_20260811T162732Z_6bbfe89e,fixed_12m_2015,fixed_origin_12m_ex_ante,dynamic_harmonic_arima_k2,2015-09-01,9,5415322.0,5774755.370847348,5128331.074786107,6421179.666908589,5495982.0,359433.3708473481,359433.3708473481,2015,9,pre_pandemic,True,True,2014-12-31,2014-09-01,3
run_20260811T162732Z_6bbfe89e,fixed_12m_2015,fixed_origin_12m_ex_ante,dynamic_harmonic_arima_k2,2015-10-01,10,4161806.0,4625831.553359844,3971484.4533153377,5280178.65340435,4086625.0,464025.5533598438,464025.5533598438,2015,10,pre_pandemic,True,True,2014-12-31,2014-09-01,3
run_20260811T162732Z_6bbfe89e,fixed_12m_2015,fixed_origin_12m_ex_ante,dynamic_harmonic_arima_k2,2015-11-01,11,2236998.0,3331241.659305943,2669066.715591162,3993416.6030207244,2131495.0,1094243.6593059432,1094243.6593059432,2015,11,pre_pandemic,True,True,2014-12-31,2014-09-01,3
run_20260811T162732Z_6bbfe89e,fixed_12m_2015,fixed_origin_12m_ex_ante,dynamic_harmonic_arima_k2,2015-12-01,12,1713807.0,2466538.810866012,1796627.4280391252,3136450.1936928984,1547223.0,752731.8108660118,752731.8108660118,2015,12,pre_pandemic,True,True,2014-12-31,2014-09-01,3
run_20260811T162732Z_6bbfe89e,fixed_12m_2015,fixed_origin_12m_ex_ante,stl_arima_111,2015-01-01,1,1762004.0,1622034.5149322613,942498.4749167096,2301570.554947813,1575399.0,-139969.4850677387,139969.4850677387,2015,1,pre_pandemic,True,True,2014-12-31,2014-09-01,3
run_20260811T162732Z_6bbfe89e,fixed_12m_2015,fixed_origin_12m_ex_ante,stl_arima_111,2015-02-01,2,1564925.0,1561277.7001766288,600268.6162653292,2522286.7840879285,1523245.0,-3647.299823371228,3647.299823371228,2015,2,pre_pandemic,True,True,2014-12-31,2014-09-01,3
run_20260811T162732Z_6bbfe89e,fixed_12m_2015,fixed_origin_12m_ex_ante,stl_arima_111,2015-03-01,3,2017645.0,2032249.509707269,855258.5628261757,3209240.4565883623,1967114.0,14604.509707269026,14604.509707269026,2015,3,pre_pandemic,True,True,2014-12-31,2014-09-01,3
run_20260811T162732Z_6bbfe89e,fixed_12m_2015,fixed_origin_12m_ex_ante,stl_arima_111,2015-04-01,4,2626663.0,2634914.9330859105,1275842.853054807,3993987.013117014,2573139.0,8251.93308591051,8251.93308591051,2015,4,pre_pandemic,True,True,2014-12-31,2014-09-01,3
run_20260811T162732Z_6bbfe89e,fixed_12m_2015,fixed_origin_12m_ex_ante,stl_arima_111,2015-05-01,5,3775013.0,3962594.1866914425,2443105.4080556515,5482082.965327233,3863883.0,187581.1866914425,187581.1866914425,2015,5,pre_pandemic,True,True,2014-12-31,2014-09-01,3
run_20260811T162732Z_6bbfe89e,fixed_12m_2015,fixed_origin_12m_ex_ante,stl_arima_111,2015-06-01,6,4349675.0,4348080.647140265,2683564.0872706724,6012597.207009858,4530079.0,-1594.3528597345576,1594.3528597345576,2015,6,pre_pandemic,True,True,2014-12-31,2014-09-01,3
run_20260811T162732Z_6bbfe89e,fixed_12m_2015,fixed_origin_12m_ex_ante,stl_arima_111,2015-07-01,7,5244965.0,5013162.352130005,3215278.983343219,6811045.720916791,4952404.0,-231802.64786999486,231802.64786999486,2015,7,pre_pandemic,True,True,2014-12-31,2014-09-01,3
run_20260811T162732Z_6bbfe89e,fixed_12m_2015,fixed_origin_12m_ex_ante,stl_arima_111,2015-08-01,8,6748708.0,6074486.23286802,4152468.065045421,7996504.40069062,6635627.0,-674221.7671319796,674221.7671319796,2015,8,pre_pandemic,True,True,2014-12-31,2014-09-01,3
run_20260811T162732Z_6bbfe89e,fixed_12m_2015,fixed_origin_12m_ex_ante,stl_arima_111,2015-09-01,9,5415322.0,5604417.401072896,3565809.281026241,7643025.521119552,5495982.0,189095.4010728961,189095.4010728961,2015,9,pre_pandemic,True,True,2014-12-31,2014-09-01,3
run_20260811T162732Z_6bbfe89e,fixed_12m_2015,fixed_origin_12m_ex_ante,stl_arima_111,2015-10-01,10,4161806.0,4212332.285510513,2063450.646890048,6361213.924130978,4086625.0,50526.285510513,50526.285510513,2015,10,pre_pandemic,True,True,2014-12-31,2014-09-01,3
run_20260811T162732Z_6bbfe89e,fixed_12m_2015,fixed_origin_12m_ex_ante,stl_arima_111,2015-11-01,11,2236998.0,2245599.62829007,-8166.447965447791,4499365.704545588,2131495.0,8601.62829007022,8601.62829007022,2015,11,pre_pandemic,True,True,2014-12-31,2014-09-01,3
run_20260811T162732Z_6bbfe89e,fixed_12m_2015,fixed_origin_12m_ex_ante,stl_arima_111,2015-12-01,12,1713807.0,1662661.1067870976,-691320.786975089,4016643.0005492843,1547223.0,-51145.89321290236,51145.89321290236,2015,12,pre_pandemic,True,True,2014-12-31,2014-09-01,3
run_20260811T162732Z_6bbfe89e,fixed_12m_2016,fixed_origin_12m_ex_ante,naive_last,2016-01-01,1,1691287.0,5415322.0,1953493.2268435475,8877150.773156453,1762004.0,3724035.0,3724035.0,2016,1,pre_pandemic,True,True,2015-12-31,2015-09-01,3
run_20260811T162732Z_6bbfe89e,fixed_12m_2016,fixed_origin_12m_ex_ante,naive_last,2016-02-01,2,1517504.0,5415322.0,1544879.7683787365,9285764.231621264,1564925.0,3897818.0,3897818.0,2016,2,pre_pandemic,True,True,2015-12-31,2015-09-01,3
run_20260811T162732Z_6bbfe89e,fixed_12m_2016,fixed_origin_12m_ex_ante,naive_last,2016-03-01,3,1898762.0,5415322.0,1175464.9644407984,9655179.035559202,2017645.0,3516560.0,3516560.0,2016,3,pre_pandemic,True,True,2015-12-31,2015-09-01,3
run_20260811T162732Z_6bbfe89e,fixed_12m_2016,fixed_origin_12m_ex_ante,naive_last,2016-04-01,4,2049238.0,5415322.0,835752.992370096,9994891.007629905,2626663.0,3366084.0,3366084.0,2016,4,pre_pandemic,True,True,2015-12-31,2015-09-01,3
run_20260811T162732Z_6bbfe89e,fixed_12m_2016,fixed_origin_12m_ex_ante,naive_last,2016-05-01,5,2749648.0,5415322.0,519556.79838873167,10311087.20161127,3775013.0,2665674.0,2665674.0,2016,5,pre_pandemic,True,True,2015-12-31,2015-09-01,3
run_20260811T162732Z_6bbfe89e,fixed_12m_2016,fixed_origin_12m_ex_ante,naive_last,2016-06-01,6,2696149.0,5415322.0,222578.84026532155,10608065.159734678,4349675.0,2719173.0,2719173.0,2016,6,pre_pandemic,True,True,2015-12-31,2015-09-01,3
run_20260811T162732Z_6bbfe89e,fixed_12m_2016,fixed_origin_12m_ex_ante,naive_last,2016-07-01,7,3482544.0,5415322.0,-58309.89634037949,10888953.89634038,5244965.0,1932778.0,1932778.0,2016,7,pre_pandemic,True,True,2015-12-31,2015-09-01,3
run_20260811T162732Z_6bbfe89e,fixed_12m_2016,fixed_origin_12m_ex_ante,naive_last,2016-08-01,8,4565837.0,5415322.0,-325471.564508155,11156115.564508155,6748708.0,849485.0,849485.0,2016,8,pre_pandemic,True,True,2015-12-31,2015-09-01,3
run_20260811T162732Z_6bbfe89e,fixed_12m_2016,fixed_origin_12m_ex_ante,naive_last,2016-09-01,9,4014930.0,5415322.0,-580741.3222108092,11411385.32221081,5415322.0,1400392.0,1400392.0,2016,9,pre_pandemic,True,True,2015-12-31,2015-09-01,3
run_20260811T162732Z_6bbfe89e,fixed_12m_2016,fixed_origin_12m_ex_ante,naive_last,2016-10-01,10,3190334.0,5415322.0,-825578.5742460918,11656222.574246092,4293279.0,2224988.0,2224988.0,2016,10,pre_pandemic,True,True,2015-12-31,2015-09-01,3
run_20260811T162732Z_6bbfe89e,fixed_12m_2016,fixed_origin_12m_ex_ante,naive_last,2016-11-01,11,1879625.0,5415322.0,-1061166.6004137052,11891810.600413706,2264373.0,3535697.0,3535697.0,2016,11,pre_pandemic,True,True,2015-12-31,2015-09-01,3
run_20260811T162732Z_6bbfe89e,fixed_12m_2016,fixed_origin_12m_ex_ante,naive_last,2016-12-01,12,1629471.0,5415322.0,-1288480.592928297,12119124.592928298,1740546.0,3785851.0,3785851.0,2016,12,pre_pandemic,True,True,2015-12-31,2015-09-01,3
run_20260811T162732Z_6bbfe89e,fixed_12m_2016,fixed_origin_12m_ex_ante,seasonal_naive,2016-01-01,1,1691287.0,1762004.0,1407894.2601426751,2116113.739857325,1762004.0,70717.0,70717.0,2016,1,pre_pandemic,True,True,2015-12-31,2015-09-01,3
run_20260811T162732Z_6bbfe89e,fixed_12m_2016,fixed_origin_12m_ex_ante,seasonal_naive,2016-02-01,2,1517504.0,1564925.0,1064138.2033253626,2065711.7966746374,1564925.0,47421.0,47421.0,2016,2,pre_pandemic,True,True,2015-12-31,2015-09-01,3
run_20260811T162732Z_6bbfe89e,fixed_12m_2016,fixed_origin_12m_ex_ante,seasonal_naive,2016-03-01,3,1898762.0,2017645.0,1404308.9391121154,2630981.0608878843,2017645.0,118883.0,118883.0,2016,3,pre_pandemic,True,True,2015-12-31,2015-09-01,3
run_20260811T162732Z_6bbfe89e,fixed_12m_2016,fixed_origin_12m_ex_ante,seasonal_naive,2016-04-01,4,2049238.0,2626663.0,1918443.5202853503,3334882.4797146497,2626663.0,577425.0,577425.0,2016,4,pre_pandemic,True,True,2015-12-31,2015-09-01,3
run_20260811T162732Z_6bbfe89e,fixed_12m_2016,fixed_origin_12m_ex_ante,seasonal_naive,2016-05-01,5,2749648.0,3775013.0,2983199.550184255,4566826.449815745,3775013.0,1025365.0,1025365.0,2016,5,pre_pandemic,True,True,2015-12-31,2015-09-01,3
run_20260811T162732Z_6bbfe89e,fixed_12m_2016,fixed_origin_12m_ex_ante,seasonal_naive,2016-06-01,6,2696149.0,4349675.0,3482286.8243998634,5217063.175600137,4349675.0,1653526.0,1653526.0,2016,6,pre_pandemic,True,True,2015-12-31,2015-09-01,3
run_20260811T162732Z_6bbfe89e,fixed_12m_2016,fixed_origin_12m_ex_ante,seasonal_naive,2016-07-01,7,3482544.0,5244965.0,4308078.691511742,6181851.308488258,5244965.0,1762421.0,1762421.0,2016,7,pre_pandemic,True,True,2015-12-31,2015-09-01,3
run_20260811T162732Z_6bbfe89e,fixed_12m_2016,fixed_origin_12m_ex_ante,seasonal_naive,2016-08-01,8,4565837.0,6748708.0,5747134.406650725,7750281.593349275,6748708.0,2182871.0,2182871.0,2016,8,pre_pandemic,True,True,2015-12-31,2015-09-01,3
run_20260811T162732Z_6bbfe89e,fixed_12m_2016,fixed_origin_12m_ex_ante,seasonal_naive,2016-09-01,9,4014930.0,5415322.0,4352992.780428026,6477651.219571974,5415322.0,1400392.0,1400392.0,2016,9,pre_pandemic,True,True,2015-12-31,2015-09-01,3
run_20260811T162732Z_6bbfe89e,fixed_12m_2016,fixed_origin_12m_ex_ante,seasonal_naive,2016-10-01,10,3190334.0,4293279.0,3173485.6804011455,5413072.3195988545,4293279.0,1102945.0,1102945.0,2016,10,pre_pandemic,True,True,2015-12-31,2015-09-01,3
run_20260811T162732Z_6bbfe89e,fixed_12m_2016,fixed_origin_12m_ex_ante,seasonal_naive,2016-11-01,11,1879625.0,2264373.0,1089923.8582828948,3438822.141717105,2264373.0,384748.0,384748.0,2016,11,pre_pandemic,True,True,2015-12-31,2015-09-01,3
run_20260811T162732Z_6bbfe89e,fixed_12m_2016,fixed_origin_12m_ex_ante,seasonal_naive,2016-12-01,12,1629471.0,1740546.0,513873.87822423084,2967218.121775769,1740546.0,111075.0,111075.0,2016,12,pre_pandemic,True,True,2015-12-31,2015-09-01,3
run_20260811T162732Z_6bbfe89e,fixed_12m_2016,fixed_origin_12m_ex_ante,drift,2016-01-01,1,1691287.0,5599782.260869565,-1018661.5358099677,12218226.057549099,1762004.0,3908495.2608695654,3908495.2608695654,2016,1,pre_pandemic,True,True,2015-12-31,2015-09-01,3
run_20260811T162732Z_6bbfe89e,fixed_12m_2016,fixed_origin_12m_ex_ante,drift,2016-02-01,2,1517504.0,5645897.326086956,-1753747.791231661,13045542.443405572,1564925.0,4128393.326086956,4128393.326086956,2016,2,pre_pandemic,True,True,2015-12-31,2015-09-01,3
run_20260811T162732Z_6bbfe89e,fixed_12m_2016,fixed_origin_12m_ex_ante,drift,2016-03-01,3,1898762.0,5692012.391304348,-2413892.705272387,13797917.487881083,2017645.0,3793250.3913043477,3793250.3913043477,2016,3,pre_pandemic,True,True,2015-12-31,2015-09-01,3
run_20260811T162732Z_6bbfe89e,fixed_12m_2016,fixed_origin_12m_ex_ante,drift,2016-04-01,4,2049238.0,5738127.456521739,-3017250.719614352,14493505.63265783,2626663.0,3688889.4565217393,3688889.4565217393,2016,4,pre_pandemic,True,True,2015-12-31,2015-09-01,3
run_20260811T162732Z_6bbfe89e,fixed_12m_2016,fixed_origin_12m_ex_ante,drift,2016-05-01,5,2749648.0,5784242.521739131,-3575650.4573291447,15144135.500807406,3775013.0,3034594.521739131,3034594.521739131,2016,5,pre_pandemic,True,True,2015-12-31,2015-09-01,3
run_20260811T162732Z_6bbfe89e,fixed_12m_2016,fixed_origin_12m_ex_ante,drift,2016-06-01,6,2696149.0,5830357.5869565215,-4097308.1080627777,15758023.28197582,4349675.0,3134208.5869565215,3134208.5869565215,2016,6,pre_pandemic,True,True,2015-12-31,2015-09-01,3
run_20260811T162732Z_6bbfe89e,fixed_12m_2016,fixed_origin_12m_ex_ante,drift,2016-07-01,7,3482544.0,5876472.652173913,-4588205.829485928,16341151.133833755,5244965.0,2393928.652173913,2393928.652173913,2016,7,pre_pandemic,True,True,2015-12-31,2015-09-01,3
run_20260811T162732Z_6bbfe89e,fixed_12m_2016,fixed_origin_12m_ex_ante,drift,2016-08-01,8,4565837.0,5922587.717391305,-5052859.667429322,16898035.10221193,6748708.0,1356750.7173913047,1356750.7173913047,2016,8,pre_pandemic,True,True,2015-12-31,2015-09-01,3
run_20260811T162732Z_6bbfe89e,fixed_12m_2016,fixed_origin_12m_ex_ante,drift,2016-09-01,9,4014930.0,5968702.782608695,-5494778.140279315,17432183.705496706,5415322.0,1953772.7826086953,1953772.7826086953,2016,9,pre_pandemic,True,True,2015-12-31,2015-09-01,3
run_20260811T162732Z_6bbfe89e,fixed_12m_2016,fixed_origin_12m_ex_ante,drift,2016-10-01,10,3190334.0,6014817.847826087,-5916751.388526221,17946387.084178396,4293279.0,2824483.847826087,2824483.847826087,2016,10,pre_pandemic,True,True,2015-12-31,2015-09-01,3
run_20260811T162732Z_6bbfe89e,fixed_12m_2016,fixed_origin_12m_ex_ante,drift,2016-11-01,11,1879625.0,6060932.9130434785,-6321041.647353593,18442907.47344055,2264373.0,4181307.9130434785,4181307.9130434785,2016,11,pre_pandemic,True,True,2015-12-31,2015-09-01,3
run_20260811T162732Z_6bbfe89e,fixed_12m_2016,fixed_origin_12m_ex_ante,drift,2016-12-01,12,1629471.0,6107047.978260869,-6709513.322913941,18923609.27943568,1740546.0,4477576.978260869,4477576.978260869,2016,12,pre_pandemic,True,True,2015-12-31,2015-09-01,3
run_20260811T162732Z_6bbfe89e,fixed_12m_2016,fixed_origin_12m_ex_ante,same_month_historical_mean,2016-01-01,1,1691287.0,1370940.875,625199.2816634795,2116682.4683365207,1762004.0,-320346.125,320346.125,2016,1,pre_pandemic,True,True,2015-12-31,2015-09-01,3
run_20260811T162732Z_6bbfe89e,fixed_12m_2016,fixed_origin_12m_ex_ante,same_month_historical_mean,2016-02-01,2,1517504.0,1276497.75,530756.1566634795,2022239.3433365205,1564925.0,-241006.25,241006.25,2016,2,pre_pandemic,True,True,2015-12-31,2015-09-01,3
run_20260811T162732Z_6bbfe89e,fixed_12m_2016,fixed_origin_12m_ex_ante,same_month_historical_mean,2016-03-01,3,1898762.0,1717086.875,971345.2816634795,2462828.4683365207,2017645.0,-181675.125,181675.125,2016,3,pre_pandemic,True,True,2015-12-31,2015-09-01,3
run_20260811T162732Z_6bbfe89e,fixed_12m_2016,fixed_origin_12m_ex_ante,same_month_historical_mean,2016-04-01,4,2049238.0,2188523.75,1442782.1566634795,2934265.3433365207,2626663.0,139285.75,139285.75,2016,4,pre_pandemic,True,True,2015-12-31,2015-09-01,3
run_20260811T162732Z_6bbfe89e,fixed_12m_2016,fixed_origin_12m_ex_ante,same_month_historical_mean,2016-05-01,5,2749648.0,3274384.125,2528642.5316634793,4020125.7183365207,3775013.0,524736.125,524736.125,2016,5,pre_pandemic,True,True,2015-12-31,2015-09-01,3
run_20260811T162732Z_6bbfe89e,fixed_12m_2016,fixed_origin_12m_ex_ante,same_month_historical_mean,2016-06-01,6,2696149.0,3835299.125,3089557.5316634793,4581040.718336521,4349675.0,1139150.125,1139150.125,2016,6,pre_pandemic,True,True,2015-12-31,2015-09-01,3
run_20260811T162732Z_6bbfe89e,fixed_12m_2016,fixed_origin_12m_ex_ante,same_month_historical_mean,2016-07-01,7,3482544.0,4718247.375,3972505.7816634793,5463988.968336521,5244965.0,1235703.375,1235703.375,2016,7,pre_pandemic,True,True,2015-12-31,2015-09-01,3
run_20260811T162732Z_6bbfe89e,fixed_12m_2016,fixed_origin_12m_ex_ante,same_month_historical_mean,2016-08-01,8,4565837.0,5725732.625,4979991.031663479,6471474.218336521,6748708.0,1159895.625,1159895.625,2016,8,pre_pandemic,True,True,2015-12-31,2015-09-01,3
run_20260811T162732Z_6bbfe89e,fixed_12m_2016,fixed_origin_12m_ex_ante,same_month_historical_mean,2016-09-01,9,4014930.0,4807120.625,4061379.0316634793,5552862.218336521,5415322.0,792190.625,792190.625,2016,9,pre_pandemic,True,True,2015-12-31,2015-09-01,3
run_20260811T162732Z_6bbfe89e,fixed_12m_2016,fixed_origin_12m_ex_ante,same_month_historical_mean,2016-10-01,10,3190334.0,3782654.285714286,3036912.6923777657,4528395.879050806,4293279.0,592320.2857142859,592320.2857142859,2016,10,pre_pandemic,True,True,2015-12-31,2015-09-01,3
run_20260811T162732Z_6bbfe89e,fixed_12m_2016,fixed_origin_12m_ex_ante,same_month_historical_mean,2016-11-01,11,1879625.0,2067827.2857142857,1322085.6923777652,2813568.879050806,2264373.0,188202.28571428568,188202.28571428568,2016,11,pre_pandemic,True,True,2015-12-31,2015-09-01,3
run_20260811T162732Z_6bbfe89e,fixed_12m_2016,fixed_origin_12m_ex_ante,same_month_historical_mean,2016-12-01,12,1629471.0,1494657.0,748915.4066634795,2240398.5933365207,1740546.0,-134814.0,134814.0,2016,12,pre_pandemic,True,True,2015-12-31,2015-09-01,3
run_20260811T162732Z_6bbfe89e,fixed_12m_2016,fixed_origin_12m_ex_ante,seasonal_moving_average_3,2016-01-01,1,1691287.0,1601177.0,1144464.6566582355,2057889.3433417645,1762004.0,-90110.0,90110.0,2016,1,pre_pandemic,True,True,2015-12-31,2015-09-01,3
run_20260811T162732Z_6bbfe89e,fixed_12m_2016,fixed_origin_12m_ex_ante,seasonal_moving_average_3,2016-02-01,2,1517504.0,1501166.0,1044453.6566582355,1957878.3433417645,1564925.0,-16338.0,16338.0,2016,2,pre_pandemic,True,True,2015-12-31,2015-09-01,3
run_20260811T162732Z_6bbfe89e,fixed_12m_2016,fixed_origin_12m_ex_ante,seasonal_moving_average_3,2016-03-01,3,1898762.0,1959043.0,1502330.6566582355,2415755.3433417645,2017645.0,60281.0,60281.0,2016,3,pre_pandemic,True,True,2015-12-31,2015-09-01,3
run_20260811T162732Z_6bbfe89e,fixed_12m_2016,fixed_origin_12m_ex_ante,seasonal_moving_average_3,2016-04-01,4,2049238.0,2539588.0,2082875.6566582355,2996300.3433417645,2626663.0,490350.0,490350.0,2016,4,pre_pandemic,True,True,2015-12-31,2015-09-01,3
run_20260811T162732Z_6bbfe89e,fixed_12m_2016,fixed_origin_12m_ex_ante,seasonal_moving_average_3,2016-05-01,5,2749648.0,3785543.3333333335,3328830.989991569,4242255.676675098,3775013.0,1035895.3333333335,1035895.3333333335,2016,5,pre_pandemic,True,True,2015-12-31,2015-09-01,3
run_20260811T162732Z_6bbfe89e,fixed_12m_2016,fixed_origin_12m_ex_ante,seasonal_moving_average_3,2016-06-01,6,2696149.0,4336945.0,3880232.6566582355,4793657.343341764,4349675.0,1640796.0,1640796.0,2016,6,pre_pandemic,True,True,2015-12-31,2015-09-01,3
run_20260811T162732Z_6bbfe89e,fixed_12m_2016,fixed_origin_12m_ex_ante,seasonal_moving_average_3,2016-07-01,7,3482544.0,4996318.0,4539605.656658236,5453030.343341764,5244965.0,1513774.0,1513774.0,2016,7,pre_pandemic,True,True,2015-12-31,2015-09-01,3
run_20260811T162732Z_6bbfe89e,fixed_12m_2016,fixed_origin_12m_ex_ante,seasonal_moving_average_3,2016-08-01,8,4565837.0,6438405.333333333,5981692.989991569,6895117.676675097,6748708.0,1872568.333333333,1872568.333333333,2016,8,pre_pandemic,True,True,2015-12-31,2015-09-01,3
run_20260811T162732Z_6bbfe89e,fixed_12m_2016,fixed_origin_12m_ex_ante,seasonal_moving_average_3,2016-09-01,9,4014930.0,5415496.0,4958783.656658236,5872208.343341764,5415322.0,1400566.0,1400566.0,2016,9,pre_pandemic,True,True,2015-12-31,2015-09-01,3
run_20260811T162732Z_6bbfe89e,fixed_12m_2016,fixed_origin_12m_ex_ante,seasonal_moving_average_3,2016-10-01,10,3190334.0,4092065.3333333335,3635352.989991569,4548777.676675098,4293279.0,901731.3333333335,901731.3333333335,2016,10,pre_pandemic,True,True,2015-12-31,2015-09-01,3
run_20260811T162732Z_6bbfe89e,fixed_12m_2016,fixed_origin_12m_ex_ante,seasonal_moving_average_3,2016-11-01,11,1879625.0,2204387.6666666665,1747675.323324902,2661100.010008431,2264373.0,324762.6666666665,324762.6666666665,2016,11,pre_pandemic,True,True,2015-12-31,2015-09-01,3
run_20260811T162732Z_6bbfe89e,fixed_12m_2016,fixed_origin_12m_ex_ante,seasonal_moving_average_3,2016-12-01,12,1629471.0,1618695.3333333333,1161982.9899915687,2075407.6766750978,1740546.0,-10775.666666666744,10775.666666666744,2016,12,pre_pandemic,True,True,2015-12-31,2015-09-01,3
run_20260811T162732Z_6bbfe89e,fixed_12m_2016,fixed_origin_12m_ex_ante,ets_holt_winters,2016-01-01,1,1691287.0,1771705.501361308,1422246.0869780662,2121164.9157445496,1762004.0,80418.50136130792,80418.50136130792,2016,1,pre_pandemic,True,True,2015-12-31,2015-09-01,3
run_20260811T162732Z_6bbfe89e,fixed_12m_2016,fixed_origin_12m_ex_ante,ets_holt_winters,2016-02-01,2,1517504.0,1597728.0908875943,1103517.8475678544,2091938.334207334,1564925.0,80224.09088759427,80224.09088759427,2016,2,pre_pandemic,True,True,2015-12-31,2015-09-01,3
run_20260811T162732Z_6bbfe89e,fixed_12m_2016,fixed_origin_12m_ex_ante,ets_holt_winters,2016-03-01,3,1898762.0,2069234.3504280804,1463952.8895330396,2674515.811323121,2017645.0,170472.35042808042,170472.35042808042,2016,3,pre_pandemic,True,True,2015-12-31,2015-09-01,3
run_20260811T162732Z_6bbfe89e,fixed_12m_2016,fixed_origin_12m_ex_ante,ets_holt_winters,2016-04-01,4,2049238.0,2692665.713897331,1993746.8851308478,3391584.5426638145,2626663.0,643427.7138973312,643427.7138973312,2016,4,pre_pandemic,True,True,2015-12-31,2015-09-01,3
run_20260811T162732Z_6bbfe89e,fixed_12m_2016,fixed_origin_12m_ex_ante,ets_holt_winters,2016-05-01,5,2749648.0,3871125.596156248,3089710.590218052,4652540.602094444,3775013.0,1121477.596156248,1121477.596156248,2016,5,pre_pandemic,True,True,2015-12-31,2015-09-01,3
run_20260811T162732Z_6bbfe89e,fixed_12m_2016,fixed_origin_12m_ex_ante,ets_holt_winters,2016-06-01,6,2696149.0,4477989.580098438,3621992.3290476715,5333986.831149205,4349675.0,1781840.580098438,1781840.580098438,2016,6,pre_pandemic,True,True,2015-12-31,2015-09-01,3
run_20260811T162732Z_6bbfe89e,fixed_12m_2016,fixed_origin_12m_ex_ante,ets_holt_winters,2016-07-01,7,3482544.0,5336344.480483629,4411761.776715303,6260927.184251955,5244965.0,1853800.4804836288,1853800.4804836288,2016,7,pre_pandemic,True,True,2015-12-31,2015-09-01,3
run_20260811T162732Z_6bbfe89e,fixed_12m_2016,fixed_origin_12m_ex_ante,ets_holt_winters,2016-08-01,8,4565837.0,6821696.01911436,5833275.53247488,7810116.50575384,6748708.0,2255859.01911436,2255859.01911436,2016,8,pre_pandemic,True,True,2015-12-31,2015-09-01,3
run_20260811T162732Z_6bbfe89e,fixed_12m_2016,fixed_origin_12m_ex_ante,ets_holt_winters,2016-09-01,9,4014930.0,5499521.6279408485,4451143.384791124,6547899.871090573,5415322.0,1484591.6279408485,1484591.6279408485,2016,9,pre_pandemic,True,True,2015-12-31,2015-09-01,3
run_20260811T162732Z_6bbfe89e,fixed_12m_2016,fixed_origin_12m_ex_ante,ets_holt_winters,2016-10-01,10,3190334.0,4375585.414508625,3270497.715268975,5480673.113748275,4293279.0,1185251.414508625,1185251.414508625,2016,10,pre_pandemic,True,True,2015-12-31,2015-09-01,3
run_20260811T162732Z_6bbfe89e,fixed_12m_2016,fixed_origin_12m_ex_ante,ets_holt_winters,2016-11-01,11,1879625.0,2346592.54933163,1187566.7923650905,3505618.30629817,2264373.0,466967.5493316301,466967.5493316301,2016,11,pre_pandemic,True,True,2015-12-31,2015-09-01,3
run_20260811T162732Z_6bbfe89e,fixed_12m_2016,fixed_origin_12m_ex_ante,ets_holt_winters,2016-12-01,12,1629471.0,1828662.714362944,618099.7925728627,3039225.6361530256,1740546.0,199191.714362944,199191.714362944,2016,12,pre_pandemic,True,True,2015-12-31,2015-09-01,3
run_20260811T162732Z_6bbfe89e,fixed_12m_2016,fixed_origin_12m_ex_ante,theta,2016-01-01,1,1691287.0,1584392.6128789277,-5078.168460239423,3173863.3942180946,1762004.0,-106894.38712107227,106894.38712107227,2016,1,pre_pandemic,True,True,2015-12-31,2015-09-01,3
run_20260811T162732Z_6bbfe89e,fixed_12m_2016,fixed_origin_12m_ex_ante,theta,2016-02-01,2,1517504.0,1474269.4731109373,-1005142.2647182944,3953681.210940169,1564925.0,-43234.52688906272,43234.52688906272,2016,2,pre_pandemic,True,True,2015-12-31,2015-09-01,3
run_20260811T162732Z_6bbfe89e,fixed_12m_2016,fixed_origin_12m_ex_ante,theta,2016-03-01,3,1898762.0,1974177.3183500916,-1151290.2893271656,5099644.926027348,2017645.0,75415.31835009158,75415.31835009158,2016,3,pre_pandemic,True,True,2015-12-31,2015-09-01,3
run_20260811T162732Z_6bbfe89e,fixed_12m_2016,fixed_origin_12m_ex_ante,theta,2016-04-01,4,2049238.0,2537740.6048353924,-1121441.4031541292,6196922.612824914,2626663.0,488502.60483539244,488502.60483539244,2016,4,pre_pandemic,True,True,2015-12-31,2015-09-01,3
run_20260811T162732Z_6bbfe89e,fixed_12m_2016,fixed_origin_12m_ex_ante,theta,2016-05-01,5,2749648.0,3751470.8871687893,-372929.4533108617,7875871.227648441,3775013.0,1001822.8871687893,1001822.8871687893,2016,5,pre_pandemic,True,True,2015-12-31,2015-09-01,3
run_20260811T162732Z_6bbfe89e,fixed_12m_2016,fixed_origin_12m_ex_ante,theta,2016-06-01,6,2696149.0,4413587.925523784,-128629.96549631655,8955805.816543885,4349675.0,1717438.925523784,1717438.925523784,2016,6,pre_pandemic,True,True,2015-12-31,2015-09-01,3
run_20260811T162732Z_6bbfe89e,fixed_12m_2016,fixed_origin_12m_ex_ante,theta,2016-07-01,7,3482544.0,5462923.7224699445,538209.6627038848,10387637.782236004,5244965.0,1980379.7224699445,1980379.7224699445,2016,7,pre_pandemic,True,True,2015-12-31,2015-09-01,3
run_20260811T162732Z_6bbfe89e,fixed_12m_2016,fixed_origin_12m_ex_ante,theta,2016-08-01,8,4565837.0,6563083.54189927,1283512.1794294026,11842654.904369138,6748708.0,1997246.5418992704,1997246.5418992704,2016,8,pre_pandemic,True,True,2015-12-31,2015-09-01,3
run_20260811T162732Z_6bbfe89e,fixed_12m_2016,fixed_origin_12m_ex_ante,theta,2016-09-01,9,4014930.0,5516016.163920992,-96019.02595142834,11128051.353793412,5415322.0,1501086.163920992,1501086.163920992,2016,9,pre_pandemic,True,True,2015-12-31,2015-09-01,3
run_20260811T162732Z_6bbfe89e,fixed_12m_2016,fixed_origin_12m_ex_ante,theta,2016-10-01,10,3190334.0,4431421.357174872,-1494454.4577001575,10357297.172049902,4293279.0,1241087.3571748724,1241087.3571748724,2016,10,pre_pandemic,True,True,2015-12-31,2015-09-01,3
run_20260811T162732Z_6bbfe89e,fixed_12m_2016,fixed_origin_12m_ex_ante,theta,2016-11-01,11,1879625.0,2420858.5724638784,-3803052.527019727,8644769.671947483,2264373.0,541233.5724638784,541233.5724638784,2016,11,pre_pandemic,True,True,2015-12-31,2015-09-01,3
run_20260811T162732Z_6bbfe89e,fixed_12m_2016,fixed_origin_12m_ex_ante,theta,2016-12-01,12,1629471.0,1745080.7300939607,-4763231.998657605,8253393.458845526,1740546.0,115609.73009396065,115609.73009396065,2016,12,pre_pandemic,True,True,2015-12-31,2015-09-01,3
run_20260811T162732Z_6bbfe89e,fixed_12m_2016,fixed_origin_12m_ex_ante,sarima_111_111_12,2016-01-01,1,1691287.0,1786047.5237995947,1374333.5645356905,2197761.483063499,1762004.0,94760.52379959472,94760.52379959472,2016,1,pre_pandemic,True,True,2015-12-31,2015-09-01,3
run_20260811T162732Z_6bbfe89e,fixed_12m_2016,fixed_origin_12m_ex_ante,sarima_111_111_12,2016-02-01,2,1517504.0,1574305.3493362498,1145814.4321365845,2002796.266535915,1564925.0,56801.349336249754,56801.349336249754,2016,2,pre_pandemic,True,True,2015-12-31,2015-09-01,3
run_20260811T162732Z_6bbfe89e,fixed_12m_2016,fixed_origin_12m_ex_ante,sarima_111_111_12,2016-03-01,3,1898762.0,2032278.4660008384,1587996.2369210185,2476560.6950806584,2017645.0,133516.46600083844,133516.46600083844,2016,3,pre_pandemic,True,True,2015-12-31,2015-09-01,3
run_20260811T162732Z_6bbfe89e,fixed_12m_2016,fixed_origin_12m_ex_ante,sarima_111_111_12,2016-04-01,4,2049238.0,2649112.7478710273,2189494.852793402,3108730.6429486526,2626663.0,599874.7478710273,599874.7478710273,2016,4,pre_pandemic,True,True,2015-12-31,2015-09-01,3
run_20260811T162732Z_6bbfe89e,fixed_12m_2016,fixed_origin_12m_ex_ante,sarima_111_111_12,2016-05-01,5,2749648.0,3805173.1456584036,3330736.4369918467,4279609.854324961,3775013.0,1055525.1456584036,1055525.1456584036,2016,5,pre_pandemic,True,True,2015-12-31,2015-09-01,3
run_20260811T162732Z_6bbfe89e,fixed_12m_2016,fixed_origin_12m_ex_ante,sarima_111_111_12,2016-06-01,6,2696149.0,4383541.797802986,3894730.018534256,4872353.577071715,4349675.0,1687392.7978029856,1687392.7978029856,2016,6,pre_pandemic,True,True,2015-12-31,2015-09-01,3
run_20260811T162732Z_6bbfe89e,fixed_12m_2016,fixed_origin_12m_ex_ante,sarima_111_111_12,2016-07-01,7,3482544.0,5290270.814109006,4787496.108545159,5793045.519672853,5244965.0,1807726.814109006,1807726.814109006,2016,7,pre_pandemic,True,True,2015-12-31,2015-09-01,3
run_20260811T162732Z_6bbfe89e,fixed_12m_2016,fixed_origin_12m_ex_ante,sarima_111_111_12,2016-08-01,8,4565837.0,6825043.34117373,6308682.809982281,7341403.872365179,6748708.0,2259206.34117373,2259206.34117373,2016,8,pre_pandemic,True,True,2015-12-31,2015-09-01,3
run_20260811T162732Z_6bbfe89e,fixed_12m_2016,fixed_origin_12m_ex_ante,sarima_111_111_12,2016-09-01,9,4014930.0,5458175.607683403,4928577.723215781,5987773.492151026,5415322.0,1443245.6076834034,1443245.6076834034,2016,9,pre_pandemic,True,True,2015-12-31,2015-09-01,3
run_20260811T162732Z_6bbfe89e,fixed_12m_2016,fixed_origin_12m_ex_ante,sarima_111_111_12,2016-10-01,10,3190334.0,4380585.630602562,3648427.1213429356,5112744.139862188,4293279.0,1190251.6306025619,1190251.6306025619,2016,10,pre_pandemic,True,True,2015-12-31,2015-09-01,3
run_20260811T162732Z_6bbfe89e,fixed_12m_2016,fixed_origin_12m_ex_ante,sarima_111_111_12,2016-11-01,11,1879625.0,2258679.6086901687,1506077.0775750293,3011282.139805308,2264373.0,379054.6086901687,379054.6086901687,2016,11,pre_pandemic,True,True,2015-12-31,2015-09-01,3
run_20260811T162732Z_6bbfe89e,fixed_12m_2016,fixed_origin_12m_ex_ante,sarima_111_111_12,2016-12-01,12,1629471.0,1744308.7958111335,948490.3748658443,2540127.2167564225,1740546.0,114837.79581113346,114837.79581113346,2016,12,pre_pandemic,True,True,2015-12-31,2015-09-01,3
run_20260811T162732Z_6bbfe89e,fixed_12m_2016,fixed_origin_12m_ex_ante,dynamic_harmonic_arima_k2,2016-01-01,1,1691287.0,1956058.2891962565,1345114.0615179907,2567002.5168745224,1762004.0,264771.28919625655,264771.28919625655,2016,1,pre_pandemic,True,True,2015-12-31,2015-09-01,3
run_20260811T162732Z_6bbfe89e,fixed_12m_2016,fixed_origin_12m_ex_ante,dynamic_harmonic_arima_k2,2016-02-01,2,1517504.0,2188900.702256464,1569735.9230975443,2808065.4814153835,1564925.0,671396.7022564639,671396.7022564639,2016,2,pre_pandemic,True,True,2015-12-31,2015-09-01,3
run_20260811T162732Z_6bbfe89e,fixed_12m_2016,fixed_origin_12m_ex_ante,dynamic_harmonic_arima_k2,2016-03-01,3,1898762.0,2578818.533844596,1952324.7314344472,3205312.3362547443,2017645.0,680056.5338445958,680056.5338445958,2016,3,pre_pandemic,True,True,2015-12-31,2015-09-01,3
run_20260811T162732Z_6bbfe89e,fixed_12m_2016,fixed_origin_12m_ex_ante,dynamic_harmonic_arima_k2,2016-04-01,4,2049238.0,3067615.546608882,2433650.6549371565,3701580.4382806076,2626663.0,1018377.546608882,1018377.546608882,2016,4,pre_pandemic,True,True,2015-12-31,2015-09-01,3
run_20260811T162732Z_6bbfe89e,fixed_12m_2016,fixed_origin_12m_ex_ante,dynamic_harmonic_arima_k2,2016-05-01,5,2749648.0,3801180.538842258,3159898.73862317,4442462.339061346,3775013.0,1051532.538842258,1051532.538842258,2016,5,pre_pandemic,True,True,2015-12-31,2015-09-01,3
run_20260811T162732Z_6bbfe89e,fixed_12m_2016,fixed_origin_12m_ex_ante,dynamic_harmonic_arima_k2,2016-06-01,6,2696149.0,4822640.782706312,4174104.867883975,5471176.697528648,4349675.0,2126491.782706312,2126491.782706312,2016,6,pre_pandemic,True,True,2015-12-31,2015-09-01,3
run_20260811T162732Z_6bbfe89e,fixed_12m_2016,fixed_origin_12m_ex_ante,dynamic_harmonic_arima_k2,2016-07-01,7,3482544.0,5825464.738498973,5169760.7803185675,6481168.696679378,5244965.0,2342920.7384989727,2342920.7384989727,2016,7,pre_pandemic,True,True,2015-12-31,2015-09-01,3
run_20260811T162732Z_6bbfe89e,fixed_12m_2016,fixed_origin_12m_ex_ante,dynamic_harmonic_arima_k2,2016-08-01,8,4565837.0,6274191.795789367,5611395.594869522,6936987.996709211,6748708.0,1708354.7957893666,1708354.7957893666,2016,8,pre_pandemic,True,True,2015-12-31,2015-09-01,3
run_20260811T162732Z_6bbfe89e,fixed_12m_2016,fixed_origin_12m_ex_ante,dynamic_harmonic_arima_k2,2016-09-01,9,4014930.0,5820003.327922689,5150190.481507982,6489816.1743373955,5415322.0,1805073.3279226888,1805073.3279226888,2016,9,pre_pandemic,True,True,2015-12-31,2015-09-01,3
run_20260811T162732Z_6bbfe89e,fixed_12m_2016,fixed_origin_12m_ex_ante,dynamic_harmonic_arima_k2,2016-10-01,10,3190334.0,4628236.948907528,3951480.052772637,5304993.845042419,4293279.0,1437902.948907528,1437902.948907528,2016,10,pre_pandemic,True,True,2015-12-31,2015-09-01,3
run_20260811T162732Z_6bbfe89e,fixed_12m_2016,fixed_origin_12m_ex_ante,dynamic_harmonic_arima_k2,2016-11-01,11,1879625.0,3295874.7436563554,2612244.3731102915,3979505.1142024193,2264373.0,1416249.7436563554,1416249.7436563554,2016,11,pre_pandemic,True,True,2015-12-31,2015-09-01,3
run_20260811T162732Z_6bbfe89e,fixed_12m_2016,fixed_origin_12m_ex_ante,dynamic_harmonic_arima_k2,2016-12-01,12,1629471.0,2419372.825029834,1728937.391025309,3109808.2590343594,1740546.0,789901.8250298342,789901.8250298342,2016,12,pre_pandemic,True,True,2015-12-31,2015-09-01,3
run_20260811T162732Z_6bbfe89e,fixed_12m_2016,fixed_origin_12m_ex_ante,stl_arima_111,2016-01-01,1,1691287.0,1813440.6753760017,1224342.888921621,2402538.4618303822,1762004.0,122153.67537600175,122153.67537600175,2016,1,pre_pandemic,True,True,2015-12-31,2015-09-01,3
run_20260811T162732Z_6bbfe89e,fixed_12m_2016,fixed_origin_12m_ex_ante,stl_arima_111,2016-02-01,2,1517504.0,1675689.5681430025,842579.4889752478,2508799.647310757,1564925.0,158185.56814300246,158185.56814300246,2016,2,pre_pandemic,True,True,2015-12-31,2015-09-01,3
run_20260811T162732Z_6bbfe89e,fixed_12m_2016,fixed_origin_12m_ex_ante,stl_arima_111,2016-03-01,3,1898762.0,2129052.5935293846,1108705.2967640366,3149399.8902947325,2017645.0,230290.59352938458,230290.59352938458,2016,3,pre_pandemic,True,True,2015-12-31,2015-09-01,3
run_20260811T162732Z_6bbfe89e,fixed_12m_2016,fixed_origin_12m_ex_ante,stl_arima_111,2016-04-01,4,2049238.0,2746867.258769721,1568671.6858609593,3925062.8316784822,2626663.0,697629.2587697208,697629.2587697208,2016,4,pre_pandemic,True,True,2015-12-31,2015-09-01,3
run_20260811T162732Z_6bbfe89e,fixed_12m_2016,fixed_origin_12m_ex_ante,stl_arima_111,2016-05-01,5,2749648.0,4173555.419714259,2856292.7238076087,5490818.115620909,3775013.0,1423907.419714259,1423907.419714259,2016,5,pre_pandemic,True,True,2015-12-31,2015-09-01,3
run_20260811T162732Z_6bbfe89e,fixed_12m_2016,fixed_origin_12m_ex_ante,stl_arima_111,2016-06-01,6,2696149.0,4469154.467742191,3026165.48232591,5912143.453158472,4349675.0,1773005.4677421907,1773005.4677421907,2016,6,pre_pandemic,True,True,2015-12-31,2015-09-01,3
run_20260811T162732Z_6bbfe89e,fixed_12m_2016,fixed_origin_12m_ex_ante,stl_arima_111,2016-07-01,7,3482544.0,5287596.147428431,3728989.9065715047,6846202.388285357,5244965.0,1805052.1474284306,1805052.1474284306,2016,7,pre_pandemic,True,True,2015-12-31,2015-09-01,3
run_20260811T162732Z_6bbfe89e,fixed_12m_2016,fixed_origin_12m_ex_ante,stl_arima_111,2016-08-01,8,4565837.0,6842043.058123743,5175822.899788234,8508263.216459252,6748708.0,2276206.058123743,2276206.058123743,2016,8,pre_pandemic,True,True,2015-12-31,2015-09-01,3
run_20260811T162732Z_6bbfe89e,fixed_12m_2016,fixed_origin_12m_ex_ante,stl_arima_111,2016-09-01,9,4014930.0,5622797.865503816,3855504.5061406735,7390091.224866958,5415322.0,1607867.865503816,1607867.865503816,2016,9,pre_pandemic,True,True,2015-12-31,2015-09-01,3
run_20260811T162732Z_6bbfe89e,fixed_12m_2016,fixed_origin_12m_ex_ante,stl_arima_111,2016-10-01,10,3190334.0,4438854.794496933,2575964.024737602,6301745.564256264,4293279.0,1248520.794496933,1248520.794496933,2016,10,pre_pandemic,True,True,2015-12-31,2015-09-01,3
run_20260811T162732Z_6bbfe89e,fixed_12m_2016,fixed_origin_12m_ex_ante,stl_arima_111,2016-11-01,11,1879625.0,2368077.8948708517,414261.5723727611,4321894.217368942,2264373.0,488452.89487085165,488452.89487085165,2016,11,pre_pandemic,True,True,2015-12-31,2015-09-01,3
run_20260811T162732Z_6bbfe89e,fixed_12m_2016,fixed_origin_12m_ex_ante,stl_arima_111,2016-12-01,12,1629471.0,1864867.480886825,-175827.11264387122,3905562.0744175212,1740546.0,235396.4808868249,235396.4808868249,2016,12,pre_pandemic,True,True,2015-12-31,2015-09-01,3
run_20260811T162732Z_6bbfe89e,fixed_12m_2017,fixed_origin_12m_ex_ante,naive_last,2017-01-01,1,1568344.0,4014930.0,572627.5599796125,7457232.440020388,1691287.0,2446586.0,2446586.0,2017,1,pre_pandemic,True,True,2016-12-31,2016-09-01,3
run_20260811T162732Z_6bbfe89e,fixed_12m_2017,fixed_origin_12m_ex_ante,naive_last,2017-02-01,2,1432342.0,4014930.0,166318.87250051042,7863541.127499489,1517504.0,2582588.0,2582588.0,2017,2,pre_pandemic,True,True,2016-12-31,2016-09-01,3
run_20260811T162732Z_6bbfe89e,fixed_12m_2017,fixed_origin_12m_ex_ante,naive_last,2017-03-01,3,1844076.0,4014930.0,-201012.25919372216,8230872.259193722,1898762.0,2170854.0,2170854.0,2017,3,pre_pandemic,True,True,2016-12-31,2016-09-01,3
run_20260811T162732Z_6bbfe89e,fixed_12m_2017,fixed_origin_12m_ex_ante,naive_last,2017-04-01,4,2278538.0,4014930.0,-538808.0968823899,8568668.09688239,2049238.0,1736392.0,1736392.0,2017,4,pre_pandemic,True,True,2016-12-31,2016-09-01,3
run_20260811T162732Z_6bbfe89e,fixed_12m_2017,fixed_origin_12m_ex_ante,naive_last,2017-05-01,5,3095282.0,4014930.0,-853220.7964668302,8883080.796466831,2749648.0,919648.0,919648.0,2017,5,pre_pandemic,True,True,2016-12-31,2016-09-01,3
run_20260811T162732Z_6bbfe89e,fixed_12m_2017,fixed_origin_12m_ex_ante,naive_last,2017-06-01,6,3489572.0,4014930.0,-1148523.660030581,9178383.660030581,2696149.0,525358.0,525358.0,2017,6,pre_pandemic,True,True,2016-12-31,2016-09-01,3
run_20260811T162732Z_6bbfe89e,fixed_12m_2017,fixed_origin_12m_ex_ante,naive_last,2017-07-01,7,5032488.0,4014930.0,-1427828.052809787,9457688.052809786,3482544.0,-1017558.0,1017558.0,2017,7,pre_pandemic,True,True,2016-12-31,2016-09-01,3
run_20260811T162732Z_6bbfe89e,fixed_12m_2017,fixed_origin_12m_ex_ante,naive_last,2017-08-01,8,6323888.0,4014930.0,-1693482.804236249,9723342.804236248,4565837.0,-2308958.0,2308958.0,2017,8,pre_pandemic,True,True,2016-12-31,2016-09-01,3
run_20260811T162732Z_6bbfe89e,fixed_12m_2017,fixed_origin_12m_ex_ante,naive_last,2017-09-01,9,5306888.0,4014930.0,-1947312.7211336289,9977172.721133629,4014930.0,-1291958.0,1291958.0,2017,9,pre_pandemic,True,True,2016-12-31,2016-09-01,3
run_20260811T162732Z_6bbfe89e,fixed_12m_2017,fixed_origin_12m_ex_ante,naive_last,2017-10-01,10,3913759.0,4014930.0,-2190768.9765741555,10220628.976574156,4161806.0,101171.0,101171.0,2017,10,pre_pandemic,True,True,2016-12-31,2016-09-01,3
run_20260811T162732Z_6bbfe89e,fixed_12m_2017,fixed_origin_12m_ex_ante,naive_last,2017-11-01,11,2293847.0,4014930.0,-2425028.1761061223,10454888.176106121,2236998.0,1721083.0,1721083.0,2017,11,pre_pandemic,True,True,2016-12-31,2016-09-01,3
run_20260811T162732Z_6bbfe89e,fixed_12m_2017,fixed_origin_12m_ex_ante,naive_last,2017-12-01,12,2041323.0,4014930.0,-2651060.011404059,10680920.01140406,1713807.0,1973607.0,1973607.0,2017,12,pre_pandemic,True,True,2016-12-31,2016-09-01,3
run_20260811T162732Z_6bbfe89e,fixed_12m_2017,fixed_origin_12m_ex_ante,seasonal_naive,2017-01-01,1,1568344.0,1691287.0,824007.229581694,2558566.770418306,1691287.0,122943.0,122943.0,2017,1,pre_pandemic,True,True,2016-12-31,2016-09-01,3
run_20260811T162732Z_6bbfe89e,fixed_12m_2017,fixed_origin_12m_ex_ante,seasonal_naive,2017-02-01,2,1432342.0,1517504.0,290985.1863026074,2744022.8136973926,1517504.0,85162.0,85162.0,2017,2,pre_pandemic,True,True,2016-12-31,2016-09-01,3
run_20260811T162732Z_6bbfe89e,fixed_12m_2017,fixed_origin_12m_ex_ante,seasonal_naive,2017-03-01,3,1844076.0,1898762.0,396589.3732588226,3400934.6267411774,1898762.0,54686.0,54686.0,2017,3,pre_pandemic,True,True,2016-12-31,2016-09-01,3
run_20260811T162732Z_6bbfe89e,fixed_12m_2017,fixed_origin_12m_ex_ante,seasonal_naive,2017-04-01,4,2278538.0,2049238.0,314678.459163388,3783797.5408366118,2049238.0,-229300.0,229300.0,2017,4,pre_pandemic,True,True,2016-12-31,2016-09-01,3
run_20260811T162732Z_6bbfe89e,fixed_12m_2017,fixed_origin_12m_ex_ante,seasonal_naive,2017-05-01,5,3095282.0,2749648.0,810351.4778342564,4688944.522165744,2749648.0,-345634.0,345634.0,2017,5,pre_pandemic,True,True,2016-12-31,2016-09-01,3
run_20260811T162732Z_6bbfe89e,fixed_12m_2017,fixed_origin_12m_ex_ante,seasonal_naive,2017-06-01,6,3489572.0,2696149.0,571756.0982370102,4820541.90176299,2696149.0,-793423.0,793423.0,2017,6,pre_pandemic,True,True,2016-12-31,2016-09-01,3
run_20260811T162732Z_6bbfe89e,fixed_12m_2017,fixed_origin_12m_ex_ante,seasonal_naive,2017-07-01,7,5032488.0,3482544.0,1187937.4103559698,5777150.58964403,3482544.0,-1549944.0,1549944.0,2017,7,pre_pandemic,True,True,2016-12-31,2016-09-01,3
run_20260811T162732Z_6bbfe89e,fixed_12m_2017,fixed_origin_12m_ex_ante,seasonal_naive,2017-08-01,8,6323888.0,4565837.0,2112799.372605215,7018874.627394785,4565837.0,-1758051.0,1758051.0,2017,8,pre_pandemic,True,True,2016-12-31,2016-09-01,3
run_20260811T162732Z_6bbfe89e,fixed_12m_2017,fixed_origin_12m_ex_ante,seasonal_naive,2017-09-01,9,5306888.0,4014930.0,1413090.688745082,6616769.311254919,4014930.0,-1291958.0,1291958.0,2017,9,pre_pandemic,True,True,2016-12-31,2016-09-01,3
run_20260811T162732Z_6bbfe89e,fixed_12m_2017,fixed_origin_12m_ex_ante,seasonal_naive,2017-10-01,10,3913759.0,4161806.0,1419226.5568902302,6904385.443109769,4161806.0,248047.0,248047.0,2017,10,pre_pandemic,True,True,2016-12-31,2016-09-01,3
run_20260811T162732Z_6bbfe89e,fixed_12m_2017,fixed_origin_12m_ex_ante,seasonal_naive,2017-11-01,11,2293847.0,2236998.0,-639443.5867430936,5113439.586743094,2236998.0,-56849.0,56849.0,2017,11,pre_pandemic,True,True,2016-12-31,2016-09-01,3
run_20260811T162732Z_6bbfe89e,fixed_12m_2017,fixed_origin_12m_ex_ante,seasonal_naive,2017-12-01,12,2041323.0,1713807.0,-1290538.2534823548,4718152.253482355,1713807.0,-327516.0,327516.0,2017,12,pre_pandemic,True,True,2016-12-31,2016-09-01,3
run_20260811T162732Z_6bbfe89e,fixed_12m_2017,fixed_origin_12m_ex_ante,drift,2017-01-01,1,1568344.0,4124245.153846154,-1999613.3335618172,10248103.641254125,1691287.0,2555901.153846154,2555901.153846154,2017,1,pre_pandemic,True,True,2016-12-31,2016-09-01,3
run_20260811T162732Z_6bbfe89e,fixed_12m_2017,fixed_origin_12m_ex_ante,drift,2017-02-01,2,1432342.0,4151573.9423076925,-2695107.9889089395,10998255.873524325,1517504.0,2719231.9423076925,2719231.9423076925,2017,2,pre_pandemic,True,True,2016-12-31,2016-09-01,3
run_20260811T162732Z_6bbfe89e,fixed_12m_2017,fixed_origin_12m_ex_ante,drift,2017-03-01,3,1844076.0,4178902.730769231,-3321261.5448115347,11679067.006349996,1898762.0,2334826.730769231,2334826.730769231,2017,3,pre_pandemic,True,True,2016-12-31,2016-09-01,3
run_20260811T162732Z_6bbfe89e,fixed_12m_2017,fixed_origin_12m_ex_ante,drift,2017-04-01,4,2278538.0,4206231.519230769,-3894871.791686062,12307334.8301476,2049238.0,1927693.519230769,1927693.519230769,2017,4,pre_pandemic,True,True,2016-12-31,2016-09-01,3
run_20260811T162732Z_6bbfe89e,fixed_12m_2017,fixed_origin_12m_ex_ante,drift,2017-05-01,5,3095282.0,4233560.307692308,-4426883.419253632,12894004.034638248,2749648.0,1138278.307692308,1138278.307692308,2017,5,pre_pandemic,True,True,2016-12-31,2016-09-01,3
run_20260811T162732Z_6bbfe89e,fixed_12m_2017,fixed_origin_12m_ex_ante,drift,2017-06-01,6,3489572.0,4260889.096153846,-4924898.634958111,13446676.827265803,2696149.0,771317.096153846,771317.096153846,2017,6,pre_pandemic,True,True,2016-12-31,2016-09-01,3
run_20260811T162732Z_6bbfe89e,fixed_12m_2017,fixed_origin_12m_ex_ante,drift,2017-07-01,7,5032488.0,4288217.884615385,-5394452.55976599,13970888.328996759,3482544.0,-744270.115384615,744270.115384615,2017,7,pre_pandemic,True,True,2016-12-31,2016-09-01,3
run_20260811T162732Z_6bbfe89e,fixed_12m_2017,fixed_origin_12m_ex_ante,drift,2017-08-01,8,6323888.0,4315546.673076923,-5839723.762905876,14470817.109059721,4565837.0,-2008341.326923077,2008341.326923077,2017,8,pre_pandemic,True,True,2016-12-31,2016-09-01,3
run_20260811T162732Z_6bbfe89e,fixed_12m_2017,fixed_origin_12m_ex_ante,drift,2017-09-01,9,5306888.0,4342875.461538462,-6263958.5770140365,14949709.50009096,4014930.0,-964012.538461538,964012.538461538,2017,9,pre_pandemic,True,True,2016-12-31,2016-09-01,3
run_20260811T162732Z_6bbfe89e,fixed_12m_2017,fixed_origin_12m_ex_ante,drift,2017-10-01,10,3913759.0,4370204.25,-6669738.640017392,15410147.140017392,4161806.0,456445.25,456445.25,2017,10,pre_pandemic,True,True,2016-12-31,2016-09-01,3
run_20260811T162732Z_6bbfe89e,fixed_12m_2017,fixed_origin_12m_ex_ante,drift,2017-11-01,11,2293847.0,4397533.038461538,-7059157.134022627,15854223.210945703,2236998.0,2103686.038461538,2103686.038461538,2017,11,pre_pandemic,True,True,2016-12-31,2016-09-01,3
run_20260811T162732Z_6bbfe89e,fixed_12m_2017,fixed_origin_12m_ex_ante,drift,2017-12-01,12,2041323.0,4424861.826923077,-7433939.141207931,16283662.795054086,1713807.0,2383538.826923077,2383538.826923077,2017,12,pre_pandemic,True,True,2016-12-31,2016-09-01,3
run_20260811T162732Z_6bbfe89e,fixed_12m_2017,fixed_origin_12m_ex_ante,same_month_historical_mean,2017-01-01,1,1568344.0,1406534.888888889,586388.2898209932,2226681.4879567847,1691287.0,-161809.111111111,161809.111111111,2017,1,pre_pandemic,True,True,2016-12-31,2016-09-01,3
run_20260811T162732Z_6bbfe89e,fixed_12m_2017,fixed_origin_12m_ex_ante,same_month_historical_mean,2017-02-01,2,1432342.0,1303276.2222222222,483129.62315432646,2123422.821290118,1517504.0,-129065.77777777775,129065.77777777775,2017,2,pre_pandemic,True,True,2016-12-31,2016-09-01,3
run_20260811T162732Z_6bbfe89e,fixed_12m_2017,fixed_origin_12m_ex_ante,same_month_historical_mean,2017-03-01,3,1844076.0,1737273.0,917126.4009321042,2557419.5990678957,1898762.0,-106803.0,106803.0,2017,3,pre_pandemic,True,True,2016-12-31,2016-09-01,3
run_20260811T162732Z_6bbfe89e,fixed_12m_2017,fixed_origin_12m_ex_ante,same_month_historical_mean,2017-04-01,4,2278538.0,2173047.5555555555,1352900.9564876598,2993194.154623451,2049238.0,-105490.4444444445,105490.4444444445,2017,4,pre_pandemic,True,True,2016-12-31,2016-09-01,3
run_20260811T162732Z_6bbfe89e,fixed_12m_2017,fixed_origin_12m_ex_ante,same_month_historical_mean,2017-05-01,5,3095282.0,3216080.111111111,2395933.5120432153,4036226.7101790067,2749648.0,120798.11111111101,120798.11111111101,2017,5,pre_pandemic,True,True,2016-12-31,2016-09-01,3
run_20260811T162732Z_6bbfe89e,fixed_12m_2017,fixed_origin_12m_ex_ante,same_month_historical_mean,2017-06-01,6,3489572.0,3708726.888888889,2888580.2898209933,4528873.487956785,2696149.0,219154.888888889,219154.888888889,2017,6,pre_pandemic,True,True,2016-12-31,2016-09-01,3
run_20260811T162732Z_6bbfe89e,fixed_12m_2017,fixed_origin_12m_ex_ante,same_month_historical_mean,2017-07-01,7,5032488.0,4580947.0,3760800.4009321043,5401093.599067896,3482544.0,-451541.0,451541.0,2017,7,pre_pandemic,True,True,2016-12-31,2016-09-01,3
run_20260811T162732Z_6bbfe89e,fixed_12m_2017,fixed_origin_12m_ex_ante,same_month_historical_mean,2017-08-01,8,6323888.0,5596855.333333333,4776708.734265437,6417001.932401229,4565837.0,-727032.666666667,727032.666666667,2017,8,pre_pandemic,True,True,2016-12-31,2016-09-01,3
run_20260811T162732Z_6bbfe89e,fixed_12m_2017,fixed_origin_12m_ex_ante,same_month_historical_mean,2017-09-01,9,5306888.0,4719099.444444444,3898952.8453765484,5539246.04351234,4014930.0,-587788.555555556,587788.555555556,2017,9,pre_pandemic,True,True,2016-12-31,2016-09-01,3
run_20260811T162732Z_6bbfe89e,fixed_12m_2017,fixed_origin_12m_ex_ante,same_month_historical_mean,2017-10-01,10,3913759.0,3830048.25,3009901.6509321043,4650194.849067896,4161806.0,-83710.75,83710.75,2017,10,pre_pandemic,True,True,2016-12-31,2016-09-01,3
run_20260811T162732Z_6bbfe89e,fixed_12m_2017,fixed_origin_12m_ex_ante,same_month_historical_mean,2017-11-01,11,2293847.0,2088973.625,1268827.0259321043,2909120.2240678957,2236998.0,-204873.375,204873.375,2017,11,pre_pandemic,True,True,2016-12-31,2016-09-01,3
run_20260811T162732Z_6bbfe89e,fixed_12m_2017,fixed_origin_12m_ex_ante,same_month_historical_mean,2017-12-01,12,2041323.0,1522050.75,701904.1509321042,2342197.3490678957,1713807.0,-519272.25,519272.25,2017,12,pre_pandemic,True,True,2016-12-31,2016-09-01,3
run_20260811T162732Z_6bbfe89e,fixed_12m_2017,fixed_origin_12m_ex_ante,seasonal_moving_average_3,2017-01-01,1,1568344.0,1676230.0,775810.2831457212,2576649.716854279,1691287.0,107886.0,107886.0,2017,1,pre_pandemic,True,True,2016-12-31,2016-09-01,3
run_20260811T162732Z_6bbfe89e,fixed_12m_2017,fixed_origin_12m_ex_ante,seasonal_moving_average_3,2017-02-01,2,1432342.0,1535224.6666666667,634804.9498123879,2435644.3835209454,1517504.0,102882.66666666674,102882.66666666674,2017,2,pre_pandemic,True,True,2016-12-31,2016-09-01,3
run_20260811T162732Z_6bbfe89e,fixed_12m_2017,fixed_origin_12m_ex_ante,seasonal_moving_average_3,2017-03-01,3,1844076.0,1961173.6666666667,1060753.949812388,2861593.3835209454,1898762.0,117097.66666666674,117097.66666666674,2017,3,pre_pandemic,True,True,2016-12-31,2016-09-01,3
run_20260811T162732Z_6bbfe89e,fixed_12m_2017,fixed_origin_12m_ex_ante,seasonal_moving_average_3,2017-04-01,4,2278538.0,2416346.6666666665,1515926.9498123876,3316766.3835209454,2049238.0,137808.6666666665,137808.6666666665,2017,4,pre_pandemic,True,True,2016-12-31,2016-09-01,3
run_20260811T162732Z_6bbfe89e,fixed_12m_2017,fixed_origin_12m_ex_ante,seasonal_moving_average_3,2017-05-01,5,3095282.0,3462848.0,2562428.283145721,4363267.716854279,2749648.0,367566.0,367566.0,2017,5,pre_pandemic,True,True,2016-12-31,2016-09-01,3
run_20260811T162732Z_6bbfe89e,fixed_12m_2017,fixed_origin_12m_ex_ante,seasonal_moving_average_3,2017-06-01,6,3489572.0,3858634.3333333335,2958214.6164790546,4759054.050187612,2696149.0,369062.3333333335,369062.3333333335,2017,6,pre_pandemic,True,True,2016-12-31,2016-09-01,3
run_20260811T162732Z_6bbfe89e,fixed_12m_2017,fixed_origin_12m_ex_ante,seasonal_moving_average_3,2017-07-01,7,5032488.0,4559971.0,3659551.283145721,5460390.716854279,3482544.0,-472517.0,472517.0,2017,7,pre_pandemic,True,True,2016-12-31,2016-09-01,3
run_20260811T162732Z_6bbfe89e,fixed_12m_2017,fixed_origin_12m_ex_ante,seasonal_moving_average_3,2017-08-01,8,6323888.0,5983390.666666667,5082970.949812388,6883810.383520946,4565837.0,-340497.333333333,340497.333333333,2017,8,pre_pandemic,True,True,2016-12-31,2016-09-01,3
run_20260811T162732Z_6bbfe89e,fixed_12m_2017,fixed_origin_12m_ex_ante,seasonal_moving_average_3,2017-09-01,9,5306888.0,4975411.333333333,4074991.616479054,5875831.050187612,4014930.0,-331476.666666667,331476.666666667,2017,9,pre_pandemic,True,True,2016-12-31,2016-09-01,3
run_20260811T162732Z_6bbfe89e,fixed_12m_2017,fixed_origin_12m_ex_ante,seasonal_moving_average_3,2017-10-01,10,3913759.0,4180570.0,3280150.283145721,5080989.716854279,4161806.0,266811.0,266811.0,2017,10,pre_pandemic,True,True,2016-12-31,2016-09-01,3
run_20260811T162732Z_6bbfe89e,fixed_12m_2017,fixed_origin_12m_ex_ante,seasonal_moving_average_3,2017-11-01,11,2293847.0,2210955.3333333335,1310535.6164790546,3111375.0501876124,2236998.0,-82891.66666666651,82891.66666666651,2017,11,pre_pandemic,True,True,2016-12-31,2016-09-01,3
run_20260811T162732Z_6bbfe89e,fixed_12m_2017,fixed_origin_12m_ex_ante,seasonal_moving_average_3,2017-12-01,12,2041323.0,1667192.0,766772.2831457212,2567611.716854279,1713807.0,-374131.0,374131.0,2017,12,pre_pandemic,True,True,2016-12-31,2016-09-01,3
run_20260811T162732Z_6bbfe89e,fixed_12m_2017,fixed_origin_12m_ex_ante,ets_holt_winters,2017-01-01,1,1568344.0,1716470.4258307633,1190024.8503656941,2242916.0012958325,1691287.0,148126.4258307633,148126.4258307633,2017,1,pre_pandemic,True,True,2016-12-31,2016-09-01,3
run_20260811T162732Z_6bbfe89e,fixed_12m_2017,fixed_origin_12m_ex_ante,ets_holt_winters,2017-02-01,2,1432342.0,1577607.2877780905,833100.8151040811,2322113.7604521,1517504.0,145265.28777809045,145265.28777809045,2017,2,pre_pandemic,True,True,2016-12-31,2016-09-01,3
run_20260811T162732Z_6bbfe89e,fixed_12m_2017,fixed_origin_12m_ex_ante,ets_holt_winters,2017-03-01,3,1844076.0,2017542.1077952571,1105711.623669922,2929372.5919205924,1898762.0,173466.10779525712,173466.10779525712,2017,3,pre_pandemic,True,True,2016-12-31,2016-09-01,3
run_20260811T162732Z_6bbfe89e,fixed_12m_2017,fixed_origin_12m_ex_ante,ets_holt_winters,2017-04-01,4,2278538.0,2451605.5463011665,1398714.3953710285,3504496.697231305,2049238.0,173067.54630116653,173067.54630116653,2017,4,pre_pandemic,True,True,2016-12-31,2016-09-01,3
run_20260811T162732Z_6bbfe89e,fixed_12m_2017,fixed_origin_12m_ex_ante,ets_holt_winters,2017-05-01,5,3095282.0,3471868.590926942,2294700.497733052,4649036.684120832,2749648.0,376586.59092694195,376586.59092694195,2017,5,pre_pandemic,True,True,2016-12-31,2016-09-01,3
run_20260811T162732Z_6bbfe89e,fixed_12m_2017,fixed_origin_12m_ex_ante,ets_holt_winters,2017-06-01,6,3489572.0,3894512.099260493,2604989.062025219,5184035.136495767,2696149.0,404940.0992604932,404940.0992604932,2017,6,pre_pandemic,True,True,2016-12-31,2016-09-01,3
run_20260811T162732Z_6bbfe89e,fixed_12m_2017,fixed_origin_12m_ex_ante,ets_holt_winters,2017-07-01,7,5032488.0,4778049.031631867,3385204.960141008,6170893.103122727,3482544.0,-254438.9683681326,254438.9683681326,2017,7,pre_pandemic,True,True,2016-12-31,2016-09-01,3
run_20260811T162732Z_6bbfe89e,fixed_12m_2017,fixed_origin_12m_ex_ante,ets_holt_winters,2017-08-01,8,6323888.0,5952226.031244838,4463213.085896819,7441238.976592856,4565837.0,-371661.9687551623,371661.9687551623,2017,8,pre_pandemic,True,True,2016-12-31,2016-09-01,3
run_20260811T162732Z_6bbfe89e,fixed_12m_2017,fixed_origin_12m_ex_ante,ets_holt_winters,2017-09-01,9,5306888.0,5032287.953098932,3452951.2267037253,6611624.679494139,4014930.0,-274600.0469010677,274600.0469010677,2017,9,pre_pandemic,True,True,2016-12-31,2016-09-01,3
run_20260811T162732Z_6bbfe89e,fixed_12m_2017,fixed_origin_12m_ex_ante,ets_holt_winters,2017-10-01,10,3913759.0,4139722.39280218,2474955.3102145055,5804489.475389854,4161806.0,225963.3928021798,225963.3928021798,2017,10,pre_pandemic,True,True,2016-12-31,2016-09-01,3
run_20260811T162732Z_6bbfe89e,fixed_12m_2017,fixed_origin_12m_ex_ante,ets_holt_winters,2017-11-01,11,2293847.0,2177487.4868870843,431465.04052672186,3923509.933247447,2236998.0,-116359.51311291568,116359.51311291568,2017,11,pre_pandemic,True,True,2016-12-31,2016-09-01,3
run_20260811T162732Z_6bbfe89e,fixed_12m_2017,fixed_origin_12m_ex_ante,ets_holt_winters,2017-12-01,12,2041323.0,1728189.018592152,-95471.94965851819,3551849.9868428223,1713807.0,-313133.98140784795,313133.98140784795,2017,12,pre_pandemic,True,True,2016-12-31,2016-09-01,3
run_20260811T162732Z_6bbfe89e,fixed_12m_2017,fixed_origin_12m_ex_ante,theta,2017-01-01,1,1568344.0,1595905.2415403577,18745.658751174575,3173064.824329541,1691287.0,27561.241540357703,27561.241540357703,2017,1,pre_pandemic,True,True,2016-12-31,2016-09-01,3
run_20260811T162732Z_6bbfe89e,fixed_12m_2017,fixed_origin_12m_ex_ante,theta,2017-02-01,2,1432342.0,1488404.949627275,-761642.6547031896,3738452.55395774,1517504.0,56062.94962727511,56062.94962727511,2017,2,pre_pandemic,True,True,2016-12-31,2016-09-01,3
run_20260811T162732Z_6bbfe89e,fixed_12m_2017,fixed_origin_12m_ex_ante,theta,2017-03-01,3,1844076.0,1987866.40800226,-775826.0665547012,4751558.882559221,1898762.0,143790.4080022599,143790.4080022599,2017,3,pre_pandemic,True,True,2016-12-31,2016-09-01,3
run_20260811T162732Z_6bbfe89e,fixed_12m_2017,fixed_origin_12m_ex_ante,theta,2017-04-01,4,2278538.0,2501939.0026343595,-693882.9520577812,5697760.9573265,2049238.0,223401.00263435952,223401.00263435952,2017,4,pre_pandemic,True,True,2016-12-31,2016-09-01,3
run_20260811T162732Z_6bbfe89e,fixed_12m_2017,fixed_origin_12m_ex_ante,theta,2017-05-01,5,3095282.0,3654443.8849109784,78334.28951798938,7230553.480303967,2749648.0,559161.8849109784,559161.8849109784,2017,5,pre_pandemic,True,True,2016-12-31,2016-09-01,3
run_20260811T162732Z_6bbfe89e,fixed_12m_2017,fixed_origin_12m_ex_ante,theta,2017-06-01,6,3489572.0,4213974.10506914,294300.4310968644,8133647.779041415,2696149.0,724402.10506914,724402.10506914,2017,6,pre_pandemic,True,True,2016-12-31,2016-09-01,3
run_20260811T162732Z_6bbfe89e,fixed_12m_2017,fixed_origin_12m_ex_ante,theta,2017-07-01,7,5032488.0,5335689.27901122,1100229.0227225563,9571149.535299882,3482544.0,303201.27901121974,303201.27901121974,2017,7,pre_pandemic,True,True,2016-12-31,2016-09-01,3
run_20260811T162732Z_6bbfe89e,fixed_12m_2017,fixed_origin_12m_ex_ante,theta,2017-08-01,8,6323888.0,6464274.848223823,1934991.7421715697,10993557.954276077,4565837.0,140386.84822382312,140386.84822382312,2017,8,pre_pandemic,True,True,2016-12-31,2016-09-01,3
run_20260811T162732Z_6bbfe89e,fixed_12m_2017,fixed_origin_12m_ex_ante,theta,2017-09-01,9,5306888.0,5400639.071632026,595466.0958756004,10205812.047388451,4014930.0,93751.07163202576,93751.07163202576,2017,9,pre_pandemic,True,True,2016-12-31,2016-09-01,3
run_20260811T162732Z_6bbfe89e,fixed_12m_2017,fixed_origin_12m_ex_ante,theta,2017-10-01,10,3913759.0,4318123.745337261,-747936.7753345333,9384184.266009055,4161806.0,404364.7453372609,404364.7453372609,2017,10,pre_pandemic,True,True,2016-12-31,2016-09-01,3
run_20260811T162732Z_6bbfe89e,fixed_12m_2017,fixed_origin_12m_ex_ante,theta,2017-11-01,11,2293847.0,2359097.4874447556,-2955058.2377178865,7673253.212607398,2236998.0,65250.48744475562,65250.48744475562,2017,11,pre_pandemic,True,True,2016-12-31,2016-09-01,3
run_20260811T162732Z_6bbfe89e,fixed_12m_2017,fixed_origin_12m_ex_ante,theta,2017-12-01,12,2041323.0,1720441.110040084,-3830732.9048371664,7271615.124917334,1713807.0,-320881.889959916,320881.889959916,2017,12,pre_pandemic,True,True,2016-12-31,2016-09-01,3
run_20260811T162732Z_6bbfe89e,fixed_12m_2017,fixed_origin_12m_ex_ante,sarima_111_111_12,2017-01-01,1,1568344.0,-25419.235150380762,-800744.4113860123,749905.9410852508,1691287.0,-1593763.2351503808,1593763.2351503808,2017,1,pre_pandemic,True,True,2016-12-31,2016-09-01,3
run_20260811T162732Z_6bbfe89e,fixed_12m_2017,fixed_origin_12m_ex_ante,sarima_111_111_12,2017-02-01,2,1432342.0,-275614.00833061663,-1139128.1783723808,587900.1617111476,1517504.0,-1707956.0083306166,1707956.0083306166,2017,2,pre_pandemic,True,True,2016-12-31,2016-09-01,3
run_20260811T162732Z_6bbfe89e,fixed_12m_2017,fixed_origin_12m_ex_ante,sarima_111_111_12,2017-03-01,3,1844076.0,90439.32581470694,-845490.3363398502,1026368.9879692642,1898762.0,-1753636.674185293,1753636.674185293,2017,3,pre_pandemic,True,True,2016-12-31,2016-09-01,3
run_20260811T162732Z_6bbfe89e,fixed_12m_2017,fixed_origin_12m_ex_ante,sarima_111_111_12,2017-04-01,4,2278538.0,212486.32286047592,-794727.7780015247,1219700.4237224765,2049238.0,-2066051.6771395241,2066051.6771395241,2017,4,pre_pandemic,True,True,2016-12-31,2016-09-01,3
run_20260811T162732Z_6bbfe89e,fixed_12m_2017,fixed_origin_12m_ex_ante,sarima_111_111_12,2017-05-01,5,3095282.0,907606.7781416195,-163922.93162987812,1979136.4879131173,2749648.0,-2187675.2218583804,2187675.2218583804,2017,5,pre_pandemic,True,True,2016-12-31,2016-09-01,3
run_20260811T162732Z_6bbfe89e,fixed_12m_2017,fixed_origin_12m_ex_ante,sarima_111_111_12,2017-06-01,6,3489572.0,848140.7373824393,-285293.8510247244,1981575.325789603,2696149.0,-2641431.2626175606,2641431.2626175606,2017,6,pre_pandemic,True,True,2016-12-31,2016-09-01,3
run_20260811T162732Z_6bbfe89e,fixed_12m_2017,fixed_origin_12m_ex_ante,sarima_111_111_12,2017-07-01,7,5032488.0,1594187.233718402,402745.5786810159,2785628.888755788,3482544.0,-3438300.7662815982,3438300.7662815982,2017,7,pre_pandemic,True,True,2016-12-31,2016-09-01,3
run_20260811T162732Z_6bbfe89e,fixed_12m_2017,fixed_origin_12m_ex_ante,sarima_111_111_12,2017-08-01,8,6323888.0,2645740.975380628,1398605.2370031867,3892876.713758069,4565837.0,-3678147.024619372,3678147.024619372,2017,8,pre_pandemic,True,True,2016-12-31,2016-09-01,3
run_20260811T162732Z_6bbfe89e,fixed_12m_2017,fixed_origin_12m_ex_ante,sarima_111_111_12,2017-09-01,9,5306888.0,2025916.2041123027,725683.8573267513,3326148.5508978544,4014930.0,-3280971.7958876975,3280971.7958876975,2017,9,pre_pandemic,True,True,2016-12-31,2016-09-01,3
run_20260811T162732Z_6bbfe89e,fixed_12m_2017,fixed_origin_12m_ex_ante,sarima_111_111_12,2017-10-01,10,3913759.0,420347.4545305795,-1111738.272688746,1952433.181749905,4161806.0,-3493411.5454694205,3493411.5454694205,2017,10,pre_pandemic,True,True,2016-12-31,2016-09-01,3
run_20260811T162732Z_6bbfe89e,fixed_12m_2017,fixed_origin_12m_ex_ante,sarima_111_111_12,2017-11-01,11,2293847.0,-1406837.1789329282,-3073170.015852798,259495.65798694105,2236998.0,-3700684.1789329285,3700684.1789329285,2017,11,pre_pandemic,True,True,2016-12-31,2016-09-01,3
run_20260811T162732Z_6bbfe89e,fixed_12m_2017,fixed_origin_12m_ex_ante,sarima_111_111_12,2017-12-01,12,2041323.0,-2111685.125135167,-3937290.9275512863,-286079.32271904754,1713807.0,-4153008.125135167,4153008.125135167,2017,12,pre_pandemic,True,True,2016-12-31,2016-09-01,3
run_20260811T162732Z_6bbfe89e,fixed_12m_2017,fixed_origin_12m_ex_ante,dynamic_harmonic_arima_k2,2017-01-01,1,1568344.0,323642.9439207474,-473595.1060008998,1120880.9938423946,1691287.0,-1244701.0560792526,1244701.0560792526,2017,1,pre_pandemic,True,True,2016-12-31,2016-09-01,3
run_20260811T162732Z_6bbfe89e,fixed_12m_2017,fixed_origin_12m_ex_ante,dynamic_harmonic_arima_k2,2017-02-01,2,1432342.0,556922.2970215608,-282717.9727244219,1396562.5667675436,1517504.0,-875419.7029784392,875419.7029784392,2017,2,pre_pandemic,True,True,2016-12-31,2016-09-01,3
run_20260811T162732Z_6bbfe89e,fixed_12m_2017,fixed_origin_12m_ex_ante,dynamic_harmonic_arima_k2,2017-03-01,3,1844076.0,930308.6418353596,50353.7200454406,1810263.5636252786,1898762.0,-913767.3581646404,913767.3581646404,2017,3,pre_pandemic,True,True,2016-12-31,2016-09-01,3
run_20260811T162732Z_6bbfe89e,fixed_12m_2017,fixed_origin_12m_ex_ante,dynamic_harmonic_arima_k2,2017-04-01,4,2278538.0,1369404.0496917241,450896.17590392346,2287911.923479525,2049238.0,-909133.9503082759,909133.9503082759,2017,4,pre_pandemic,True,True,2016-12-31,2016-09-01,3
run_20260811T162732Z_6bbfe89e,fixed_12m_2017,fixed_origin_12m_ex_ante,dynamic_harmonic_arima_k2,2017-05-01,5,3095282.0,2035000.8006910887,1079495.0446595899,2990506.5567225874,2749648.0,-1060281.1993089113,1060281.1993089113,2017,5,pre_pandemic,True,True,2016-12-31,2016-09-01,3
run_20260811T162732Z_6bbfe89e,fixed_12m_2017,fixed_origin_12m_ex_ante,dynamic_harmonic_arima_k2,2017-06-01,6,3489572.0,3000819.529542166,2009695.9294252596,3991943.129659072,2696149.0,-488752.4704578342,488752.4704578342,2017,6,pre_pandemic,True,True,2016-12-31,2016-09-01,3
run_20260811T162732Z_6bbfe89e,fixed_12m_2017,fixed_origin_12m_ex_ante,dynamic_harmonic_arima_k2,2017-07-01,7,5032488.0,3980959.1065458665,2955454.0096432893,5006464.203448444,3482544.0,-1051528.8934541335,1051528.8934541335,2017,7,pre_pandemic,True,True,2016-12-31,2016-09-01,3
run_20260811T162732Z_6bbfe89e,fixed_12m_2017,fixed_origin_12m_ex_ante,dynamic_harmonic_arima_k2,2017-08-01,8,6323888.0,4432884.385499457,3374113.673488813,5491655.097510101,4565837.0,-1891003.614500543,1891003.614500543,2017,8,pre_pandemic,True,True,2016-12-31,2016-09-01,3
run_20260811T162732Z_6bbfe89e,fixed_12m_2017,fixed_origin_12m_ex_ante,dynamic_harmonic_arima_k2,2017-09-01,9,5306888.0,3981975.5889063003,2890953.0699186223,5072998.107893978,4014930.0,-1324912.4110936997,1324912.4110936997,2017,9,pre_pandemic,True,True,2016-12-31,2016-09-01,3
run_20260811T162732Z_6bbfe89e,fixed_12m_2017,fixed_origin_12m_ex_ante,dynamic_harmonic_arima_k2,2017-10-01,10,3913759.0,2774704.131220759,1652356.2113072048,3897052.051134313,4161806.0,-1139054.868779241,1139054.868779241,2017,10,pre_pandemic,True,True,2016-12-31,2016-09-01,3
run_20260811T162732Z_6bbfe89e,fixed_12m_2017,fixed_origin_12m_ex_ante,dynamic_harmonic_arima_k2,2017-11-01,11,2293847.0,1413004.9475734115,260182.51123686065,2565827.383909962,2236998.0,-880842.0524265885,880842.0524265885,2017,11,pre_pandemic,True,True,2016-12-31,2016-09-01,3
run_20260811T162732Z_6bbfe89e,fixed_12m_2017,fixed_origin_12m_ex_ante,dynamic_harmonic_arima_k2,2017-12-01,12,2041323.0,513810.9834903893,-668700.8710416805,1696322.838022459,1713807.0,-1527512.0165096107,1527512.0165096107,2017,12,pre_pandemic,True,True,2016-12-31,2016-09-01,3
run_20260811T162732Z_6bbfe89e,fixed_12m_2017,fixed_origin_12m_ex_ante,stl_arima_111,2017-01-01,1,1568344.0,1651469.75890949,773477.2806652274,2529462.2371537527,1691287.0,83125.75890948996,83125.75890948996,2017,1,pre_pandemic,True,True,2016-12-31,2016-09-01,3
run_20260811T162732Z_6bbfe89e,fixed_12m_2017,fixed_origin_12m_ex_ante,stl_arima_111,2017-02-01,2,1432342.0,1481662.3317432932,239993.46134869242,2723331.202137894,1517504.0,49320.33174329321,49320.33174329321,2017,2,pre_pandemic,True,True,2016-12-31,2016-09-01,3
run_20260811T162732Z_6bbfe89e,fixed_12m_2017,fixed_origin_12m_ex_ante,stl_arima_111,2017-03-01,3,1844076.0,1912321.4422619818,391593.86127960705,3433049.0232443567,1898762.0,68245.44226198178,68245.44226198178,2017,3,pre_pandemic,True,True,2016-12-31,2016-09-01,3
run_20260811T162732Z_6bbfe89e,fixed_12m_2017,fixed_origin_12m_ex_ante,stl_arima_111,2017-04-01,4,2278538.0,2114894.250816672,358909.2943281471,3870879.207305197,2049238.0,-163643.7491833279,163643.7491833279,2017,4,pre_pandemic,True,True,2016-12-31,2016-09-01,3
run_20260811T162732Z_6bbfe89e,fixed_12m_2017,fixed_origin_12m_ex_ante,stl_arima_111,2017-05-01,5,3095282.0,3742648.570833268,1779397.7057455918,5705899.435920944,2749648.0,647366.5708332681,647366.5708332681,2017,5,pre_pandemic,True,True,2016-12-31,2016-09-01,3
run_20260811T162732Z_6bbfe89e,fixed_12m_2017,fixed_origin_12m_ex_ante,stl_arima_111,2017-06-01,6,3489572.0,4365219.446781249,2214585.877081145,6515853.016481353,2696149.0,875647.4467812488,875647.4467812488,2017,6,pre_pandemic,True,True,2016-12-31,2016-09-01,3
run_20260811T162732Z_6bbfe89e,fixed_12m_2017,fixed_origin_12m_ex_ante,stl_arima_111,2017-07-01,7,5032488.0,3578836.575334827,1255886.82491522,5901786.325754434,3482544.0,-1453651.424665173,1453651.424665173,2017,7,pre_pandemic,True,True,2016-12-31,2016-09-01,3
run_20260811T162732Z_6bbfe89e,fixed_12m_2017,fixed_origin_12m_ex_ante,stl_arima_111,2017-08-01,8,6323888.0,7118686.937217934,4635349.196428733,9602024.678007135,4565837.0,794798.937217934,794798.937217934,2017,8,pre_pandemic,True,True,2016-12-31,2016-09-01,3
run_20260811T162732Z_6bbfe89e,fixed_12m_2017,fixed_origin_12m_ex_ante,stl_arima_111,2017-09-01,9,5306888.0,4198828.834821753,1564851.400088966,6832806.2695545405,4014930.0,-1108059.1651782468,1108059.1651782468,2017,9,pre_pandemic,True,True,2016-12-31,2016-09-01,3
run_20260811T162732Z_6bbfe89e,fixed_12m_2017,fixed_origin_12m_ex_ante,stl_arima_111,2017-10-01,10,3913759.0,4284804.958668973,1508348.95892127,7061260.958416676,4161806.0,371045.9586689733,371045.9586689733,2017,10,pre_pandemic,True,True,2016-12-31,2016-09-01,3
run_20260811T162732Z_6bbfe89e,fixed_12m_2017,fixed_origin_12m_ex_ante,stl_arima_111,2017-11-01,11,2293847.0,2188747.6766603845,-723223.9424301106,5100719.29575088,2236998.0,-105099.32333961548,105099.32333961548,2017,11,pre_pandemic,True,True,2016-12-31,2016-09-01,3
run_20260811T162732Z_6bbfe89e,fixed_12m_2017,fixed_origin_12m_ex_ante,stl_arima_111,2017-12-01,12,2041323.0,1806314.7708437948,-1235140.3911209546,4847769.9328085445,1713807.0,-235008.2291562052,235008.2291562052,2017,12,pre_pandemic,True,True,2016-12-31,2016-09-01,3
run_20260811T162732Z_6bbfe89e,fixed_12m_2018,fixed_origin_12m_ex_ante,naive_last,2018-01-01,1,2045341.0,5306888.0,1875809.8371752095,8737966.16282479,1568344.0,3261547.0,3261547.0,2018,1,pre_pandemic,True,True,2017-12-31,2017-09-01,3
run_20260811T162732Z_6bbfe89e,fixed_12m_2018,fixed_origin_12m_ex_ante,naive_last,2018-02-01,2,1806822.0,5306888.0,1470825.995904338,9142950.004095662,1432342.0,3500066.0,3500066.0,2018,2,pre_pandemic,True,True,2017-12-31,2017-09-01,3
run_20260811T162732Z_6bbfe89e,fixed_12m_2018,fixed_origin_12m_ex_ante,naive_last,2018-03-01,3,2270019.0,5306888.0,1104692.6167366626,9509083.383263338,1844076.0,3036869.0,3036869.0,2018,3,pre_pandemic,True,True,2017-12-31,2017-09-01,3
run_20260811T162732Z_6bbfe89e,fixed_12m_2018,fixed_origin_12m_ex_ante,naive_last,2018-04-01,4,2870569.0,5306888.0,767998.2261706116,9845777.77382939,2278538.0,2436319.0,2436319.0,2018,4,pre_pandemic,True,True,2017-12-31,2017-09-01,3
run_20260811T162732Z_6bbfe89e,fixed_12m_2018,fixed_origin_12m_ex_ante,naive_last,2018-05-01,5,3790524.0,5306888.0,454610.7285710182,10159165.271428982,3095282.0,1516364.0,1516364.0,2018,5,pre_pandemic,True,True,2017-12-31,2017-09-01,3
run_20260811T162732Z_6bbfe89e,fixed_12m_2018,fixed_origin_12m_ex_ante,naive_last,2018-06-01,6,4406894.0,5306888.0,160270.75576281454,10453505.244237185,3489572.0,899994.0,899994.0,2018,6,pre_pandemic,True,True,2017-12-31,2017-09-01,3
run_20260811T162732Z_6bbfe89e,fixed_12m_2018,fixed_origin_12m_ex_ante,naive_last,2018-07-01,7,5712975.0,5306888.0,-118122.91229620017,10731898.9122962,5032488.0,-406087.0,406087.0,2018,7,pre_pandemic,True,True,2017-12-31,2017-09-01,3
run_20260811T162732Z_6bbfe89e,fixed_12m_2018,fixed_origin_12m_ex_ante,naive_last,2018-08-01,8,7052433.0,5306888.0,-382911.44623588026,10996687.44623588,6323888.0,-1745545.0,1745545.0,2018,8,pre_pandemic,True,True,2017-12-31,2017-09-01,3
run_20260811T162732Z_6bbfe89e,fixed_12m_2018,fixed_origin_12m_ex_ante,naive_last,2018-09-01,9,6021357.0,5306888.0,-635913.7027526181,11249689.702752618,5306888.0,-714469.0,714469.0,2018,9,pre_pandemic,True,True,2017-12-31,2017-09-01,3
run_20260811T162732Z_6bbfe89e,fixed_12m_2018,fixed_origin_12m_ex_ante,naive_last,2018-10-01,10,4791439.0,5306888.0,-878576.1230947822,11492352.123094782,3190334.0,515449.0,515449.0,2018,10,pre_pandemic,True,True,2017-12-31,2017-09-01,3
run_20260811T162732Z_6bbfe89e,fixed_12m_2018,fixed_origin_12m_ex_ante,naive_last,2018-11-01,11,2679420.0,5306888.0,-1112071.4762660703,11725847.476266071,1879625.0,2627468.0,2627468.0,2018,11,pre_pandemic,True,True,2017-12-31,2017-09-01,3
run_20260811T162732Z_6bbfe89e,fixed_12m_2018,fixed_origin_12m_ex_ante,naive_last,2018-12-01,12,2180881.0,5306888.0,-1337366.2920781765,11951142.292078177,1629471.0,3126007.0,3126007.0,2018,12,pre_pandemic,True,True,2017-12-31,2017-09-01,3
run_20260811T162732Z_6bbfe89e,fixed_12m_2018,fixed_origin_12m_ex_ante,seasonal_naive,2018-01-01,1,2045341.0,1568344.0,574083.1318016662,2562604.868198334,1568344.0,-476997.0,476997.0,2018,1,pre_pandemic,True,True,2017-12-31,2017-09-01,3
run_20260811T162732Z_6bbfe89e,fixed_12m_2018,fixed_origin_12m_ex_ante,seasonal_naive,2018-02-01,2,1806822.0,1432342.0,26244.795657068025,2838439.204342932,1432342.0,-374480.0,374480.0,2018,2,pre_pandemic,True,True,2017-12-31,2017-09-01,3
run_20260811T162732Z_6bbfe89e,fixed_12m_2018,fixed_origin_12m_ex_ante,seasonal_naive,2018-03-01,3,2270019.0,1844076.0,121965.66030294308,3566186.339697057,1844076.0,-425943.0,425943.0,2018,3,pre_pandemic,True,True,2017-12-31,2017-09-01,3
run_20260811T162732Z_6bbfe89e,fixed_12m_2018,fixed_origin_12m_ex_ante,seasonal_naive,2018-04-01,4,2870569.0,2278538.0,290016.26360333245,4267059.736396668,2278538.0,-592031.0,592031.0,2018,4,pre_pandemic,True,True,2017-12-31,2017-09-01,3
run_20260811T162732Z_6bbfe89e,fixed_12m_2018,fixed_origin_12m_ex_ante,seasonal_naive,2018-05-01,5,3790524.0,3095282.0,872047.1113405665,5318516.888659433,3095282.0,-695242.0,695242.0,2018,5,pre_pandemic,True,True,2017-12-31,2017-09-01,3
run_20260811T162732Z_6bbfe89e,fixed_12m_2018,fixed_origin_12m_ex_ante,seasonal_naive,2018-06-01,6,4406894.0,3489572.0,1054140.2016974841,5925003.798302516,3489572.0,-917322.0,917322.0,2018,6,pre_pandemic,True,True,2017-12-31,2017-09-01,3
run_20260811T162732Z_6bbfe89e,fixed_12m_2018,fixed_origin_12m_ex_ante,seasonal_naive,2018-07-01,7,5712975.0,5032488.0,2401921.00442404,7663054.99557596,5032488.0,-680487.0,680487.0,2018,7,pre_pandemic,True,True,2017-12-31,2017-09-01,3
run_20260811T162732Z_6bbfe89e,fixed_12m_2018,fixed_origin_12m_ex_ante,seasonal_naive,2018-08-01,8,7052433.0,6323888.0,3511693.591314136,9136082.408685863,6323888.0,-728545.0,728545.0,2018,8,pre_pandemic,True,True,2017-12-31,2017-09-01,3
run_20260811T162732Z_6bbfe89e,fixed_12m_2018,fixed_origin_12m_ex_ante,seasonal_naive,2018-09-01,9,6021357.0,5306888.0,2324105.3954049987,8289670.604595002,5306888.0,-714469.0,714469.0,2018,9,pre_pandemic,True,True,2017-12-31,2017-09-01,3
run_20260811T162732Z_6bbfe89e,fixed_12m_2018,fixed_origin_12m_ex_ante,seasonal_naive,2018-10-01,10,4791439.0,3190334.0,46205.068116791546,6334462.931883208,3190334.0,-1601105.0,1601105.0,2018,10,pre_pandemic,True,True,2017-12-31,2017-09-01,3
run_20260811T162732Z_6bbfe89e,fixed_12m_2018,fixed_origin_12m_ex_ante,seasonal_naive,2018-11-01,11,2679420.0,1879625.0,-1417965.2435468766,5177215.243546877,1879625.0,-799795.0,799795.0,2018,11,pre_pandemic,True,True,2017-12-31,2017-09-01,3
run_20260811T162732Z_6bbfe89e,fixed_12m_2018,fixed_origin_12m_ex_ante,seasonal_naive,2018-12-01,12,2180881.0,1629471.0,-1814749.6793941138,5073691.679394114,1629471.0,-551410.0,551410.0,2018,12,pre_pandemic,True,True,2017-12-31,2017-09-01,3
run_20260811T162732Z_6bbfe89e,fixed_12m_2018,fixed_origin_12m_ex_ante,drift,2018-01-01,1,2045341.0,5449444.9655172415,-1445628.8744122973,12344518.805446781,1568344.0,3404103.9655172415,3404103.9655172415,2018,1,pre_pandemic,True,True,2017-12-31,2017-09-01,3
run_20260811T162732Z_6bbfe89e,fixed_12m_2018,fixed_origin_12m_ex_ante,drift,2018-02-01,2,1806822.0,5485084.206896552,-2223842.701084925,13194011.114878029,1432342.0,3678262.206896552,3678262.206896552,2018,2,pre_pandemic,True,True,2017-12-31,2017-09-01,3
run_20260811T162732Z_6bbfe89e,fixed_12m_2018,fixed_origin_12m_ex_ante,drift,2018-03-01,3,2270019.0,5520723.448275862,-2923982.8750441503,13965429.771595875,1844076.0,3250704.4482758623,3250704.4482758623,2018,3,pre_pandemic,True,True,2017-12-31,2017-09-01,3
run_20260811T162732Z_6bbfe89e,fixed_12m_2018,fixed_origin_12m_ex_ante,drift,2018-04-01,4,2870569.0,5556362.689655173,-3564962.636285196,14677688.01559554,2278538.0,2685793.6896551726,2685793.6896551726,2018,4,pre_pandemic,True,True,2017-12-31,2017-09-01,3
run_20260811T162732Z_6bbfe89e,fixed_12m_2018,fixed_origin_12m_ex_ante,drift,2018-05-01,5,3790524.0,5592001.931034483,-4159105.0069578066,15343108.869026773,3095282.0,1801477.931034483,1801477.931034483,2018,5,pre_pandemic,True,True,2017-12-31,2017-09-01,3
run_20260811T162732Z_6bbfe89e,fixed_12m_2018,fixed_origin_12m_ex_ante,drift,2018-06-01,6,4406894.0,5627641.172413793,-4714969.587480514,15970251.9323081,3489572.0,1220747.1724137934,1220747.1724137934,2018,6,pre_pandemic,True,True,2017-12-31,2017-09-01,3
run_20260811T162732Z_6bbfe89e,fixed_12m_2018,fixed_origin_12m_ex_ante,drift,2018-07-01,7,5712975.0,5663280.413793104,-5238788.570817189,16565349.398403397,5032488.0,-49694.58620689623,49694.58620689623,2018,7,pre_pandemic,True,True,2017-12-31,2017-09-01,3
run_20260811T162732Z_6bbfe89e,fixed_12m_2018,fixed_origin_12m_ex_ante,drift,2018-08-01,8,7052433.0,5698919.655172414,-5735266.759248239,17133106.06959307,6323888.0,-1353513.3448275859,1353513.3448275859,2018,8,pre_pandemic,True,True,2017-12-31,2017-09-01,3
run_20260811T162732Z_6bbfe89e,fixed_12m_2018,fixed_origin_12m_ex_ante,drift,2018-09-01,9,6021357.0,5734558.8965517245,-6208059.316145273,17677177.10924872,5306888.0,-286798.1034482755,286798.1034482755,2018,9,pre_pandemic,True,True,2017-12-31,2017-09-01,3
run_20260811T162732Z_6bbfe89e,fixed_12m_2018,fixed_origin_12m_ex_ante,drift,2018-10-01,10,4791439.0,5770198.137931035,-6660073.001057132,18200469.2769192,3190334.0,978759.1379310349,978759.1379310349,2018,10,pre_pandemic,True,True,2017-12-31,2017-09-01,3
run_20260811T162732Z_6bbfe89e,fixed_12m_2018,fixed_origin_12m_ex_ante,drift,2018-11-01,11,2679420.0,5805837.379310345,-7093664.603451716,18705339.36207241,1879625.0,3126417.3793103453,3126417.3793103453,2018,11,pre_pandemic,True,True,2017-12-31,2017-09-01,3
run_20260811T162732Z_6bbfe89e,fixed_12m_2018,fixed_origin_12m_ex_ante,drift,2018-12-01,12,2180881.0,5841476.620689655,-7510776.4557691105,19193729.69714842,1629471.0,3660595.6206896547,3660595.6206896547,2018,12,pre_pandemic,True,True,2017-12-31,2017-09-01,3
run_20260811T162732Z_6bbfe89e,fixed_12m_2018,fixed_origin_12m_ex_ante,same_month_historical_mean,2018-01-01,1,2045341.0,1422715.8,614832.1414302319,2230599.4585697684,1568344.0,-622625.2,622625.2,2018,1,pre_pandemic,True,True,2017-12-31,2017-09-01,3
run_20260811T162732Z_6bbfe89e,fixed_12m_2018,fixed_origin_12m_ex_ante,same_month_historical_mean,2018-02-01,2,1806822.0,1316182.8,508299.14143023186,2124066.4585697684,1432342.0,-490639.19999999995,490639.19999999995,2018,2,pre_pandemic,True,True,2017-12-31,2017-09-01,3
run_20260811T162732Z_6bbfe89e,fixed_12m_2018,fixed_origin_12m_ex_ante,same_month_historical_mean,2018-03-01,3,2270019.0,1747953.3,940069.6414302319,2555836.9585697684,1844076.0,-522065.69999999995,522065.69999999995,2018,3,pre_pandemic,True,True,2017-12-31,2017-09-01,3
run_20260811T162732Z_6bbfe89e,fixed_12m_2018,fixed_origin_12m_ex_ante,same_month_historical_mean,2018-04-01,4,2870569.0,2183596.6,1375712.941430232,2991480.258569768,2278538.0,-686972.3999999999,686972.3999999999,2018,4,pre_pandemic,True,True,2017-12-31,2017-09-01,3
run_20260811T162732Z_6bbfe89e,fixed_12m_2018,fixed_origin_12m_ex_ante,same_month_historical_mean,2018-05-01,5,3790524.0,3204000.3,2396116.6414302317,4011883.958569768,3095282.0,-586523.7000000002,586523.7000000002,2018,5,pre_pandemic,True,True,2017-12-31,2017-09-01,3
run_20260811T162732Z_6bbfe89e,fixed_12m_2018,fixed_origin_12m_ex_ante,same_month_historical_mean,2018-06-01,6,4406894.0,3686811.4,2878927.741430232,4494695.058569768,3489572.0,-720082.6000000001,720082.6000000001,2018,6,pre_pandemic,True,True,2017-12-31,2017-09-01,3
run_20260811T162732Z_6bbfe89e,fixed_12m_2018,fixed_origin_12m_ex_ante,same_month_historical_mean,2018-07-01,7,5712975.0,4626101.1,3818217.4414302316,5433984.758569768,5032488.0,-1086873.9000000004,1086873.9000000004,2018,7,pre_pandemic,True,True,2017-12-31,2017-09-01,3
run_20260811T162732Z_6bbfe89e,fixed_12m_2018,fixed_origin_12m_ex_ante,same_month_historical_mean,2018-08-01,8,7052433.0,5669558.6,4861674.941430232,6477442.258569768,6323888.0,-1382874.4000000004,1382874.4000000004,2018,8,pre_pandemic,True,True,2017-12-31,2017-09-01,3
run_20260811T162732Z_6bbfe89e,fixed_12m_2018,fixed_origin_12m_ex_ante,same_month_historical_mean,2018-09-01,9,6021357.0,4777878.3,3969994.6414302317,5585761.958569768,5306888.0,-1243478.7000000002,1243478.7000000002,2018,9,pre_pandemic,True,True,2017-12-31,2017-09-01,3
run_20260811T162732Z_6bbfe89e,fixed_12m_2018,fixed_origin_12m_ex_ante,same_month_historical_mean,2018-10-01,10,4791439.0,3758968.888888889,2951085.230319121,4566852.547458657,3190334.0,-1032470.111111111,1032470.111111111,2018,10,pre_pandemic,True,True,2017-12-31,2017-09-01,3
run_20260811T162732Z_6bbfe89e,fixed_12m_2018,fixed_origin_12m_ex_ante,same_month_historical_mean,2018-11-01,11,2679420.0,2065712.6666666667,1257829.0080968984,2873596.325236435,1879625.0,-613707.3333333333,613707.3333333333,2018,11,pre_pandemic,True,True,2017-12-31,2017-09-01,3
run_20260811T162732Z_6bbfe89e,fixed_12m_2018,fixed_origin_12m_ex_ante,same_month_historical_mean,2018-12-01,12,2180881.0,1533986.3333333333,726102.6747635651,2341869.9919031016,1629471.0,-646894.6666666667,646894.6666666667,2018,12,pre_pandemic,True,True,2017-12-31,2017-09-01,3
run_20260811T162732Z_6bbfe89e,fixed_12m_2018,fixed_origin_12m_ex_ante,seasonal_moving_average_3,2018-01-01,1,2045341.0,1673878.3333333333,777069.0379136063,2570687.6287530605,1568344.0,-371462.66666666674,371462.66666666674,2018,1,pre_pandemic,True,True,2017-12-31,2017-09-01,3
run_20260811T162732Z_6bbfe89e,fixed_12m_2018,fixed_origin_12m_ex_ante,seasonal_moving_average_3,2018-02-01,2,1806822.0,1504923.6666666667,608114.3712469398,2401732.9620863935,1432342.0,-301898.33333333326,301898.33333333326,2018,2,pre_pandemic,True,True,2017-12-31,2017-09-01,3
run_20260811T162732Z_6bbfe89e,fixed_12m_2018,fixed_origin_12m_ex_ante,seasonal_moving_average_3,2018-03-01,3,2270019.0,1920161.0,1023351.704580273,2816970.295419727,1844076.0,-349858.0,349858.0,2018,3,pre_pandemic,True,True,2017-12-31,2017-09-01,3
run_20260811T162732Z_6bbfe89e,fixed_12m_2018,fixed_origin_12m_ex_ante,seasonal_moving_average_3,2018-04-01,4,2870569.0,2318146.3333333335,1421337.0379136065,3214955.6287530605,2278538.0,-552422.6666666665,552422.6666666665,2018,4,pre_pandemic,True,True,2017-12-31,2017-09-01,3
run_20260811T162732Z_6bbfe89e,fixed_12m_2018,fixed_origin_12m_ex_ante,seasonal_moving_average_3,2018-05-01,5,3790524.0,3206647.6666666665,2309838.3712469395,4103456.9620863935,3095282.0,-583876.3333333335,583876.3333333335,2018,5,pre_pandemic,True,True,2017-12-31,2017-09-01,3
run_20260811T162732Z_6bbfe89e,fixed_12m_2018,fixed_origin_12m_ex_ante,seasonal_moving_average_3,2018-06-01,6,4406894.0,3511798.6666666665,2614989.3712469395,4408607.9620863935,3489572.0,-895095.3333333335,895095.3333333335,2018,6,pre_pandemic,True,True,2017-12-31,2017-09-01,3
run_20260811T162732Z_6bbfe89e,fixed_12m_2018,fixed_origin_12m_ex_ante,seasonal_moving_average_3,2018-07-01,7,5712975.0,4586665.666666667,3689856.37124694,5483474.962086394,5032488.0,-1126309.333333333,1126309.333333333,2018,7,pre_pandemic,True,True,2017-12-31,2017-09-01,3
run_20260811T162732Z_6bbfe89e,fixed_12m_2018,fixed_origin_12m_ex_ante,seasonal_moving_average_3,2018-08-01,8,7052433.0,5879477.666666667,4982668.3712469395,6776286.962086394,6323888.0,-1172955.333333333,1172955.333333333,2018,8,pre_pandemic,True,True,2017-12-31,2017-09-01,3
run_20260811T162732Z_6bbfe89e,fixed_12m_2018,fixed_origin_12m_ex_ante,seasonal_moving_average_3,2018-09-01,9,6021357.0,4912380.0,4015570.704580273,5809189.2954197265,5306888.0,-1108977.0,1108977.0,2018,9,pre_pandemic,True,True,2017-12-31,2017-09-01,3
run_20260811T162732Z_6bbfe89e,fixed_12m_2018,fixed_origin_12m_ex_ante,seasonal_moving_average_3,2018-10-01,10,4791439.0,3881806.3333333335,2984997.0379136065,4778615.6287530605,3190334.0,-909632.6666666665,909632.6666666665,2018,10,pre_pandemic,True,True,2017-12-31,2017-09-01,3
run_20260811T162732Z_6bbfe89e,fixed_12m_2018,fixed_origin_12m_ex_ante,seasonal_moving_average_3,2018-11-01,11,2679420.0,2126998.6666666665,1230189.3712469395,3023807.9620863935,1879625.0,-552421.3333333335,552421.3333333335,2018,11,pre_pandemic,True,True,2017-12-31,2017-09-01,3
run_20260811T162732Z_6bbfe89e,fixed_12m_2018,fixed_origin_12m_ex_ante,seasonal_moving_average_3,2018-12-01,12,2180881.0,1694608.0,797798.704580273,2591417.295419727,1629471.0,-486273.0,486273.0,2018,12,pre_pandemic,True,True,2017-12-31,2017-09-01,3
run_20260811T162732Z_6bbfe89e,fixed_12m_2018,fixed_origin_12m_ex_ante,ets_holt_winters,2018-01-01,1,2045341.0,1498267.888711958,989455.9303382549,2007079.847085661,1568344.0,-547073.111288042,547073.111288042,2018,1,pre_pandemic,True,True,2017-12-31,2017-09-01,3
run_20260811T162732Z_6bbfe89e,fixed_12m_2018,fixed_origin_12m_ex_ante,ets_holt_winters,2018-02-01,2,1806822.0,1362371.5256282804,642802.7533985747,2081940.297857986,1432342.0,-444450.47437171964,444450.47437171964,2018,2,pre_pandemic,True,True,2017-12-31,2017-09-01,3
run_20260811T162732Z_6bbfe89e,fixed_12m_2018,fixed_origin_12m_ex_ante,ets_holt_winters,2018-03-01,3,2270019.0,1801096.2893712674,919808.1259693931,2682384.4527731417,1844076.0,-468922.7106287326,468922.7106287326,2018,3,pre_pandemic,True,True,2017-12-31,2017-09-01,3
run_20260811T162732Z_6bbfe89e,fixed_12m_2018,fixed_origin_12m_ex_ante,ets_holt_winters,2018-04-01,4,2870569.0,2251423.076390668,1233799.1596432617,3269046.993138074,2278538.0,-619145.9236093322,619145.9236093322,2018,4,pre_pandemic,True,True,2017-12-31,2017-09-01,3
run_20260811T162732Z_6bbfe89e,fixed_12m_2018,fixed_origin_12m_ex_ante,ets_holt_winters,2018-05-01,5,3790524.0,3244701.858421212,2106963.7317328183,4382439.985109606,3095282.0,-545822.1415787879,545822.1415787879,2018,5,pre_pandemic,True,True,2017-12-31,2017-09-01,3
run_20260811T162732Z_6bbfe89e,fixed_12m_2018,fixed_origin_12m_ex_ante,ets_holt_winters,2018-06-01,6,4406894.0,3711354.8541336786,2465025.1810918716,4957684.527175486,3489572.0,-695539.1458663214,695539.1458663214,2018,6,pre_pandemic,True,True,2017-12-31,2017-09-01,3
run_20260811T162732Z_6bbfe89e,fixed_12m_2018,fixed_origin_12m_ex_ante,ets_holt_winters,2018-07-01,7,5712975.0,4783690.867563079,3437500.961610512,6129880.773515646,5032488.0,-929284.1324369209,929284.1324369209,2018,7,pre_pandemic,True,True,2017-12-31,2017-09-01,3
run_20260811T162732Z_6bbfe89e,fixed_12m_2018,fixed_origin_12m_ex_ante,ets_holt_winters,2018-08-01,8,7052433.0,5886430.157896448,4447292.613437036,7325567.70235586,6323888.0,-1166002.842103552,1166002.842103552,2018,8,pre_pandemic,True,True,2017-12-31,2017-09-01,3
run_20260811T162732Z_6bbfe89e,fixed_12m_2018,fixed_origin_12m_ex_ante,ets_holt_winters,2018-09-01,9,6021357.0,4882696.144235056,3356260.2691139467,6409132.019356165,5306888.0,-1138660.855764944,1138660.855764944,2018,9,pre_pandemic,True,True,2017-12-31,2017-09-01,3
run_20260811T162732Z_6bbfe89e,fixed_12m_2018,fixed_origin_12m_ex_ante,ets_holt_winters,2018-10-01,10,4791439.0,3517092.8192181666,1908088.1300264818,5126097.508409851,3190334.0,-1274346.1807818334,1274346.1807818334,2018,10,pre_pandemic,True,True,2017-12-31,2017-09-01,3
run_20260811T162732Z_6bbfe89e,fixed_12m_2018,fixed_origin_12m_ex_ante,ets_holt_winters,2018-11-01,11,2679420.0,2085314.2062242078,397775.8514527043,3772852.560995711,1879625.0,-594105.7937757922,594105.7937757922,2018,11,pre_pandemic,True,True,2017-12-31,2017-09-01,3
run_20260811T162732Z_6bbfe89e,fixed_12m_2018,fixed_origin_12m_ex_ante,ets_holt_winters,2018-12-01,12,2180881.0,1561970.2096355692,-200606.11716817948,3324546.536439318,1629471.0,-618910.7903644308,618910.7903644308,2018,12,pre_pandemic,True,True,2017-12-31,2017-09-01,3
run_20260811T162732Z_6bbfe89e,fixed_12m_2018,fixed_origin_12m_ex_ante,theta,2018-01-01,1,2045341.0,1479427.8576245946,-80835.89258162607,3039691.607830815,1568344.0,-565913.1423754054,565913.1423754054,2018,1,pre_pandemic,True,True,2017-12-31,2017-09-01,3
run_20260811T162732Z_6bbfe89e,fixed_12m_2018,fixed_origin_12m_ex_ante,theta,2018-02-01,2,1806822.0,1367508.9111224003,-868881.3815298518,3603899.2037746524,1432342.0,-439313.0888775997,439313.0888775997,2018,2,pre_pandemic,True,True,2017-12-31,2017-09-01,3
run_20260811T162732Z_6bbfe89e,fixed_12m_2018,fixed_origin_12m_ex_ante,theta,2018-03-01,3,2270019.0,1809005.304532724,-942078.1387548237,4560088.747820271,1844076.0,-461013.69546727603,461013.69546727603,2018,3,pre_pandemic,True,True,2017-12-31,2017-09-01,3
run_20260811T162732Z_6bbfe89e,fixed_12m_2018,fixed_origin_12m_ex_ante,theta,2018-04-01,4,2870569.0,2271156.28228147,-912470.37340423,5454782.93796717,2278538.0,-599412.71771853,599412.71771853,2018,4,pre_pandemic,True,True,2017-12-31,2017-09-01,3
run_20260811T162732Z_6bbfe89e,fixed_12m_2018,fixed_origin_12m_ex_ante,theta,2018-05-01,5,3790524.0,3298011.6669871053,-266044.62516852794,6862067.959142739,3095282.0,-492512.3330128947,492512.3330128947,2018,5,pre_pandemic,True,True,2017-12-31,2017-09-01,3
run_20260811T162732Z_6bbfe89e,fixed_12m_2018,fixed_origin_12m_ex_ante,theta,2018-06-01,6,4406894.0,3793954.85413332,-113667.93018399505,7701577.638450636,3489572.0,-612939.14586668,612939.14586668,2018,6,pre_pandemic,True,True,2017-12-31,2017-09-01,3
run_20260811T162732Z_6bbfe89e,fixed_12m_2018,fixed_origin_12m_ex_ante,theta,2018-07-01,7,5712975.0,4751777.534839621,528445.3912144657,8975109.678464776,5032488.0,-961197.4651603792,961197.4651603792,2018,7,pre_pandemic,True,True,2017-12-31,2017-09-01,3
run_20260811T162732Z_6bbfe89e,fixed_12m_2018,fixed_origin_12m_ex_ante,theta,2018-08-01,8,7052433.0,5803800.324498016,1286771.1053940384,10320829.543601993,6323888.0,-1248632.6755019836,1248632.6755019836,2018,8,pre_pandemic,True,True,2017-12-31,2017-09-01,3
run_20260811T162732Z_6bbfe89e,fixed_12m_2018,fixed_origin_12m_ex_ante,theta,2018-09-01,9,6021357.0,4875955.240558328,83192.8286396293,9668717.652477026,5306888.0,-1145401.759441672,1145401.759441672,2018,9,pre_pandemic,True,True,2017-12-31,2017-09-01,3
run_20260811T162732Z_6bbfe89e,fixed_12m_2018,fixed_origin_12m_ex_ante,theta,2018-10-01,10,4791439.0,3894323.4665876688,-1159149.6072460474,8947796.540421385,3190334.0,-897115.5334123312,897115.5334123312,2018,10,pre_pandemic,True,True,2017-12-31,2017-09-01,3
run_20260811T162732Z_6bbfe89e,fixed_12m_2018,fixed_origin_12m_ex_ante,theta,2018-11-01,11,2679420.0,2143155.995184573,-3158222.0029234695,7444533.993292615,1879625.0,-536264.0048154271,536264.0048154271,2018,11,pre_pandemic,True,True,2017-12-31,2017-09-01,3
run_20260811T162732Z_6bbfe89e,fixed_12m_2018,fixed_origin_12m_ex_ante,theta,2018-12-01,12,2180881.0,1592997.555862318,-3945199.555986057,7131194.667710693,1629471.0,-587883.444137682,587883.444137682,2018,12,pre_pandemic,True,True,2017-12-31,2017-09-01,3
run_20260811T162732Z_6bbfe89e,fixed_12m_2018,fixed_origin_12m_ex_ante,sarima_111_111_12,2018-01-01,1,2045341.0,2712236.3668269394,1648792.392161983,3775680.3414918957,1568344.0,666895.3668269394,666895.3668269394,2018,1,pre_pandemic,True,True,2017-12-31,2017-09-01,3
run_20260811T162732Z_6bbfe89e,fixed_12m_2018,fixed_origin_12m_ex_ante,sarima_111_111_12,2018-02-01,2,1806822.0,2589447.680600546,1398590.1656958435,3780305.1955052484,1432342.0,782625.6806005458,782625.6806005458,2018,2,pre_pandemic,True,True,2017-12-31,2017-09-01,3
run_20260811T162732Z_6bbfe89e,fixed_12m_2018,fixed_origin_12m_ex_ante,sarima_111_111_12,2018-03-01,3,2270019.0,3021967.2862880384,1719597.6259997503,4324336.946576326,1844076.0,751948.2862880384,751948.2862880384,2018,3,pre_pandemic,True,True,2017-12-31,2017-09-01,3
run_20260811T162732Z_6bbfe89e,fixed_12m_2018,fixed_origin_12m_ex_ante,sarima_111_111_12,2018-04-01,4,2870569.0,3464156.4688603245,2056144.0185517638,4872168.919168885,2278538.0,593587.4688603245,593587.4688603245,2018,4,pre_pandemic,True,True,2017-12-31,2017-09-01,3
run_20260811T162732Z_6bbfe89e,fixed_12m_2018,fixed_origin_12m_ex_ante,sarima_111_111_12,2018-05-01,5,3790524.0,4329031.427723177,2825262.209504607,5832800.645941746,3095282.0,538507.4277231768,538507.4277231768,2018,5,pre_pandemic,True,True,2017-12-31,2017-09-01,3
run_20260811T162732Z_6bbfe89e,fixed_12m_2018,fixed_origin_12m_ex_ante,sarima_111_111_12,2018-06-01,6,4406894.0,4724685.274659204,3128776.783009451,6320593.766308958,3489572.0,317791.2746592043,317791.2746592043,2018,6,pre_pandemic,True,True,2017-12-31,2017-09-01,3
run_20260811T162732Z_6bbfe89e,fixed_12m_2018,fixed_origin_12m_ex_ante,sarima_111_111_12,2018-07-01,7,5712975.0,6140201.910718884,4459012.306299305,7821391.515138464,5032488.0,427226.9107188843,427226.9107188843,2018,7,pre_pandemic,True,True,2017-12-31,2017-09-01,3
run_20260811T162732Z_6bbfe89e,fixed_12m_2018,fixed_origin_12m_ex_ante,sarima_111_111_12,2018-08-01,8,7052433.0,7429340.001468425,5665422.396975078,9193257.605961772,6323888.0,376907.0014684247,376907.0014684247,2018,8,pre_pandemic,True,True,2017-12-31,2017-09-01,3
run_20260811T162732Z_6bbfe89e,fixed_12m_2018,fixed_origin_12m_ex_ante,sarima_111_111_12,2018-09-01,9,6021357.0,6467906.644916654,4626327.891834421,8309485.397998886,5306888.0,446549.64491665363,446549.64491665363,2018,9,pre_pandemic,True,True,2017-12-31,2017-09-01,3
run_20260811T162732Z_6bbfe89e,fixed_12m_2018,fixed_origin_12m_ex_ante,sarima_111_111_12,2018-10-01,10,4791439.0,5580174.977178958,3498989.4262072337,7661360.528150683,3190334.0,788735.9771789582,788735.9771789582,2018,10,pre_pandemic,True,True,2017-12-31,2017-09-01,3
run_20260811T162732Z_6bbfe89e,fixed_12m_2018,fixed_origin_12m_ex_ante,sarima_111_111_12,2018-11-01,11,2679420.0,4152447.6376913744,1862557.7909909491,6442337.484391799,1879625.0,1473027.6376913744,1473027.6376913744,2018,11,pre_pandemic,True,True,2017-12-31,2017-09-01,3
run_20260811T162732Z_6bbfe89e,fixed_12m_2018,fixed_origin_12m_ex_ante,sarima_111_111_12,2018-12-01,12,2180881.0,3852214.497966736,1366088.0343806883,6338340.961552784,1629471.0,1671333.497966736,1671333.497966736,2018,12,pre_pandemic,True,True,2017-12-31,2017-09-01,3
run_20260811T162732Z_6bbfe89e,fixed_12m_2018,fixed_origin_12m_ex_ante,dynamic_harmonic_arima_k2,2018-01-01,1,2045341.0,1752567.2436649457,890963.2626911734,2614171.224638718,1568344.0,-292773.7563350543,292773.7563350543,2018,1,pre_pandemic,True,True,2017-12-31,2017-09-01,3
run_20260811T162732Z_6bbfe89e,fixed_12m_2018,fixed_origin_12m_ex_ante,dynamic_harmonic_arima_k2,2018-02-01,2,1806822.0,1992357.5245750346,1082050.4703030083,2902664.578847061,1432342.0,185535.52457503462,185535.52457503462,2018,2,pre_pandemic,True,True,2017-12-31,2017-09-01,3
run_20260811T162732Z_6bbfe89e,fixed_12m_2018,fixed_origin_12m_ex_ante,dynamic_harmonic_arima_k2,2018-03-01,3,2270019.0,2353091.807153005,1396560.0406269415,3309623.573679069,1844076.0,83072.80715300515,83072.80715300515,2018,3,pre_pandemic,True,True,2017-12-31,2017-09-01,3
run_20260811T162732Z_6bbfe89e,fixed_12m_2018,fixed_origin_12m_ex_ante,dynamic_harmonic_arima_k2,2018-04-01,4,2870569.0,2776125.9491196093,1775502.4860368823,3776749.4122023364,2278538.0,-94443.05088039069,94443.05088039069,2018,4,pre_pandemic,True,True,2017-12-31,2017-09-01,3
run_20260811T162732Z_6bbfe89e,fixed_12m_2018,fixed_origin_12m_ex_ante,dynamic_harmonic_arima_k2,2018-05-01,5,3790524.0,3440158.5547545543,2397305.93005648,4483011.179452629,3095282.0,-350365.4452454457,350365.4452454457,2018,5,pre_pandemic,True,True,2017-12-31,2017-09-01,3
run_20260811T162732Z_6bbfe89e,fixed_12m_2018,fixed_origin_12m_ex_ante,dynamic_harmonic_arima_k2,2018-06-01,6,4406894.0,4424482.850995363,3341045.783341929,5507919.918648796,3489572.0,17588.850995362736,17588.850995362736,2018,6,pre_pandemic,True,True,2017-12-31,2017-09-01,3
run_20260811T162732Z_6bbfe89e,fixed_12m_2018,fixed_origin_12m_ex_ante,dynamic_harmonic_arima_k2,2018-07-01,7,5712975.0,5433703.653235337,4311148.4598281495,6556258.846642524,5032488.0,-279271.34676466323,279271.34676466323,2018,7,pre_pandemic,True,True,2017-12-31,2017-09-01,3
run_20260811T162732Z_6bbfe89e,fixed_12m_2018,fixed_origin_12m_ex_ante,dynamic_harmonic_arima_k2,2018-08-01,8,7052433.0,5911718.33243866,4751363.022661436,7072073.642215883,6323888.0,-1140714.6675613401,1140714.6675613401,2018,8,pre_pandemic,True,True,2017-12-31,2017-09-01,3
run_20260811T162732Z_6bbfe89e,fixed_12m_2018,fixed_origin_12m_ex_ante,dynamic_harmonic_arima_k2,2018-09-01,9,6021357.0,5479590.5752482945,4282628.283607167,6676552.866889422,5306888.0,-541766.4247517055,541766.4247517055,2018,9,pre_pandemic,True,True,2017-12-31,2017-09-01,3
run_20260811T162732Z_6bbfe89e,fixed_12m_2018,fixed_origin_12m_ex_ante,dynamic_harmonic_arima_k2,2018-10-01,10,4791439.0,4291122.509003281,3058640.050591247,5523604.967415314,3190334.0,-500316.49099671934,500316.49099671934,2018,10,pre_pandemic,True,True,2017-12-31,2017-09-01,3
run_20260811T162732Z_6bbfe89e,fixed_12m_2018,fixed_origin_12m_ex_ante,dynamic_harmonic_arima_k2,2018-11-01,11,2679420.0,2956813.481920354,1689806.2629290964,4223820.700911611,1879625.0,277393.48192035407,277393.48192035407,2018,11,pre_pandemic,True,True,2017-12-31,2017-09-01,3
run_20260811T162732Z_6bbfe89e,fixed_12m_2018,fixed_origin_12m_ex_ante,dynamic_harmonic_arima_k2,2018-12-01,12,2180881.0,2091410.7458928206,790794.9011259843,3392026.590659657,1629471.0,-89470.25410717935,89470.25410717935,2018,12,pre_pandemic,True,True,2017-12-31,2017-09-01,3
run_20260811T162732Z_6bbfe89e,fixed_12m_2018,fixed_origin_12m_ex_ante,stl_arima_111,2018-01-01,1,2045341.0,1510684.094855393,853354.1787456546,2168014.010965131,1568344.0,-534656.905144607,534656.905144607,2018,1,pre_pandemic,True,True,2017-12-31,2017-09-01,3
run_20260811T162732Z_6bbfe89e,fixed_12m_2018,fixed_origin_12m_ex_ante,stl_arima_111,2018-02-01,2,1806822.0,1351740.3973596317,422135.5150436708,2281345.2796755927,1432342.0,-455081.6026403683,455081.6026403683,2018,2,pre_pandemic,True,True,2017-12-31,2017-09-01,3
run_20260811T162732Z_6bbfe89e,fixed_12m_2018,fixed_origin_12m_ex_ante,stl_arima_111,2018-03-01,3,2270019.0,1758873.2462063187,620344.434169264,2897402.0582433734,1844076.0,-511145.7537936813,511145.7537936813,2018,3,pre_pandemic,True,True,2017-12-31,2017-09-01,3
run_20260811T162732Z_6bbfe89e,fixed_12m_2018,fixed_origin_12m_ex_ante,stl_arima_111,2018-04-01,4,2870569.0,2249505.709903313,934845.877683836,3564165.5421227897,2278538.0,-621063.2900966872,621063.2900966872,2018,4,pre_pandemic,True,True,2017-12-31,2017-09-01,3
run_20260811T162732Z_6bbfe89e,fixed_12m_2018,fixed_origin_12m_ex_ante,stl_arima_111,2018-05-01,5,3790524.0,3088442.41465771,1618608.0385921008,4558276.790723319,3095282.0,-702081.5853422899,702081.5853422899,2018,5,pre_pandemic,True,True,2017-12-31,2017-09-01,3
run_20260811T162732Z_6bbfe89e,fixed_12m_2018,fixed_origin_12m_ex_ante,stl_arima_111,2018-06-01,6,4406894.0,3504248.9251666777,1894126.0380313466,5114371.812302008,3489572.0,-902645.0748333223,902645.0748333223,2018,6,pre_pandemic,True,True,2017-12-31,2017-09-01,3
run_20260811T162732Z_6bbfe89e,fixed_12m_2018,fixed_origin_12m_ex_ante,stl_arima_111,2018-07-01,7,5712975.0,5022653.171645517,3283521.6842961996,6761784.658994835,5032488.0,-690321.8283544825,690321.8283544825,2018,7,pre_pandemic,True,True,2017-12-31,2017-09-01,3
run_20260811T162732Z_6bbfe89e,fixed_12m_2018,fixed_origin_12m_ex_ante,stl_arima_111,2018-08-01,8,7052433.0,7154281.422625798,5295071.657993875,9013491.18725772,6323888.0,101848.4226257978,101848.4226257978,2018,8,pre_pandemic,True,True,2017-12-31,2017-09-01,3
run_20260811T162732Z_6bbfe89e,fixed_12m_2018,fixed_origin_12m_ex_ante,stl_arima_111,2018-09-01,9,6021357.0,5277176.062416252,3305186.3140870365,7249165.8107454665,5306888.0,-744180.9375837483,744180.9375837483,2018,9,pre_pandemic,True,True,2017-12-31,2017-09-01,3
run_20260811T162732Z_6bbfe89e,fixed_12m_2018,fixed_origin_12m_ex_ante,stl_arima_111,2018-10-01,10,4791439.0,3222562.7920570984,1143903.0829829175,5301222.501131279,3190334.0,-1568876.2079429016,1568876.2079429016,2018,10,pre_pandemic,True,True,2017-12-31,2017-09-01,3
run_20260811T162732Z_6bbfe89e,fixed_12m_2018,fixed_origin_12m_ex_ante,stl_arima_111,2018-11-01,11,2679420.0,1861410.491001775,-318706.20421001874,4041527.186213569,1879625.0,-818009.508998225,818009.508998225,2018,11,pre_pandemic,True,True,2017-12-31,2017-09-01,3
run_20260811T162732Z_6bbfe89e,fixed_12m_2018,fixed_origin_12m_ex_ante,stl_arima_111,2018-12-01,12,2180881.0,1641220.9991886548,-635836.6248854545,3918278.623262764,1629471.0,-539660.0008113452,539660.0008113452,2018,12,pre_pandemic,True,True,2017-12-31,2017-09-01,3
run_20260811T162732Z_6bbfe89e,fixed_12m_2019,fixed_origin_12m_ex_ante,naive_last,2019-01-01,1,2226288.0,6021357.0,2558334.295532425,9484379.704467576,2045341.0,3795069.0,3795069.0,2019,1,pre_pandemic,True,True,2018-12-31,2018-09-01,3
run_20260811T162732Z_6bbfe89e,fixed_12m_2019,fixed_origin_12m_ex_ante,naive_last,2019-02-01,2,1944957.0,6021357.0,2149579.9125926686,9893134.087407332,1806822.0,4076400.0,4076400.0,2019,2,pre_pandemic,True,True,2018-12-31,2018-09-01,3
run_20260811T162732Z_6bbfe89e,fixed_12m_2019,fixed_origin_12m_ex_ante,naive_last,2019-03-01,3,2473147.0,6021357.0,1780037.7031907076,10262676.296809293,2270019.0,3548210.0,3548210.0,2019,3,pre_pandemic,True,True,2018-12-31,2018-09-01,3
run_20260811T162732Z_6bbfe89e,fixed_12m_2019,fixed_origin_12m_ex_ante,naive_last,2019-04-01,4,3266256.0,6021357.0,1440208.5697042346,10602505.430295765,2870569.0,2755101.0,2755101.0,2019,4,pre_pandemic,True,True,2018-12-31,2018-09-01,3
run_20260811T162732Z_6bbfe89e,fixed_12m_2019,fixed_origin_12m_ex_ante,naive_last,2019-05-01,5,4219837.0,6021357.0,1123903.3245360004,10918810.675464,3790524.0,1801520.0,1801520.0,2019,5,pre_pandemic,True,True,2018-12-31,2018-09-01,3
run_20260811T162732Z_6bbfe89e,fixed_12m_2019,fixed_origin_12m_ex_ante,naive_last,2019-06-01,6,5276253.0,6021357.0,826822.9432986379,11215891.056701362,4406894.0,745104.0,745104.0,2019,6,pre_pandemic,True,True,2018-12-31,2018-09-01,3
run_20260811T162732Z_6bbfe89e,fixed_12m_2019,fixed_origin_12m_ex_ante,naive_last,2019-07-01,7,6703045.0,6021357.0,545837.3325031511,11496876.667496849,5712975.0,-681688.0,681688.0,2019,7,pre_pandemic,True,True,2018-12-31,2018-09-01,3
run_20260811T162732Z_6bbfe89e,fixed_12m_2019,fixed_origin_12m_ex_ante,naive_last,2019-08-01,8,8167150.0,6021357.0,278583.52439961955,11764130.47560038,7052433.0,-2145793.0,2145793.0,2019,8,pre_pandemic,True,True,2018-12-31,2018-09-01,3
run_20260811T162732Z_6bbfe89e,fixed_12m_2019,fixed_origin_12m_ex_ante,naive_last,2019-09-01,9,6741769.0,6021357.0,23225.728097579442,12019488.27190242,6021357.0,-720412.0,720412.0,2019,9,pre_pandemic,True,True,2018-12-31,2018-09-01,3
run_20260811T162732Z_6bbfe89e,fixed_12m_2019,fixed_origin_12m_ex_ante,naive_last,2019-10-01,10,5437494.0,6021357.0,-221695.9645269094,12264409.96452691,3913759.0,583863.0,583863.0,2019,10,pre_pandemic,True,True,2018-12-31,2018-09-01,3
run_20260811T162732Z_6bbfe89e,fixed_12m_2019,fixed_origin_12m_ex_ante,naive_last,2019-11-01,11,3005517.0,6021357.0,-457365.24136848655,12500079.241368487,2293847.0,3015840.0,3015840.0,2019,11,pre_pandemic,True,True,2018-12-31,2018-09-01,3
run_20260811T162732Z_6bbfe89e,fixed_12m_2019,fixed_origin_12m_ex_ante,naive_last,2019-12-01,12,2398329.0,6021357.0,-684757.6309705442,12727471.630970545,2041323.0,3623028.0,3623028.0,2019,12,pre_pandemic,True,True,2018-12-31,2018-09-01,3
run_20260811T162732Z_6bbfe89e,fixed_12m_2019,fixed_origin_12m_ex_ante,seasonal_naive,2019-01-01,1,2226288.0,2045341.0,1045118.6777937685,3045563.3222062318,2045341.0,-180947.0,180947.0,2019,1,pre_pandemic,True,True,2018-12-31,2018-09-01,3
run_20260811T162732Z_6bbfe89e,fixed_12m_2019,fixed_origin_12m_ex_ante,seasonal_naive,2019-02-01,2,1944957.0,1806822.0,392294.02654763544,3221349.9734523646,1806822.0,-138135.0,138135.0,2019,2,pre_pandemic,True,True,2018-12-31,2018-09-01,3
run_20260811T162732Z_6bbfe89e,fixed_12m_2019,fixed_origin_12m_ex_ante,seasonal_naive,2019-03-01,3,2473147.0,2270019.0,537583.119074279,4002454.880925721,2270019.0,-203128.0,203128.0,2019,3,pre_pandemic,True,True,2018-12-31,2018-09-01,3
run_20260811T162732Z_6bbfe89e,fixed_12m_2019,fixed_origin_12m_ex_ante,seasonal_naive,2019-04-01,4,3266256.0,2870569.0,870124.3555875369,4871013.6444124635,2870569.0,-395687.0,395687.0,2019,4,pre_pandemic,True,True,2018-12-31,2018-09-01,3
run_20260811T162732Z_6bbfe89e,fixed_12m_2019,fixed_origin_12m_ex_ante,seasonal_naive,2019-05-01,5,4219837.0,3790524.0,1553958.8949341686,6027089.105065832,3790524.0,-429313.0,429313.0,2019,5,pre_pandemic,True,True,2018-12-31,2018-09-01,3
run_20260811T162732Z_6bbfe89e,fixed_12m_2019,fixed_origin_12m_ex_ante,seasonal_naive,2019-06-01,6,5276253.0,4406894.0,1956859.681253065,6856928.318746936,4406894.0,-869359.0,869359.0,2019,6,pre_pandemic,True,True,2018-12-31,2018-09-01,3
run_20260811T162732Z_6bbfe89e,fixed_12m_2019,fixed_origin_12m_ex_ante,seasonal_naive,2019-07-01,7,6703045.0,5712975.0,3066635.4796667933,8359314.520333206,5712975.0,-990070.0,990070.0,2019,7,pre_pandemic,True,True,2018-12-31,2018-09-01,3
run_20260811T162732Z_6bbfe89e,fixed_12m_2019,fixed_origin_12m_ex_ante,seasonal_naive,2019-08-01,8,8167150.0,7052433.0,4223377.053095271,9881488.94690473,7052433.0,-1114717.0,1114717.0,2019,8,pre_pandemic,True,True,2018-12-31,2018-09-01,3
run_20260811T162732Z_6bbfe89e,fixed_12m_2019,fixed_origin_12m_ex_ante,seasonal_naive,2019-09-01,9,6741769.0,6021357.0,3020690.0333813056,9022023.966618694,6021357.0,-720412.0,720412.0,2019,9,pre_pandemic,True,True,2018-12-31,2018-09-01,3
run_20260811T162732Z_6bbfe89e,fixed_12m_2019,fixed_origin_12m_ex_ante,seasonal_naive,2019-10-01,10,5437494.0,3913759.0,750778.295285495,7076739.704714505,3913759.0,-1523735.0,1523735.0,2019,10,pre_pandemic,True,True,2018-12-31,2018-09-01,3
run_20260811T162732Z_6bbfe89e,fixed_12m_2019,fixed_origin_12m_ex_ante,seasonal_naive,2019-11-01,11,3005517.0,2293847.0,-1023515.1496960339,5611209.149696033,2293847.0,-711670.0,711670.0,2019,11,pre_pandemic,True,True,2018-12-31,2018-09-01,3
run_20260811T162732Z_6bbfe89e,fixed_12m_2019,fixed_origin_12m_ex_ante,seasonal_naive,2019-12-01,12,2398329.0,2041323.0,-1423548.761851442,5506194.761851442,2041323.0,-357006.0,357006.0,2019,12,pre_pandemic,True,True,2018-12-31,2018-09-01,3
run_20260811T162732Z_6bbfe89e,fixed_12m_2019,fixed_origin_12m_ex_ante,drift,2019-01-01,1,2226288.0,6172876.40625,-1107353.5625464208,13453106.37504642,2045341.0,3946588.40625,3946588.40625,2019,1,pre_pandemic,True,True,2018-12-31,2018-09-01,3
run_20260811T162732Z_6bbfe89e,fixed_12m_2019,fixed_origin_12m_ex_ante,drift,2019-02-01,2,1944957.0,6210756.2578125,-1928788.2932174848,14350300.808842484,1806822.0,4265799.2578125,4265799.2578125,2019,2,pre_pandemic,True,True,2018-12-31,2018-09-01,3
run_20260811T162732Z_6bbfe89e,fixed_12m_2019,fixed_origin_12m_ex_ante,drift,2019-03-01,3,2473147.0,6248636.109375,-2667788.2074597646,15165060.426209765,2270019.0,3775489.109375,3775489.109375,2019,3,pre_pandemic,True,True,2018-12-31,2018-09-01,3
run_20260811T162732Z_6bbfe89e,fixed_12m_2019,fixed_origin_12m_ex_ante,drift,2019-04-01,4,3266256.0,6286515.9609375,-3344323.0314599276,15917354.953334928,2870569.0,3020259.9609375,3020259.9609375,2019,4,pre_pandemic,True,True,2018-12-31,2018-09-01,3
run_20260811T162732Z_6bbfe89e,fixed_12m_2019,fixed_origin_12m_ex_ante,drift,2019-05-01,5,4219837.0,6324395.8125,-3971404.1465669535,16620195.771566954,3790524.0,2104558.8125,2104558.8125,2019,5,pre_pandemic,True,True,2018-12-31,2018-09-01,3
run_20260811T162732Z_6bbfe89e,fixed_12m_2019,fixed_origin_12m_ex_ante,drift,2019-06-01,6,5276253.0,6362275.6640625,-4558069.289132131,17282620.617257133,4406894.0,1086022.6640625,1086022.6640625,2019,6,pre_pandemic,True,True,2018-12-31,2018-09-01,3
run_20260811T162732Z_6bbfe89e,fixed_12m_2019,fixed_origin_12m_ex_ante,drift,2019-07-01,7,6703045.0,6400155.515625,-5110898.77998163,17911209.811231628,5712975.0,-302889.484375,302889.484375,2019,7,pre_pandemic,True,True,2018-12-31,2018-09-01,3
run_20260811T162732Z_6bbfe89e,fixed_12m_2019,fixed_origin_12m_ex_ante,drift,2019-08-01,8,8167150.0,6438035.3671875,-5634860.229811763,18510930.964186765,7052433.0,-1729114.6328125,1729114.6328125,2019,8,pre_pandemic,True,True,2018-12-31,2018-09-01,3
run_20260811T162732Z_6bbfe89e,fixed_12m_2019,fixed_origin_12m_ex_ante,drift,2019-09-01,9,6741769.0,6475915.21875,-6133812.977990983,19085643.415490985,6021357.0,-265853.78125,265853.78125,2019,9,pre_pandemic,True,True,2018-12-31,2018-09-01,3
run_20260811T162732Z_6bbfe89e,fixed_12m_2019,fixed_origin_12m_ex_ante,drift,2019-10-01,10,5437494.0,6513795.0703125,-6610826.154520046,19638416.295145046,3913759.0,1076301.0703125,1076301.0703125,2019,10,pre_pandemic,True,True,2018-12-31,2018-09-01,3
run_20260811T162732Z_6bbfe89e,fixed_12m_2019,fixed_origin_12m_ex_ante,drift,2019-11-01,11,3005517.0,6551674.921875,-7068388.198205074,20171738.041955076,2293847.0,3546157.921875,3546157.921875,2019,11,pre_pandemic,True,True,2018-12-31,2018-09-01,3
run_20260811T162732Z_6bbfe89e,fixed_12m_2019,fixed_origin_12m_ex_ante,drift,2019-12-01,12,2398329.0,6589554.7734375,-7508549.939416841,20687659.48629184,2041323.0,4191225.7734375,4191225.7734375,2019,12,pre_pandemic,True,True,2018-12-31,2018-09-01,3
run_20260811T162732Z_6bbfe89e,fixed_12m_2019,fixed_origin_12m_ex_ante,same_month_historical_mean,2019-01-01,1,2226288.0,1479318.0909090908,591584.1584356981,2367052.0233824835,2045341.0,-746969.9090909092,746969.9090909092,2019,1,pre_pandemic,True,True,2018-12-31,2018-09-01,3
run_20260811T162732Z_6bbfe89e,fixed_12m_2019,fixed_origin_12m_ex_ante,same_month_historical_mean,2019-02-01,2,1944957.0,1360786.3636363635,473052.43116297084,2248520.2961097565,1806822.0,-584170.6363636365,584170.6363636365,2019,2,pre_pandemic,True,True,2018-12-31,2018-09-01,3
run_20260811T162732Z_6bbfe89e,fixed_12m_2019,fixed_origin_12m_ex_ante,same_month_historical_mean,2019-03-01,3,2473147.0,1795413.8181818181,907679.8857084254,2683147.7506552106,2270019.0,-677733.1818181819,677733.1818181819,2019,3,pre_pandemic,True,True,2018-12-31,2018-09-01,3
run_20260811T162732Z_6bbfe89e,fixed_12m_2019,fixed_origin_12m_ex_ante,same_month_historical_mean,2019-04-01,4,3266256.0,2246048.6363636362,1358314.7038902435,3133782.568837029,2870569.0,-1020207.3636363638,1020207.3636363638,2019,4,pre_pandemic,True,True,2018-12-31,2018-09-01,3
run_20260811T162732Z_6bbfe89e,fixed_12m_2019,fixed_origin_12m_ex_ante,same_month_historical_mean,2019-05-01,5,4219837.0,3257320.6363636362,2369586.7038902435,4145054.568837029,3790524.0,-962516.3636363638,962516.3636363638,2019,5,pre_pandemic,True,True,2018-12-31,2018-09-01,3
run_20260811T162732Z_6bbfe89e,fixed_12m_2019,fixed_origin_12m_ex_ante,same_month_historical_mean,2019-06-01,6,5276253.0,3752273.4545454546,2864539.522072062,4640007.387018847,4406894.0,-1523979.5454545454,1523979.5454545454,2019,6,pre_pandemic,True,True,2018-12-31,2018-09-01,3
run_20260811T162732Z_6bbfe89e,fixed_12m_2019,fixed_origin_12m_ex_ante,same_month_historical_mean,2019-07-01,7,6703045.0,4724907.818181818,3837173.8857084257,5612641.7506552115,5712975.0,-1978137.1818181816,1978137.1818181816,2019,7,pre_pandemic,True,True,2018-12-31,2018-09-01,3
run_20260811T162732Z_6bbfe89e,fixed_12m_2019,fixed_origin_12m_ex_ante,same_month_historical_mean,2019-08-01,8,8167150.0,5795274.454545454,4907540.522072062,6683008.387018846,7052433.0,-2371875.545454546,2371875.545454546,2019,8,pre_pandemic,True,True,2018-12-31,2018-09-01,3
run_20260811T162732Z_6bbfe89e,fixed_12m_2019,fixed_origin_12m_ex_ante,same_month_historical_mean,2019-09-01,9,6741769.0,4890921.818181818,4003187.8857084257,5778655.7506552115,6021357.0,-1850847.1818181816,1850847.1818181816,2019,9,pre_pandemic,True,True,2018-12-31,2018-09-01,3
run_20260811T162732Z_6bbfe89e,fixed_12m_2019,fixed_origin_12m_ex_ante,same_month_historical_mean,2019-10-01,10,5437494.0,3774447.9,2886713.967526607,4662181.832473393,3913759.0,-1663046.1,1663046.1,2019,10,pre_pandemic,True,True,2018-12-31,2018-09-01,3
run_20260811T162732Z_6bbfe89e,fixed_12m_2019,fixed_origin_12m_ex_ante,same_month_historical_mean,2019-11-01,11,3005517.0,2088526.1,1200792.1675266074,2976260.032473393,2293847.0,-916990.8999999999,916990.8999999999,2019,11,pre_pandemic,True,True,2018-12-31,2018-09-01,3
run_20260811T162732Z_6bbfe89e,fixed_12m_2019,fixed_origin_12m_ex_ante,same_month_historical_mean,2019-12-01,12,2398329.0,1584720.0,696986.0675266073,2472453.9324733927,2041323.0,-813609.0,813609.0,2019,12,pre_pandemic,True,True,2018-12-31,2018-09-01,3
run_20260811T162732Z_6bbfe89e,fixed_12m_2019,fixed_origin_12m_ex_ante,seasonal_moving_average_3,2019-01-01,1,2226288.0,1768324.0,840350.1526750585,2696297.8473249413,2045341.0,-457964.0,457964.0,2019,1,pre_pandemic,True,True,2018-12-31,2018-09-01,3
run_20260811T162732Z_6bbfe89e,fixed_12m_2019,fixed_origin_12m_ex_ante,seasonal_moving_average_3,2019-02-01,2,1944957.0,1585556.0,657582.1526750585,2513529.8473249413,1806822.0,-359401.0,359401.0,2019,2,pre_pandemic,True,True,2018-12-31,2018-09-01,3
run_20260811T162732Z_6bbfe89e,fixed_12m_2019,fixed_origin_12m_ex_ante,seasonal_moving_average_3,2019-03-01,3,2473147.0,2004285.6666666667,1076311.8193417252,2932259.5139916083,2270019.0,-468861.33333333326,468861.33333333326,2019,3,pre_pandemic,True,True,2018-12-31,2018-09-01,3
run_20260811T162732Z_6bbfe89e,fixed_12m_2019,fixed_origin_12m_ex_ante,seasonal_moving_average_3,2019-04-01,4,3266256.0,2399448.3333333335,1471474.486008392,3327422.1806582753,2870569.0,-866807.6666666665,866807.6666666665,2019,4,pre_pandemic,True,True,2018-12-31,2018-09-01,3
run_20260811T162732Z_6bbfe89e,fixed_12m_2019,fixed_origin_12m_ex_ante,seasonal_moving_average_3,2019-05-01,5,4219837.0,3211818.0,2283844.1526750587,4139791.8473249413,3790524.0,-1008019.0,1008019.0,2019,5,pre_pandemic,True,True,2018-12-31,2018-09-01,3
run_20260811T162732Z_6bbfe89e,fixed_12m_2019,fixed_origin_12m_ex_ante,seasonal_moving_average_3,2019-06-01,6,5276253.0,3530871.6666666665,2602897.8193417247,4458845.513991608,4406894.0,-1745381.3333333335,1745381.3333333335,2019,6,pre_pandemic,True,True,2018-12-31,2018-09-01,3
run_20260811T162732Z_6bbfe89e,fixed_12m_2019,fixed_origin_12m_ex_ante,seasonal_moving_average_3,2019-07-01,7,6703045.0,4742669.0,3814695.1526750587,5670642.847324941,5712975.0,-1960376.0,1960376.0,2019,7,pre_pandemic,True,True,2018-12-31,2018-09-01,3
run_20260811T162732Z_6bbfe89e,fixed_12m_2019,fixed_origin_12m_ex_ante,seasonal_moving_average_3,2019-08-01,8,8167150.0,5980719.333333333,5052745.486008392,6908693.180658274,7052433.0,-2186430.666666667,2186430.666666667,2019,8,pre_pandemic,True,True,2018-12-31,2018-09-01,3
run_20260811T162732Z_6bbfe89e,fixed_12m_2019,fixed_origin_12m_ex_ante,seasonal_moving_average_3,2019-09-01,9,6741769.0,5114391.666666667,4186417.8193417257,6042365.513991608,6021357.0,-1627377.333333333,1627377.333333333,2019,9,pre_pandemic,True,True,2018-12-31,2018-09-01,3
run_20260811T162732Z_6bbfe89e,fixed_12m_2019,fixed_origin_12m_ex_ante,seasonal_moving_average_3,2019-10-01,10,5437494.0,3755299.6666666665,2827325.8193417247,4683273.513991608,3913759.0,-1682194.3333333335,1682194.3333333335,2019,10,pre_pandemic,True,True,2018-12-31,2018-09-01,3
run_20260811T162732Z_6bbfe89e,fixed_12m_2019,fixed_origin_12m_ex_ante,seasonal_moving_average_3,2019-11-01,11,3005517.0,2136823.3333333335,1208849.486008392,3064797.1806582753,2293847.0,-868693.6666666665,868693.6666666665,2019,11,pre_pandemic,True,True,2018-12-31,2018-09-01,3
run_20260811T162732Z_6bbfe89e,fixed_12m_2019,fixed_origin_12m_ex_ante,seasonal_moving_average_3,2019-12-01,12,2398329.0,1794867.0,866893.1526750585,2722840.8473249413,2041323.0,-603462.0,603462.0,2019,12,pre_pandemic,True,True,2018-12-31,2018-09-01,3
run_20260811T162732Z_6bbfe89e,fixed_12m_2019,fixed_origin_12m_ex_ante,ets_holt_winters,2019-01-01,1,2226288.0,1928057.3441299326,1436934.6223932619,2419180.0658666035,2045341.0,-298230.6558700674,298230.6558700674,2019,1,pre_pandemic,True,True,2018-12-31,2018-09-01,3
run_20260811T162732Z_6bbfe89e,fixed_12m_2019,fixed_origin_12m_ex_ante,ets_holt_winters,2019-02-01,2,1944957.0,1752171.400505805,1057618.9866362177,2446723.814375392,1806822.0,-192785.59949419508,192785.59949419508,2019,2,pre_pandemic,True,True,2018-12-31,2018-09-01,3
run_20260811T162732Z_6bbfe89e,fixed_12m_2019,fixed_origin_12m_ex_ante,ets_holt_winters,2019-03-01,3,2473147.0,2216781.481358827,1366131.9745594016,3067430.9881582526,2270019.0,-256365.5186411729,256365.5186411729,2019,3,pre_pandemic,True,True,2018-12-31,2018-09-01,3
run_20260811T162732Z_6bbfe89e,fixed_12m_2019,fixed_origin_12m_ex_ante,ets_holt_winters,2019-04-01,4,3266256.0,2704260.1181183183,1722014.6746449769,3686505.5615916597,2870569.0,-561995.8818816817,561995.8818816817,2019,4,pre_pandemic,True,True,2018-12-31,2018-09-01,3
run_20260811T162732Z_6bbfe89e,fixed_12m_2019,fixed_origin_12m_ex_ante,ets_holt_winters,2019-05-01,5,4219837.0,3645314.970744214,2547131.179646305,4743498.761842123,3790524.0,-574522.029255786,574522.029255786,2019,5,pre_pandemic,True,True,2018-12-31,2018-09-01,3
run_20260811T162732Z_6bbfe89e,fixed_12m_2019,fixed_origin_12m_ex_ante,ets_holt_winters,2019-06-01,6,5276253.0,4150322.3784807445,2947322.309139013,5353322.447822476,4406894.0,-1125930.6215192555,1125930.6215192555,2019,6,pre_pandemic,True,True,2018-12-31,2018-09-01,3
run_20260811T162732Z_6bbfe89e,fixed_12m_2019,fixed_origin_12m_ex_ante,ets_holt_winters,2019-07-01,7,6703045.0,5253817.60445735,3954429.019528944,6553206.189385757,5712975.0,-1449227.3955426496,1449227.3955426496,2019,7,pre_pandemic,True,True,2018-12-31,2018-09-01,3
run_20260811T162732Z_6bbfe89e,fixed_12m_2019,fixed_origin_12m_ex_ante,ets_holt_winters,2019-08-01,8,8167150.0,6363104.394445774,4973999.5667066,7752209.222184949,7052433.0,-1804045.6055542259,1804045.6055542259,2019,8,pre_pandemic,True,True,2018-12-31,2018-09-01,3
run_20260811T162732Z_6bbfe89e,fixed_12m_2019,fixed_origin_12m_ex_ante,ets_holt_winters,2019-09-01,9,6741769.0,5290874.963240617,3817506.7980306046,6764243.128450629,6021357.0,-1450894.036759383,1450894.036759383,2019,9,pre_pandemic,True,True,2018-12-31,2018-09-01,3
run_20260811T162732Z_6bbfe89e,fixed_12m_2019,fixed_origin_12m_ex_ante,ets_holt_winters,2019-10-01,10,5437494.0,3852854.0854537883,2299787.674104823,5405920.496802754,3913759.0,-1584639.9145462117,1584639.9145462117,2019,10,pre_pandemic,True,True,2018-12-31,2018-09-01,3
run_20260811T162732Z_6bbfe89e,fixed_12m_2019,fixed_origin_12m_ex_ante,ets_holt_winters,2019-11-01,11,3005517.0,2387785.883176622,758916.0891579632,4016655.677195281,2293847.0,-617731.116823378,617731.116823378,2019,11,pre_pandemic,True,True,2018-12-31,2018-09-01,3
run_20260811T162732Z_6bbfe89e,fixed_12m_2019,fixed_origin_12m_ex_ante,ets_holt_winters,2019-12-01,12,2398329.0,2014844.8009127392,313545.7873138883,3716143.81451159,2041323.0,-383484.19908726076,383484.19908726076,2019,12,pre_pandemic,True,True,2018-12-31,2018-09-01,3
run_20260811T162732Z_6bbfe89e,fixed_12m_2019,fixed_origin_12m_ex_ante,theta,2019-01-01,1,2226288.0,1881600.2694716249,313442.0046540925,3449758.534289157,2045341.0,-344687.73052837513,344687.73052837513,2019,1,pre_pandemic,True,True,2018-12-31,2018-09-01,3
run_20260811T162732Z_6bbfe89e,fixed_12m_2019,fixed_origin_12m_ex_ante,theta,2019-02-01,2,1944957.0,1727269.8531405635,-503556.96299994434,3958096.669281071,1806822.0,-217687.14685943653,217687.14685943653,2019,2,pre_pandemic,True,True,2018-12-31,2018-09-01,3
run_20260811T162732Z_6bbfe89e,fixed_12m_2019,fixed_origin_12m_ex_ante,theta,2019-03-01,3,2473147.0,2268478.561373971,-469048.83094700053,5006005.953694942,2270019.0,-204668.43862602906,204668.43862602906,2019,3,pre_pandemic,True,True,2018-12-31,2018-09-01,3
run_20260811T162732Z_6bbfe89e,fixed_12m_2019,fixed_origin_12m_ex_ante,theta,2019-04-01,4,3266256.0,2845471.0690558823,-318628.1967390012,6009570.334850766,2870569.0,-420784.9309441177,420784.9309441177,2019,4,pre_pandemic,True,True,2018-12-31,2018-09-01,3
run_20260811T162732Z_6bbfe89e,fixed_12m_2019,fixed_origin_12m_ex_ante,theta,2019-05-01,5,4219837.0,4087731.87971744,548100.2457900075,7627363.513644872,3790524.0,-132105.12028256012,132105.12028256012,2019,5,pre_pandemic,True,True,2018-12-31,2018-09-01,3
run_20260811T162732Z_6bbfe89e,fixed_12m_2019,fixed_origin_12m_ex_ante,theta,2019-06-01,6,5276253.0,4703657.694320796,824681.0194752454,8582634.369166346,4406894.0,-572595.305679204,572595.305679204,2019,6,pre_pandemic,True,True,2018-12-31,2018-09-01,3
run_20260811T162732Z_6bbfe89e,fixed_12m_2019,fixed_origin_12m_ex_ante,theta,2019-07-01,7,6703045.0,5932921.713188609,1741987.6903135283,10123855.736063689,5712975.0,-770123.2868113909,770123.2868113909,2019,7,pre_pandemic,True,True,2018-12-31,2018-09-01,3
run_20260811T162732Z_6bbfe89e,fixed_12m_2019,fixed_origin_12m_ex_ante,theta,2019-08-01,8,8167150.0,7260566.064514159,2779339.0088754958,11741793.120152824,7052433.0,-906583.9354858408,906583.9354858408,2019,8,pre_pandemic,True,True,2018-12-31,2018-09-01,3
run_20260811T162732Z_6bbfe89e,fixed_12m_2019,fixed_origin_12m_ex_ante,theta,2019-09-01,9,6741769.0,6093787.983662018,1339961.7495339727,10847614.217790063,6021357.0,-647981.0163379824,647981.0163379824,2019,9,pre_pandemic,True,True,2018-12-31,2018-09-01,3
run_20260811T162732Z_6bbfe89e,fixed_12m_2019,fixed_origin_12m_ex_ante,theta,2019-10-01,10,5437494.0,4823976.371019412,-187643.3077251846,9835596.049764007,3913759.0,-613517.6289805882,613517.6289805882,2019,10,pre_pandemic,True,True,2018-12-31,2018-09-01,3
run_20260811T162732Z_6bbfe89e,fixed_12m_2019,fixed_origin_12m_ex_ante,theta,2019-11-01,11,3005517.0,2667181.567543047,-2589604.498531561,7923967.633617654,2293847.0,-338335.432456953,338335.432456953,2019,11,pre_pandemic,True,True,2018-12-31,2018-09-01,3
run_20260811T162732Z_6bbfe89e,fixed_12m_2019,fixed_origin_12m_ex_ante,theta,2019-12-01,12,2398329.0,2016618.4747026816,-3474398.5244125295,7507635.473817892,2041323.0,-381710.52529731835,381710.52529731835,2019,12,pre_pandemic,True,True,2018-12-31,2018-09-01,3
run_20260811T162732Z_6bbfe89e,fixed_12m_2019,fixed_origin_12m_ex_ante,sarima_111_111_12,2019-01-01,1,2226288.0,2822532.589721595,1776903.8038795427,3868161.375563647,2045341.0,596244.5897215949,596244.5897215949,2019,1,pre_pandemic,True,True,2018-12-31,2018-09-01,3
run_20260811T162732Z_6bbfe89e,fixed_12m_2019,fixed_origin_12m_ex_ante,sarima_111_111_12,2019-02-01,2,1944957.0,2614740.8827729793,1444332.5476448617,3785149.2179010967,1806822.0,669783.8827729793,669783.8827729793,2019,2,pre_pandemic,True,True,2018-12-31,2018-09-01,3
run_20260811T162732Z_6bbfe89e,fixed_12m_2019,fixed_origin_12m_ex_ante,sarima_111_111_12,2019-03-01,3,2473147.0,3074397.416986972,1793817.7691390591,4354977.064834885,2270019.0,601250.4169869721,601250.4169869721,2019,3,pre_pandemic,True,True,2018-12-31,2018-09-01,3
run_20260811T162732Z_6bbfe89e,fixed_12m_2019,fixed_origin_12m_ex_ante,sarima_111_111_12,2019-04-01,4,3266256.0,3642025.401868152,2257902.937556798,5026147.866179505,2870569.0,375769.40186815197,375769.40186815197,2019,4,pre_pandemic,True,True,2018-12-31,2018-09-01,3
run_20260811T162732Z_6bbfe89e,fixed_12m_2019,fixed_origin_12m_ex_ante,sarima_111_111_12,2019-05-01,5,4219837.0,4565457.79551856,3086820.984677365,6044094.606359756,3790524.0,345620.79551856034,345620.79551856034,2019,5,pre_pandemic,True,True,2018-12-31,2018-09-01,3
run_20260811T162732Z_6bbfe89e,fixed_12m_2019,fixed_origin_12m_ex_ante,sarima_111_111_12,2019-06-01,6,5276253.0,5131159.930596258,3562153.914887408,6700165.946305107,4406894.0,-145093.06940374244,145093.06940374244,2019,6,pre_pandemic,True,True,2018-12-31,2018-09-01,3
run_20260811T162732Z_6bbfe89e,fixed_12m_2019,fixed_origin_12m_ex_ante,sarima_111_111_12,2019-07-01,7,6703045.0,6398181.718252991,4745063.6923948,8051299.744111183,5712975.0,-304863.2817470087,304863.2817470087,2019,7,pre_pandemic,True,True,2018-12-31,2018-09-01,3
run_20260811T162732Z_6bbfe89e,fixed_12m_2019,fixed_origin_12m_ex_ante,sarima_111_111_12,2019-08-01,8,8167150.0,7724808.998836562,5990507.122807577,9459110.874865547,7052433.0,-442341.00116343796,442341.00116343796,2019,8,pre_pandemic,True,True,2018-12-31,2018-09-01,3
run_20260811T162732Z_6bbfe89e,fixed_12m_2019,fixed_origin_12m_ex_ante,sarima_111_111_12,2019-09-01,9,6741769.0,6729206.569626195,4918352.93091412,8540060.208338272,6021357.0,-12562.430373804644,12562.430373804644,2019,9,pre_pandemic,True,True,2018-12-31,2018-09-01,3
run_20260811T162732Z_6bbfe89e,fixed_12m_2019,fixed_origin_12m_ex_ante,sarima_111_111_12,2019-10-01,10,5437494.0,5461937.142124985,3423742.4379383298,7500131.846311641,3913759.0,24443.142124985345,24443.142124985345,2019,10,pre_pandemic,True,True,2018-12-31,2018-09-01,3
run_20260811T162732Z_6bbfe89e,fixed_12m_2019,fixed_origin_12m_ex_ante,sarima_111_111_12,2019-11-01,11,3005517.0,3846732.2551759174,1608275.2684601913,6085189.241891643,2293847.0,841215.2551759174,841215.2551759174,2019,11,pre_pandemic,True,True,2018-12-31,2018-09-01,3
run_20260811T162732Z_6bbfe89e,fixed_12m_2019,fixed_origin_12m_ex_ante,sarima_111_111_12,2019-12-01,12,2398329.0,3559916.754279225,1134220.5140261874,5985612.994532263,2041323.0,1161587.7542792251,1161587.7542792251,2019,12,pre_pandemic,True,True,2018-12-31,2018-09-01,3
run_20260811T162732Z_6bbfe89e,fixed_12m_2019,fixed_origin_12m_ex_ante,dynamic_harmonic_arima_k2,2019-01-01,1,2226288.0,2463091.0044103805,1605319.1183529533,3320862.8904678077,2045341.0,236803.0044103805,236803.0044103805,2019,1,pre_pandemic,True,True,2018-12-31,2018-09-01,3
run_20260811T162732Z_6bbfe89e,fixed_12m_2019,fixed_origin_12m_ex_ante,dynamic_harmonic_arima_k2,2019-02-01,2,1944957.0,2710813.3618438784,1806783.1308969185,3614843.5927908383,1806822.0,765856.3618438784,765856.3618438784,2019,2,pre_pandemic,True,True,2018-12-31,2018-09-01,3
run_20260811T162732Z_6bbfe89e,fixed_12m_2019,fixed_origin_12m_ex_ante,dynamic_harmonic_arima_k2,2019-03-01,3,2473147.0,3065561.035762876,2117526.9558693534,4013595.1156563982,2270019.0,592414.0357628758,592414.0357628758,2019,3,pre_pandemic,True,True,2018-12-31,2018-09-01,3
run_20260811T162732Z_6bbfe89e,fixed_12m_2019,fixed_origin_12m_ex_ante,dynamic_harmonic_arima_k2,2019-04-01,4,3266256.0,3480660.396553619,2490576.2702881778,4470744.52281906,2870569.0,214404.39655361883,214404.39655361883,2019,4,pre_pandemic,True,True,2018-12-31,2018-09-01,3
run_20260811T162732Z_6bbfe89e,fixed_12m_2019,fixed_origin_12m_ex_ante,dynamic_harmonic_arima_k2,2019-05-01,5,4219837.0,4150878.635317302,3120459.042399001,5181298.228235602,3790524.0,-68958.36468269816,68958.36468269816,2019,5,pre_pandemic,True,True,2018-12-31,2018-09-01,3
run_20260811T162732Z_6bbfe89e,fixed_12m_2019,fixed_origin_12m_ex_ante,dynamic_harmonic_arima_k2,2019-06-01,6,5276253.0,5158669.783803595,4089435.2455200525,6227904.322087138,4406894.0,-117583.21619640477,117583.21619640477,2019,6,pre_pandemic,True,True,2018-12-31,2018-09-01,3
run_20260811T162732Z_6bbfe89e,fixed_12m_2019,fixed_origin_12m_ex_ante,dynamic_harmonic_arima_k2,2019-07-01,7,6703045.0,6194469.207385886,5087780.24555113,7301158.169220643,5712975.0,-508575.79261411354,508575.79261411354,2019,7,pre_pandemic,True,True,2018-12-31,2018-09-01,3
run_20260811T162732Z_6bbfe89e,fixed_12m_2019,fixed_origin_12m_ex_ante,dynamic_harmonic_arima_k2,2019-08-01,8,8167150.0,6683595.461170303,5540678.833136849,7826512.089203756,7052433.0,-1483554.5388296973,1483554.5388296973,2019,8,pre_pandemic,True,True,2018-12-31,2018-09-01,3
run_20260811T162732Z_6bbfe89e,fixed_12m_2019,fixed_origin_12m_ex_ante,dynamic_harmonic_arima_k2,2019-09-01,9,6741769.0,6241801.996883758,5063771.276136701,7419832.717630816,6021357.0,-499967.00311624166,499967.00311624166,2019,9,pre_pandemic,True,True,2018-12-31,2018-09-01,3
run_20260811T162732Z_6bbfe89e,fixed_12m_2019,fixed_origin_12m_ex_ante,dynamic_harmonic_arima_k2,2019-10-01,10,5437494.0,5035847.730752459,3823719.7097034026,6247975.751801515,3913759.0,-401646.2692475412,401646.2692475412,2019,10,pre_pandemic,True,True,2018-12-31,2018-09-01,3
run_20260811T162732Z_6bbfe89e,fixed_12m_2019,fixed_origin_12m_ex_ante,dynamic_harmonic_arima_k2,2019-11-01,11,3005517.0,3694859.8643184095,2449567.810300248,4940151.91833657,2293847.0,689342.8643184095,689342.8643184095,2019,11,pre_pandemic,True,True,2018-12-31,2018-09-01,3
run_20260811T162732Z_6bbfe89e,fixed_12m_2019,fixed_origin_12m_ex_ante,dynamic_harmonic_arima_k2,2019-12-01,12,2398329.0,2840193.481026249,1562597.981586289,4117788.9804662094,2041323.0,441864.481026249,441864.481026249,2019,12,pre_pandemic,True,True,2018-12-31,2018-09-01,3
run_20260811T162732Z_6bbfe89e,fixed_12m_2019,fixed_origin_12m_ex_ante,stl_arima_111,2019-01-01,1,2226288.0,1835908.2120451308,1252229.2909995392,2419587.1330907224,2045341.0,-390379.7879548692,390379.7879548692,2019,1,pre_pandemic,True,True,2018-12-31,2018-09-01,3
run_20260811T162732Z_6bbfe89e,fixed_12m_2019,fixed_origin_12m_ex_ante,stl_arima_111,2019-02-01,2,1944957.0,1619730.327809581,794283.6815956106,2445176.9740235517,1806822.0,-325226.67219041893,325226.67219041893,2019,2,pre_pandemic,True,True,2018-12-31,2018-09-01,3
run_20260811T162732Z_6bbfe89e,fixed_12m_2019,fixed_origin_12m_ex_ante,stl_arima_111,2019-03-01,3,2473147.0,2005871.7843091842,994910.2377512365,3016833.3308671317,2270019.0,-467275.2156908158,467275.2156908158,2019,3,pre_pandemic,True,True,2018-12-31,2018-09-01,3
run_20260811T162732Z_6bbfe89e,fixed_12m_2019,fixed_origin_12m_ex_ante,stl_arima_111,2019-04-01,4,3266256.0,2528390.1617742116,1361032.3196830286,3695748.0038653947,2870569.0,-737865.8382257884,737865.8382257884,2019,4,pre_pandemic,True,True,2018-12-31,2018-09-01,3
run_20260811T162732Z_6bbfe89e,fixed_12m_2019,fixed_origin_12m_ex_ante,stl_arima_111,2019-05-01,5,4219837.0,3432592.3695283565,2127446.625036681,4737738.114020032,3790524.0,-787244.6304716435,787244.6304716435,2019,5,pre_pandemic,True,True,2018-12-31,2018-09-01,3
run_20260811T162732Z_6bbfe89e,fixed_12m_2019,fixed_origin_12m_ex_ante,stl_arima_111,2019-06-01,6,5276253.0,3386125.8473501476,1956410.3171702188,4815841.377530077,4406894.0,-1890127.1526498524,1890127.1526498524,2019,6,pre_pandemic,True,True,2018-12-31,2018-09-01,3
run_20260811T162732Z_6bbfe89e,fixed_12m_2019,fixed_origin_12m_ex_ante,stl_arima_111,2019-07-01,7,6703045.0,5244804.431193127,3700535.160595988,6789073.701790267,5712975.0,-1458240.5688068727,1458240.5688068727,2019,7,pre_pandemic,True,True,2018-12-31,2018-09-01,3
run_20260811T162732Z_6bbfe89e,fixed_12m_2019,fixed_origin_12m_ex_ante,stl_arima_111,2019-08-01,8,8167150.0,6534747.7583904015,4883854.46596246,8185641.050818343,7052433.0,-1632402.2416095985,1632402.2416095985,2019,8,pre_pandemic,True,True,2018-12-31,2018-09-01,3
run_20260811T162732Z_6bbfe89e,fixed_12m_2019,fixed_origin_12m_ex_ante,stl_arima_111,2019-09-01,9,6741769.0,5443631.209127525,3692594.4459907506,7194667.972264299,6021357.0,-1298137.7908724751,1298137.7908724751,2019,9,pre_pandemic,True,True,2018-12-31,2018-09-01,3
run_20260811T162732Z_6bbfe89e,fixed_12m_2019,fixed_origin_12m_ex_ante,stl_arima_111,2019-10-01,10,5437494.0,3372529.4356410154,1526774.622907358,5218284.248374673,3913759.0,-2064964.5643589846,2064964.5643589846,2019,10,pre_pandemic,True,True,2018-12-31,2018-09-01,3
run_20260811T162732Z_6bbfe89e,fixed_12m_2019,fixed_origin_12m_ex_ante,stl_arima_111,2019-11-01,11,3005517.0,2255511.507249253,319667.52810155204,4191355.4863969535,2293847.0,-750005.4927507471,750005.4927507471,2019,11,pre_pandemic,True,True,2018-12-31,2018-09-01,3
run_20260811T162732Z_6bbfe89e,fixed_12m_2019,fixed_origin_12m_ex_ante,stl_arima_111,2019-12-01,12,2398329.0,2094165.7087425366,72242.61562664132,4116088.8018584317,2041323.0,-304163.2912574634,304163.2912574634,2019,12,pre_pandemic,True,True,2018-12-31,2018-09-01,3
run_20260811T162732Z_6bbfe89e,fixed_12m_2020,fixed_origin_12m_ex_ante,naive_last,2020-01-01,1,2529423.0,6741769.0,3183586.4664975023,10299951.533502497,2226288.0,4212346.0,4212346.0,2020,1,pre_pandemic,True,True,2019-12-31,2019-09-01,3
run_20260811T162732Z_6bbfe89e,fixed_12m_2020,fixed_origin_12m_ex_ante,naive_last,2020-02-01,2,2051923.0,6741769.0,2763599.989367996,10719938.010632005,1944957.0,4689846.0,4689846.0,2020,2,pre_pandemic,True,True,2019-12-31,2019-09-01,3
run_20260811T162732Z_6bbfe89e,fixed_12m_2020,fixed_origin_12m_ex_ante,naive_last,2020-03-01,3,1058068.0,6741769.0,2383903.190617685,11099634.809382316,2473147.0,5683701.0,5683701.0,2020,3,pandemic_shock,True,True,2019-12-31,2019-09-01,3
run_20260811T162732Z_6bbfe89e,fixed_12m_2020,fixed_origin_12m_ex_ante,naive_last,2020-04-01,4,,6741769.0,2034735.9484893195,11448802.05151068,3266256.0,,,2020,4,pandemic_shock,False,False,2019-12-31,2019-09-01,3
run_20260811T162732Z_6bbfe89e,fixed_12m_2020,fixed_origin_12m_ex_ante,naive_last,2020-05-01,5,,6741769.0,1709739.0037217075,11773798.996278293,4219837.0,,,2020,5,pandemic_shock,False,False,2019-12-31,2019-09-01,3
run_20260811T162732Z_6bbfe89e,fixed_12m_2020,fixed_origin_12m_ex_ante,naive_last,2020-06-01,6,,6741769.0,1404495.199746253,12079042.800253747,5276253.0,,,2020,6,pandemic_shock,False,False,2019-12-31,2019-09-01,3
run_20260811T162732Z_6bbfe89e,fixed_12m_2020,fixed_origin_12m_ex_ante,naive_last,2020-07-01,7,777043.0,6741769.0,1115788.4317518622,12367749.568248138,6703045.0,5964726.0,5964726.0,2020,7,pandemic_shock,True,True,2019-12-31,2019-09-01,3
run_20260811T162732Z_6bbfe89e,fixed_12m_2020,fixed_origin_12m_ex_ante,naive_last,2020-08-01,8,2192917.0,6741769.0,841190.8003880167,12642347.199611984,8167150.0,4548852.0,4548852.0,2020,8,pandemic_shock,True,True,2019-12-31,2019-09-01,3
run_20260811T162732Z_6bbfe89e,fixed_12m_2020,fixed_origin_12m_ex_ante,naive_last,2020-09-01,9,2634195.0,6741769.0,578816.0693695256,12904721.930630475,6741769.0,4107574.0,4107574.0,2020,9,pandemic_shock,True,True,2019-12-31,2019-09-01,3
run_20260811T162732Z_6bbfe89e,fixed_12m_2020,fixed_origin_12m_ex_ante,naive_last,2020-10-01,10,2355124.0,6741769.0,327164.2139981901,13156373.786001809,4791439.0,4386645.0,4386645.0,2020,10,pandemic_shock,True,True,2019-12-31,2019-09-01,3
run_20260811T162732Z_6bbfe89e,fixed_12m_2020,fixed_origin_12m_ex_ante,naive_last,2020-11-01,11,1262757.0,6741769.0,85019.02001518104,13398518.97998482,2679420.0,5479012.0,5479012.0,2020,11,pandemic_shock,True,True,2019-12-31,2019-09-01,3
run_20260811T162732Z_6bbfe89e,fixed_12m_2020,fixed_origin_12m_ex_ante,naive_last,2020-12-01,12,964816.0,6741769.0,-148621.84751064423,13632159.847510643,2180881.0,5776953.0,5776953.0,2020,12,pandemic_shock,True,True,2019-12-31,2019-09-01,3
run_20260811T162732Z_6bbfe89e,fixed_12m_2020,fixed_origin_12m_ex_ante,seasonal_naive,2020-01-01,1,2529423.0,2226288.0,1222488.0042752577,3230087.9957247423,2226288.0,-303135.0,303135.0,2020,1,pre_pandemic,True,True,2019-12-31,2019-09-01,3
run_20260811T162732Z_6bbfe89e,fixed_12m_2020,fixed_origin_12m_ex_ante,seasonal_naive,2020-02-01,2,2051923.0,1944957.0,525369.4321360146,3364544.5678639854,1944957.0,-106966.0,106966.0,2020,2,pre_pandemic,True,True,2019-12-31,2019-09-01,3
run_20260811T162732Z_6bbfe89e,fixed_12m_2020,fixed_origin_12m_ex_ante,seasonal_naive,2020-03-01,3,1058068.0,2473147.0,734514.4067673248,4211779.593232675,2473147.0,1415079.0,1415079.0,2020,3,pandemic_shock,True,True,2019-12-31,2019-09-01,3
run_20260811T162732Z_6bbfe89e,fixed_12m_2020,fixed_origin_12m_ex_ante,seasonal_naive,2020-04-01,4,,3266256.0,1258656.0085505156,5273855.991449485,3266256.0,,,2020,4,pandemic_shock,False,False,2019-12-31,2019-09-01,3
run_20260811T162732Z_6bbfe89e,fixed_12m_2020,fixed_origin_12m_ex_ante,seasonal_naive,2020-05-01,5,,4219837.0,1975271.9737454783,6464402.026254522,4219837.0,,,2020,5,pandemic_shock,False,False,2019-12-31,2019-09-01,3
run_20260811T162732Z_6bbfe89e,fixed_12m_2020,fixed_origin_12m_ex_ante,seasonal_naive,2020-06-01,6,,5276253.0,2817455.2066664463,7735050.793333554,5276253.0,,,2020,6,pandemic_shock,False,False,2019-12-31,2019-09-01,3
run_20260811T162732Z_6bbfe89e,fixed_12m_2020,fixed_origin_12m_ex_ante,seasonal_naive,2020-07-01,7,777043.0,6703045.0,4047239.8452646327,9358850.154735368,6703045.0,5926002.0,5926002.0,2020,7,pandemic_shock,True,True,2019-12-31,2019-09-01,3
run_20260811T162732Z_6bbfe89e,fixed_12m_2020,fixed_origin_12m_ex_ante,seasonal_naive,2020-08-01,8,2192917.0,8167150.0,5327974.864272029,11006325.135727972,8167150.0,5974233.0,5974233.0,2020,8,pandemic_shock,True,True,2019-12-31,2019-09-01,3
run_20260811T162732Z_6bbfe89e,fixed_12m_2020,fixed_origin_12m_ex_ante,seasonal_naive,2020-09-01,9,2634195.0,6741769.0,3730369.0128257736,9753168.987174226,6741769.0,4107574.0,4107574.0,2020,9,pandemic_shock,True,True,2019-12-31,2019-09-01,3
run_20260811T162732Z_6bbfe89e,fixed_12m_2020,fixed_origin_12m_ex_ante,seasonal_naive,2020-10-01,10,2355124.0,4791439.0,1617144.698242533,7965733.301757467,4791439.0,2436315.0,2436315.0,2020,10,pandemic_shock,True,True,2019-12-31,2019-09-01,3
run_20260811T162732Z_6bbfe89e,fixed_12m_2020,fixed_origin_12m_ex_ante,seasonal_naive,2020-11-01,11,1262757.0,2679420.0,-649807.9503793241,6008647.950379324,2679420.0,1416663.0,1416663.0,2020,11,pandemic_shock,True,True,2019-12-31,2019-09-01,3
run_20260811T162732Z_6bbfe89e,fixed_12m_2020,fixed_origin_12m_ex_ante,seasonal_naive,2020-12-01,12,964816.0,2180881.0,-1296384.1864653504,5658146.186465351,2180881.0,1216065.0,1216065.0,2020,12,pandemic_shock,True,True,2019-12-31,2019-09-01,3
run_20260811T162732Z_6bbfe89e,fixed_12m_2020,fixed_origin_12m_ex_ante,drift,2020-01-01,1,2529423.0,6900884.228571429,-773591.2021569163,14575359.659299774,2226288.0,4371461.228571429,4371461.228571429,2020,1,pre_pandemic,True,True,2019-12-31,2019-09-01,3
run_20260811T162732Z_6bbfe89e,fixed_12m_2020,fixed_origin_12m_ex_ante,drift,2020-02-01,2,2051923.0,6940663.035714285,-1639661.3416659944,15520987.413094565,1944957.0,4888740.035714285,4888740.035714285,2020,2,pre_pandemic,True,True,2019-12-31,2019-09-01,3
run_20260811T162732Z_6bbfe89e,fixed_12m_2020,fixed_origin_12m_ex_ante,drift,2020-03-01,3,1058068.0,6980441.842857143,-2418832.5815481525,16379716.267262438,2473147.0,5922373.842857143,5922373.842857143,2020,3,pandemic_shock,True,True,2019-12-31,2019-09-01,3
run_20260811T162732Z_6bbfe89e,fixed_12m_2020,fixed_origin_12m_ex_ante,drift,2020-04-01,4,,7020220.65,-3132156.066291254,17172597.366291255,3266256.0,,,2020,4,pandemic_shock,False,False,2019-12-31,2019-09-01,3
run_20260811T162732Z_6bbfe89e,fixed_12m_2020,fixed_origin_12m_ex_ante,drift,2020-05-01,5,,7059999.457142857,-3793347.7810922703,17913346.695377983,4219837.0,,,2020,5,pandemic_shock,False,False,2019-12-31,2019-09-01,3
run_20260811T162732Z_6bbfe89e,fixed_12m_2020,fixed_origin_12m_ex_ante,drift,2020-06-01,6,,7099778.264285714,-4411934.881806803,18611491.410378233,5276253.0,,,2020,6,pandemic_shock,False,False,2019-12-31,2019-09-01,3
run_20260811T162732Z_6bbfe89e,fixed_12m_2020,fixed_origin_12m_ex_ante,drift,2020-07-01,7,777043.0,7139557.071428572,-4994854.032623102,19273968.175480247,6703045.0,6362514.071428572,6362514.071428572,2020,7,pandemic_shock,True,True,2019-12-31,2019-09-01,3
run_20260811T162732Z_6bbfe89e,fixed_12m_2020,fixed_origin_12m_ex_ante,drift,2020-08-01,8,2192917.0,7179335.878571428,-5547341.854692103,19906013.61183496,8167150.0,4986418.878571428,4986418.878571428,2020,8,pandemic_shock,True,True,2019-12-31,2019-09-01,3
run_20260811T162732Z_6bbfe89e,fixed_12m_2020,fixed_origin_12m_ex_ante,drift,2020-09-01,9,2634195.0,7219114.685714286,-6073466.681746252,20511696.053174824,6741769.0,4584919.685714286,4584919.685714286,2020,9,pandemic_shock,True,True,2019-12-31,2019-09-01,3
run_20260811T162732Z_6bbfe89e,fixed_12m_2020,fixed_origin_12m_ex_ante,drift,2020-10-01,10,2355124.0,7258893.492857143,-6576463.8460326735,21094250.83174696,4791439.0,4903769.492857143,4903769.492857143,2020,10,pandemic_shock,True,True,2019-12-31,2019-09-01,3
run_20260811T162732Z_6bbfe89e,fixed_12m_2020,fixed_origin_12m_ex_ante,drift,2020-11-01,11,1262757.0,7298672.3,-7058956.542499919,21656301.14249992,2679420.0,6035915.3,6035915.3,2020,11,pandemic_shock,True,True,2019-12-31,2019-09-01,3
run_20260811T162732Z_6bbfe89e,fixed_12m_2020,fixed_origin_12m_ex_ante,drift,2020-12-01,12,964816.0,7338451.107142857,-7523106.659901581,22200008.874187294,2180881.0,6373635.107142857,6373635.107142857,2020,12,pandemic_shock,True,True,2019-12-31,2019-09-01,3
run_20260811T162732Z_6bbfe89e,fixed_12m_2020,fixed_origin_12m_ex_ante,same_month_historical_mean,2020-01-01,1,2529423.0,1541565.5833333333,431586.7487113192,2651544.4179553473,2226288.0,-987857.4166666667,987857.4166666667,2020,1,pre_pandemic,True,True,2019-12-31,2019-09-01,3
run_20260811T162732Z_6bbfe89e,fixed_12m_2020,fixed_origin_12m_ex_ante,same_month_historical_mean,2020-02-01,2,2051923.0,1409467.25,299488.4153779859,2519446.0846220143,1944957.0,-642455.75,642455.75,2020,2,pre_pandemic,True,True,2019-12-31,2019-09-01,3
run_20260811T162732Z_6bbfe89e,fixed_12m_2020,fixed_origin_12m_ex_ante,same_month_historical_mean,2020-03-01,3,1058068.0,1851891.5833333333,741912.7487113192,2961870.4179553473,2473147.0,793823.5833333333,793823.5833333333,2020,3,pandemic_shock,True,True,2019-12-31,2019-09-01,3
run_20260811T162732Z_6bbfe89e,fixed_12m_2020,fixed_origin_12m_ex_ante,same_month_historical_mean,2020-04-01,4,,2331065.9166666665,1221087.0820446524,3441044.7512886804,3266256.0,,,2020,4,pandemic_shock,False,False,2019-12-31,2019-09-01,3
run_20260811T162732Z_6bbfe89e,fixed_12m_2020,fixed_origin_12m_ex_ante,same_month_historical_mean,2020-05-01,5,,3337530.3333333335,2227551.4987113196,4447509.167955347,4219837.0,,,2020,5,pandemic_shock,False,False,2019-12-31,2019-09-01,3
run_20260811T162732Z_6bbfe89e,fixed_12m_2020,fixed_origin_12m_ex_ante,same_month_historical_mean,2020-06-01,6,,3879271.75,2769292.9153779857,4989250.584622014,5276253.0,,,2020,6,pandemic_shock,False,False,2019-12-31,2019-09-01,3
run_20260811T162732Z_6bbfe89e,fixed_12m_2020,fixed_origin_12m_ex_ante,same_month_historical_mean,2020-07-01,7,777043.0,4889752.583333333,3779773.7487113187,5999731.417955347,6703045.0,4112709.583333333,4112709.583333333,2020,7,pandemic_shock,True,True,2019-12-31,2019-09-01,3
run_20260811T162732Z_6bbfe89e,fixed_12m_2020,fixed_origin_12m_ex_ante,same_month_historical_mean,2020-08-01,8,2192917.0,5992930.75,4882951.915377986,7102909.584622014,8167150.0,3800013.75,3800013.75,2020,8,pandemic_shock,True,True,2019-12-31,2019-09-01,3
run_20260811T162732Z_6bbfe89e,fixed_12m_2020,fixed_origin_12m_ex_ante,same_month_historical_mean,2020-09-01,9,2634195.0,5045159.083333333,3935180.2487113187,6155137.917955347,6741769.0,2410964.083333333,2410964.083333333,2020,9,pandemic_shock,True,True,2019-12-31,2019-09-01,3
run_20260811T162732Z_6bbfe89e,fixed_12m_2020,fixed_origin_12m_ex_ante,same_month_historical_mean,2020-10-01,10,2355124.0,3866901.6363636362,2756922.8017416224,4976880.47098565,4791439.0,1511777.6363636362,1511777.6363636362,2020,10,pandemic_shock,True,True,2019-12-31,2019-09-01,3
run_20260811T162732Z_6bbfe89e,fixed_12m_2020,fixed_origin_12m_ex_ante,same_month_historical_mean,2020-11-01,11,1262757.0,2142243.727272727,1032264.892650713,3252222.561894741,2679420.0,879486.7272727271,879486.7272727271,2020,11,pandemic_shock,True,True,2019-12-31,2019-09-01,3
run_20260811T162732Z_6bbfe89e,fixed_12m_2020,fixed_origin_12m_ex_ante,same_month_historical_mean,2020-12-01,12,964816.0,1638916.4545454546,528937.6199234405,2748895.2891674684,2180881.0,674100.4545454546,674100.4545454546,2020,12,pandemic_shock,True,True,2019-12-31,2019-09-01,3
run_20260811T162732Z_6bbfe89e,fixed_12m_2020,fixed_origin_12m_ex_ante,seasonal_moving_average_3,2020-01-01,1,2529423.0,1946657.6666666667,855140.6271006323,3038174.7062327014,2226288.0,-582765.3333333333,582765.3333333333,2020,1,pre_pandemic,True,True,2019-12-31,2019-09-01,3
run_20260811T162732Z_6bbfe89e,fixed_12m_2020,fixed_origin_12m_ex_ante,seasonal_moving_average_3,2020-02-01,2,2051923.0,1728040.3333333333,636523.2937672988,2819557.3728993675,1944957.0,-323882.66666666674,323882.66666666674,2020,2,pre_pandemic,True,True,2019-12-31,2019-09-01,3
run_20260811T162732Z_6bbfe89e,fixed_12m_2020,fixed_origin_12m_ex_ante,seasonal_moving_average_3,2020-03-01,3,1058068.0,2195747.3333333335,1104230.293767299,3287264.372899368,2473147.0,1137679.3333333335,1137679.3333333335,2020,3,pandemic_shock,True,True,2019-12-31,2019-09-01,3
run_20260811T162732Z_6bbfe89e,fixed_12m_2020,fixed_origin_12m_ex_ante,seasonal_moving_average_3,2020-04-01,4,,2805121.0,1713603.9604339655,3896638.0395660345,3266256.0,,,2020,4,pandemic_shock,False,False,2019-12-31,2019-09-01,3
run_20260811T162732Z_6bbfe89e,fixed_12m_2020,fixed_origin_12m_ex_ante,seasonal_moving_average_3,2020-05-01,5,,3701881.0,2610363.9604339655,4793398.039566034,4219837.0,,,2020,5,pandemic_shock,False,False,2019-12-31,2019-09-01,3
run_20260811T162732Z_6bbfe89e,fixed_12m_2020,fixed_origin_12m_ex_ante,seasonal_moving_average_3,2020-06-01,6,,4390906.333333333,3299389.2937672986,5482423.3728993675,5276253.0,,,2020,6,pandemic_shock,False,False,2019-12-31,2019-09-01,3
run_20260811T162732Z_6bbfe89e,fixed_12m_2020,fixed_origin_12m_ex_ante,seasonal_moving_average_3,2020-07-01,7,777043.0,5816169.333333333,4724652.293767299,6907686.3728993675,6703045.0,5039126.333333333,5039126.333333333,2020,7,pandemic_shock,True,True,2019-12-31,2019-09-01,3
run_20260811T162732Z_6bbfe89e,fixed_12m_2020,fixed_origin_12m_ex_ante,seasonal_moving_average_3,2020-08-01,8,2192917.0,7181157.0,6089639.960433966,8272674.039566034,8167150.0,4988240.0,4988240.0,2020,8,pandemic_shock,True,True,2019-12-31,2019-09-01,3
run_20260811T162732Z_6bbfe89e,fixed_12m_2020,fixed_origin_12m_ex_ante,seasonal_moving_average_3,2020-09-01,9,2634195.0,6023338.0,4931820.960433966,7114855.039566034,6741769.0,3389143.0,3389143.0,2020,9,pandemic_shock,True,True,2019-12-31,2019-09-01,3
run_20260811T162732Z_6bbfe89e,fixed_12m_2020,fixed_origin_12m_ex_ante,seasonal_moving_average_3,2020-10-01,10,2355124.0,3965177.3333333335,2873660.293767299,5056694.372899368,4791439.0,1610053.3333333335,1610053.3333333335,2020,10,pandemic_shock,True,True,2019-12-31,2019-09-01,3
run_20260811T162732Z_6bbfe89e,fixed_12m_2020,fixed_origin_12m_ex_ante,seasonal_moving_average_3,2020-11-01,11,1262757.0,2284297.3333333335,1192780.293767299,3375814.372899368,2679420.0,1021540.3333333335,1021540.3333333335,2020,11,pandemic_shock,True,True,2019-12-31,2019-09-01,3
run_20260811T162732Z_6bbfe89e,fixed_12m_2020,fixed_origin_12m_ex_ante,seasonal_moving_average_3,2020-12-01,12,964816.0,1950558.3333333333,859041.2937672988,3042075.3728993675,2180881.0,985742.3333333333,985742.3333333333,2020,12,pandemic_shock,True,True,2019-12-31,2019-09-01,3
run_20260811T162732Z_6bbfe89e,fixed_12m_2020,fixed_origin_12m_ex_ante,ets_holt_winters,2020-01-01,1,2529423.0,2230811.2542179544,1723096.2584015694,2738526.2500343393,2226288.0,-298611.74578204565,298611.74578204565,2020,1,pre_pandemic,True,True,2019-12-31,2019-09-01,3
run_20260811T162732Z_6bbfe89e,fixed_12m_2020,fixed_origin_12m_ex_ante,ets_holt_winters,2020-02-01,2,2051923.0,2011950.2335631694,1293932.8006594386,2729967.6664669,1944957.0,-39972.76643683063,39972.76643683063,2020,2,pre_pandemic,True,True,2019-12-31,2019-09-01,3
run_20260811T162732Z_6bbfe89e,fixed_12m_2020,fixed_origin_12m_ex_ante,ets_holt_winters,2020-03-01,3,1058068.0,2505587.4953660704,1626199.3268474718,3384975.663884669,2473147.0,1447519.4953660704,1447519.4953660704,2020,3,pandemic_shock,True,True,2019-12-31,2019-09-01,3
run_20260811T162732Z_6bbfe89e,fixed_12m_2020,fixed_origin_12m_ex_ante,ets_holt_winters,2020-04-01,4,,3059950.0726464107,2044520.0810136409,4075380.0642791805,3266256.0,,,2020,4,pandemic_shock,False,False,2019-12-31,2019-09-01,3
run_20260811T162732Z_6bbfe89e,fixed_12m_2020,fixed_origin_12m_ex_ante,ets_holt_winters,2020-05-01,5,,3951269.194475335,2815983.950633877,5086554.438316793,4219837.0,,,2020,5,pandemic_shock,False,False,2019-12-31,2019-09-01,3
run_20260811T162732Z_6bbfe89e,fixed_12m_2020,fixed_origin_12m_ex_ante,ets_holt_winters,2020-06-01,6,,4581000.459026653,3337357.7845172146,5824643.133536092,5276253.0,,,2020,6,pandemic_shock,False,False,2019-12-31,2019-09-01,3
run_20260811T162732Z_6bbfe89e,fixed_12m_2020,fixed_origin_12m_ex_ante,ets_holt_winters,2020-07-01,7,777043.0,5658350.7042862745,4315063.0884579215,7001638.3201146275,6703045.0,4881307.7042862745,4881307.7042862745,2020,7,pandemic_shock,True,True,2019-12-31,2019-09-01,3
run_20260811T162732Z_6bbfe89e,fixed_12m_2020,fixed_origin_12m_ex_ante,ets_holt_winters,2020-08-01,8,2192917.0,6767212.481254267,5331177.615446805,8203247.347061728,8167150.0,4574295.481254267,4574295.481254267,2020,8,pandemic_shock,True,True,2019-12-31,2019-09-01,3
run_20260811T162732Z_6bbfe89e,fixed_12m_2020,fixed_origin_12m_ex_ante,ets_holt_winters,2020-09-01,9,2634195.0,5519116.460310673,3995971.4728615186,7042261.447759828,6741769.0,2884921.4603106733,2884921.4603106733,2020,9,pandemic_shock,True,True,2019-12-31,2019-09-01,3
run_20260811T162732Z_6bbfe89e,fixed_12m_2020,fixed_origin_12m_ex_ante,ets_holt_winters,2020-10-01,10,2355124.0,4167649.784445604,2562113.995442968,5773185.57344824,4791439.0,1812525.7844456038,1812525.7844456038,2020,10,pandemic_shock,True,True,2019-12-31,2019-09-01,3
run_20260811T162732Z_6bbfe89e,fixed_12m_2020,fixed_origin_12m_ex_ante,ets_holt_winters,2020-11-01,11,1262757.0,2471326.4401153335,787426.2985555232,4155226.581675144,2679420.0,1208569.4401153335,1208569.4401153335,2020,11,pandemic_shock,True,True,2019-12-31,2019-09-01,3
run_20260811T162732Z_6bbfe89e,fixed_12m_2020,fixed_origin_12m_ex_ante,ets_holt_winters,2020-12-01,12,964816.0,2248600.725225051,489824.38818785385,4007377.0622622482,2180881.0,1283784.725225051,1283784.725225051,2020,12,pandemic_shock,True,True,2019-12-31,2019-09-01,3
run_20260811T162732Z_6bbfe89e,fixed_12m_2020,fixed_origin_12m_ex_ante,theta,2020-01-01,1,2529423.0,2052483.5652929249,442938.0827399697,3662029.04784588,2226288.0,-476939.4347070751,476939.4347070751,2020,1,pre_pandemic,True,True,2019-12-31,2019-09-01,3
run_20260811T162732Z_6bbfe89e,fixed_12m_2020,fixed_origin_12m_ex_ante,theta,2020-02-01,2,2051923.0,1871613.5990527105,-416054.0557190934,4159281.2538245143,1944957.0,-180309.40094728954,180309.40094728954,2020,2,pre_pandemic,True,True,2019-12-31,2019-09-01,3
run_20260811T162732Z_6bbfe89e,fixed_12m_2020,fixed_origin_12m_ex_ante,theta,2020-03-01,3,1058068.0,2447215.1666379166,-359243.4446677305,5253673.777943564,2473147.0,1389147.1666379166,1389147.1666379166,2020,3,pandemic_shock,True,True,2019-12-31,2019-09-01,3
run_20260811T162732Z_6bbfe89e,fixed_12m_2020,fixed_origin_12m_ex_ante,theta,2020-04-01,4,,3080355.8963661403,-162944.36343931314,6323656.156171594,3266256.0,,,2020,4,pandemic_shock,False,False,2019-12-31,2019-09-01,3
run_20260811T162732Z_6bbfe89e,fixed_12m_2020,fixed_origin_12m_ex_ante,theta,2020-05-01,5,,4379182.12436597,751264.9238862479,8007099.324845691,4219837.0,,,2020,5,pandemic_shock,False,False,2019-12-31,2019-09-01,3
run_20260811T162732Z_6bbfe89e,fixed_12m_2020,fixed_origin_12m_ex_ante,theta,2020-06-01,6,,5075474.588168796,1099978.411360281,9050970.764977312,5276253.0,,,2020,6,pandemic_shock,False,False,2019-12-31,2019-09-01,3
run_20260811T162732Z_6bbfe89e,fixed_12m_2020,fixed_origin_12m_ex_ante,theta,2020-07-01,7,777043.0,6391476.209262758,2096437.6192031046,10686514.799322411,6703045.0,5614433.209262758,5614433.209262758,2020,7,pandemic_shock,True,True,2019-12-31,2019-09-01,3
run_20260811T162732Z_6bbfe89e,fixed_12m_2020,fixed_origin_12m_ex_ante,theta,2020-08-01,8,2192917.0,7827625.902014707,3235225.317529059,12420026.486500356,8167150.0,5634708.902014707,5634708.902014707,2020,8,pandemic_shock,True,True,2019-12-31,2019-09-01,3
run_20260811T162732Z_6bbfe89e,fixed_12m_2020,fixed_origin_12m_ex_ante,theta,2020-09-01,9,2634195.0,6579554.342797464,1707908.854190291,11451199.831404638,6741769.0,3945359.3427974638,3945359.3427974638,2020,9,pandemic_shock,True,True,2019-12-31,2019-09-01,3
run_20260811T162732Z_6bbfe89e,fixed_12m_2020,fixed_origin_12m_ex_ante,theta,2020-10-01,10,2355124.0,5209418.350962312,73688.95729785226,10345147.744626772,4791439.0,2854294.350962312,2854294.350962312,2020,10,pandemic_shock,True,True,2019-12-31,2019-09-01,3
run_20260811T162732Z_6bbfe89e,fixed_12m_2020,fixed_origin_12m_ex_ante,theta,2020-11-01,11,1262757.0,2881774.3367186417,-2505108.1609075707,8268656.834344855,2679420.0,1619017.3367186417,1619017.3367186417,2020,11,pandemic_shock,True,True,2019-12-31,2019-09-01,3
run_20260811T162732Z_6bbfe89e,fixed_12m_2020,fixed_origin_12m_ex_ante,theta,2020-12-01,12,964816.0,2191729.039990944,-3435107.520769829,7818565.600751717,2180881.0,1226913.0399909439,1226913.0399909439,2020,12,pandemic_shock,True,True,2019-12-31,2019-09-01,3
run_20260811T162732Z_6bbfe89e,fixed_12m_2020,fixed_origin_12m_ex_ante,sarima_111_111_12,2020-01-01,1,2529423.0,3103505.1469162256,2070051.9111162904,4136958.3827161607,2226288.0,574082.1469162256,574082.1469162256,2020,1,pre_pandemic,True,True,2019-12-31,2019-09-01,3
run_20260811T162732Z_6bbfe89e,fixed_12m_2020,fixed_origin_12m_ex_ante,sarima_111_111_12,2020-02-01,2,2051923.0,2864960.27552782,1707534.7409083864,4022385.810147254,1944957.0,813037.27552782,813037.27552782,2020,2,pre_pandemic,True,True,2019-12-31,2019-09-01,3
run_20260811T162732Z_6bbfe89e,fixed_12m_2020,fixed_origin_12m_ex_ante,sarima_111_111_12,2020-03-01,3,1058068.0,3367858.3644918315,2102217.695716344,4633499.033267319,2473147.0,2309790.3644918315,2309790.3644918315,2020,3,pandemic_shock,True,True,2019-12-31,2019-09-01,3
run_20260811T162732Z_6bbfe89e,fixed_12m_2020,fixed_origin_12m_ex_ante,sarima_111_111_12,2020-04-01,4,,4119245.6133452305,2750824.5763071324,5487666.650383329,3266256.0,,,2020,4,pandemic_shock,False,False,2019-12-31,2019-09-01,3
run_20260811T162732Z_6bbfe89e,fixed_12m_2020,fixed_origin_12m_ex_ante,sarima_111_111_12,2020-05-01,5,,5060248.188393453,3598888.2566951527,6521608.120091753,4219837.0,,,2020,5,pandemic_shock,False,False,2019-12-31,2019-09-01,3
run_20260811T162732Z_6bbfe89e,fixed_12m_2020,fixed_origin_12m_ex_ante,sarima_111_111_12,2020-06-01,6,,6013338.852690409,4462345.395978192,7564332.309402626,5276253.0,,,2020,6,pandemic_shock,False,False,2019-12-31,2019-09-01,3
run_20260811T162732Z_6bbfe89e,fixed_12m_2020,fixed_origin_12m_ex_ante,sarima_111_111_12,2020-07-01,7,777043.0,7387922.706536609,5754146.761913461,9021698.651159756,6703045.0,6610879.706536609,6610879.706536609,2020,7,pandemic_shock,True,True,2019-12-31,2019-09-01,3
run_20260811T162732Z_6bbfe89e,fixed_12m_2020,fixed_origin_12m_ex_ante,sarima_111_111_12,2020-08-01,8,2192917.0,8830636.301163096,7116390.64976524,10544881.952560952,8167150.0,6637719.301163096,6637719.301163096,2020,8,pandemic_shock,True,True,2019-12-31,2019-09-01,3
run_20260811T162732Z_6bbfe89e,fixed_12m_2020,fixed_origin_12m_ex_ante,sarima_111_111_12,2020-09-01,9,2634195.0,7499872.360570367,5710231.628596304,9289513.09254443,6741769.0,4865677.360570367,4865677.360570367,2020,9,pandemic_shock,True,True,2019-12-31,2019-09-01,3
run_20260811T162732Z_6bbfe89e,fixed_12m_2020,fixed_origin_12m_ex_ante,sarima_111_111_12,2020-10-01,10,2355124.0,6322644.114830969,4302894.51264264,8342393.717019298,4791439.0,3967520.114830969,3967520.114830969,2020,10,pandemic_shock,True,True,2019-12-31,2019-09-01,3
run_20260811T162732Z_6bbfe89e,fixed_12m_2020,fixed_origin_12m_ex_ante,sarima_111_111_12,2020-11-01,11,1262757.0,4334349.644893877,2114369.251167587,6554330.038620167,2679420.0,3071592.644893877,3071592.644893877,2020,11,pandemic_shock,True,True,2019-12-31,2019-09-01,3
run_20260811T162732Z_6bbfe89e,fixed_12m_2020,fixed_origin_12m_ex_ante,sarima_111_111_12,2020-12-01,12,964816.0,3910405.8176018703,1501608.564405377,6319203.070798364,2180881.0,2945589.8176018703,2945589.8176018703,2020,12,pandemic_shock,True,True,2019-12-31,2019-09-01,3
run_20260811T162732Z_6bbfe89e,fixed_12m_2020,fixed_origin_12m_ex_ante,dynamic_harmonic_arima_k2,2020-01-01,1,2529423.0,3260593.15920715,2327680.415033531,4193505.903380769,2226288.0,731170.1592071499,731170.1592071499,2020,1,pre_pandemic,True,True,2019-12-31,2019-09-01,3
run_20260811T162732Z_6bbfe89e,fixed_12m_2020,fixed_origin_12m_ex_ante,dynamic_harmonic_arima_k2,2020-02-01,2,2051923.0,3517346.1016405616,2528325.3172958544,4506366.885985269,1944957.0,1465423.1016405616,1465423.1016405616,2020,2,pre_pandemic,True,True,2019-12-31,2019-09-01,3
run_20260811T162732Z_6bbfe89e,fixed_12m_2020,fixed_origin_12m_ex_ante,dynamic_harmonic_arima_k2,2020-03-01,3,1058068.0,3875274.4039235367,2833162.1088810316,4917386.698966041,2473147.0,2817206.4039235367,2817206.4039235367,2020,3,pandemic_shock,True,True,2019-12-31,2019-09-01,3
run_20260811T162732Z_6bbfe89e,fixed_12m_2020,fixed_origin_12m_ex_ante,dynamic_harmonic_arima_k2,2020-04-01,4,,4297298.673176984,3204671.582586731,5389925.763767238,3266256.0,,,2020,4,pandemic_shock,False,False,2019-12-31,2019-09-01,3
run_20260811T162732Z_6bbfe89e,fixed_12m_2020,fixed_origin_12m_ex_ante,dynamic_harmonic_arima_k2,2020-05-01,5,,4991978.558748927,3851071.076652027,6132886.040845826,4219837.0,,,2020,5,pandemic_shock,False,False,2019-12-31,2019-09-01,3
run_20260811T162732Z_6bbfe89e,fixed_12m_2020,fixed_origin_12m_ex_ante,dynamic_harmonic_arima_k2,2020-06-01,6,,6041942.799131978,4854716.701744605,7229168.896519352,5276253.0,,,2020,6,pandemic_shock,False,False,2019-12-31,2019-09-01,3
run_20260811T162732Z_6bbfe89e,fixed_12m_2020,fixed_origin_12m_ex_ante,dynamic_harmonic_arima_k2,2020-07-01,7,777043.0,7118935.413390784,5887131.155429877,8350739.67135169,6703045.0,6341892.413390784,6341892.413390784,2020,7,pandemic_shock,True,True,2019-12-31,2019-09-01,3
run_20260811T162732Z_6bbfe89e,fixed_12m_2020,fixed_origin_12m_ex_ante,dynamic_harmonic_arima_k2,2020-08-01,8,2192917.0,7624644.684815563,6349820.126869026,8899469.2427621,8167150.0,5431727.684815563,5431727.684815563,2020,8,pandemic_shock,True,True,2019-12-31,2019-09-01,3
run_20260811T162732Z_6bbfe89e,fixed_12m_2020,fixed_origin_12m_ex_ante,dynamic_harmonic_arima_k2,2020-09-01,9,2634195.0,7166706.865709466,5850267.130227226,8483146.601191707,6741769.0,4532511.865709466,4532511.865709466,2020,9,pandemic_shock,True,True,2019-12-31,2019-09-01,3
run_20260811T162732Z_6bbfe89e,fixed_12m_2020,fixed_origin_12m_ex_ante,dynamic_harmonic_arima_k2,2020-10-01,10,2355124.0,5926653.2315447945,4569874.140915256,7283432.322174333,4791439.0,3571529.2315447945,3571529.2315447945,2020,10,pandemic_shock,True,True,2019-12-31,2019-09-01,3
run_20260811T162732Z_6bbfe89e,fixed_12m_2020,fixed_origin_12m_ex_ante,dynamic_harmonic_arima_k2,2020-11-01,11,1262757.0,4558395.86364814,3162442.6322028735,5954349.095093407,2679420.0,3295638.86364814,3295638.86364814,2020,11,pandemic_shock,True,True,2019-12-31,2019-09-01,3
run_20260811T162732Z_6bbfe89e,fixed_12m_2020,fixed_origin_12m_ex_ante,dynamic_harmonic_arima_k2,2020-12-01,12,964816.0,3697325.87161507,2263268.2200558838,5131383.523174256,2180881.0,2732509.87161507,2732509.87161507,2020,12,pandemic_shock,True,True,2019-12-31,2019-09-01,3
run_20260811T162732Z_6bbfe89e,fixed_12m_2020,fixed_origin_12m_ex_ante,stl_arima_111,2020-01-01,1,2529423.0,2138442.573310686,1557928.0810251334,2718957.0655962382,2226288.0,-390980.4266893142,390980.4266893142,2020,1,pre_pandemic,True,True,2019-12-31,2019-09-01,3
run_20260811T162732Z_6bbfe89e,fixed_12m_2020,fixed_origin_12m_ex_ante,stl_arima_111,2020-02-01,2,2051923.0,1893269.057610724,1072297.5894663641,2714240.5257550837,1944957.0,-158653.9423892761,158653.9423892761,2020,2,pre_pandemic,True,True,2019-12-31,2019-09-01,3
run_20260811T162732Z_6bbfe89e,fixed_12m_2020,fixed_origin_12m_ex_ante,stl_arima_111,2020-03-01,3,1058068.0,2320556.572379998,1315075.9772113704,3326037.1675486257,2473147.0,1262488.572379998,1262488.572379998,2020,3,pandemic_shock,True,True,2019-12-31,2019-09-01,3
run_20260811T162732Z_6bbfe89e,fixed_12m_2020,fixed_origin_12m_ex_ante,stl_arima_111,2020-04-01,4,,3048299.4883225486,1887270.503751444,4209328.472893653,3266256.0,,,2020,4,pandemic_shock,False,False,2019-12-31,2019-09-01,3
run_20260811T162732Z_6bbfe89e,fixed_12m_2020,fixed_origin_12m_ex_ante,stl_arima_111,2020-05-01,5,,3913335.959307519,2615266.0926332464,5211405.825981791,4219837.0,,,2020,5,pandemic_shock,False,False,2019-12-31,2019-09-01,3
run_20260811T162732Z_6bbfe89e,fixed_12m_2020,fixed_origin_12m_ex_ante,stl_arima_111,2020-06-01,6,,4466180.220479713,3044215.926089268,5888144.514870157,5276253.0,,,2020,6,pandemic_shock,False,False,2019-12-31,2019-09-01,3
run_20260811T162732Z_6bbfe89e,fixed_12m_2020,fixed_origin_12m_ex_ante,stl_arima_111,2020-07-01,7,777043.0,5887678.842262567,4351781.863206072,7423575.821319062,6703045.0,5110635.842262567,5110635.842262567,2020,7,pandemic_shock,True,True,2019-12-31,2019-09-01,3
run_20260811T162732Z_6bbfe89e,fixed_12m_2020,fixed_origin_12m_ex_ante,stl_arima_111,2020-08-01,8,2192917.0,7149731.5089436695,5507788.57265495,8791674.44523239,8167150.0,4956814.5089436695,4956814.5089436695,2020,8,pandemic_shock,True,True,2019-12-31,2019-09-01,3
run_20260811T162732Z_6bbfe89e,fixed_12m_2020,fixed_origin_12m_ex_ante,stl_arima_111,2020-09-01,9,2634195.0,6281336.184182684,4539792.707326027,8022879.661039341,6741769.0,3647141.184182684,3647141.184182684,2020,9,pandemic_shock,True,True,2019-12-31,2019-09-01,3
run_20260811T162732Z_6bbfe89e,fixed_12m_2020,fixed_origin_12m_ex_ante,stl_arima_111,2020-10-01,10,2355124.0,4323487.283006924,2487739.272648333,6159235.293365516,4791439.0,1968363.2830069242,1968363.2830069242,2020,10,pandemic_shock,True,True,2019-12-31,2019-09-01,3
run_20260811T162732Z_6bbfe89e,fixed_12m_2020,fixed_origin_12m_ex_ante,stl_arima_111,2020-11-01,11,1262757.0,2704252.3880422595,778903.6317674182,4629601.144317101,2679420.0,1441495.3880422595,1441495.3880422595,2020,11,pandemic_shock,True,True,2019-12-31,2019-09-01,3
run_20260811T162732Z_6bbfe89e,fixed_12m_2020,fixed_origin_12m_ex_ante,stl_arima_111,2020-12-01,12,964816.0,2264457.9389263755,253496.74858912034,4275419.12926363,2180881.0,1299641.9389263755,1299641.9389263755,2020,12,pandemic_shock,True,True,2019-12-31,2019-09-01,3
run_20260811T162732Z_6bbfe89e,fixed_12m_2021,fixed_origin_12m_ex_ante,naive_last,2021-01-01,1,829932.0,2634195.0,-985996.4353136304,6254386.435313631,2529423.0,1804263.0,1804263.0,2021,1,recovery,True,True,2020-12-31,2020-09-01,3
run_20260811T162732Z_6bbfe89e,fixed_12m_2021,fixed_origin_12m_ex_ante,naive_last,2021-02-01,2,727126.0,2634195.0,-1413302.070461905,6681692.070461905,2051923.0,1907069.0,1907069.0,2021,2,recovery,True,True,2020-12-31,2020-09-01,3
run_20260811T162732Z_6bbfe89e,fixed_12m_2021,fixed_origin_12m_ex_ante,naive_last,2021-03-01,3,1043411.0,2634195.0,-1799615.893856124,7068005.893856124,1058068.0,1590784.0,1590784.0,2021,3,recovery,True,True,2020-12-31,2020-09-01,3
run_20260811T162732Z_6bbfe89e,fixed_12m_2021,fixed_origin_12m_ex_ante,naive_last,2021-04-01,4,1179562.0,2634195.0,-2154868.1181429196,7423258.11814292,3266256.0,1454633.0,1454633.0,2021,4,recovery,True,True,2020-12-31,2020-09-01,3
run_20260811T162732Z_6bbfe89e,fixed_12m_2021,fixed_origin_12m_ex_ante,naive_last,2021-05-01,5,1025559.0,2634195.0,-2485528.826207458,7753918.826207458,4219837.0,1608636.0,1608636.0,2021,5,recovery,True,True,2020-12-31,2020-09-01,3
run_20260811T162732Z_6bbfe89e,fixed_12m_2021,fixed_origin_12m_ex_ante,naive_last,2021-06-01,6,1861089.0,2634195.0,-2796092.1529704453,8064482.152970445,5276253.0,773106.0,773106.0,2021,6,recovery,True,True,2020-12-31,2020-09-01,3
run_20260811T162732Z_6bbfe89e,fixed_12m_2021,fixed_origin_12m_ex_ante,naive_last,2021-07-01,7,3735532.0,2634195.0,-3089830.2507125977,8358220.250712598,777043.0,-1101337.0,1101337.0,2021,7,recovery,True,True,2020-12-31,2020-09-01,3
run_20260811T162732Z_6bbfe89e,fixed_12m_2021,fixed_origin_12m_ex_ante,naive_last,2021-08-01,8,5499057.0,2634195.0,-3369213.330096741,8637603.33009674,2192917.0,-2864862.0,2864862.0,2021,8,recovery,True,True,2020-12-31,2020-09-01,3
run_20260811T162732Z_6bbfe89e,fixed_12m_2021,fixed_origin_12m_ex_ante,naive_last,2021-09-01,9,4406083.0,2634195.0,-3636160.4990889058,8904550.499088906,2634195.0,-1771888.0,1771888.0,2021,9,recovery,True,True,2020-12-31,2020-09-01,3
run_20260811T162732Z_6bbfe89e,fixed_12m_2021,fixed_origin_12m_ex_ante,naive_last,2021-10-01,10,4406796.0,2634195.0,-3892197.923509435,9160587.923509434,5437494.0,-1772601.0,1772601.0,2021,10,recovery,True,True,2020-12-31,2020-09-01,3
run_20260811T162732Z_6bbfe89e,fixed_12m_2021,fixed_origin_12m_ex_ante,naive_last,2021-11-01,11,2466682.0,2634195.0,-4138563.0127385007,9406953.0127385,3005517.0,167513.0,167513.0,2021,11,recovery,True,True,2020-12-31,2020-09-01,3
run_20260811T162732Z_6bbfe89e,fixed_12m_2021,fixed_origin_12m_ex_ante,naive_last,2021-12-01,12,2176634.0,2634195.0,-4376275.569526208,9644665.569526207,2398329.0,457561.0,457561.0,2021,12,recovery,True,True,2020-12-31,2020-09-01,3
run_20260811T162732Z_6bbfe89e,fixed_12m_2021,fixed_origin_12m_ex_ante,seasonal_naive,2021-01-01,1,829932.0,2529423.0,643613.17050236,4415232.82949764,2529423.0,1699491.0,1699491.0,2021,1,recovery,True,True,2020-12-31,2020-09-01,3
run_20260811T162732Z_6bbfe89e,fixed_12m_2021,fixed_origin_12m_ex_ante,seasonal_naive,2021-02-01,2,727126.0,2051923.0,-615014.8369320566,4718860.836932057,2051923.0,1324797.0,1324797.0,2021,2,recovery,True,True,2020-12-31,2020-09-01,3
run_20260811T162732Z_6bbfe89e,fixed_12m_2021,fixed_origin_12m_ex_ante,seasonal_naive,2021-03-01,3,1043411.0,1058068.0,-2208250.438102714,4324386.438102714,1058068.0,14657.0,14657.0,2021,3,recovery,True,True,2020-12-31,2020-09-01,3
run_20260811T162732Z_6bbfe89e,fixed_12m_2021,fixed_origin_12m_ex_ante,seasonal_naive,2021-04-01,4,1179562.0,3266256.0,-505363.65899528004,7037875.65899528,3266256.0,2086694.0,2086694.0,2021,4,recovery,True,True,2020-12-31,2020-09-01,3
run_20260811T162732Z_6bbfe89e,fixed_12m_2021,fixed_origin_12m_ex_ante,seasonal_naive,2021-05-01,5,1025559.0,4219837.0,3038.028605988249,8436635.971394012,4219837.0,3194278.0,3194278.0,2021,5,recovery,True,True,2020-12-31,2020-09-01,3
run_20260811T162732Z_6bbfe89e,fixed_12m_2021,fixed_origin_12m_ex_ante,seasonal_naive,2021-06-01,6,1861089.0,5276253.0,656981.1658058371,9895524.834194163,5276253.0,3415164.0,3415164.0,2021,6,recovery,True,True,2020-12-31,2020-09-01,3
run_20260811T162732Z_6bbfe89e,fixed_12m_2021,fixed_origin_12m_ex_ante,seasonal_naive,2021-07-01,7,3735532.0,777043.0,-4212340.828811874,5766426.828811874,777043.0,-2958489.0,2958489.0,2021,7,recovery,True,True,2020-12-31,2020-09-01,3
run_20260811T162732Z_6bbfe89e,fixed_12m_2021,fixed_origin_12m_ex_ante,seasonal_naive,2021-08-01,8,5499057.0,2192917.0,-3140958.673864113,7526792.673864113,2192917.0,-3306140.0,3306140.0,2021,8,recovery,True,True,2020-12-31,2020-09-01,3
run_20260811T162732Z_6bbfe89e,fixed_12m_2021,fixed_origin_12m_ex_ante,seasonal_naive,2021-09-01,9,4406083.0,2634195.0,-3023234.48849292,8291624.48849292,2634195.0,-1771888.0,1771888.0,2021,9,recovery,True,True,2020-12-31,2020-09-01,3
run_20260811T162732Z_6bbfe89e,fixed_12m_2021,fixed_origin_12m_ex_ante,seasonal_naive,2021-10-01,10,4406796.0,5437494.0,-525960.2951463275,11400948.295146327,5437494.0,1030698.0,1030698.0,2021,10,recovery,True,True,2020-12-31,2020-09-01,3
run_20260811T162732Z_6bbfe89e,fixed_12m_2021,fixed_origin_12m_ex_ante,seasonal_naive,2021-11-01,11,2466682.0,3005517.0,-3249006.6304077627,9260040.630407762,3005517.0,538835.0,538835.0,2021,11,recovery,True,True,2020-12-31,2020-09-01,3
run_20260811T162732Z_6bbfe89e,fixed_12m_2021,fixed_origin_12m_ex_ante,seasonal_naive,2021-12-01,12,2176634.0,2398329.0,-4134307.8762054276,8930965.876205428,2398329.0,221695.0,221695.0,2021,12,recovery,True,True,2020-12-31,2020-09-01,3
run_20260811T162732Z_6bbfe89e,fixed_12m_2021,fixed_origin_12m_ex_ante,drift,2021-01-01,1,829932.0,2673428.798657718,-3517506.631397293,8864364.22871273,2529423.0,1843496.798657718,1843496.798657718,2021,1,recovery,True,True,2020-12-31,2020-09-01,3
run_20260811T162732Z_6bbfe89e,fixed_12m_2021,fixed_origin_12m_ex_ante,drift,2021-02-01,2,727126.0,2683237.248322148,-4238438.984635302,9604913.481279597,2051923.0,1956111.2483221479,1956111.2483221479,2021,2,recovery,True,True,2020-12-31,2020-09-01,3
run_20260811T162732Z_6bbfe89e,fixed_12m_2021,fixed_origin_12m_ex_ante,drift,2021-03-01,3,1043411.0,2693045.697986577,-4889270.719089778,10275362.115062933,1058068.0,1649634.6979865772,1649634.6979865772,2021,3,recovery,True,True,2020-12-31,2020-09-01,3
run_20260811T162732Z_6bbfe89e,fixed_12m_2021,fixed_origin_12m_ex_ante,drift,2021-04-01,4,1179562.0,2702854.147651007,-5486983.617741128,10892691.913043143,3266256.0,1523292.147651007,1523292.147651007,2021,4,recovery,True,True,2020-12-31,2020-09-01,3
run_20260811T162732Z_6bbfe89e,fixed_12m_2021,fixed_origin_12m_ex_ante,drift,2021-05-01,5,1025559.0,2712662.597315436,-6042642.251644472,11467967.446275344,4219837.0,1687103.5973154362,1687103.5973154362,2021,5,recovery,True,True,2020-12-31,2020-09-01,3
run_20260811T162732Z_6bbfe89e,fixed_12m_2021,fixed_origin_12m_ex_ante,drift,2021-06-01,6,1861089.0,2722471.046979866,-6563932.098102651,12008874.192062382,5276253.0,861382.046979866,861382.046979866,2021,6,recovery,True,True,2020-12-31,2020-09-01,3
run_20260811T162732Z_6bbfe89e,fixed_12m_2021,fixed_origin_12m_ex_ante,drift,2021-07-01,7,3735532.0,2732279.4966442953,-7056448.906359645,12521007.899648236,777043.0,-1003252.5033557047,1003252.5033557047,2021,7,recovery,True,True,2020-12-31,2020-09-01,3
run_20260811T162732Z_6bbfe89e,fixed_12m_2021,fixed_origin_12m_ex_ante,drift,2021-08-01,8,5499057.0,2742087.946308725,-7524417.015096284,13008592.907713734,2192917.0,-2756969.053691275,2756969.053691275,2021,8,recovery,True,True,2020-12-31,2020-09-01,3
run_20260811T162732Z_6bbfe89e,fixed_12m_2021,fixed_origin_12m_ex_ante,drift,2021-09-01,9,4406083.0,2751896.3959731543,-7971118.315260402,13474911.10720671,2634195.0,-1654186.6040268457,1654186.6040268457,2021,9,recovery,True,True,2020-12-31,2020-09-01,3
run_20260811T162732Z_6bbfe89e,fixed_12m_2021,fixed_origin_12m_ex_ante,drift,2021-10-01,10,4406796.0,2761704.845637584,-8399162.722437438,13922572.413712606,5437494.0,-1645091.154362416,1645091.154362416,2021,10,recovery,True,True,2020-12-31,2020-09-01,3
run_20260811T162732Z_6bbfe89e,fixed_12m_2021,fixed_origin_12m_ex_ante,drift,2021-11-01,11,2466682.0,2771513.2953020134,-8810666.346150907,14353692.936754933,3005517.0,304831.2953020134,304831.2953020134,2021,11,recovery,True,True,2020-12-31,2020-09-01,3
run_20260811T162732Z_6bbfe89e,fixed_12m_2021,fixed_origin_12m_ex_ante,drift,2021-12-01,12,2176634.0,2781321.744966443,-9207373.164057812,14770016.653990699,2398329.0,604687.7449664432,604687.7449664432,2021,12,recovery,True,True,2020-12-31,2020-09-01,3
run_20260811T162732Z_6bbfe89e,fixed_12m_2021,fixed_origin_12m_ex_ante,same_month_historical_mean,2021-01-01,1,829932.0,1617554.6153846155,141161.38477113703,3093947.845998094,2529423.0,787622.6153846155,787622.6153846155,2021,1,recovery,True,True,2020-12-31,2020-09-01,3
run_20260811T162732Z_6bbfe89e,fixed_12m_2021,fixed_origin_12m_ex_ante,same_month_historical_mean,2021-02-01,2,727126.0,1458886.923076923,-17506.307536555454,2935280.1536904015,2051923.0,731760.923076923,731760.923076923,2021,2,recovery,True,True,2020-12-31,2020-09-01,3
run_20260811T162732Z_6bbfe89e,fixed_12m_2021,fixed_origin_12m_ex_ante,same_month_historical_mean,2021-03-01,3,1043411.0,1790828.2307692308,314435.0001557523,3267221.4613827094,1058068.0,747417.2307692308,747417.2307692308,2021,3,recovery,True,True,2020-12-31,2020-09-01,3
run_20260811T162732Z_6bbfe89e,fixed_12m_2021,fixed_origin_12m_ex_ante,same_month_historical_mean,2021-04-01,4,1179562.0,2331065.9166666665,854672.686053188,3807459.147280145,3266256.0,1151503.9166666665,1151503.9166666665,2021,4,recovery,True,True,2020-12-31,2020-09-01,3
run_20260811T162732Z_6bbfe89e,fixed_12m_2021,fixed_origin_12m_ex_ante,same_month_historical_mean,2021-05-01,5,1025559.0,3337530.3333333335,1861137.102719855,4813923.5639468115,4219837.0,2311971.3333333335,2311971.3333333335,2021,5,recovery,True,True,2020-12-31,2020-09-01,3
run_20260811T162732Z_6bbfe89e,fixed_12m_2021,fixed_origin_12m_ex_ante,same_month_historical_mean,2021-06-01,6,1861089.0,3879271.75,2402878.5193865215,5355664.980613478,5276253.0,2018182.75,2018182.75,2021,6,recovery,True,True,2020-12-31,2020-09-01,3
run_20260811T162732Z_6bbfe89e,fixed_12m_2021,fixed_origin_12m_ex_ante,same_month_historical_mean,2021-07-01,7,3735532.0,4573390.307692308,3096997.0770788295,6049783.538305786,777043.0,837858.307692308,837858.307692308,2021,7,recovery,True,True,2020-12-31,2020-09-01,3
run_20260811T162732Z_6bbfe89e,fixed_12m_2021,fixed_origin_12m_ex_ante,same_month_historical_mean,2021-08-01,8,5499057.0,5700622.0,4224228.769386522,7177015.230613478,2192917.0,201565.0,201565.0,2021,8,recovery,True,True,2020-12-31,2020-09-01,3
run_20260811T162732Z_6bbfe89e,fixed_12m_2021,fixed_origin_12m_ex_ante,same_month_historical_mean,2021-09-01,9,4406083.0,4859700.307692308,3383307.0770788295,6336093.538305786,2634195.0,453617.307692308,453617.307692308,2021,9,recovery,True,True,2020-12-31,2020-09-01,3
run_20260811T162732Z_6bbfe89e,fixed_12m_2021,fixed_origin_12m_ex_ante,same_month_historical_mean,2021-10-01,10,4406796.0,3997784.3333333335,2521391.102719855,5474177.5639468115,5437494.0,-409011.6666666665,409011.6666666665,2021,10,recovery,True,True,2020-12-31,2020-09-01,3
run_20260811T162732Z_6bbfe89e,fixed_12m_2021,fixed_origin_12m_ex_ante,same_month_historical_mean,2021-11-01,11,2466682.0,2214183.1666666665,737789.936053188,3690576.397280145,3005517.0,-252498.8333333335,252498.8333333335,2021,11,recovery,True,True,2020-12-31,2020-09-01,3
run_20260811T162732Z_6bbfe89e,fixed_12m_2021,fixed_origin_12m_ex_ante,same_month_historical_mean,2021-12-01,12,2176634.0,1702200.8333333333,225807.6027198548,3178594.0639468115,2398329.0,-474433.16666666674,474433.16666666674,2021,12,recovery,True,True,2020-12-31,2020-09-01,3
run_20260811T162732Z_6bbfe89e,fixed_12m_2021,fixed_origin_12m_ex_ante,seasonal_moving_average_3,2021-01-01,1,829932.0,2267017.3333333335,506612.56803886546,4027422.0986278015,2529423.0,1437085.3333333335,1437085.3333333335,2021,1,recovery,True,True,2020-12-31,2020-09-01,3
run_20260811T162732Z_6bbfe89e,fixed_12m_2021,fixed_origin_12m_ex_ante,seasonal_moving_average_3,2021-02-01,2,727126.0,1934567.3333333333,174162.56803886523,3694972.098627801,2051923.0,1207441.3333333333,1207441.3333333333,2021,2,recovery,True,True,2020-12-31,2020-09-01,3
run_20260811T162732Z_6bbfe89e,fixed_12m_2021,fixed_origin_12m_ex_ante,seasonal_moving_average_3,2021-03-01,3,1043411.0,1933744.6666666667,173339.9013721987,3694149.431961135,1058068.0,890333.6666666667,890333.6666666667,2021,3,recovery,True,True,2020-12-31,2020-09-01,3
run_20260811T162732Z_6bbfe89e,fixed_12m_2021,fixed_origin_12m_ex_ante,seasonal_moving_average_3,2021-04-01,4,1179562.0,2805121.0,1044716.234705532,4565525.765294468,3266256.0,1625559.0,1625559.0,2021,4,recovery,True,True,2020-12-31,2020-09-01,3
run_20260811T162732Z_6bbfe89e,fixed_12m_2021,fixed_origin_12m_ex_ante,seasonal_moving_average_3,2021-05-01,5,1025559.0,3701881.0,1941476.234705532,5462285.765294468,4219837.0,2676322.0,2676322.0,2021,5,recovery,True,True,2020-12-31,2020-09-01,3
run_20260811T162732Z_6bbfe89e,fixed_12m_2021,fixed_origin_12m_ex_ante,seasonal_moving_average_3,2021-06-01,6,1861089.0,4390906.333333333,2630501.568038865,6151311.098627801,5276253.0,2529817.333333333,2529817.333333333,2021,6,recovery,True,True,2020-12-31,2020-09-01,3
run_20260811T162732Z_6bbfe89e,fixed_12m_2021,fixed_origin_12m_ex_ante,seasonal_moving_average_3,2021-07-01,7,3735532.0,4397687.666666667,2637282.901372199,6158092.431961135,777043.0,662155.666666667,662155.666666667,2021,7,recovery,True,True,2020-12-31,2020-09-01,3
run_20260811T162732Z_6bbfe89e,fixed_12m_2021,fixed_origin_12m_ex_ante,seasonal_moving_average_3,2021-08-01,8,5499057.0,5804166.666666667,4043761.901372199,7564571.431961135,2192917.0,305109.666666667,305109.666666667,2021,8,recovery,True,True,2020-12-31,2020-09-01,3
run_20260811T162732Z_6bbfe89e,fixed_12m_2021,fixed_origin_12m_ex_ante,seasonal_moving_average_3,2021-09-01,9,4406083.0,5132440.333333333,3372035.568038865,6892845.098627801,2634195.0,726357.333333333,726357.333333333,2021,9,recovery,True,True,2020-12-31,2020-09-01,3
run_20260811T162732Z_6bbfe89e,fixed_12m_2021,fixed_origin_12m_ex_ante,seasonal_moving_average_3,2021-10-01,10,4406796.0,4714230.666666667,2953825.901372199,6474635.431961135,5437494.0,307434.666666667,307434.666666667,2021,10,recovery,True,True,2020-12-31,2020-09-01,3
run_20260811T162732Z_6bbfe89e,fixed_12m_2021,fixed_origin_12m_ex_ante,seasonal_moving_average_3,2021-11-01,11,2466682.0,2659594.6666666665,899189.9013721985,4419999.431961134,3005517.0,192912.6666666665,192912.6666666665,2021,11,recovery,True,True,2020-12-31,2020-09-01,3
run_20260811T162732Z_6bbfe89e,fixed_12m_2021,fixed_origin_12m_ex_ante,seasonal_moving_average_3,2021-12-01,12,2176634.0,2206844.3333333335,446439.56803886546,3967249.0986278015,2398329.0,30210.33333333349,30210.33333333349,2021,12,recovery,True,True,2020-12-31,2020-09-01,3
run_20260811T162732Z_6bbfe89e,fixed_12m_2021,fixed_origin_12m_ex_ante,ets_holt_winters,2021-01-01,1,829932.0,2365850.3109649485,1164408.2097346478,3567292.4121952495,2529423.0,1535918.3109649485,1535918.3109649485,2021,1,recovery,True,True,2020-12-31,2020-09-01,3
run_20260811T162732Z_6bbfe89e,fixed_12m_2021,fixed_origin_12m_ex_ante,ets_holt_winters,2021-02-01,2,727126.0,2210500.378518791,511404.66455287044,3909596.0924847117,2051923.0,1483374.378518791,1483374.378518791,2021,2,recovery,True,True,2020-12-31,2020-09-01,3
run_20260811T162732Z_6bbfe89e,fixed_12m_2021,fixed_origin_12m_ex_ante,ets_holt_winters,2021-03-01,3,1043411.0,2546561.1889522932,465602.4272691021,4627519.950635484,1058068.0,1503150.1889522932,1503150.1889522932,2021,3,recovery,True,True,2020-12-31,2020-09-01,3
run_20260811T162732Z_6bbfe89e,fixed_12m_2021,fixed_origin_12m_ex_ante,ets_holt_winters,2021-04-01,4,1179562.0,3138342.146476763,735457.9440161614,5541226.348937364,3266256.0,1958780.1464767628,1958780.1464767628,2021,4,recovery,True,True,2020-12-31,2020-09-01,3
run_20260811T162732Z_6bbfe89e,fixed_12m_2021,fixed_origin_12m_ex_ante,ets_holt_winters,2021-05-01,5,1025559.0,4126851.4473025445,1440345.2379214084,6813357.656683681,4219837.0,3101292.4473025445,3101292.4473025445,2021,5,recovery,True,True,2020-12-31,2020-09-01,3
run_20260811T162732Z_6bbfe89e,fixed_12m_2021,fixed_origin_12m_ex_ante,ets_holt_winters,2021-06-01,6,1861089.0,4694611.807766592,1751691.7042551022,7637531.911278082,5276253.0,2833522.807766592,2833522.807766592,2021,6,recovery,True,True,2020-12-31,2020-09-01,3
run_20260811T162732Z_6bbfe89e,fixed_12m_2021,fixed_origin_12m_ex_ante,ets_holt_winters,2021-07-01,7,3735532.0,5262536.442658168,2083819.4281599033,8441253.457156433,777043.0,1527004.4426581683,1527004.4426581683,2021,7,recovery,True,True,2020-12-31,2020-09-01,3
run_20260811T162732Z_6bbfe89e,fixed_12m_2021,fixed_origin_12m_ex_ante,ets_holt_winters,2021-08-01,8,5499057.0,6369623.600604374,2971432.172672533,9767815.028536215,2192917.0,870566.600604374,870566.600604374,2021,8,recovery,True,True,2020-12-31,2020-09-01,3
run_20260811T162732Z_6bbfe89e,fixed_12m_2021,fixed_origin_12m_ex_ante,ets_holt_winters,2021-09-01,9,4406083.0,5522642.457802833,1918316.154111931,9126968.761493735,2634195.0,1116559.457802833,1116559.457802833,2021,9,recovery,True,True,2020-12-31,2020-09-01,3
run_20260811T162732Z_6bbfe89e,fixed_12m_2021,fixed_origin_12m_ex_ante,ets_holt_winters,2021-10-01,10,4406796.0,4758786.1712116,959492.6545052635,8558079.687917937,5437494.0,351990.1712116003,351990.1712116003,2021,10,recovery,True,True,2020-12-31,2020-09-01,3
run_20260811T162732Z_6bbfe89e,fixed_12m_2021,fixed_origin_12m_ex_ante,ets_holt_winters,2021-11-01,11,2466682.0,2915218.006148564,-1069514.650968533,6899950.663265661,3005517.0,448536.00614856416,448536.00614856416,2021,11,recovery,True,True,2020-12-31,2020-09-01,3
run_20260811T162732Z_6bbfe89e,fixed_12m_2021,fixed_origin_12m_ex_ante,ets_holt_winters,2021-12-01,12,2176634.0,2411870.725143875,-1750046.7982225074,6573788.248510257,2398329.0,235236.725143875,235236.725143875,2021,12,recovery,True,True,2020-12-31,2020-09-01,3
run_20260811T162732Z_6bbfe89e,fixed_12m_2021,fixed_origin_12m_ex_ante,theta,2021-01-01,1,829932.0,2212260.946952838,254510.76330450806,4170011.1306011677,2529423.0,1382328.946952838,1382328.946952838,2021,1,recovery,True,True,2020-12-31,2020-09-01,3
run_20260811T162732Z_6bbfe89e,fixed_12m_2021,fixed_origin_12m_ex_ante,theta,2021-02-01,2,727126.0,2020458.5631363376,-837024.0479021783,4877941.174174854,2051923.0,1293332.5631363376,1293332.5631363376,2021,2,recovery,True,True,2020-12-31,2020-09-01,3
run_20260811T162732Z_6bbfe89e,fixed_12m_2021,fixed_origin_12m_ex_ante,theta,2021-03-01,3,1043411.0,2487536.2400988173,-1047662.1932567866,6022734.673454421,1058068.0,1444125.2400988173,1444125.2400988173,2021,3,recovery,True,True,2020-12-31,2020-09-01,3
run_20260811T162732Z_6bbfe89e,fixed_12m_2021,fixed_origin_12m_ex_ante,theta,2021-04-01,4,1179562.0,3380711.4750154214,-721732.8029745114,7483155.753005354,3266256.0,2201149.4750154214,2201149.4750154214,2021,4,recovery,True,True,2020-12-31,2020-09-01,3
run_20260811T162732Z_6bbfe89e,fixed_12m_2021,fixed_origin_12m_ex_ante,theta,2021-05-01,5,1025559.0,4749505.155017822,149236.6688504368,9349773.641185207,4219837.0,3723946.155017822,3723946.155017822,2021,5,recovery,True,True,2020-12-31,2020-09-01,3
run_20260811T162732Z_6bbfe89e,fixed_12m_2021,fixed_origin_12m_ex_ante,theta,2021-06-01,6,1861089.0,5549795.11080647,500548.5100117354,10599041.711601205,5276253.0,3688706.11080647,3688706.11080647,2021,6,recovery,True,True,2020-12-31,2020-09-01,3
run_20260811T162732Z_6bbfe89e,fixed_12m_2021,fixed_origin_12m_ex_ante,theta,2021-07-01,7,3735532.0,6729498.1200303715,1268059.4518359182,12190936.788224824,777043.0,2993966.1200303715,2993966.1200303715,2021,7,recovery,True,True,2020-12-31,2020-09-01,3
run_20260811T162732Z_6bbfe89e,fixed_12m_2021,fixed_origin_12m_ex_ante,theta,2021-08-01,8,5499057.0,8234450.496860627,2389817.6241078787,14079083.369613376,2192917.0,2735393.496860627,2735393.496860627,2021,8,recovery,True,True,2020-12-31,2020-09-01,3
run_20260811T162732Z_6bbfe89e,fixed_12m_2021,fixed_origin_12m_ex_ante,theta,2021-09-01,9,4406083.0,6917589.313049722,713384.7300210111,13121793.896078434,2634195.0,2511506.3130497225,2511506.3130497225,2021,9,recovery,True,True,2020-12-31,2020-09-01,3
run_20260811T162732Z_6bbfe89e,fixed_12m_2021,fixed_origin_12m_ex_ante,theta,2021-10-01,10,4406796.0,5491402.596683465,-1052646.272242169,12035451.4656091,5437494.0,1084606.596683465,1084606.596683465,2021,10,recovery,True,True,2020-12-31,2020-09-01,3
run_20260811T162732Z_6bbfe89e,fixed_12m_2021,fixed_origin_12m_ex_ante,theta,2021-11-01,11,2466682.0,3037231.845243169,-3829863.3695983514,9904327.06008469,3005517.0,570549.845243169,570549.845243169,2021,11,recovery,True,True,2020-12-31,2020-09-01,3
run_20260811T162732Z_6bbfe89e,fixed_12m_2021,fixed_origin_12m_ex_ante,theta,2021-12-01,12,2176634.0,2319458.349948018,-4856154.361208552,9495071.061104588,2398329.0,142824.34994801786,142824.34994801786,2021,12,recovery,True,True,2020-12-31,2020-09-01,3
run_20260811T162732Z_6bbfe89e,fixed_12m_2021,fixed_origin_12m_ex_ante,sarima_111_111_12,2021-01-01,1,829932.0,101593.89081198089,-1810971.025943546,2014158.807567508,2529423.0,-728338.1091880191,728338.1091880191,2021,1,recovery,True,True,2020-12-31,2020-09-01,3
run_20260811T162732Z_6bbfe89e,fixed_12m_2021,fixed_origin_12m_ex_ante,sarima_111_111_12,2021-02-01,2,727126.0,-204486.4045601337,-2445813.6485559787,2036840.839435711,2051923.0,-931612.4045601337,931612.4045601337,2021,2,recovery,True,True,2020-12-31,2020-09-01,3
run_20260811T162732Z_6bbfe89e,fixed_12m_2021,fixed_origin_12m_ex_ante,sarima_111_111_12,2021-03-01,3,1043411.0,-667086.36919845,-3204672.514532512,1870499.7761356123,1058068.0,-1710497.36919845,1710497.36919845,2021,3,recovery,True,True,2020-12-31,2020-09-01,3
run_20260811T162732Z_6bbfe89e,fixed_12m_2021,fixed_origin_12m_ex_ante,sarima_111_111_12,2021-04-01,4,1179562.0,-837139.1389774014,-3665587.1040327647,1991308.8260779618,3266256.0,-2016701.1389774014,2016701.1389774014,2021,4,recovery,True,True,2020-12-31,2020-09-01,3
run_20260811T162732Z_6bbfe89e,fixed_12m_2021,fixed_origin_12m_ex_ante,sarima_111_111_12,2021-05-01,5,1025559.0,-652146.8163685543,-3738075.221218832,2433781.5884817233,4219837.0,-1677705.8163685543,1677705.8163685543,2021,5,recovery,True,True,2020-12-31,2020-09-01,3
run_20260811T162732Z_6bbfe89e,fixed_12m_2021,fixed_origin_12m_ex_ante,sarima_111_111_12,2021-06-01,6,1861089.0,-519817.7737659206,-3824427.911116047,2784792.3635842055,5276253.0,-2380906.7737659207,2380906.7737659207,2021,6,recovery,True,True,2020-12-31,2020-09-01,3
run_20260811T162732Z_6bbfe89e,fixed_12m_2021,fixed_origin_12m_ex_ante,sarima_111_111_12,2021-07-01,7,3735532.0,323868.28890839336,-3179766.664078541,3827503.2418953283,777043.0,-3411663.711091607,3411663.711091607,2021,7,recovery,True,True,2020-12-31,2020-09-01,3
run_20260811T162732Z_6bbfe89e,fixed_12m_2021,fixed_origin_12m_ex_ante,sarima_111_111_12,2021-08-01,8,5499057.0,1702873.685244253,-2004894.2815862363,5410641.652074742,2192917.0,-3796183.314755747,3796183.314755747,2021,8,recovery,True,True,2020-12-31,2020-09-01,3
run_20260811T162732Z_6bbfe89e,fixed_12m_2021,fixed_origin_12m_ex_ante,sarima_111_111_12,2021-09-01,9,4406083.0,1666968.2910628514,-2234421.683985892,5568358.266111596,2634195.0,-2739114.7089371486,2739114.7089371486,2021,9,recovery,True,True,2020-12-31,2020-09-01,3
run_20260811T162732Z_6bbfe89e,fixed_12m_2021,fixed_origin_12m_ex_ante,sarima_111_111_12,2021-10-01,10,4406796.0,909851.6066239793,-3326271.879541667,5145975.092789626,5437494.0,-3496944.3933760207,3496944.3933760207,2021,10,recovery,True,True,2020-12-31,2020-09-01,3
run_20260811T162732Z_6bbfe89e,fixed_12m_2021,fixed_origin_12m_ex_ante,sarima_111_111_12,2021-11-01,11,2466682.0,-931825.853348698,-5543341.450973285,3679689.744275889,3005517.0,-3398507.853348698,3398507.853348698,2021,11,recovery,True,True,2020-12-31,2020-09-01,3
run_20260811T162732Z_6bbfe89e,fixed_12m_2021,fixed_origin_12m_ex_ante,sarima_111_111_12,2021-12-01,12,2176634.0,-1301241.3493022467,-6294393.822348325,3691911.1237438316,2398329.0,-3477875.3493022467,3477875.3493022467,2021,12,recovery,True,True,2020-12-31,2020-09-01,3
run_20260811T162732Z_6bbfe89e,fixed_12m_2021,fixed_origin_12m_ex_ante,dynamic_harmonic_arima_k2,2021-01-01,1,829932.0,-1334987.5056209008,-2698905.2152891895,28930.204047388164,2529423.0,-2164919.5056209005,2164919.5056209005,2021,1,recovery,True,True,2020-12-31,2020-09-01,3
run_20260811T162732Z_6bbfe89e,fixed_12m_2021,fixed_origin_12m_ex_ante,dynamic_harmonic_arima_k2,2021-02-01,2,727126.0,-1123390.5961871557,-2626119.8191656293,379338.6267913177,2051923.0,-1850516.5961871557,1850516.5961871557,2021,2,recovery,True,True,2020-12-31,2020-09-01,3
run_20260811T162732Z_6bbfe89e,fixed_12m_2021,fixed_origin_12m_ex_ante,dynamic_harmonic_arima_k2,2021-03-01,3,1043411.0,-825892.0784197149,-2455652.3894887734,803868.2326493436,1058068.0,-1869303.078419715,1869303.078419715,2021,3,recovery,True,True,2020-12-31,2020-09-01,3
run_20260811T162732Z_6bbfe89e,fixed_12m_2021,fixed_origin_12m_ex_ante,dynamic_harmonic_arima_k2,2021-04-01,4,1179562.0,-465732.83898359525,-2213314.660967836,1281848.9830006459,3266256.0,-1645294.8389835954,1645294.8389835954,2021,4,recovery,True,True,2020-12-31,2020-09-01,3
run_20260811T162732Z_6bbfe89e,fixed_12m_2021,fixed_origin_12m_ex_ante,dynamic_harmonic_arima_k2,2021-05-01,5,1025559.0,190775.12687086244,-1667171.5293880205,2048721.7831297454,4219837.0,-834783.8731291376,834783.8731291376,2021,5,recovery,True,True,2020-12-31,2020-09-01,3
run_20260811T162732Z_6bbfe89e,fixed_12m_2021,fixed_origin_12m_ex_ante,dynamic_harmonic_arima_k2,2021-06-01,6,1861089.0,1242523.6547554522,-719589.8308709392,3204637.140381844,5276253.0,-618565.3452445478,618565.3452445478,2021,6,recovery,True,True,2020-12-31,2020-09-01,3
run_20260811T162732Z_6bbfe89e,fixed_12m_2021,fixed_origin_12m_ex_ante,dynamic_harmonic_arima_k2,2021-07-01,7,3735532.0,2353391.6831359854,292369.39226906723,4414413.974002903,777043.0,-1382140.3168640146,1382140.3168640146,2021,7,recovery,True,True,2020-12-31,2020-09-01,3
run_20260811T162732Z_6bbfe89e,fixed_12m_2021,fixed_origin_12m_ex_ante,dynamic_harmonic_arima_k2,2021-08-01,8,5499057.0,2897698.38840437,742301.3399644094,5053095.43684433,2192917.0,-2601358.61159563,2601358.61159563,2021,8,recovery,True,True,2020-12-31,2020-09-01,3
run_20260811T162732Z_6bbfe89e,fixed_12m_2021,fixed_origin_12m_ex_ante,dynamic_harmonic_arima_k2,2021-09-01,9,4406083.0,2456962.3640363957,211152.93547905143,4702771.79259374,2634195.0,-1949120.6359636043,1949120.6359636043,2021,9,recovery,True,True,2020-12-31,2020-09-01,3
run_20260811T162732Z_6bbfe89e,fixed_12m_2021,fixed_origin_12m_ex_ante,dynamic_harmonic_arima_k2,2021-10-01,10,4406796.0,1205752.1151766174,-1126968.087155938,3538472.3175091725,5437494.0,-3201043.884823383,3201043.884823383,2021,10,recovery,True,True,2020-12-31,2020-09-01,3
run_20260811T162732Z_6bbfe89e,fixed_12m_2021,fixed_origin_12m_ex_ante,dynamic_harmonic_arima_k2,2021-11-01,11,2466682.0,-190479.1994322046,-2606986.4093001597,2226028.0104357507,3005517.0,-2657161.1994322045,2657161.1994322045,2021,11,recovery,True,True,2020-12-31,2020-09-01,3
run_20260811T162732Z_6bbfe89e,fixed_12m_2021,fixed_origin_12m_ex_ante,dynamic_harmonic_arima_k2,2021-12-01,12,2176634.0,-1082809.911687447,-3580294.7761695497,1414674.9527946555,2398329.0,-3259443.9116874468,3259443.9116874468,2021,12,recovery,True,True,2020-12-31,2020-09-01,3
run_20260811T162732Z_6bbfe89e,fixed_12m_2021,fixed_origin_12m_ex_ante,stl_arima_111,2021-01-01,1,829932.0,2626106.548621881,1353595.7012330552,3898617.396010706,2529423.0,1796174.5486218808,1796174.5486218808,2021,1,recovery,True,True,2020-12-31,2020-09-01,3
run_20260811T162732Z_6bbfe89e,fixed_12m_2021,fixed_origin_12m_ex_ante,stl_arima_111,2021-02-01,2,727126.0,2192610.336207875,393008.2375637179,3992212.434852032,2051923.0,1465484.336207875,1465484.336207875,2021,2,recovery,True,True,2020-12-31,2020-09-01,3
run_20260811T162732Z_6bbfe89e,fixed_12m_2021,fixed_origin_12m_ex_ante,stl_arima_111,2021-03-01,3,1043411.0,2771037.2838552953,566983.8429953237,4975090.724715266,1058068.0,1727626.2838552953,1727626.2838552953,2021,3,recovery,True,True,2020-12-31,2020-09-01,3
run_20260811T162732Z_6bbfe89e,fixed_12m_2021,fixed_origin_12m_ex_ante,stl_arima_111,2021-04-01,4,1179562.0,3440974.846446152,895953.1516685006,5985996.541223804,3266256.0,2261412.846446152,2261412.846446152,2021,4,recovery,True,True,2020-12-31,2020-09-01,3
run_20260811T162732Z_6bbfe89e,fixed_12m_2021,fixed_origin_12m_ex_ante,stl_arima_111,2021-05-01,5,1025559.0,4370619.610511914,1525198.8536446388,7216040.367379189,4219837.0,3345060.610511914,3345060.610511914,2021,5,recovery,True,True,2020-12-31,2020-09-01,3
run_20260811T162732Z_6bbfe89e,fixed_12m_2021,fixed_origin_12m_ex_ante,stl_arima_111,2021-06-01,6,1861089.0,5462168.173561995,2345165.905302737,8579170.441821253,5276253.0,3601079.173561995,3601079.173561995,2021,6,recovery,True,True,2020-12-31,2020-09-01,3
run_20260811T162732Z_6bbfe89e,fixed_12m_2021,fixed_origin_12m_ex_ante,stl_arima_111,2021-07-01,7,3735532.0,6362388.891136309,2995641.6483134106,9729136.133959208,777043.0,2626856.891136309,2626856.891136309,2021,7,recovery,True,True,2020-12-31,2020-09-01,3
run_20260811T162732Z_6bbfe89e,fixed_12m_2021,fixed_origin_12m_ex_ante,stl_arima_111,2021-08-01,8,5499057.0,8387914.497507859,4788710.300219545,11987118.694796173,2192917.0,2888857.497507859,2888857.497507859,2021,8,recovery,True,True,2020-12-31,2020-09-01,3
run_20260811T162732Z_6bbfe89e,fixed_12m_2021,fixed_origin_12m_ex_ante,stl_arima_111,2021-09-01,9,4406083.0,6688246.502236305,2870713.9600698277,10505779.044402782,2634195.0,2282163.502236305,2282163.502236305,2021,9,recovery,True,True,2020-12-31,2020-09-01,3
run_20260811T162732Z_6bbfe89e,fixed_12m_2021,fixed_origin_12m_ex_ante,stl_arima_111,2021-10-01,10,4406796.0,5615325.859083088,1591293.2340634707,9639358.484102705,5437494.0,1208529.859083088,1208529.859083088,2021,10,recovery,True,True,2020-12-31,2020-09-01,3
run_20260811T162732Z_6bbfe89e,fixed_12m_2021,fixed_origin_12m_ex_ante,stl_arima_111,2021-11-01,11,2466682.0,3201835.201071805,-1018605.8213741309,7422276.22351774,3005517.0,735153.2010718049,735153.2010718049,2021,11,recovery,True,True,2020-12-31,2020-09-01,3
run_20260811T162732Z_6bbfe89e,fixed_12m_2021,fixed_origin_12m_ex_ante,stl_arima_111,2021-12-01,12,2176634.0,2562168.2961150277,-1845938.5856049154,6970275.177834971,2398329.0,385534.29611502774,385534.29611502774,2021,12,recovery,True,True,2020-12-31,2020-09-01,3
run_20260811T162732Z_6bbfe89e,fixed_12m_2022,fixed_origin_12m_ex_ante,naive_last,2022-01-01,1,2158066.0,4406083.0,789054.8165900852,8023111.183409914,829932.0,2248017.0,2248017.0,2022,1,recovery,True,True,2021-12-31,2021-09-01,3
run_20260811T162732Z_6bbfe89e,fixed_12m_2022,fixed_origin_12m_ex_ante,naive_last,2022-02-01,2,1851394.0,4406083.0,362122.5526814265,8450043.447318573,727126.0,2554689.0,2554689.0,2022,2,recovery,True,True,2021-12-31,2021-09-01,3
run_20260811T162732Z_6bbfe89e,fixed_12m_2022,fixed_origin_12m_ex_ante,naive_last,2022-03-01,3,2442196.0,4406083.0,-23853.717310128734,8836019.717310129,1043411.0,1963887.0,1963887.0,2022,3,recovery,True,True,2021-12-31,2021-09-01,3
run_20260811T162732Z_6bbfe89e,fixed_12m_2022,fixed_origin_12m_ex_ante,naive_last,2022-04-01,4,2921440.0,4406083.0,-378795.5292071784,9190961.529207177,1179562.0,1484643.0,1484643.0,2022,4,recovery,True,True,2021-12-31,2021-09-01,3
run_20260811T162732Z_6bbfe89e,fixed_12m_2022,fixed_origin_12m_ex_ante,naive_last,2022-05-01,5,4078425.0,4406083.0,-709167.3124640202,9521333.312464021,1025559.0,327658.0,327658.0,2022,5,recovery,True,True,2021-12-31,2021-09-01,3
run_20260811T162732Z_6bbfe89e,fixed_12m_2022,fixed_origin_12m_ex_ante,naive_last,2022-06-01,6,4939265.0,4406083.0,-1019459.2751148725,9831625.275114872,1861089.0,-533182.0,533182.0,2022,6,recovery,True,True,2021-12-31,2021-09-01,3
run_20260811T162732Z_6bbfe89e,fixed_12m_2022,fixed_origin_12m_ex_ante,naive_last,2022-07-01,7,6359123.0,4406083.0,-1312940.7102982951,10125106.710298296,3735532.0,-1953040.0,1953040.0,2022,7,recovery,True,True,2021-12-31,2021-09-01,3
run_20260811T162732Z_6bbfe89e,fixed_12m_2022,fixed_origin_12m_ex_ante,naive_last,2022-08-01,8,7992422.0,4406083.0,-1592079.670255741,10404245.670255741,5499057.0,-3586339.0,3586339.0,2022,8,recovery,True,True,2021-12-31,2021-09-01,3
run_20260811T162732Z_6bbfe89e,fixed_12m_2022,fixed_origin_12m_ex_ante,naive_last,2022-09-01,9,6648582.0,4406083.0,-1858793.586074532,10670959.586074531,4406083.0,-2242499.0,2242499.0,2022,9,recovery,True,True,2021-12-31,2021-09-01,3
run_20260811T162732Z_6bbfe89e,fixed_12m_2022,fixed_origin_12m_ex_ante,naive_last,2022-10-01,10,5919814.0,4406083.0,-2114607.2900414066,10926773.290041406,2355124.0,-1513731.0,1513731.0,2022,10,recovery,True,True,2021-12-31,2021-09-01,3
run_20260811T162732Z_6bbfe89e,fixed_12m_2022,fixed_origin_12m_ex_ante,naive_last,2022-11-01,11,3438085.0,4406083.0,-2360757.1103126192,11172923.110312618,1262757.0,967998.0,967998.0,2022,11,recovery,True,True,2021-12-31,2021-09-01,3
run_20260811T162732Z_6bbfe89e,fixed_12m_2022,fixed_origin_12m_ex_ante,naive_last,2022-12-01,12,2620212.0,4406083.0,-2598261.9585547335,11410427.958554734,964816.0,1785871.0,1785871.0,2022,12,recovery,True,True,2021-12-31,2021-09-01,3
run_20260811T162732Z_6bbfe89e,fixed_12m_2022,fixed_origin_12m_ex_ante,seasonal_naive,2022-01-01,1,2158066.0,829932.0,-1278464.5382222347,2938328.5382222347,829932.0,-1328134.0,1328134.0,2022,1,recovery,True,True,2021-12-31,2021-09-01,3
run_20260811T162732Z_6bbfe89e,fixed_12m_2022,fixed_origin_12m_ex_ante,seasonal_naive,2022-02-01,2,1851394.0,727126.0,-2254596.9792143684,3708848.9792143684,727126.0,-1124268.0,1124268.0,2022,2,recovery,True,True,2021-12-31,2021-09-01,3
run_20260811T162732Z_6bbfe89e,fixed_12m_2022,fixed_origin_12m_ex_ante,seasonal_naive,2022-03-01,3,2442196.0,1043411.0,-2608438.926703247,4695260.926703246,1043411.0,-1398785.0,1398785.0,2022,3,recovery,True,True,2021-12-31,2021-09-01,3
run_20260811T162732Z_6bbfe89e,fixed_12m_2022,fixed_origin_12m_ex_ante,seasonal_naive,2022-04-01,4,2921440.0,1179562.0,-3037231.0764444694,5396355.076444469,1179562.0,-1741878.0,1741878.0,2022,4,recovery,True,True,2021-12-31,2021-09-01,3
run_20260811T162732Z_6bbfe89e,fixed_12m_2022,fixed_origin_12m_ex_ante,seasonal_naive,2022-05-01,5,4078425.0,1025559.0,-3688958.9829901503,5740076.98299015,1025559.0,-3052866.0,3052866.0,2022,5,recovery,True,True,2021-12-31,2021-09-01,3
run_20260811T162732Z_6bbfe89e,fixed_12m_2022,fixed_origin_12m_ex_ante,seasonal_naive,2022-06-01,6,4939265.0,1861089.0,-3303406.6940949243,7025584.694094924,1861089.0,-3078176.0,3078176.0,2022,6,recovery,True,True,2021-12-31,2021-09-01,3
run_20260811T162732Z_6bbfe89e,fixed_12m_2022,fixed_origin_12m_ex_ante,seasonal_naive,2022-07-01,7,6359123.0,3735532.0,-1842760.905245522,9313824.905245522,3735532.0,-2623591.0,2623591.0,2022,7,recovery,True,True,2021-12-31,2021-09-01,3
run_20260811T162732Z_6bbfe89e,fixed_12m_2022,fixed_origin_12m_ex_ante,seasonal_naive,2022-08-01,8,7992422.0,5499057.0,-464388.9584287368,11462502.958428737,5499057.0,-2493365.0,2493365.0,2022,8,recovery,True,True,2021-12-31,2021-09-01,3
run_20260811T162732Z_6bbfe89e,fixed_12m_2022,fixed_origin_12m_ex_ante,seasonal_naive,2022-09-01,9,6648582.0,4406083.0,-1919106.614666704,10731272.614666704,4406083.0,-2242499.0,2242499.0,2022,9,recovery,True,True,2021-12-31,2021-09-01,3
run_20260811T162732Z_6bbfe89e,fixed_12m_2022,fixed_origin_12m_ex_ante,seasonal_naive,2022-10-01,10,5919814.0,2355124.0,-4312211.271596519,9022459.27159652,2355124.0,-3564690.0,3564690.0,2022,10,recovery,True,True,2021-12-31,2021-09-01,3
run_20260811T162732Z_6bbfe89e,fixed_12m_2022,fixed_origin_12m_ex_ante,seasonal_naive,2022-11-01,11,3438085.0,1262757.0,-5730003.22656737,8255517.22656737,1262757.0,-2175328.0,2175328.0,2022,11,recovery,True,True,2021-12-31,2021-09-01,3
run_20260811T162732Z_6bbfe89e,fixed_12m_2022,fixed_origin_12m_ex_ante,seasonal_naive,2022-12-01,12,2620212.0,964816.0,-6338883.853406494,8268515.853406494,964816.0,-1655396.0,1655396.0,2022,12,recovery,True,True,2021-12-31,2021-09-01,3
run_20260811T162732Z_6bbfe89e,fixed_12m_2022,fixed_origin_12m_ex_ante,drift,2022-01-01,1,2158066.0,4486414.602484472,-2579010.872356995,11551840.07732594,829932.0,2328348.602484472,2328348.602484472,2022,1,recovery,True,True,2021-12-31,2021-09-01,3
run_20260811T162732Z_6bbfe89e,fixed_12m_2022,fixed_origin_12m_ex_ante,drift,2022-02-01,2,1851394.0,4506497.50310559,-3392888.3227465358,12405883.328957716,727126.0,2655103.50310559,2655103.50310559,2022,2,recovery,True,True,2021-12-31,2021-09-01,3
run_20260811T162732Z_6bbfe89e,fixed_12m_2022,fixed_origin_12m_ex_ante,drift,2022-03-01,3,2442196.0,4526580.403726708,-4126763.21078486,13179924.018238276,1043411.0,2084384.4037267081,2084384.4037267081,2022,3,recovery,True,True,2021-12-31,2021-09-01,3
run_20260811T162732Z_6bbfe89e,fixed_12m_2022,fixed_origin_12m_ex_ante,drift,2022-04-01,4,2921440.0,4546663.304347826,-4800016.052297659,13893342.660993312,1179562.0,1625223.3043478262,1625223.3043478262,2022,4,recovery,True,True,2021-12-31,2021-09-01,3
run_20260811T162732Z_6bbfe89e,fixed_12m_2022,fixed_origin_12m_ex_ante,drift,2022-05-01,5,4078425.0,4566746.204968944,-5425274.325488225,14558766.735426113,1025559.0,488321.2049689442,488321.2049689442,2022,5,recovery,True,True,2021-12-31,2021-09-01,3
run_20260811T162732Z_6bbfe89e,fixed_12m_2022,fixed_origin_12m_ex_ante,drift,2022-06-01,6,4939265.0,4586829.105590062,-6011309.106672138,15184967.317852262,1861089.0,-352435.8944099378,352435.8944099378,2022,6,recovery,True,True,2021-12-31,2021-09-01,3
run_20260811T162732Z_6bbfe89e,fixed_12m_2022,fixed_origin_12m_ex_ante,drift,2022-07-01,7,6359123.0,4606912.00621118,-6564506.563126689,15778330.57554905,3735532.0,-1752210.9937888198,1752210.9937888198,2022,7,recovery,True,True,2021-12-31,2021-09-01,3
run_20260811T162732Z_6bbfe89e,fixed_12m_2022,fixed_origin_12m_ex_ante,drift,2022-08-01,8,7992422.0,4626994.906832298,-7089687.735301593,16343677.54896619,5499057.0,-3365427.0931677017,3365427.0931677017,2022,8,recovery,True,True,2021-12-31,2021-09-01,3
run_20260811T162732Z_6bbfe89e,fixed_12m_2022,fixed_origin_12m_ex_ante,drift,2022-09-01,9,6648582.0,4647077.807453416,-7590598.092063464,16884753.706970297,4406083.0,-2001504.1925465837,2001504.1925465837,2022,9,recovery,True,True,2021-12-31,2021-09-01,3
run_20260811T162732Z_6bbfe89e,fixed_12m_2022,fixed_origin_12m_ex_ante,drift,2022-10-01,10,5919814.0,4667160.708074534,-8070216.208180672,17404537.62432974,2355124.0,-1252653.2919254657,1252653.2919254657,2022,10,recovery,True,True,2021-12-31,2021-09-01,3
run_20260811T162732Z_6bbfe89e,fixed_12m_2022,fixed_origin_12m_ex_ante,drift,2022-11-01,11,3438085.0,4687243.608695652,-8530957.100625027,17905444.31801633,1262757.0,1249158.6086956523,1249158.6086956523,2022,11,recovery,True,True,2021-12-31,2021-09-01,3
run_20260811T162732Z_6bbfe89e,fixed_12m_2022,fixed_origin_12m_ex_ante,drift,2022-12-01,12,2620212.0,4707326.50931677,-8974811.089648547,18389464.10828209,964816.0,2087114.5093167704,2087114.5093167704,2022,12,recovery,True,True,2021-12-31,2021-09-01,3
run_20260811T162732Z_6bbfe89e,fixed_12m_2022,fixed_origin_12m_ex_ante,same_month_historical_mean,2022-01-01,1,2158066.0,1561295.857142857,10731.6237552315,3111860.0905304826,829932.0,-596770.142857143,596770.142857143,2022,1,recovery,True,True,2021-12-31,2021-09-01,3
run_20260811T162732Z_6bbfe89e,fixed_12m_2022,fixed_origin_12m_ex_ante,same_month_historical_mean,2022-02-01,2,1851394.0,1406618.2857142857,-143945.94767333986,2957182.519101911,727126.0,-444775.7142857143,444775.7142857143,2022,2,recovery,True,True,2021-12-31,2021-09-01,3
run_20260811T162732Z_6bbfe89e,fixed_12m_2022,fixed_origin_12m_ex_ante,same_month_historical_mean,2022-03-01,3,2442196.0,1737441.2857142857,186877.05232666014,3288005.519101911,1043411.0,-704754.7142857143,704754.7142857143,2022,3,recovery,True,True,2021-12-31,2021-09-01,3
run_20260811T162732Z_6bbfe89e,fixed_12m_2022,fixed_origin_12m_ex_ante,same_month_historical_mean,2022-04-01,4,2921440.0,2242488.6923076925,691924.458920067,3793052.925695318,1179562.0,-678951.3076923075,678951.3076923075,2022,4,recovery,True,True,2021-12-31,2021-09-01,3
run_20260811T162732Z_6bbfe89e,fixed_12m_2022,fixed_origin_12m_ex_ante,same_month_historical_mean,2022-05-01,5,4078425.0,3159686.3846153845,1609122.151227759,4710250.61800301,1025559.0,-918738.6153846155,918738.6153846155,2022,5,recovery,True,True,2021-12-31,2021-09-01,3
run_20260811T162732Z_6bbfe89e,fixed_12m_2022,fixed_origin_12m_ex_ante,same_month_historical_mean,2022-06-01,6,4939265.0,3724026.923076923,2173462.689689297,5274591.156464549,1861089.0,-1215238.076923077,1215238.076923077,2022,6,recovery,True,True,2021-12-31,2021-09-01,3
run_20260811T162732Z_6bbfe89e,fixed_12m_2022,fixed_origin_12m_ex_ante,same_month_historical_mean,2022-07-01,7,6359123.0,4513543.285714285,2962979.0523266597,6064107.519101911,3735532.0,-1845579.7142857146,1845579.7142857146,2022,7,recovery,True,True,2021-12-31,2021-09-01,3
run_20260811T162732Z_6bbfe89e,fixed_12m_2022,fixed_origin_12m_ex_ante,same_month_historical_mean,2022-08-01,8,7992422.0,5686224.5,4135660.266612374,7236788.733387626,5499057.0,-2306197.5,2306197.5,2022,8,recovery,True,True,2021-12-31,2021-09-01,3
run_20260811T162732Z_6bbfe89e,fixed_12m_2022,fixed_origin_12m_ex_ante,same_month_historical_mean,2022-09-01,9,6648582.0,4827299.071428572,3276734.838040946,6377863.304816198,4406083.0,-1821282.9285714282,1821282.9285714282,2022,9,recovery,True,True,2021-12-31,2021-09-01,3
run_20260811T162732Z_6bbfe89e,fixed_12m_2022,fixed_origin_12m_ex_ante,same_month_historical_mean,2022-10-01,10,5919814.0,3871425.846153846,2320861.6127662202,5421990.079541472,2355124.0,-2048388.153846154,2048388.153846154,2022,10,recovery,True,True,2021-12-31,2021-09-01,3
run_20260811T162732Z_6bbfe89e,fixed_12m_2022,fixed_origin_12m_ex_ante,same_month_historical_mean,2022-11-01,11,3438085.0,2140996.5384615385,590432.305073913,3691560.771849164,1262757.0,-1297088.4615384615,1297088.4615384615,2022,11,recovery,True,True,2021-12-31,2021-09-01,3
run_20260811T162732Z_6bbfe89e,fixed_12m_2022,fixed_origin_12m_ex_ante,same_month_historical_mean,2022-12-01,12,2620212.0,1645478.923076923,94914.68968929746,3196043.156464549,964816.0,-974733.076923077,974733.076923077,2022,12,recovery,True,True,2021-12-31,2021-09-01,3
run_20260811T162732Z_6bbfe89e,fixed_12m_2022,fixed_origin_12m_ex_ante,seasonal_moving_average_3,2022-01-01,1,2158066.0,1861881.0,-63884.090726115275,3787646.0907261153,829932.0,-296185.0,296185.0,2022,1,recovery,True,True,2021-12-31,2021-09-01,3
run_20260811T162732Z_6bbfe89e,fixed_12m_2022,fixed_origin_12m_ex_ante,seasonal_moving_average_3,2022-02-01,2,1851394.0,1574668.6666666667,-351096.42405944853,3500433.757392782,727126.0,-276725.33333333326,276725.33333333326,2022,2,recovery,True,True,2021-12-31,2021-09-01,3
run_20260811T162732Z_6bbfe89e,fixed_12m_2022,fixed_origin_12m_ex_ante,seasonal_moving_average_3,2022-03-01,3,2442196.0,1524875.3333333333,-400889.757392782,3450640.4240594488,1043411.0,-917320.6666666667,917320.6666666667,2022,3,recovery,True,True,2021-12-31,2021-09-01,3
run_20260811T162732Z_6bbfe89e,fixed_12m_2022,fixed_origin_12m_ex_ante,seasonal_moving_average_3,2022-04-01,4,2921440.0,2438795.6666666665,513030.57594055124,4364560.757392782,1179562.0,-482644.3333333335,482644.3333333335,2022,4,recovery,True,True,2021-12-31,2021-09-01,3
run_20260811T162732Z_6bbfe89e,fixed_12m_2022,fixed_origin_12m_ex_ante,seasonal_moving_average_3,2022-05-01,5,4078425.0,3011973.3333333335,1086208.2426072182,4937738.424059449,1025559.0,-1066451.6666666665,1066451.6666666665,2022,5,recovery,True,True,2021-12-31,2021-09-01,3
run_20260811T162732Z_6bbfe89e,fixed_12m_2022,fixed_origin_12m_ex_ante,seasonal_moving_average_3,2022-06-01,6,4939265.0,3848078.6666666665,1922313.5759405512,5773843.757392782,1861089.0,-1091186.3333333335,1091186.3333333335,2022,6,recovery,True,True,2021-12-31,2021-09-01,3
run_20260811T162732Z_6bbfe89e,fixed_12m_2022,fixed_origin_12m_ex_ante,seasonal_moving_average_3,2022-07-01,7,6359123.0,3738540.0,1812774.9092738847,5664305.090726115,3735532.0,-2620583.0,2620583.0,2022,7,recovery,True,True,2021-12-31,2021-09-01,3
run_20260811T162732Z_6bbfe89e,fixed_12m_2022,fixed_origin_12m_ex_ante,seasonal_moving_average_3,2022-08-01,8,7992422.0,5286374.666666667,3360609.5759405517,7212139.757392783,5499057.0,-2706047.333333333,2706047.333333333,2022,8,recovery,True,True,2021-12-31,2021-09-01,3
run_20260811T162732Z_6bbfe89e,fixed_12m_2022,fixed_origin_12m_ex_ante,seasonal_moving_average_3,2022-09-01,9,6648582.0,4594015.666666667,2668250.5759405517,6519780.757392783,4406083.0,-2054566.333333333,2054566.333333333,2022,9,recovery,True,True,2021-12-31,2021-09-01,3
run_20260811T162732Z_6bbfe89e,fixed_12m_2022,fixed_origin_12m_ex_ante,seasonal_moving_average_3,2022-10-01,10,5919814.0,4194685.666666667,2268920.5759405517,6120450.757392783,2355124.0,-1725128.333333333,1725128.333333333,2022,10,recovery,True,True,2021-12-31,2021-09-01,3
run_20260811T162732Z_6bbfe89e,fixed_12m_2022,fixed_origin_12m_ex_ante,seasonal_moving_average_3,2022-11-01,11,3438085.0,2315898.0,390132.9092738847,4241663.090726115,1262757.0,-1122187.0,1122187.0,2022,11,recovery,True,True,2021-12-31,2021-09-01,3
run_20260811T162732Z_6bbfe89e,fixed_12m_2022,fixed_origin_12m_ex_ante,seasonal_moving_average_3,2022-12-01,12,2620212.0,1848008.6666666667,-77756.42405944853,3773773.757392782,964816.0,-772203.3333333333,772203.3333333333,2022,12,recovery,True,True,2021-12-31,2021-09-01,3
run_20260811T162732Z_6bbfe89e,fixed_12m_2022,fixed_origin_12m_ex_ante,ets_holt_winters,2022-01-01,1,2158066.0,877597.6627400569,433.247967352625,1754762.077512761,829932.0,-1280468.3372599431,1280468.3372599431,2022,1,recovery,True,True,2021-12-31,2021-09-01,3
run_20260811T162732Z_6bbfe89e,fixed_12m_2022,fixed_origin_12m_ex_ante,ets_holt_winters,2022-02-01,2,1851394.0,720795.2632338887,-519702.5485687286,1961293.075036506,727126.0,-1130598.7367661113,1130598.7367661113,2022,2,recovery,True,True,2021-12-31,2021-09-01,3
run_20260811T162732Z_6bbfe89e,fixed_12m_2022,fixed_origin_12m_ex_ante,ets_holt_winters,2022-03-01,3,2442196.0,1029404.7684412494,-489888.56453649467,2548698.1014189934,1043411.0,-1412791.2315587506,1412791.2315587506,2022,3,recovery,True,True,2021-12-31,2021-09-01,3
run_20260811T162732Z_6bbfe89e,fixed_12m_2022,fixed_origin_12m_ex_ante,ets_holt_winters,2022-04-01,4,2921440.0,1510876.013150711,-243452.8163946974,3265204.8426961196,1179562.0,-1410563.986849289,1410563.986849289,2022,4,recovery,True,True,2021-12-31,2021-09-01,3
run_20260811T162732Z_6bbfe89e,fixed_12m_2022,fixed_origin_12m_ex_ante,ets_holt_winters,2022-05-01,5,4078425.0,2406460.246982533,445060.98810694553,4367859.5058581205,1025559.0,-1671964.753017467,1671964.753017467,2022,5,recovery,True,True,2021-12-31,2021-09-01,3
run_20260811T162732Z_6bbfe89e,fixed_12m_2022,fixed_origin_12m_ex_ante,ets_holt_winters,2022-06-01,6,4939265.0,3030879.024052173,882273.7873320249,5179484.260772321,1861089.0,-1908385.975947827,1908385.975947827,2022,6,recovery,True,True,2021-12-31,2021-09-01,3
run_20260811T162732Z_6bbfe89e,fixed_12m_2022,fixed_origin_12m_ex_ante,ets_holt_winters,2022-07-01,7,6359123.0,3840089.168691998,1519330.268287911,6160848.069096085,3735532.0,-2519033.831308002,2519033.831308002,2022,7,recovery,True,True,2021-12-31,2021-09-01,3
run_20260811T162732Z_6bbfe89e,fixed_12m_2022,fixed_origin_12m_ex_ante,ets_holt_winters,2022-08-01,8,7992422.0,5047735.856122119,2566740.232516885,7528731.479727354,5499057.0,-2944686.1438778806,2944686.1438778806,2022,8,recovery,True,True,2021-12-31,2021-09-01,3
run_20260811T162732Z_6bbfe89e,fixed_12m_2022,fixed_origin_12m_ex_ante,ets_holt_winters,2022-09-01,9,6648582.0,4155377.5838193987,1523884.339501286,6786870.828137511,4406083.0,-2493204.4161806013,2493204.4161806013,2022,9,recovery,True,True,2021-12-31,2021-09-01,3
run_20260811T162732Z_6bbfe89e,fixed_12m_2022,fixed_origin_12m_ex_ante,ets_holt_winters,2022-10-01,10,5919814.0,3066129.530039074,292292.0969086806,5839966.963169467,2355124.0,-2853684.469960926,2853684.469960926,2022,10,recovery,True,True,2021-12-31,2021-09-01,3
run_20260811T162732Z_6bbfe89e,fixed_12m_2022,fixed_origin_12m_ex_ante,ets_holt_winters,2022-11-01,11,3438085.0,1432782.5542627205,-1476442.6889900165,4342007.7975154575,1262757.0,-2005302.4457372795,2005302.4457372795,2022,11,recovery,True,True,2021-12-31,2021-09-01,3
run_20260811T162732Z_6bbfe89e,fixed_12m_2022,fixed_origin_12m_ex_ante,ets_holt_winters,2022-12-01,12,2620212.0,964815.9974664217,-2073770.6684890664,4003402.66342191,964816.0,-1655396.0025335783,1655396.0025335783,2022,12,recovery,True,True,2021-12-31,2021-09-01,3
run_20260811T162732Z_6bbfe89e,fixed_12m_2022,fixed_origin_12m_ex_ante,theta,2022-01-01,1,2158066.0,937188.925924223,-779279.8434030196,2653657.695251466,829932.0,-1220877.074075777,1220877.074075777,2022,1,recovery,True,True,2021-12-31,2021-09-01,3
run_20260811T162732Z_6bbfe89e,fixed_12m_2022,fixed_origin_12m_ex_ante,theta,2022-02-01,2,1851394.0,844450.1602731777,-1628948.9545226227,3317849.275068978,727126.0,-1006943.8397268223,1006943.8397268223,2022,2,recovery,True,True,2021-12-31,2021-09-01,3
run_20260811T162732Z_6bbfe89e,fixed_12m_2022,fixed_origin_12m_ex_ante,theta,2022-03-01,3,2442196.0,1036916.5432676683,-2010892.7234138148,4084725.8099491512,1043411.0,-1405279.4567323318,1405279.4567323318,2022,3,recovery,True,True,2021-12-31,2021-09-01,3
run_20260811T162732Z_6bbfe89e,fixed_12m_2022,fixed_origin_12m_ex_ante,theta,2022-04-01,4,2921440.0,1351721.0128036204,-2178233.5862056063,4881675.611812847,1179562.0,-1569718.9871963796,1569718.9871963796,2022,4,recovery,True,True,2021-12-31,2021-09-01,3
run_20260811T162732Z_6bbfe89e,fixed_12m_2022,fixed_origin_12m_ex_ante,theta,2022-05-01,5,4078425.0,1858052.918109747,-2095681.7234744928,5811787.559693987,1025559.0,-2220372.081890253,2220372.081890253,2022,5,recovery,True,True,2021-12-31,2021-09-01,3
run_20260811T162732Z_6bbfe89e,fixed_12m_2022,fixed_origin_12m_ex_ante,theta,2022-06-01,6,4939265.0,2244558.6792348367,-2091736.4861177406,6580853.844587414,1861089.0,-2694706.3207651633,2694706.3207651633,2022,6,recovery,True,True,2021-12-31,2021-09-01,3
run_20260811T162732Z_6bbfe89e,fixed_12m_2022,fixed_origin_12m_ex_ante,theta,2022-07-01,7,6359123.0,2640939.419249197,-2046799.257987089,7328678.0964854825,3735532.0,-3718183.580750803,3718183.580750803,2022,7,recovery,True,True,2021-12-31,2021-09-01,3
run_20260811T162732Z_6bbfe89e,fixed_12m_2022,fixed_origin_12m_ex_ante,theta,2022-08-01,8,7992422.0,3330357.8551693326,-1684253.9993069312,8344969.709645596,5499057.0,-4662064.144830667,4662064.144830667,2022,8,recovery,True,True,2021-12-31,2021-09-01,3
run_20260811T162732Z_6bbfe89e,fixed_12m_2022,fixed_origin_12m_ex_ante,theta,2022-09-01,9,6648582.0,2863916.8570085224,-2457527.514217276,8185361.228234321,4406083.0,-3784665.1429914776,3784665.1429914776,2022,9,recovery,True,True,2021-12-31,2021-09-01,3
run_20260811T162732Z_6bbfe89e,fixed_12m_2022,fixed_origin_12m_ex_ante,theta,2022-10-01,10,5919814.0,2300147.7764297677,-3311376.8239838853,7911672.376843421,2355124.0,-3619666.2235702323,3619666.2235702323,2022,10,recovery,True,True,2021-12-31,2021-09-01,3
run_20260811T162732Z_6bbfe89e,fixed_12m_2022,fixed_origin_12m_ex_ante,theta,2022-11-01,11,3438085.0,1278147.8098267324,-4609181.50710845,7165477.126761915,1262757.0,-2159937.1901732674,2159937.1901732674,2022,11,recovery,True,True,2021-12-31,2021-09-01,3
run_20260811T162732Z_6bbfe89e,fixed_12m_2022,fixed_origin_12m_ex_ante,theta,2022-12-01,12,2620212.0,986590.9615735685,-5164188.227361875,7137370.150509011,964816.0,-1633621.0384264314,1633621.0384264314,2022,12,recovery,True,True,2021-12-31,2021-09-01,3
run_20260811T162732Z_6bbfe89e,fixed_12m_2022,fixed_origin_12m_ex_ante,sarima_111_111_12,2022-01-01,1,2158066.0,1420651.376891356,-814027.521728619,3655330.275511331,829932.0,-737414.623108644,737414.623108644,2022,1,recovery,True,True,2021-12-31,2021-09-01,3
run_20260811T162732Z_6bbfe89e,fixed_12m_2022,fixed_origin_12m_ex_ante,sarima_111_111_12,2022-02-01,2,1851394.0,1292735.7668088067,-1307871.4274114447,3893342.9610290583,727126.0,-558658.2331911933,558658.2331911933,2022,2,recovery,True,True,2021-12-31,2021-09-01,3
run_20260811T162732Z_6bbfe89e,fixed_12m_2022,fixed_origin_12m_ex_ante,sarima_111_111_12,2022-03-01,3,2442196.0,1514490.4132940955,-1412861.3242356456,4441842.150823837,1043411.0,-927705.5867059045,927705.5867059045,2022,3,recovery,True,True,2021-12-31,2021-09-01,3
run_20260811T162732Z_6bbfe89e,fixed_12m_2022,fixed_origin_12m_ex_ante,sarima_111_111_12,2022-04-01,4,2921440.0,1740566.2299106903,-1484555.3649364738,4965687.824757854,1179562.0,-1180873.7700893097,1180873.7700893097,2022,4,recovery,True,True,2021-12-31,2021-09-01,3
run_20260811T162732Z_6bbfe89e,fixed_12m_2022,fixed_origin_12m_ex_ante,sarima_111_111_12,2022-05-01,5,4078425.0,1960638.70502137,-1537613.5653140799,5458890.97535682,1025559.0,-2117786.29497863,2117786.29497863,2022,5,recovery,True,True,2021-12-31,2021-09-01,3
run_20260811T162732Z_6bbfe89e,fixed_12m_2022,fixed_origin_12m_ex_ante,sarima_111_111_12,2022-06-01,6,4939265.0,2679239.992793961,-1071348.3571331333,6429828.342721055,1861089.0,-2260025.007206039,2260025.007206039,2022,6,recovery,True,True,2021-12-31,2021-09-01,3
run_20260811T162732Z_6bbfe89e,fixed_12m_2022,fixed_origin_12m_ex_ante,sarima_111_111_12,2022-07-01,7,6359123.0,4276467.453575702,289719.07232966274,8263215.834821742,3735532.0,-2082655.5464242976,2082655.5464242976,2022,7,recovery,True,True,2021-12-31,2021-09-01,3
run_20260811T162732Z_6bbfe89e,fixed_12m_2022,fixed_origin_12m_ex_ante,sarima_111_111_12,2022-08-01,8,7992422.0,5929128.163712119,1718304.943563532,10139951.383860705,5499057.0,-2063293.8362878812,2063293.8362878812,2022,8,recovery,True,True,2021-12-31,2021-09-01,3
run_20260811T162732Z_6bbfe89e,fixed_12m_2022,fixed_origin_12m_ex_ante,sarima_111_111_12,2022-09-01,9,6648582.0,5180238.52535778,756638.1678304728,9603838.882885087,4406083.0,-1468343.47464222,1468343.47464222,2022,9,recovery,True,True,2021-12-31,2021-09-01,3
run_20260811T162732Z_6bbfe89e,fixed_12m_2022,fixed_origin_12m_ex_ante,sarima_111_111_12,2022-10-01,10,5919814.0,4317766.905910153,-439449.4891773518,9074983.300997658,2355124.0,-1602047.094089847,1602047.094089847,2022,10,recovery,True,True,2021-12-31,2021-09-01,3
run_20260811T162732Z_6bbfe89e,fixed_12m_2022,fixed_origin_12m_ex_ante,sarima_111_111_12,2022-11-01,11,3438085.0,2747831.81024858,-2379376.8883103216,7875040.508807481,1262757.0,-690253.1897514202,690253.1897514202,2022,11,recovery,True,True,2021-12-31,2021-09-01,3
run_20260811T162732Z_6bbfe89e,fixed_12m_2022,fixed_origin_12m_ex_ante,sarima_111_111_12,2022-12-01,12,2620212.0,2438942.038853228,-3059627.2991003282,7937511.376806784,964816.0,-181269.9611467719,181269.9611467719,2022,12,recovery,True,True,2021-12-31,2021-09-01,3
run_20260811T162732Z_6bbfe89e,fixed_12m_2022,fixed_origin_12m_ex_ante,dynamic_harmonic_arima_k2,2022-01-01,1,2158066.0,860195.0858990578,-743181.1869723506,2463571.3587704664,829932.0,-1297870.9141009422,1297870.9141009422,2022,1,recovery,True,True,2021-12-31,2021-09-01,3
run_20260811T162732Z_6bbfe89e,fixed_12m_2022,fixed_origin_12m_ex_ante,dynamic_harmonic_arima_k2,2022-02-01,2,1851394.0,1078774.1106778842,-699570.188002748,2857118.4093585163,727126.0,-772619.8893221158,772619.8893221158,2022,2,recovery,True,True,2021-12-31,2021-09-01,3
run_20260811T162732Z_6bbfe89e,fixed_12m_2022,fixed_origin_12m_ex_ante,dynamic_harmonic_arima_k2,2022-03-01,3,2442196.0,1355984.8352366542,-581591.3228677101,3293560.9933410184,1043411.0,-1086211.1647633458,1086211.1647633458,2022,3,recovery,True,True,2021-12-31,2021-09-01,3
run_20260811T162732Z_6bbfe89e,fixed_12m_2022,fixed_origin_12m_ex_ante,dynamic_harmonic_arima_k2,2022-04-01,4,2921440.0,1682048.399327785,-402632.46141741355,3766729.260072984,1179562.0,-1239391.600672215,1239391.600672215,2022,4,recovery,True,True,2021-12-31,2021-09-01,3
run_20260811T162732Z_6bbfe89e,fixed_12m_2022,fixed_origin_12m_ex_ante,dynamic_harmonic_arima_k2,2022-05-01,5,4078425.0,2316245.994025809,94177.76513742516,4538314.222914193,1025559.0,-1762179.0059741908,1762179.0059741908,2022,5,recovery,True,True,2021-12-31,2021-09-01,3
run_20260811T162732Z_6bbfe89e,fixed_12m_2022,fixed_origin_12m_ex_ante,dynamic_harmonic_arima_k2,2022-06-01,6,4939265.0,3376329.263061621,1024887.1233285582,5727771.402794684,1861089.0,-1562935.7369383788,1562935.7369383788,2022,6,recovery,True,True,2021-12-31,2021-09-01,3
run_20260811T162732Z_6bbfe89e,fixed_12m_2022,fixed_origin_12m_ex_ante,dynamic_harmonic_arima_k2,2022-07-01,7,6359123.0,4524818.698551716,2050758.6630655844,6998878.734037848,3735532.0,-1834304.3014482837,1834304.3014482837,2022,7,recovery,True,True,2021-12-31,2021-09-01,3
run_20260811T162732Z_6bbfe89e,fixed_12m_2022,fixed_origin_12m_ex_ante,dynamic_harmonic_arima_k2,2022-08-01,8,7992422.0,5118396.284911185,2527514.9711750895,7709277.59864728,5499057.0,-2874025.7150888154,2874025.7150888154,2022,8,recovery,True,True,2021-12-31,2021-09-01,3
run_20260811T162732Z_6bbfe89e,fixed_12m_2022,fixed_origin_12m_ex_ante,dynamic_harmonic_arima_k2,2022-09-01,9,6648582.0,4721397.470705085,2018739.72238694,7424055.219023231,4406083.0,-1927184.5292949146,1927184.5292949146,2022,9,recovery,True,True,2021-12-31,2021-09-01,3
run_20260811T162732Z_6bbfe89e,fixed_12m_2022,fixed_origin_12m_ex_ante,dynamic_harmonic_arima_k2,2022-10-01,10,5919814.0,3504697.2801703503,694705.8518522242,6314688.708488476,2355124.0,-2415116.7198296497,2415116.7198296497,2022,10,recovery,True,True,2021-12-31,2021-09-01,3
run_20260811T162732Z_6bbfe89e,fixed_12m_2022,fixed_origin_12m_ex_ante,dynamic_harmonic_arima_k2,2022-11-01,11,3438085.0,2140959.206159956,-772414.2250875002,5054332.637407412,1262757.0,-1297125.7938400442,1297125.7938400442,2022,11,recovery,True,True,2021-12-31,2021-09-01,3
run_20260811T162732Z_6bbfe89e,fixed_12m_2022,fixed_origin_12m_ex_ante,dynamic_harmonic_arima_k2,2022-12-01,12,2620212.0,1283280.1413556836,-1729930.3844084572,4296490.667119824,964816.0,-1336931.8586443164,1336931.8586443164,2022,12,recovery,True,True,2021-12-31,2021-09-01,3
run_20260811T162732Z_6bbfe89e,fixed_12m_2022,fixed_origin_12m_ex_ante,stl_arima_111,2022-01-01,1,2158066.0,921638.7162848872,-102841.1378009381,1946118.5703707123,829932.0,-1236427.2837151128,1236427.2837151128,2022,1,recovery,True,True,2021-12-31,2021-09-01,3
run_20260811T162732Z_6bbfe89e,fixed_12m_2022,fixed_origin_12m_ex_ante,stl_arima_111,2022-02-01,2,1851394.0,826985.2970956296,-621848.006930554,2275818.601121813,727126.0,-1024408.7029043704,1024408.7029043704,2022,2,recovery,True,True,2021-12-31,2021-09-01,3
run_20260811T162732Z_6bbfe89e,fixed_12m_2022,fixed_origin_12m_ex_ante,stl_arima_111,2022-03-01,3,2442196.0,1225831.293255395,-548619.8653520041,3000282.4518627943,1043411.0,-1216364.706744605,1216364.706744605,2022,3,recovery,True,True,2021-12-31,2021-09-01,3
run_20260811T162732Z_6bbfe89e,fixed_12m_2022,fixed_origin_12m_ex_ante,stl_arima_111,2022-04-01,4,2921440.0,1382495.7813165614,-666463.9268550891,3431455.489488212,1179562.0,-1538944.2186834386,1538944.2186834386,2022,4,recovery,True,True,2021-12-31,2021-09-01,3
run_20260811T162732Z_6bbfe89e,fixed_12m_2022,fixed_origin_12m_ex_ante,stl_arima_111,2022-05-01,5,4078425.0,3609553.1207523965,1318746.5254374254,5900359.716067368,1025559.0,-468871.8792476035,468871.8792476035,2022,5,recovery,True,True,2021-12-31,2021-09-01,3
run_20260811T162732Z_6bbfe89e,fixed_12m_2022,fixed_origin_12m_ex_ante,stl_arima_111,2022-06-01,6,4939265.0,5617345.757222928,3107892.862951692,8126798.651494164,1861089.0,678080.7572229281,678080.7572229281,2022,6,recovery,True,True,2021-12-31,2021-09-01,3
run_20260811T162732Z_6bbfe89e,fixed_12m_2022,fixed_origin_12m_ex_ante,stl_arima_111,2022-07-01,7,6359123.0,4875292.043554454,2164773.1264476213,7585810.9606612865,3735532.0,-1483830.956445546,1483830.956445546,2022,7,recovery,True,True,2021-12-31,2021-09-01,3
run_20260811T162732Z_6bbfe89e,fixed_12m_2022,fixed_origin_12m_ex_ante,stl_arima_111,2022-08-01,8,7992422.0,5789291.877851833,2891625.2697994653,8686958.4859042,5499057.0,-2203130.1221481673,2203130.1221481673,2022,8,recovery,True,True,2021-12-31,2021-09-01,3
run_20260811T162732Z_6bbfe89e,fixed_12m_2022,fixed_origin_12m_ex_ante,stl_arima_111,2022-09-01,9,6648582.0,4674844.730557224,1601405.168299748,7748284.2928147,4406083.0,-1973737.2694427762,1973737.2694427762,2022,9,recovery,True,True,2021-12-31,2021-09-01,3
run_20260811T162732Z_6bbfe89e,fixed_12m_2022,fixed_origin_12m_ex_ante,stl_arima_111,2022-10-01,10,5919814.0,2634236.0199362095,-605453.7359319567,5873925.775804376,2355124.0,-3285577.9800637905,3285577.9800637905,2022,10,recovery,True,True,2021-12-31,2021-09-01,3
run_20260811T162732Z_6bbfe89e,fixed_12m_2022,fixed_origin_12m_ex_ante,stl_arima_111,2022-11-01,11,3438085.0,1566059.0607949323,-1831756.2204857985,4963874.342075663,1262757.0,-1872025.9392050677,1872025.9392050677,2022,11,recovery,True,True,2021-12-31,2021-09-01,3
run_20260811T162732Z_6bbfe89e,fixed_12m_2022,fixed_origin_12m_ex_ante,stl_arima_111,2022-12-01,12,2620212.0,1193136.7489002494,-2355765.5683145486,4742039.066115048,964816.0,-1427075.2510997506,1427075.2510997506,2022,12,recovery,True,True,2021-12-31,2021-09-01,3
run_20260811T162732Z_6bbfe89e,fixed_12m_2023,fixed_origin_12m_ex_ante,naive_last,2023-01-01,1,3077654.0,6648582.0,2997567.4425747013,10299596.557425298,2158066.0,3570928.0,3570928.0,2023,1,normalization,True,True,2022-12-31,2022-09-01,3
run_20260811T162732Z_6bbfe89e,fixed_12m_2023,fixed_origin_12m_ex_ante,naive_last,2023-02-01,2,2314917.0,6648582.0,2566623.631377861,10730540.36862214,1851394.0,4333665.0,4333665.0,2023,2,normalization,True,True,2022-12-31,2022-09-01,3
run_20260811T162732Z_6bbfe89e,fixed_12m_2023,fixed_origin_12m_ex_ante,naive_last,2023-03-01,3,2788995.0,6648582.0,2177020.6454173336,11120143.354582667,2442196.0,3859587.0,3859587.0,2023,3,normalization,True,True,2022-12-31,2022-09-01,3
run_20260811T162732Z_6bbfe89e,fixed_12m_2023,fixed_origin_12m_ex_ante,naive_last,2023-04-01,4,3541271.0,6648582.0,1818743.7239880543,11478420.276011946,2921440.0,3107311.0,3107311.0,2023,4,normalization,True,True,2022-12-31,2022-09-01,3
run_20260811T162732Z_6bbfe89e,fixed_12m_2023,fixed_origin_12m_ex_ante,naive_last,2023-05-01,5,4584458.0,6648582.0,1485267.6964675393,11811896.30353246,4078425.0,2064124.0,2064124.0,2023,5,normalization,True,True,2022-12-31,2022-09-01,3
run_20260811T162732Z_6bbfe89e,fixed_12m_2023,fixed_origin_12m_ex_ante,naive_last,2023-06-01,6,5869766.0,6648582.0,1172060.1638620514,12125103.836137949,4939265.0,778816.0,778816.0,2023,6,normalization,True,True,2022-12-31,2022-09-01,3
run_20260811T162732Z_6bbfe89e,fixed_12m_2023,fixed_origin_12m_ex_ante,naive_last,2023-07-01,7,6926346.0,6648582.0,875821.1140522175,12421342.885947783,6359123.0,-277764.0,277764.0,2023,7,normalization,True,True,2022-12-31,2022-09-01,3
run_20260811T162732Z_6bbfe89e,fixed_12m_2023,fixed_origin_12m_ex_ante,naive_last,2023-08-01,8,8488026.0,6648582.0,594059.3044474032,12703104.695552597,7992422.0,-1839444.0,1839444.0,2023,8,normalization,True,True,2022-12-31,2022-09-01,3
run_20260811T162732Z_6bbfe89e,fixed_12m_2023,fixed_origin_12m_ex_ante,naive_last,2023-09-01,9,7013861.0,6648582.0,324839.28736578487,12972324.712634215,6648582.0,-365279.0,365279.0,2023,9,normalization,True,True,2022-12-31,2022-09-01,3
run_20260811T162732Z_6bbfe89e,fixed_12m_2023,fixed_origin_12m_ex_ante,naive_last,2023-10-01,10,6151397.0,6648582.0,66621.90286881104,13230542.097131189,4406796.0,497185.0,497185.0,2023,10,normalization,True,True,2022-12-31,2022-09-01,3
run_20260811T162732Z_6bbfe89e,fixed_12m_2023,fixed_origin_12m_ex_ante,naive_last,2023-11-01,11,3520467.0,6648582.0,-181840.79400478024,13479004.79400478,2466682.0,3128115.0,3128115.0,2023,11,normalization,True,True,2022-12-31,2022-09-01,3
run_20260811T162732Z_6bbfe89e,fixed_12m_2023,fixed_origin_12m_ex_ante,naive_last,2023-12-01,12,2800281.0,6648582.0,-421577.28883451223,13718741.288834512,2176634.0,3848301.0,3848301.0,2023,12,normalization,True,True,2022-12-31,2022-09-01,3
run_20260811T162732Z_6bbfe89e,fixed_12m_2023,fixed_origin_12m_ex_ante,seasonal_naive,2023-01-01,1,3077654.0,2158066.0,-137624.85703550186,4453756.857035502,2158066.0,-919588.0,919588.0,2023,1,normalization,True,True,2022-12-31,2022-09-01,3
run_20260811T162732Z_6bbfe89e,fixed_12m_2023,fixed_origin_12m_ex_ante,seasonal_naive,2023-02-01,2,2314917.0,1851394.0,-1395203.1450355211,5097991.145035521,1851394.0,-463523.0,463523.0,2023,2,normalization,True,True,2022-12-31,2022-09-01,3
run_20260811T162732Z_6bbfe89e,fixed_12m_2023,fixed_origin_12m_ex_ante,seasonal_naive,2023-03-01,3,2788995.0,2442196.0,-1534057.202856829,6418449.202856829,2442196.0,-346799.0,346799.0,2023,3,normalization,True,True,2022-12-31,2022-09-01,3
run_20260811T162732Z_6bbfe89e,fixed_12m_2023,fixed_origin_12m_ex_ante,seasonal_naive,2023-04-01,4,3541271.0,2921440.0,-1669941.7140710037,7512821.714071004,2921440.0,-619831.0,619831.0,2023,4,normalization,True,True,2022-12-31,2022-09-01,3
run_20260811T162732Z_6bbfe89e,fixed_12m_2023,fixed_origin_12m_ex_ante,seasonal_naive,2023-05-01,5,4584458.0,4078425.0,-1054895.8116561342,9211745.811656134,4078425.0,-506033.0,506033.0,2023,5,normalization,True,True,2022-12-31,2022-09-01,3
run_20260811T162732Z_6bbfe89e,fixed_12m_2023,fixed_origin_12m_ex_ante,seasonal_naive,2023-06-01,6,5869766.0,4939265.0,-684006.2069095848,10562536.206909586,4939265.0,-930501.0,930501.0,2023,6,normalization,True,True,2022-12-31,2022-09-01,3
run_20260811T162732Z_6bbfe89e,fixed_12m_2023,fixed_origin_12m_ex_ante,seasonal_naive,2023-07-01,7,6926346.0,6359123.0,285295.9051993275,12432950.094800673,6359123.0,-567223.0,567223.0,2023,7,normalization,True,True,2022-12-31,2022-09-01,3
run_20260811T162732Z_6bbfe89e,fixed_12m_2023,fixed_origin_12m_ex_ante,seasonal_naive,2023-08-01,8,8488026.0,7992422.0,1499227.7099289577,14485616.290071042,7992422.0,-495604.0,495604.0,2023,8,normalization,True,True,2022-12-31,2022-09-01,3
run_20260811T162732Z_6bbfe89e,fixed_12m_2023,fixed_origin_12m_ex_ante,seasonal_naive,2023-09-01,9,7013861.0,6648582.0,-238490.57110650558,13535654.571106505,6648582.0,-365279.0,365279.0,2023,9,normalization,True,True,2022-12-31,2022-09-01,3
run_20260811T162732Z_6bbfe89e,fixed_12m_2023,fixed_origin_12m_ex_ante,seasonal_naive,2023-10-01,10,6151397.0,4406796.0,-2852815.911856169,11666407.911856169,4406796.0,-1744601.0,1744601.0,2023,10,normalization,True,True,2022-12-31,2022-09-01,3
run_20260811T162732Z_6bbfe89e,fixed_12m_2023,fixed_origin_12m_ex_ante,seasonal_naive,2023-11-01,11,3520467.0,2466682.0,-5147263.20743618,10080627.20743618,2466682.0,-1053785.0,1053785.0,2023,11,normalization,True,True,2022-12-31,2022-09-01,3
run_20260811T162732Z_6bbfe89e,fixed_12m_2023,fixed_origin_12m_ex_ante,seasonal_naive,2023-12-01,12,2800281.0,2176634.0,-5775872.405713658,10129140.405713659,2176634.0,-623647.0,623647.0,2023,12,normalization,True,True,2022-12-31,2022-09-01,3
run_20260811T162732Z_6bbfe89e,fixed_12m_2023,fixed_origin_12m_ex_ante,drift,2023-01-01,1,3077654.0,6775191.156069364,-1587186.43306447,15137568.745203199,2158066.0,3697537.1560693644,3697537.1560693644,2023,1,normalization,True,True,2022-12-31,2022-09-01,3
run_20260811T162732Z_6bbfe89e,fixed_12m_2023,fixed_origin_12m_ex_ante,drift,2023-02-01,2,2314917.0,6806843.4450867055,-2542578.926325326,16156265.816498738,1851394.0,4491926.4450867055,4491926.4450867055,2023,2,normalization,True,True,2022-12-31,2022-09-01,3
run_20260811T162732Z_6bbfe89e,fixed_12m_2023,fixed_origin_12m_ex_ante,drift,2023-03-01,3,2788995.0,6838495.734104047,-3403283.330827577,17080274.79903567,2442196.0,4049500.7341040466,4049500.7341040466,2023,3,normalization,True,True,2022-12-31,2022-09-01,3
run_20260811T162732Z_6bbfe89e,fixed_12m_2023,fixed_origin_12m_ex_ante,drift,2023-04-01,4,3541271.0,6870148.023121388,-4192237.7119126087,17932533.758155383,2921440.0,3328877.0231213877,3328877.0231213877,2023,4,normalization,True,True,2022-12-31,2022-09-01,3
run_20260811T162732Z_6bbfe89e,fixed_12m_2023,fixed_origin_12m_ex_ante,drift,2023-05-01,5,4584458.0,6901800.312138729,-4924387.488099167,18727988.112376623,4078425.0,2317342.312138729,2317342.312138729,2023,5,normalization,True,True,2022-12-31,2022-09-01,3
run_20260811T162732Z_6bbfe89e,fixed_12m_2023,fixed_origin_12m_ex_ante,drift,2023-06-01,6,5869766.0,6933452.601156069,-5610113.782544682,19477018.98485682,4939265.0,1063686.601156069,1063686.601156069,2023,6,normalization,True,True,2022-12-31,2022-09-01,3
run_20260811T162732Z_6bbfe89e,fixed_12m_2023,fixed_origin_12m_ex_ante,drift,2023-07-01,7,6926346.0,6965104.89017341,-6256975.027831907,20187184.808178727,6359123.0,38758.890173410065,38758.890173410065,2023,7,normalization,True,True,2022-12-31,2022-09-01,3
run_20260811T162732Z_6bbfe89e,fixed_12m_2023,fixed_origin_12m_ex_ante,drift,2023-08-01,8,8488026.0,6996757.179190751,-6870677.230026098,20864191.5884076,7992422.0,-1491268.8208092488,1491268.8208092488,2023,8,normalization,True,True,2022-12-31,2022-09-01,3
run_20260811T162732Z_6bbfe89e,fixed_12m_2023,fixed_origin_12m_ex_ante,drift,2023-09-01,9,7013861.0,7028409.468208092,-7455653.388247046,21512472.32466323,6648582.0,14548.468208092265,14548.468208092265,2023,9,normalization,True,True,2022-12-31,2022-09-01,3
run_20260811T162732Z_6bbfe89e,fixed_12m_2023,fixed_origin_12m_ex_ante,drift,2023-10-01,10,6151397.0,7060061.757225433,-8015428.833981054,22135552.348431922,4406796.0,908664.7572254334,908664.7572254334,2023,10,normalization,True,True,2022-12-31,2022-09-01,3
run_20260811T162732Z_6bbfe89e,fixed_12m_2023,fixed_origin_12m_ex_ante,drift,2023-11-01,11,3520467.0,7091714.046242774,-8552861.892444964,22736289.98493051,2466682.0,3571247.0462427745,3571247.0462427745,2023,11,normalization,True,True,2022-12-31,2022-09-01,3
run_20260811T162732Z_6bbfe89e,fixed_12m_2023,fixed_origin_12m_ex_ante,drift,2023-12-01,12,2800281.0,7123366.335260116,-9070308.23344662,23317040.90396685,2176634.0,4323085.335260116,4323085.335260116,2023,12,normalization,True,True,2022-12-31,2022-09-01,3
run_20260811T162732Z_6bbfe89e,fixed_12m_2023,fixed_origin_12m_ex_ante,same_month_historical_mean,2023-01-01,1,3077654.0,1601080.5333333334,-5185.075197489234,3207346.1418641564,2158066.0,-1476573.4666666666,1476573.4666666666,2023,1,normalization,True,True,2022-12-31,2022-09-01,3
run_20260811T162732Z_6bbfe89e,fixed_12m_2023,fixed_origin_12m_ex_ante,same_month_historical_mean,2023-02-01,2,2314917.0,1436270.0,-169995.60853082268,3042535.6085308227,1851394.0,-878647.0,878647.0,2023,2,normalization,True,True,2022-12-31,2022-09-01,3
run_20260811T162732Z_6bbfe89e,fixed_12m_2023,fixed_origin_12m_ex_ante,same_month_historical_mean,2023-03-01,3,2788995.0,1784424.9333333333,178159.32480251067,3390690.541864156,2442196.0,-1004570.0666666667,1004570.0666666667,2023,3,normalization,True,True,2022-12-31,2022-09-01,3
run_20260811T162732Z_6bbfe89e,fixed_12m_2023,fixed_origin_12m_ex_ante,same_month_historical_mean,2023-04-01,4,3541271.0,2290985.214285714,684719.6057548914,3897250.8228165368,2921440.0,-1250285.785714286,1250285.785714286,2023,4,normalization,True,True,2022-12-31,2022-09-01,3
run_20260811T162732Z_6bbfe89e,fixed_12m_2023,fixed_origin_12m_ex_ante,same_month_historical_mean,2023-05-01,5,4584458.0,3225310.5714285714,1619044.9628977487,4831576.179959394,4078425.0,-1359147.4285714286,1359147.4285714286,2023,5,normalization,True,True,2022-12-31,2022-09-01,3
run_20260811T162732Z_6bbfe89e,fixed_12m_2023,fixed_origin_12m_ex_ante,same_month_historical_mean,2023-06-01,6,5869766.0,3810829.6428571427,2204564.03432632,5417095.251387965,4939265.0,-2058936.3571428573,2058936.3571428573,2023,6,normalization,True,True,2022-12-31,2022-09-01,3
run_20260811T162732Z_6bbfe89e,fixed_12m_2023,fixed_origin_12m_ex_ante,same_month_historical_mean,2023-07-01,7,6926346.0,4636581.933333334,3030316.324802511,6242847.541864157,6359123.0,-2289764.0666666664,2289764.0666666664,2023,7,normalization,True,True,2022-12-31,2022-09-01,3
run_20260811T162732Z_6bbfe89e,fixed_12m_2023,fixed_origin_12m_ex_ante,same_month_historical_mean,2023-08-01,8,8488026.0,5839971.0,4233705.391469177,7446236.608530823,7992422.0,-2648055.0,2648055.0,2023,8,normalization,True,True,2022-12-31,2022-09-01,3
run_20260811T162732Z_6bbfe89e,fixed_12m_2023,fixed_origin_12m_ex_ante,same_month_historical_mean,2023-09-01,9,7013861.0,4948717.933333334,3342452.324802511,6554983.541864157,6648582.0,-2065143.0666666664,2065143.0666666664,2023,9,normalization,True,True,2022-12-31,2022-09-01,3
run_20260811T162732Z_6bbfe89e,fixed_12m_2023,fixed_origin_12m_ex_ante,same_month_historical_mean,2023-10-01,10,6151397.0,3909666.5714285714,2303400.9628977487,5515932.179959394,4406796.0,-2241730.4285714286,2241730.4285714286,2023,10,normalization,True,True,2022-12-31,2022-09-01,3
run_20260811T162732Z_6bbfe89e,fixed_12m_2023,fixed_origin_12m_ex_ante,same_month_historical_mean,2023-11-01,11,3520467.0,2164259.785714286,557994.1771834632,3770525.3942451086,2466682.0,-1356207.214285714,1356207.214285714,2023,11,normalization,True,True,2022-12-31,2022-09-01,3
run_20260811T162732Z_6bbfe89e,fixed_12m_2023,fixed_origin_12m_ex_ante,same_month_historical_mean,2023-12-01,12,2800281.0,1683418.5714285714,77152.96289774869,3289684.179959394,2176634.0,-1116862.4285714286,1116862.4285714286,2023,12,normalization,True,True,2022-12-31,2022-09-01,3
run_20260811T162732Z_6bbfe89e,fixed_12m_2023,fixed_origin_12m_ex_ante,seasonal_moving_average_3,2023-01-01,1,3077654.0,1839140.3333333333,-143421.4773735716,3821702.144040238,2158066.0,-1238513.6666666667,1238513.6666666667,2023,1,normalization,True,True,2022-12-31,2022-09-01,3
run_20260811T162732Z_6bbfe89e,fixed_12m_2023,fixed_origin_12m_ex_ante,seasonal_moving_average_3,2023-02-01,2,2314917.0,1543481.0,-439080.81070690486,3526042.810706905,1851394.0,-771436.0,771436.0,2023,2,normalization,True,True,2022-12-31,2022-09-01,3
run_20260811T162732Z_6bbfe89e,fixed_12m_2023,fixed_origin_12m_ex_ante,seasonal_moving_average_3,2023-03-01,3,2788995.0,1514558.3333333333,-468003.4773735716,3497120.144040238,2442196.0,-1274436.6666666667,1274436.6666666667,2023,3,normalization,True,True,2022-12-31,2022-09-01,3
run_20260811T162732Z_6bbfe89e,fixed_12m_2023,fixed_origin_12m_ex_ante,seasonal_moving_average_3,2023-04-01,4,3541271.0,2455752.6666666665,473190.85595976165,4438314.477373571,2921440.0,-1085518.3333333335,1085518.3333333335,2023,4,normalization,True,True,2022-12-31,2022-09-01,3
run_20260811T162732Z_6bbfe89e,fixed_12m_2023,fixed_origin_12m_ex_ante,seasonal_moving_average_3,2023-05-01,5,4584458.0,3107940.3333333335,1125378.5226264286,5090502.144040238,4078425.0,-1476517.6666666665,1476517.6666666665,2023,5,normalization,True,True,2022-12-31,2022-09-01,3
run_20260811T162732Z_6bbfe89e,fixed_12m_2023,fixed_origin_12m_ex_ante,seasonal_moving_average_3,2023-06-01,6,5869766.0,4025535.6666666665,2042973.8559597617,6008097.477373571,4939265.0,-1844230.3333333335,1844230.3333333335,2023,6,normalization,True,True,2022-12-31,2022-09-01,3
run_20260811T162732Z_6bbfe89e,fixed_12m_2023,fixed_origin_12m_ex_ante,seasonal_moving_average_3,2023-07-01,7,6926346.0,3623899.3333333335,1641337.5226264286,5606461.144040238,6359123.0,-3302446.6666666665,3302446.6666666665,2023,7,normalization,True,True,2022-12-31,2022-09-01,3
run_20260811T162732Z_6bbfe89e,fixed_12m_2023,fixed_origin_12m_ex_ante,seasonal_moving_average_3,2023-08-01,8,8488026.0,5228132.0,3245570.189293095,7210693.810706905,7992422.0,-3259894.0,3259894.0,2023,8,normalization,True,True,2022-12-31,2022-09-01,3
run_20260811T162732Z_6bbfe89e,fixed_12m_2023,fixed_origin_12m_ex_ante,seasonal_moving_average_3,2023-09-01,9,7013861.0,4562953.333333333,2580391.522626428,6545515.144040238,6648582.0,-2450907.666666667,2450907.666666667,2023,9,normalization,True,True,2022-12-31,2022-09-01,3
run_20260811T162732Z_6bbfe89e,fixed_12m_2023,fixed_origin_12m_ex_ante,seasonal_moving_average_3,2023-10-01,10,6151397.0,4066471.3333333335,2083909.5226264286,6049033.144040238,4406796.0,-2084925.6666666665,2084925.6666666665,2023,10,normalization,True,True,2022-12-31,2022-09-01,3
run_20260811T162732Z_6bbfe89e,fixed_12m_2023,fixed_origin_12m_ex_ante,seasonal_moving_average_3,2023-11-01,11,3520467.0,2244985.3333333335,262423.52262642863,4227547.144040238,2466682.0,-1275481.6666666665,1275481.6666666665,2023,11,normalization,True,True,2022-12-31,2022-09-01,3
run_20260811T162732Z_6bbfe89e,fixed_12m_2023,fixed_origin_12m_ex_ante,seasonal_moving_average_3,2023-12-01,12,2800281.0,1846593.0,-135968.81070690486,3829154.810706905,2176634.0,-953688.0,953688.0,2023,12,normalization,True,True,2022-12-31,2022-09-01,3
run_20260811T162732Z_6bbfe89e,fixed_12m_2023,fixed_origin_12m_ex_ante,ets_holt_winters,2023-01-01,1,3077654.0,2153877.743131868,1279086.931427832,3028668.5548359044,2158066.0,-923776.2568681319,923776.2568681319,2023,1,normalization,True,True,2022-12-31,2022-09-01,3
run_20260811T162732Z_6bbfe89e,fixed_12m_2023,fixed_origin_12m_ex_ante,ets_holt_winters,2023-02-01,2,2314917.0,1993922.4692609247,756781.4391097084,3231063.499412141,1851394.0,-320994.5307390753,320994.5307390753,2023,2,normalization,True,True,2022-12-31,2022-09-01,3
run_20260811T162732Z_6bbfe89e,fixed_12m_2023,fixed_origin_12m_ex_ante,ets_holt_winters,2023-03-01,3,2788995.0,2336440.430350053,821258.2984842439,3851622.5622158623,2442196.0,-452554.5696499469,452554.5696499469,2023,3,normalization,True,True,2022-12-31,2022-09-01,3
run_20260811T162732Z_6bbfe89e,fixed_12m_2023,fixed_origin_12m_ex_ante,ets_holt_winters,2023-04-01,4,3541271.0,2842447.4429165022,1092865.81950843,4592029.066324575,2921440.0,-698823.5570834978,698823.5570834978,2023,4,normalization,True,True,2022-12-31,2022-09-01,3
run_20260811T162732Z_6bbfe89e,fixed_12m_2023,fixed_origin_12m_ex_ante,ets_holt_winters,2023-05-01,5,4584458.0,3755018.62088997,1798926.8998275266,5711110.341952413,4078425.0,-829439.3791100299,829439.3791100299,2023,5,normalization,True,True,2022-12-31,2022-09-01,3
run_20260811T162732Z_6bbfe89e,fixed_12m_2023,fixed_origin_12m_ex_ante,ets_holt_winters,2023-06-01,6,5869766.0,4356546.767297742,2213755.646947735,6499337.887647749,4939265.0,-1513219.232702258,1513219.232702258,2023,6,normalization,True,True,2022-12-31,2022-09-01,3
run_20260811T162732Z_6bbfe89e,fixed_12m_2023,fixed_origin_12m_ex_ante,ets_holt_winters,2023-07-01,7,6926346.0,5167635.77349339,2853156.8365201787,7482114.710466601,6359123.0,-1758710.2265066104,1758710.2265066104,2023,7,normalization,True,True,2022-12-31,2022-09-01,3
run_20260811T162732Z_6bbfe89e,fixed_12m_2023,fixed_origin_12m_ex_ante,ets_holt_winters,2023-08-01,8,8488026.0,6324913.381892359,3850631.3215899263,8799195.442194792,7992422.0,-2163112.618107641,2163112.618107641,2023,8,normalization,True,True,2022-12-31,2022-09-01,3
run_20260811T162732Z_6bbfe89e,fixed_12m_2023,fixed_origin_12m_ex_ante,ets_holt_winters,2023-09-01,9,7013861.0,5412355.367681513,2787982.932569404,8036727.802793621,6648582.0,-1601505.6323184874,1601505.6323184874,2023,9,normalization,True,True,2022-12-31,2022-09-01,3
run_20260811T162732Z_6bbfe89e,fixed_12m_2023,fixed_origin_12m_ex_ante,ets_holt_winters,2023-10-01,10,6151397.0,4364991.327525553,1598659.8863533167,7131322.76869779,4406796.0,-1786405.6724744467,1786405.6724744467,2023,10,normalization,True,True,2022-12-31,2022-09-01,3
run_20260811T162732Z_6bbfe89e,fixed_12m_2023,fixed_origin_12m_ex_ante,ets_holt_winters,2023-11-01,11,3520467.0,2633337.417121079,-268015.4753516498,5534690.309593808,2466682.0,-887129.5828789212,887129.5828789212,2023,11,normalization,True,True,2022-12-31,2022-09-01,3
run_20260811T162732Z_6bbfe89e,fixed_12m_2023,fixed_origin_12m_ex_ante,ets_holt_winters,2023-12-01,12,2800281.0,2176633.9975166405,-853730.266214978,5206998.261248259,2176634.0,-623647.0024833595,623647.0024833595,2023,12,normalization,True,True,2022-12-31,2022-09-01,3
run_20260811T162732Z_6bbfe89e,fixed_12m_2023,fixed_origin_12m_ex_ante,theta,2023-01-01,1,3077654.0,2017101.1808874395,266511.4426168974,3767690.919157982,2158066.0,-1060552.8191125605,1060552.8191125605,2023,1,normalization,True,True,2022-12-31,2022-09-01,3
run_20260811T162732Z_6bbfe89e,fixed_12m_2023,fixed_origin_12m_ex_ante,theta,2023-02-01,2,2314917.0,1802209.633615267,-710790.8855736884,4315210.152804222,1851394.0,-512707.366384733,512707.366384733,2023,2,normalization,True,True,2022-12-31,2022-09-01,3
run_20260811T162732Z_6bbfe89e,fixed_12m_2023,fixed_origin_12m_ex_ante,theta,2023-03-01,3,2788995.0,2216665.321231611,-876194.0010056277,5309524.643468849,2442196.0,-572329.6787683889,572329.6787683889,2023,3,normalization,True,True,2022-12-31,2022-09-01,3
run_20260811T162732Z_6bbfe89e,fixed_12m_2023,fixed_origin_12m_ex_ante,theta,2023-04-01,4,3541271.0,2860641.1986256526,-719356.8411581172,6440639.238409422,2921440.0,-680629.8013743474,680629.8013743474,2023,4,normalization,True,True,2022-12-31,2022-09-01,3
run_20260811T162732Z_6bbfe89e,fixed_12m_2023,fixed_origin_12m_ex_ante,theta,2023-05-01,5,4584458.0,3932311.234528565,-76054.16081171809,7940676.629868848,4078425.0,-652146.7654714352,652146.7654714352,2023,5,normalization,True,True,2022-12-31,2022-09-01,3
run_20260811T162732Z_6bbfe89e,fixed_12m_2023,fixed_origin_12m_ex_ante,theta,2023-06-01,6,5869766.0,4734268.039019245,339088.8253503302,9129447.252688158,4939265.0,-1135497.9609807553,1135497.9609807553,2023,6,normalization,True,True,2022-12-31,2022-09-01,3
run_20260811T162732Z_6bbfe89e,fixed_12m_2023,fixed_origin_12m_ex_ante,theta,2023-07-01,7,6926346.0,5625003.7270440655,874402.9757734286,10375604.478314701,6359123.0,-1301342.2729559345,1301342.2729559345,2023,7,normalization,True,True,2022-12-31,2022-09-01,3
run_20260811T162732Z_6bbfe89e,fixed_12m_2023,fixed_origin_12m_ex_ante,theta,2023-08-01,8,8488026.0,7157627.918362621,2076406.1483865287,12238849.688338714,7992422.0,-1330398.0816373788,1330398.0816373788,2023,8,normalization,True,True,2022-12-31,2022-09-01,3
run_20260811T162732Z_6bbfe89e,fixed_12m_2023,fixed_origin_12m_ex_ante,theta,2023-09-01,9,7013861.0,6103333.450320847,711726.8388009742,11494940.06184072,6648582.0,-910527.5496791527,910527.5496791527,2023,9,normalization,True,True,2022-12-31,2022-09-01,3
run_20260811T162732Z_6bbfe89e,fixed_12m_2023,fixed_origin_12m_ex_ante,theta,2023-10-01,10,6151397.0,4970512.965279851,-714557.7494158465,10655583.679975549,4406796.0,-1180884.034720149,1180884.034720149,2023,10,normalization,True,True,2022-12-31,2022-09-01,3
run_20260811T162732Z_6bbfe89e,fixed_12m_2023,fixed_origin_12m_ex_ante,theta,2023-11-01,11,3520467.0,2748266.003538343,-3215846.3536189636,8712378.360695649,2466682.0,-772200.9964616569,772200.9964616569,2023,11,normalization,True,True,2022-12-31,2022-09-01,3
run_20260811T162732Z_6bbfe89e,fixed_12m_2023,fixed_origin_12m_ex_ante,theta,2023-12-01,12,2800281.0,2131102.4207352684,-4099567.15696682,8361771.998437356,2176634.0,-669178.5792647316,669178.5792647316,2023,12,normalization,True,True,2022-12-31,2022-09-01,3
run_20260811T162732Z_6bbfe89e,fixed_12m_2023,fixed_origin_12m_ex_ante,sarima_111_111_12,2023-01-01,1,3077654.0,4036653.8001579936,1857780.8181370404,6215526.782178947,2158066.0,958999.8001579936,958999.8001579936,2023,1,normalization,True,True,2022-12-31,2022-09-01,3
run_20260811T162732Z_6bbfe89e,fixed_12m_2023,fixed_origin_12m_ex_ante,sarima_111_111_12,2023-02-01,2,2314917.0,3861402.65407516,1338403.662782725,6384401.645367595,1851394.0,1546485.6540751602,1546485.6540751602,2023,2,normalization,True,True,2022-12-31,2022-09-01,3
run_20260811T162732Z_6bbfe89e,fixed_12m_2023,fixed_origin_12m_ex_ante,sarima_111_111_12,2023-03-01,3,2788995.0,4288909.7549767895,1458355.5112081715,7119463.998745408,2442196.0,1499914.7549767895,1499914.7549767895,2023,3,normalization,True,True,2022-12-31,2022-09-01,3
run_20260811T162732Z_6bbfe89e,fixed_12m_2023,fixed_origin_12m_ex_ante,sarima_111_111_12,2023-04-01,4,3541271.0,4696921.966815514,1586303.9888240518,7807539.944806975,2921440.0,1155650.9668155136,1155650.9668155136,2023,4,normalization,True,True,2022-12-31,2022-09-01,3
run_20260811T162732Z_6bbfe89e,fixed_12m_2023,fixed_origin_12m_ex_ante,sarima_111_111_12,2023-05-01,5,4584458.0,5487579.99130515,2119546.3328756015,8855613.649734698,4078425.0,903121.9913051501,903121.9913051501,2023,5,normalization,True,True,2022-12-31,2022-09-01,3
run_20260811T162732Z_6bbfe89e,fixed_12m_2023,fixed_origin_12m_ex_ante,sarima_111_111_12,2023-06-01,6,5869766.0,6294688.041654789,2687901.4028552272,9901474.680454351,4939265.0,424922.0416547889,424922.0416547889,2023,6,normalization,True,True,2022-12-31,2022-09-01,3
run_20260811T162732Z_6bbfe89e,fixed_12m_2023,fixed_origin_12m_ex_ante,sarima_111_111_12,2023-07-01,7,6926346.0,7795379.861683937,3964811.2917226944,11625948.43164518,6359123.0,869033.8616839368,869033.8616839368,2023,7,normalization,True,True,2022-12-31,2022-09-01,3
run_20260811T162732Z_6bbfe89e,fixed_12m_2023,fixed_origin_12m_ex_ante,sarima_111_111_12,2023-08-01,8,8488026.0,9465184.565142117,5422573.250529788,13507795.879754446,7992422.0,977158.5651421174,977158.5651421174,2023,8,normalization,True,True,2022-12-31,2022-09-01,3
run_20260811T162732Z_6bbfe89e,fixed_12m_2023,fixed_origin_12m_ex_ante,sarima_111_111_12,2023-09-01,9,7013861.0,8528422.196890257,4284321.342999595,12772523.050780918,6648582.0,1514561.1968902573,1514561.1968902573,2023,9,normalization,True,True,2022-12-31,2022-09-01,3
run_20260811T162732Z_6bbfe89e,fixed_12m_2023,fixed_origin_12m_ex_ante,sarima_111_111_12,2023-10-01,10,6151397.0,8058974.13177738,3494603.021175688,12623345.242379071,4406796.0,1907577.1317773797,1907577.1317773797,2023,10,normalization,True,True,2022-12-31,2022-09-01,3
run_20260811T162732Z_6bbfe89e,fixed_12m_2023,fixed_origin_12m_ex_ante,sarima_111_111_12,2023-11-01,11,3520467.0,6365510.391595418,1453956.8272816548,11277063.955909181,2466682.0,2845043.3915954176,2845043.3915954176,2023,11,normalization,True,True,2022-12-31,2022-09-01,3
run_20260811T162732Z_6bbfe89e,fixed_12m_2023,fixed_origin_12m_ex_ante,sarima_111_111_12,2023-12-01,12,2800281.0,6132295.443288308,875366.8347240668,11389224.051852548,2176634.0,3332014.4432883076,3332014.4432883076,2023,12,normalization,True,True,2022-12-31,2022-09-01,3
run_20260811T162732Z_6bbfe89e,fixed_12m_2023,fixed_origin_12m_ex_ante,dynamic_harmonic_arima_k2,2023-01-01,1,3077654.0,3225252.539179923,1596423.5527892383,4854081.525570608,2158066.0,147598.539179923,147598.539179923,2023,1,normalization,True,True,2022-12-31,2022-09-01,3
run_20260811T162732Z_6bbfe89e,fixed_12m_2023,fixed_origin_12m_ex_ante,dynamic_harmonic_arima_k2,2023-02-01,2,2314917.0,3444110.769739289,1634741.5294507938,5253480.010027784,1851394.0,1129193.7697392888,1129193.7697392888,2023,2,normalization,True,True,2022-12-31,2022-09-01,3
run_20260811T162732Z_6bbfe89e,fixed_12m_2023,fixed_origin_12m_ex_ante,dynamic_harmonic_arima_k2,2023-03-01,3,2788995.0,3724498.483967562,1751389.3686417441,5697607.59929338,2442196.0,935503.4839675622,935503.4839675622,2023,3,normalization,True,True,2022-12-31,2022-09-01,3
run_20260811T162732Z_6bbfe89e,fixed_12m_2023,fixed_origin_12m_ex_ante,dynamic_harmonic_arima_k2,2023-04-01,4,3541271.0,4063094.186706678,1938740.2265474638,6187448.146865892,2921440.0,521823.186706678,521823.186706678,2023,4,normalization,True,True,2022-12-31,2022-09-01,3
run_20260811T162732Z_6bbfe89e,fixed_12m_2023,fixed_origin_12m_ex_ante,dynamic_harmonic_arima_k2,2023-05-01,5,4584458.0,4717412.021211019,2451910.4620781043,6982913.580343934,4078425.0,132954.0212110188,132954.0212110188,2023,5,normalization,True,True,2022-12-31,2022-09-01,3
run_20260811T162732Z_6bbfe89e,fixed_12m_2023,fixed_origin_12m_ex_ante,dynamic_harmonic_arima_k2,2023-06-01,6,5869766.0,5799590.768095184,3401228.253204457,8197953.282985911,4939265.0,-70175.23190481588,70175.23190481588,2023,6,normalization,True,True,2022-12-31,2022-09-01,3
run_20260811T162732Z_6bbfe89e,fixed_12m_2023,fixed_origin_12m_ex_ante,dynamic_harmonic_arima_k2,2023-07-01,7,6926346.0,6967219.222661377,4442980.60094499,9491457.844377764,6359123.0,40873.22266137693,40873.22266137693,2023,7,normalization,True,True,2022-12-31,2022-09-01,3
run_20260811T162732Z_6bbfe89e,fixed_12m_2023,fixed_origin_12m_ex_ante,dynamic_harmonic_arima_k2,2023-08-01,8,8488026.0,7576594.925876651,4932465.4769102745,10220724.374843027,7992422.0,-911431.074123349,911431.074123349,2023,8,normalization,True,True,2022-12-31,2022-09-01,3
run_20260811T162732Z_6bbfe89e,fixed_12m_2023,fixed_origin_12m_ex_ante,dynamic_harmonic_arima_k2,2023-09-01,9,7013861.0,7194909.845834124,4436094.899592314,9953724.792075934,6648582.0,181048.8458341239,181048.8458341239,2023,9,normalization,True,True,2022-12-31,2022-09-01,3
run_20260811T162732Z_6bbfe89e,fixed_12m_2023,fixed_origin_12m_ex_ante,dynamic_harmonic_arima_k2,2023-10-01,10,6151397.0,5994670.040788786,3125750.4838594617,8863589.597718108,4406796.0,-156726.95921121445,156726.95921121445,2023,10,normalization,True,True,2022-12-31,2022-09-01,3
run_20260811T162732Z_6bbfe89e,fixed_12m_2023,fixed_origin_12m_ex_ante,dynamic_harmonic_arima_k2,2023-11-01,11,3520467.0,4646147.069975961,1671195.1544964672,7621098.985455455,2466682.0,1125680.069975961,1125680.069975961,2023,11,normalization,True,True,2022-12-31,2022-09-01,3
run_20260811T162732Z_6bbfe89e,fixed_12m_2023,fixed_origin_12m_ex_ante,dynamic_harmonic_arima_k2,2023-12-01,12,2800281.0,3798023.104158357,720690.1052935468,6875356.103023167,2176634.0,997742.1041583568,997742.1041583568,2023,12,normalization,True,True,2022-12-31,2022-09-01,3
run_20260811T162732Z_6bbfe89e,fixed_12m_2023,fixed_origin_12m_ex_ante,stl_arima_111,2023-01-01,1,3077654.0,1969187.4467834625,998357.2951210984,2940017.5984458267,2158066.0,-1108466.5532165375,1108466.5532165375,2023,1,normalization,True,True,2022-12-31,2022-09-01,3
run_20260811T162732Z_6bbfe89e,fixed_12m_2023,fixed_origin_12m_ex_ante,stl_arima_111,2023-02-01,2,2314917.0,1578372.3469860381,205411.17974439403,2951333.5142276823,1851394.0,-736544.6530139619,736544.6530139619,2023,2,normalization,True,True,2022-12-31,2022-09-01,3
run_20260811T162732Z_6bbfe89e,fixed_12m_2023,fixed_origin_12m_ex_ante,stl_arima_111,2023-03-01,3,2788995.0,2092819.4157273637,411292.26752835023,3774346.5639263773,2442196.0,-696175.5842726363,696175.5842726363,2023,3,normalization,True,True,2022-12-31,2022-09-01,3
run_20260811T162732Z_6bbfe89e,fixed_12m_2023,fixed_origin_12m_ex_ante,stl_arima_111,2023-04-01,4,3541271.0,2513262.3235547375,571602.0202300092,4454922.626879466,2921440.0,-1028008.6764452625,1028008.6764452625,2023,4,normalization,True,True,2022-12-31,2022-09-01,3
run_20260811T162732Z_6bbfe89e,fixed_12m_2023,fixed_origin_12m_ex_ante,stl_arima_111,2023-05-01,5,4584458.0,3586304.7298728917,1415462.5161494147,5757146.943596369,4078425.0,-998153.2701271083,998153.2701271083,2023,5,normalization,True,True,2022-12-31,2022-09-01,3
run_20260811T162732Z_6bbfe89e,fixed_12m_2023,fixed_origin_12m_ex_ante,stl_arima_111,2023-06-01,6,5869766.0,4355182.485068046,1977143.9865864478,6733220.983549643,4939265.0,-1514583.5149319544,1514583.5149319544,2023,6,normalization,True,True,2022-12-31,2022-09-01,3
run_20260811T162732Z_6bbfe89e,fixed_12m_2023,fixed_origin_12m_ex_ante,stl_arima_111,2023-07-01,7,6926346.0,3957794.8171743467,1389219.6705926112,6526369.963756083,6359123.0,-2968551.1828256533,2968551.1828256533,2023,7,normalization,True,True,2022-12-31,2022-09-01,3
run_20260811T162732Z_6bbfe89e,fixed_12m_2023,fixed_origin_12m_ex_ante,stl_arima_111,2023-08-01,8,8488026.0,5751510.4324065605,3005588.0979232723,8497432.766889848,7992422.0,-2736515.5675934395,2736515.5675934395,2023,8,normalization,True,True,2022-12-31,2022-09-01,3
run_20260811T162732Z_6bbfe89e,fixed_12m_2023,fixed_origin_12m_ex_ante,stl_arima_111,2023-09-01,9,7013861.0,5810381.952440457,2897891.497453365,8722872.40742755,6648582.0,-1203479.0475595426,1203479.0475595426,2023,9,normalization,True,True,2022-12-31,2022-09-01,3
run_20260811T162732Z_6bbfe89e,fixed_12m_2023,fixed_origin_12m_ex_ante,stl_arima_111,2023-10-01,10,6151397.0,3480213.4846226946,410178.98420292046,6550247.985042469,4406796.0,-2671183.5153773054,2671183.5153773054,2023,10,normalization,True,True,2022-12-31,2022-09-01,3
run_20260811T162732Z_6bbfe89e,fixed_12m_2023,fixed_origin_12m_ex_ante,stl_arima_111,2023-11-01,11,3520467.0,2739206.9626492164,-480672.38557867287,5959086.310877105,2466682.0,-781260.0373507836,781260.0373507836,2023,11,normalization,True,True,2022-12-31,2022-09-01,3
run_20260811T162732Z_6bbfe89e,fixed_12m_2023,fixed_origin_12m_ex_ante,stl_arima_111,2023-12-01,12,2800281.0,2304487.9670181694,-1058566.3293798575,5667542.263416196,2176634.0,-495793.03298183065,495793.03298183065,2023,12,normalization,True,True,2022-12-31,2022-09-01,3
run_20260811T162732Z_6bbfe89e,fixed_12m_2024,fixed_origin_12m_ex_ante,naive_last,2024-01-01,1,3245893.0,7013861.0,3283781.9754203204,10743940.02457968,3077654.0,3767968.0,3767968.0,2024,1,normalization,True,True,2023-12-31,2023-09-01,3
run_20260811T162732Z_6bbfe89e,fixed_12m_2024,fixed_origin_12m_ex_ante,naive_last,2024-02-01,2,2684623.0,7013861.0,2843505.8697968638,11184216.130203135,2314917.0,4329238.0,4329238.0,2024,2,normalization,True,True,2023-12-31,2023-09-01,3
run_20260811T162732Z_6bbfe89e,fixed_12m_2024,fixed_origin_12m_ex_ante,naive_last,2024-03-01,3,3079574.0,7013861.0,2445465.8447606964,11582256.155239303,2788995.0,3934287.0,3934287.0,2024,3,normalization,True,True,2023-12-31,2023-09-01,3
run_20260811T162732Z_6bbfe89e,fixed_12m_2024,fixed_origin_12m_ex_ante,naive_last,2024-04-01,4,4040974.0,7013861.0,2079430.265171891,11948291.734828109,3541271.0,2972887.0,2972887.0,2024,4,normalization,True,True,2023-12-31,2023-09-01,3
run_20260811T162732Z_6bbfe89e,fixed_12m_2024,fixed_origin_12m_ex_ante,naive_last,2024-05-01,5,5585634.0,7013861.0,1738732.6547160111,12288989.345283989,4584458.0,1428227.0,1428227.0,2024,5,normalization,True,True,2023-12-31,2023-09-01,3
run_20260811T162732Z_6bbfe89e,fixed_12m_2024,fixed_origin_12m_ex_ante,naive_last,2024-06-01,6,6471276.0,7013861.0,1418742.4631304806,12608979.536869518,5869766.0,542585.0,542585.0,2024,6,normalization,True,True,2023-12-31,2023-09-01,3
run_20260811T162732Z_6bbfe89e,fixed_12m_2024,fixed_origin_12m_ex_ante,naive_last,2024-07-01,7,7395701.0,7013861.0,1116088.2149545094,12911633.78504549,6926346.0,-381840.0,381840.0,2024,7,normalization,True,True,2023-12-31,2023-09-01,3
run_20260811T162732Z_6bbfe89e,fixed_12m_2024,fixed_origin_12m_ex_ante,naive_last,2024-08-01,8,8661295.0,7013861.0,828224.7185471728,13199497.281452827,8488026.0,-1647434.0,1647434.0,2024,8,normalization,True,True,2023-12-31,2023-09-01,3
run_20260811T162732Z_6bbfe89e,fixed_12m_2024,fixed_origin_12m_ex_ante,naive_last,2024-09-01,9,7149583.0,7013861.0,553174.613181036,13474547.386818964,7013861.0,-135722.0,135722.0,2024,9,normalization,True,True,2023-12-31,2023-09-01,3
run_20260811T162732Z_6bbfe89e,fixed_12m_2024,fixed_origin_12m_ex_ante,naive_last,2024-10-01,10,6723819.0,7013861.0,289365.40767263155,13738356.592327368,5919814.0,290042.0,290042.0,2024,10,normalization,True,True,2023-12-31,2023-09-01,3
run_20260811T162732Z_6bbfe89e,fixed_12m_2024,fixed_origin_12m_ex_ante,naive_last,2024-11-01,11,4018247.0,7013861.0,35522.13221545238,13992199.867784549,3438085.0,2995614.0,2995614.0,2024,11,normalization,True,True,2023-12-31,2023-09-01,3
run_20260811T162732Z_6bbfe89e,fixed_12m_2024,fixed_origin_12m_ex_ante,naive_last,2024-12-01,12,3175828.0,7013861.0,-209405.97111735307,14237127.971117353,2620212.0,3838033.0,3838033.0,2024,12,normalization,True,True,2023-12-31,2023-09-01,3
run_20260811T162732Z_6bbfe89e,fixed_12m_2024,fixed_origin_12m_ex_ante,seasonal_naive,2024-01-01,1,3245893.0,3077654.0,842927.0202435516,5312380.979756448,3077654.0,-168239.0,168239.0,2024,1,normalization,True,True,2023-12-31,2023-09-01,3
run_20260811T162732Z_6bbfe89e,fixed_12m_2024,fixed_origin_12m_ex_ante,seasonal_naive,2024-02-01,2,2684623.0,2314917.0,-845464.2029726347,5475298.202972635,2314917.0,-369706.0,369706.0,2024,2,normalization,True,True,2023-12-31,2023-09-01,3
run_20260811T162732Z_6bbfe89e,fixed_12m_2024,fixed_origin_12m_ex_ante,seasonal_naive,2024-03-01,3,3079574.0,2788995.0,-1081665.6699831146,6659655.669983115,2788995.0,-290579.0,290579.0,2024,3,normalization,True,True,2023-12-31,2023-09-01,3
run_20260811T162732Z_6bbfe89e,fixed_12m_2024,fixed_origin_12m_ex_ante,seasonal_naive,2024-04-01,4,4040974.0,3541271.0,-928182.9595128968,8010724.959512897,3541271.0,-499703.0,499703.0,2024,4,normalization,True,True,2023-12-31,2023-09-01,3
run_20260811T162732Z_6bbfe89e,fixed_12m_2024,fixed_origin_12m_ex_ante,seasonal_naive,2024-05-01,5,5585634.0,4584458.0,-412543.4378882153,9581459.437888216,4584458.0,-1001176.0,1001176.0,2024,5,normalization,True,True,2023-12-31,2023-09-01,3
run_20260811T162732Z_6bbfe89e,fixed_12m_2024,fixed_origin_12m_ex_ante,seasonal_naive,2024-06-01,6,6471276.0,5869766.0,395825.18516574893,11343706.814834252,5869766.0,-601510.0,601510.0,2024,6,normalization,True,True,2023-12-31,2023-09-01,3
run_20260811T162732Z_6bbfe89e,fixed_12m_2024,fixed_origin_12m_ex_ante,seasonal_naive,2024-07-01,7,7395701.0,6926346.0,1013814.1634379635,12838877.836562037,6926346.0,-469355.0,469355.0,2024,7,normalization,True,True,2023-12-31,2023-09-01,3
run_20260811T162732Z_6bbfe89e,fixed_12m_2024,fixed_origin_12m_ex_ante,seasonal_naive,2024-08-01,8,8661295.0,8488026.0,2167263.5940547306,14808788.40594527,8488026.0,-173269.0,173269.0,2024,8,normalization,True,True,2023-12-31,2023-09-01,3
run_20260811T162732Z_6bbfe89e,fixed_12m_2024,fixed_origin_12m_ex_ante,seasonal_naive,2024-09-01,9,7149583.0,7013861.0,309680.06073065475,13718041.939269345,7013861.0,-135722.0,135722.0,2024,9,normalization,True,True,2023-12-31,2023-09-01,3
run_20260811T162732Z_6bbfe89e,fixed_12m_2024,fixed_origin_12m_ex_ante,seasonal_naive,2024-10-01,10,6723819.0,5919814.0,-1147013.2046593716,12986641.204659373,5919814.0,-804005.0,804005.0,2024,10,normalization,True,True,2023-12-31,2023-09-01,3
run_20260811T162732Z_6bbfe89e,fixed_12m_2024,fixed_origin_12m_ex_ante,seasonal_naive,2024-11-01,11,4018247.0,3438085.0,-3973665.9007362863,10849835.900736287,3438085.0,-580162.0,580162.0,2024,11,normalization,True,True,2023-12-31,2023-09-01,3
run_20260811T162732Z_6bbfe89e,fixed_12m_2024,fixed_origin_12m_ex_ante,seasonal_naive,2024-12-01,12,3175828.0,2620212.0,-5121109.339966229,10361533.33996623,2620212.0,-555616.0,555616.0,2024,12,normalization,True,True,2023-12-31,2023-09-01,3
run_20260811T162732Z_6bbfe89e,fixed_12m_2024,fixed_origin_12m_ex_ante,drift,2024-01-01,1,3245893.0,7140155.594594595,-1257843.0785142435,15538154.267703433,3077654.0,3894262.594594595,3894262.594594595,2024,1,normalization,True,True,2023-12-31,2023-09-01,3
run_20260811T162732Z_6bbfe89e,fixed_12m_2024,fixed_origin_12m_ex_ante,drift,2024-02-01,2,2684623.0,7171729.243243244,-2217518.7107689567,16560977.197255444,2314917.0,4487106.243243244,4487106.243243244,2024,2,normalization,True,True,2023-12-31,2023-09-01,3
run_20260811T162732Z_6bbfe89e,fixed_12m_2024,fixed_origin_12m_ex_ante,drift,2024-03-01,3,3079574.0,7203302.891891892,-3082102.912951526,17488708.69673531,2788995.0,4123728.891891892,4123728.891891892,2024,3,normalization,True,True,2023-12-31,2023-09-01,3
run_20260811T162732Z_6bbfe89e,fixed_12m_2024,fixed_origin_12m_ex_ante,drift,2024-04-01,4,4040974.0,7234876.540540541,-3874631.4593076613,18344384.54038874,3541271.0,3193902.5405405406,3193902.5405405406,2024,4,normalization,True,True,2023-12-31,2023-09-01,3
run_20260811T162732Z_6bbfe89e,fixed_12m_2024,fixed_origin_12m_ex_ante,drift,2024-05-01,5,5585634.0,7266450.189189189,-4610113.431112588,19143013.809490968,4584458.0,1680816.189189189,1680816.189189189,2024,5,normalization,True,True,2023-12-31,2023-09-01,3
run_20260811T162732Z_6bbfe89e,fixed_12m_2024,fixed_origin_12m_ex_ante,drift,2024-06-01,6,6471276.0,7298023.837837838,-5298974.17182542,19895021.847501095,5869766.0,826747.8378378376,826747.8378378376,2024,6,normalization,True,True,2023-12-31,2023-09-01,3
run_20260811T162732Z_6bbfe89e,fixed_12m_2024,fixed_origin_12m_ex_ante,drift,2024-07-01,7,7395701.0,7329597.486486486,-5948804.310561401,20607999.283534374,6926346.0,-66103.51351351384,66103.51351351384,2024,7,normalization,True,True,2023-12-31,2023-09-01,3
run_20260811T162732Z_6bbfe89e,fixed_12m_2024,fixed_origin_12m_ex_ante,drift,2024-08-01,8,8661295.0,7361171.135135135,-6565334.15916713,21287676.4294374,8488026.0,-1300123.8648648653,1300123.8648648653,2024,8,normalization,True,True,2023-12-31,2023-09-01,3
run_20260811T162732Z_6bbfe89e,fixed_12m_2024,fixed_origin_12m_ex_ante,drift,2024-09-01,9,7149583.0,7392744.783783784,-7153015.599936739,21938505.167504307,7013861.0,243161.78378378414,243161.78378378414,2024,9,normalization,True,True,2023-12-31,2023-09-01,3
run_20260811T162732Z_6bbfe89e,fixed_12m_2024,fixed_origin_12m_ex_ante,drift,2024-10-01,10,6723819.0,7424318.432432433,-7715388.981153798,22564025.846018665,5919814.0,700499.4324324327,700499.4324324327,2024,10,normalization,True,True,2023-12-31,2023-09-01,3
run_20260811T162732Z_6bbfe89e,fixed_12m_2024,fixed_origin_12m_ex_ante,drift,2024-11-01,11,4018247.0,7455892.081081081,-8255324.80359664,23167108.9657588,3438085.0,3437645.081081081,3437645.081081081,2024,11,normalization,True,True,2023-12-31,2023-09-01,3
run_20260811T162732Z_6bbfe89e,fixed_12m_2024,fixed_origin_12m_ex_ante,drift,2024-12-01,12,3175828.0,7487465.72972973,-8775188.771481529,23750120.23094099,2620212.0,4311637.72972973,4311637.72972973,2024,12,normalization,True,True,2023-12-31,2023-09-01,3
run_20260811T162732Z_6bbfe89e,fixed_12m_2024,fixed_origin_12m_ex_ante,same_month_historical_mean,2024-01-01,1,3245893.0,1693366.375,-63466.28219360346,3450199.0321936035,3077654.0,-1552526.625,1552526.625,2024,1,normalization,True,True,2023-12-31,2023-09-01,3
run_20260811T162732Z_6bbfe89e,fixed_12m_2024,fixed_origin_12m_ex_ante,same_month_historical_mean,2024-02-01,2,2684623.0,1491185.4375,-265647.21969360346,3248018.0946936035,2314917.0,-1193437.5625,1193437.5625,2024,2,normalization,True,True,2023-12-31,2023-09-01,3
run_20260811T162732Z_6bbfe89e,fixed_12m_2024,fixed_origin_12m_ex_ante,same_month_historical_mean,2024-03-01,3,3079574.0,1847210.5625,90377.90530639654,3604043.2196936035,2788995.0,-1232363.4375,1232363.4375,2024,3,normalization,True,True,2023-12-31,2023-09-01,3
run_20260811T162732Z_6bbfe89e,fixed_12m_2024,fixed_origin_12m_ex_ante,same_month_historical_mean,2024-04-01,4,4040974.0,2374337.6,617504.9428063966,4131170.2571936036,3541271.0,-1666636.4,1666636.4,2024,4,normalization,True,True,2023-12-31,2023-09-01,3
run_20260811T162732Z_6bbfe89e,fixed_12m_2024,fixed_origin_12m_ex_ante,same_month_historical_mean,2024-05-01,5,5585634.0,3315920.4,1559087.7428063964,5072753.057193603,4584458.0,-2269713.6,2269713.6,2024,5,normalization,True,True,2023-12-31,2023-09-01,3
run_20260811T162732Z_6bbfe89e,fixed_12m_2024,fixed_origin_12m_ex_ante,same_month_historical_mean,2024-06-01,6,6471276.0,3948092.066666667,2191259.4094730634,5704924.72386027,5869766.0,-2523183.933333333,2523183.933333333,2024,6,normalization,True,True,2023-12-31,2023-09-01,3
run_20260811T162732Z_6bbfe89e,fixed_12m_2024,fixed_origin_12m_ex_ante,same_month_historical_mean,2024-07-01,7,7395701.0,4779692.1875,3022859.5303063965,6536524.844693603,6926346.0,-2616008.8125,2616008.8125,2024,7,normalization,True,True,2023-12-31,2023-09-01,3
run_20260811T162732Z_6bbfe89e,fixed_12m_2024,fixed_origin_12m_ex_ante,same_month_historical_mean,2024-08-01,8,8661295.0,6005474.4375,4248641.780306397,7762307.094693603,8488026.0,-2655820.5625,2655820.5625,2024,8,normalization,True,True,2023-12-31,2023-09-01,3
run_20260811T162732Z_6bbfe89e,fixed_12m_2024,fixed_origin_12m_ex_ante,same_month_historical_mean,2024-09-01,9,7149583.0,5077789.375,3320956.7178063965,6834622.032193603,7013861.0,-2071793.625,2071793.625,2024,9,normalization,True,True,2023-12-31,2023-09-01,3
run_20260811T162732Z_6bbfe89e,fixed_12m_2024,fixed_origin_12m_ex_ante,same_month_historical_mean,2024-10-01,10,6723819.0,4043676.4,2286843.7428063964,5800509.057193603,5919814.0,-2680142.6,2680142.6,2024,10,normalization,True,True,2023-12-31,2023-09-01,3
run_20260811T162732Z_6bbfe89e,fixed_12m_2024,fixed_origin_12m_ex_ante,same_month_historical_mean,2024-11-01,11,4018247.0,2249181.466666667,492348.80947306333,4006014.1238602703,3438085.0,-1769065.5333333332,1769065.5333333332,2024,11,normalization,True,True,2023-12-31,2023-09-01,3
run_20260811T162732Z_6bbfe89e,fixed_12m_2024,fixed_origin_12m_ex_ante,same_month_historical_mean,2024-12-01,12,3175828.0,1745871.4666666666,-10961.190526936902,3502704.12386027,2620212.0,-1429956.5333333334,1429956.5333333334,2024,12,normalization,True,True,2023-12-31,2023-09-01,3
run_20260811T162732Z_6bbfe89e,fixed_12m_2024,fixed_origin_12m_ex_ante,seasonal_moving_average_3,2024-01-01,1,3245893.0,2021884.0,-98546.37455875333,4142314.3745587533,3077654.0,-1224009.0,1224009.0,2024,1,normalization,True,True,2023-12-31,2023-09-01,3
run_20260811T162732Z_6bbfe89e,fixed_12m_2024,fixed_origin_12m_ex_ante,seasonal_moving_average_3,2024-02-01,2,2684623.0,1631145.6666666667,-489284.7078920866,3751576.0412254203,2314917.0,-1053477.3333333333,1053477.3333333333,2024,2,normalization,True,True,2023-12-31,2023-09-01,3
run_20260811T162732Z_6bbfe89e,fixed_12m_2024,fixed_origin_12m_ex_ante,seasonal_moving_average_3,2024-03-01,3,3079574.0,2091534.0,-28896.374558753334,4211964.374558753,2788995.0,-988040.0,988040.0,2024,3,normalization,True,True,2023-12-31,2023-09-01,3
run_20260811T162732Z_6bbfe89e,fixed_12m_2024,fixed_origin_12m_ex_ante,seasonal_moving_average_3,2024-04-01,4,4040974.0,2547424.3333333335,426993.95877458015,4667854.707892086,3541271.0,-1493549.6666666665,1493549.6666666665,2024,4,normalization,True,True,2023-12-31,2023-09-01,3
run_20260811T162732Z_6bbfe89e,fixed_12m_2024,fixed_origin_12m_ex_ante,seasonal_moving_average_3,2024-05-01,5,5585634.0,3229480.6666666665,1109050.2921079132,5349911.04122542,4584458.0,-2356153.3333333335,2356153.3333333335,2024,5,normalization,True,True,2023-12-31,2023-09-01,3
run_20260811T162732Z_6bbfe89e,fixed_12m_2024,fixed_origin_12m_ex_ante,seasonal_moving_average_3,2024-06-01,6,6471276.0,4223373.333333333,2102942.9587745797,6343803.707892086,5869766.0,-2247902.666666667,2247902.666666667,2024,6,normalization,True,True,2023-12-31,2023-09-01,3
run_20260811T162732Z_6bbfe89e,fixed_12m_2024,fixed_origin_12m_ex_ante,seasonal_moving_average_3,2024-07-01,7,7395701.0,5673667.0,3553236.6254412467,7794097.374558753,6926346.0,-1722034.0,1722034.0,2024,7,normalization,True,True,2023-12-31,2023-09-01,3
run_20260811T162732Z_6bbfe89e,fixed_12m_2024,fixed_origin_12m_ex_ante,seasonal_moving_average_3,2024-08-01,8,8661295.0,7326501.666666667,5206071.292107914,9446932.04122542,8488026.0,-1334793.333333333,1334793.333333333,2024,8,normalization,True,True,2023-12-31,2023-09-01,3
run_20260811T162732Z_6bbfe89e,fixed_12m_2024,fixed_origin_12m_ex_ante,seasonal_moving_average_3,2024-09-01,9,7149583.0,6022842.0,3902411.6254412467,8143272.374558753,7013861.0,-1126741.0,1126741.0,2024,9,normalization,True,True,2023-12-31,2023-09-01,3
run_20260811T162732Z_6bbfe89e,fixed_12m_2024,fixed_origin_12m_ex_ante,seasonal_moving_average_3,2024-10-01,10,6723819.0,4227244.666666667,2106814.2921079136,6347675.04122542,5919814.0,-2496574.333333333,2496574.333333333,2024,10,normalization,True,True,2023-12-31,2023-09-01,3
run_20260811T162732Z_6bbfe89e,fixed_12m_2024,fixed_origin_12m_ex_ante,seasonal_moving_average_3,2024-11-01,11,4018247.0,2389174.6666666665,268744.2921079132,4509605.04122542,3438085.0,-1629072.3333333335,1629072.3333333335,2024,11,normalization,True,True,2023-12-31,2023-09-01,3
run_20260811T162732Z_6bbfe89e,fixed_12m_2024,fixed_origin_12m_ex_ante,seasonal_moving_average_3,2024-12-01,12,3175828.0,1920554.0,-199876.37455875333,4040984.3745587533,2620212.0,-1255274.0,1255274.0,2024,12,normalization,True,True,2023-12-31,2023-09-01,3
run_20260811T162732Z_6bbfe89e,fixed_12m_2024,fixed_origin_12m_ex_ante,ets_holt_winters,2024-01-01,1,3245893.0,2712153.4461266147,1817586.0272171777,3606720.8650360517,3077654.0,-533739.5538733853,533739.5538733853,2024,1,normalization,True,True,2023-12-31,2023-09-01,3
run_20260811T162732Z_6bbfe89e,fixed_12m_2024,fixed_origin_12m_ex_ante,ets_holt_winters,2024-02-01,2,2684623.0,2389589.396086651,1124480.0198078312,3654698.7723654704,2314917.0,-295033.6039133491,295033.6039133491,2024,2,normalization,True,True,2023-12-31,2023-09-01,3
run_20260811T162732Z_6bbfe89e,fixed_12m_2024,fixed_origin_12m_ex_ante,ets_holt_winters,2024-03-01,3,3079574.0,2798247.412068607,1248811.1917217104,4347683.632415503,2788995.0,-281326.5879313932,281326.5879313932,2024,3,normalization,True,True,2023-12-31,2023-09-01,3
run_20260811T162732Z_6bbfe89e,fixed_12m_2024,fixed_origin_12m_ex_ante,ets_holt_winters,2024-04-01,4,4040974.0,3390483.8629514864,1601349.0251326123,5179618.70077036,3541271.0,-650490.1370485136,650490.1370485136,2024,4,normalization,True,True,2023-12-31,2023-09-01,3
run_20260811T162732Z_6bbfe89e,fixed_12m_2024,fixed_origin_12m_ex_ante,ets_holt_winters,2024-05-01,5,5585634.0,4222553.845649379,2222240.286511347,6222867.404787412,4584458.0,-1363080.1543506207,1363080.1543506207,2024,5,normalization,True,True,2023-12-31,2023-09-01,3
run_20260811T162732Z_6bbfe89e,fixed_12m_2024,fixed_origin_12m_ex_ante,ets_holt_winters,2024-06-01,6,6471276.0,4986109.707955359,2794875.9911086704,7177343.424802046,5869766.0,-1485166.2920446415,1485166.2920446415,2024,6,normalization,True,True,2023-12-31,2023-09-01,3
run_20260811T162732Z_6bbfe89e,fixed_12m_2024,fixed_origin_12m_ex_ante,ets_holt_winters,2024-07-01,7,7395701.0,5741360.46126166,3374557.53984635,8108163.38267697,6926346.0,-1654340.5387383401,1654340.5387383401,2024,7,normalization,True,True,2023-12-31,2023-09-01,3
run_20260811T162732Z_6bbfe89e,fixed_12m_2024,fixed_origin_12m_ex_ante,ets_holt_winters,2024-08-01,8,8661295.0,7011391.998991309,4481173.24643367,9541610.751548948,8488026.0,-1649903.0010086913,1649903.0010086913,2024,8,normalization,True,True,2023-12-31,2023-09-01,3
run_20260811T162732Z_6bbfe89e,fixed_12m_2024,fixed_origin_12m_ex_ante,ets_holt_winters,2024-09-01,9,7149583.0,5829934.226770921,3146231.9700426096,8513636.483499233,7013861.0,-1319648.7732290793,1319648.7732290793,2024,9,normalization,True,True,2023-12-31,2023-09-01,3
run_20260811T162732Z_6bbfe89e,fixed_12m_2024,fixed_origin_12m_ex_ante,ets_holt_winters,2024-10-01,10,6723819.0,4894318.916915294,2065448.3525834926,7723189.481247095,5919814.0,-1829500.0830847062,1829500.0830847062,2024,10,normalization,True,True,2023-12-31,2023-09-01,3
run_20260811T162732Z_6bbfe89e,fixed_12m_2024,fixed_origin_12m_ex_ante,ets_holt_winters,2024-11-01,11,4018247.0,2971099.2624097,4154.78421041742,5938043.740608983,3438085.0,-1047147.7375902999,1047147.7375902999,2024,11,normalization,True,True,2023-12-31,2023-09-01,3
run_20260811T162732Z_6bbfe89e,fixed_12m_2024,fixed_origin_12m_ex_ante,ets_holt_winters,2024-12-01,12,3175828.0,2684267.4526757794,-414604.98801801354,5783139.893369572,2620212.0,-491560.54732422065,491560.54732422065,2024,12,normalization,True,True,2023-12-31,2023-09-01,3
run_20260811T162732Z_6bbfe89e,fixed_12m_2024,fixed_origin_12m_ex_ante,theta,2024-01-01,1,3245893.0,2536437.508095424,750171.0990753956,4322703.917115453,3077654.0,-709455.4919045758,709455.4919045758,2024,1,normalization,True,True,2023-12-31,2023-09-01,3
run_20260811T162732Z_6bbfe89e,fixed_12m_2024,fixed_origin_12m_ex_ante,theta,2024-02-01,2,2684623.0,2235283.2917928947,-332776.6330923778,4803343.216678167,2314917.0,-449339.7082071053,449339.7082071053,2024,2,normalization,True,True,2023-12-31,2023-09-01,3
run_20260811T162732Z_6bbfe89e,fixed_12m_2024,fixed_origin_12m_ex_ante,theta,2024-03-01,3,3079574.0,2744524.196018985,-417613.66808659444,5906662.060124565,2788995.0,-335049.803981015,335049.803981015,2024,3,normalization,True,True,2023-12-31,2023-09-01,3
run_20260811T162732Z_6bbfe89e,fixed_12m_2024,fixed_origin_12m_ex_ante,theta,2024-04-01,4,4040974.0,3534397.9548679306,-126653.80185699183,7195449.711592853,3541271.0,-506576.0451320694,506576.0451320694,2024,4,normalization,True,True,2023-12-31,2023-09-01,3
run_20260811T162732Z_6bbfe89e,fixed_12m_2024,fixed_origin_12m_ex_ante,theta,2024-05-01,5,5585634.0,4832501.607116518,732808.4406433138,8932194.773589721,4584458.0,-753132.3928834824,753132.3928834824,2024,5,normalization,True,True,2023-12-31,2023-09-01,3
run_20260811T162732Z_6bbfe89e,fixed_12m_2024,fixed_origin_12m_ex_ante,theta,2024-06-01,6,6471276.0,5837764.02803228,1342025.1395918569,10333502.916472703,5869766.0,-633511.9719677204,633511.9719677204,2024,6,normalization,True,True,2023-12-31,2023-09-01,3
run_20260811T162732Z_6bbfe89e,fixed_12m_2024,fixed_origin_12m_ex_ante,theta,2024-07-01,7,7395701.0,6960084.475287939,2100470.0618962785,11819698.888679601,6926346.0,-435616.5247120606,435616.5247120606,2024,7,normalization,True,True,2023-12-31,2023-09-01,3
run_20260811T162732Z_6bbfe89e,fixed_12m_2024,fixed_origin_12m_ex_ante,theta,2024-08-01,8,8661295.0,8843314.391841454,3645234.328909332,14041394.454773577,8488026.0,182019.39184145443,182019.39184145443,2024,8,normalization,True,True,2023-12-31,2023-09-01,3
run_20260811T162732Z_6bbfe89e,fixed_12m_2024,fixed_origin_12m_ex_ante,theta,2024-09-01,9,7149583.0,7526508.168636264,2010692.6863652281,13042323.6509073,7013861.0,376925.1686362643,376925.1686362643,2024,9,normalization,True,True,2023-12-31,2023-09-01,3
run_20260811T162732Z_6bbfe89e,fixed_12m_2024,fixed_origin_12m_ex_ante,theta,2024-10-01,10,6723819.0,6163676.216760059,347457.1245774664,11979895.308942651,5919814.0,-560142.7832399411,560142.7832399411,2024,10,normalization,True,True,2023-12-31,2023-09-01,3
run_20260811T162732Z_6bbfe89e,fixed_12m_2024,fixed_origin_12m_ex_ante,theta,2024-11-01,11,4018247.0,3418035.9142809943,-2683815.3312081764,9519887.159770165,3438085.0,-600211.0857190057,600211.0857190057,2024,11,normalization,True,True,2023-12-31,2023-09-01,3
run_20260811T162732Z_6bbfe89e,fixed_12m_2024,fixed_origin_12m_ex_ante,theta,2024-12-01,12,3175828.0,2645344.5165220634,-3729353.3363872166,9020042.369431343,2620212.0,-530483.4834779366,530483.4834779366,2024,12,normalization,True,True,2023-12-31,2023-09-01,3
run_20260811T162732Z_6bbfe89e,fixed_12m_2024,fixed_origin_12m_ex_ante,sarima_111_111_12,2024-01-01,1,3245893.0,3730650.477461967,1544837.59113409,5916463.363789844,3077654.0,484757.47746196715,484757.47746196715,2024,1,normalization,True,True,2023-12-31,2023-09-01,3
run_20260811T162732Z_6bbfe89e,fixed_12m_2024,fixed_origin_12m_ex_ante,sarima_111_111_12,2024-02-01,2,2684623.0,3256003.4914202364,713054.9339978234,5798952.04884265,2314917.0,571380.4914202364,571380.4914202364,2024,2,normalization,True,True,2023-12-31,2023-09-01,3
run_20260811T162732Z_6bbfe89e,fixed_12m_2024,fixed_origin_12m_ex_ante,sarima_111_111_12,2024-03-01,3,3079574.0,3677717.4418650893,813644.2576265284,6541790.626103651,2788995.0,598143.4418650893,598143.4418650893,2024,3,normalization,True,True,2023-12-31,2023-09-01,3
run_20260811T162732Z_6bbfe89e,fixed_12m_2024,fixed_origin_12m_ex_ante,sarima_111_111_12,2024-04-01,4,4040974.0,4254701.855934721,1097897.0269726655,7411506.684896777,3541271.0,213727.85593472142,213727.85593472142,2024,4,normalization,True,True,2023-12-31,2023-09-01,3
run_20260811T162732Z_6bbfe89e,fixed_12m_2024,fixed_origin_12m_ex_ante,sarima_111_111_12,2024-05-01,5,5585634.0,5126047.5548214065,1699706.6686453167,8552388.440997496,4584458.0,-459586.4451785935,459586.4451785935,2024,5,normalization,True,True,2023-12-31,2023-09-01,3
run_20260811T162732Z_6bbfe89e,fixed_12m_2024,fixed_origin_12m_ex_ante,sarima_111_111_12,2024-06-01,6,6471276.0,6166585.30642377,2489764.5019943127,9843406.110853229,5869766.0,-304690.69357622974,304690.69357622974,2024,6,normalization,True,True,2023-12-31,2023-09-01,3
run_20260811T162732Z_6bbfe89e,fixed_12m_2024,fixed_origin_12m_ex_ante,sarima_111_111_12,2024-07-01,7,7395701.0,7426750.068619114,3515139.480484697,11338360.656753533,6926346.0,31049.068619114347,31049.068619114347,2024,7,normalization,True,True,2023-12-31,2023-09-01,3
run_20260811T162732Z_6bbfe89e,fixed_12m_2024,fixed_origin_12m_ex_ante,sarima_111_111_12,2024-08-01,8,8661295.0,9028133.64322262,4894644.090584333,13161623.195860907,8488026.0,366838.6432226207,366838.6432226207,2024,8,normalization,True,True,2023-12-31,2023-09-01,3
run_20260811T162732Z_6bbfe89e,fixed_12m_2024,fixed_origin_12m_ex_ante,sarima_111_111_12,2024-09-01,9,7149583.0,7864015.0308437655,3519864.378466307,12208165.683221225,7013861.0,714432.0308437655,714432.0308437655,2024,9,normalization,True,True,2023-12-31,2023-09-01,3
run_20260811T162732Z_6bbfe89e,fixed_12m_2024,fixed_origin_12m_ex_ante,sarima_111_111_12,2024-10-01,10,6723819.0,7197345.707876921,2512846.718475966,11881844.697277876,5919814.0,473526.7078769207,473526.7078769207,2024,10,normalization,True,True,2023-12-31,2023-09-01,3
run_20260811T162732Z_6bbfe89e,fixed_12m_2024,fixed_origin_12m_ex_ante,sarima_111_111_12,2024-11-01,11,4018247.0,5162491.386384867,110363.00121800415,10214619.77155173,3438085.0,1144244.3863848671,1144244.3863848671,2024,11,normalization,True,True,2023-12-31,2023-09-01,3
run_20260811T162732Z_6bbfe89e,fixed_12m_2024,fixed_origin_12m_ex_ante,sarima_111_111_12,2024-12-01,12,3175828.0,4660631.932968501,-759479.4480219912,10080743.313958993,2620212.0,1484803.932968501,1484803.932968501,2024,12,normalization,True,True,2023-12-31,2023-09-01,3
run_20260811T162732Z_6bbfe89e,fixed_12m_2024,fixed_origin_12m_ex_ante,dynamic_harmonic_arima_k2,2024-01-01,1,3245893.0,3570196.339321712,1942695.376577076,5197697.3020663485,3077654.0,324303.33932171203,324303.33932171203,2024,1,normalization,True,True,2023-12-31,2023-09-01,3
run_20260811T162732Z_6bbfe89e,fixed_12m_2024,fixed_origin_12m_ex_ante,dynamic_harmonic_arima_k2,2024-02-01,2,2684623.0,3786571.630220888,1980976.2762642626,5592166.984177514,2314917.0,1101948.6302208882,1101948.6302208882,2024,2,normalization,True,True,2023-12-31,2023-09-01,3
run_20260811T162732Z_6bbfe89e,fixed_12m_2024,fixed_origin_12m_ex_ante,dynamic_harmonic_arima_k2,2024-03-01,3,3079574.0,4068255.366185889,2101193.4487686045,6035317.283603174,2788995.0,988681.3661858891,988681.3661858891,2024,3,normalization,True,True,2023-12-31,2023-09-01,3
run_20260811T162732Z_6bbfe89e,fixed_12m_2024,fixed_origin_12m_ex_ante,dynamic_harmonic_arima_k2,2024-04-01,4,4040974.0,4417650.554497837,2301250.434519031,6534050.674476643,3541271.0,376676.5544978371,376676.5544978371,2024,4,normalization,True,True,2023-12-31,2023-09-01,3
run_20260811T162732Z_6bbfe89e,fixed_12m_2024,fixed_origin_12m_ex_ante,dynamic_harmonic_arima_k2,2024-05-01,5,5585634.0,5093564.876225553,2837733.796642744,7349395.955808363,4584458.0,-492069.12377444655,492069.12377444655,2024,5,normalization,True,True,2023-12-31,2023-09-01,3
run_20260811T162732Z_6bbfe89e,fixed_12m_2024,fixed_origin_12m_ex_ante,dynamic_harmonic_arima_k2,2024-06-01,6,6471276.0,6202360.108707695,3815216.5284582414,8589503.68895715,5869766.0,-268915.89129230473,268915.89129230473,2024,6,normalization,True,True,2023-12-31,2023-09-01,3
run_20260811T162732Z_6bbfe89e,fixed_12m_2024,fixed_origin_12m_ex_ante,dynamic_harmonic_arima_k2,2024-07-01,7,7395701.0,7389846.034174313,4878249.198736915,9901442.86961171,6926346.0,-5854.965825687163,5854.965825687163,2024,7,normalization,True,True,2023-12-31,2023-09-01,3
run_20260811T162732Z_6bbfe89e,fixed_12m_2024,fixed_origin_12m_ex_ante,dynamic_harmonic_arima_k2,2024-08-01,8,8661295.0,8002618.374216367,5372449.624581034,10632787.123851698,8488026.0,-658676.6257836334,658676.6257836334,2024,8,normalization,True,True,2023-12-31,2023-09-01,3
run_20260811T162732Z_6bbfe89e,fixed_12m_2024,fixed_origin_12m_ex_ante,dynamic_harmonic_arima_k2,2024-09-01,9,7149583.0,7607268.252447127,4863647.426193757,10350889.078700498,7013861.0,457685.25244712736,457685.25244712736,2024,9,normalization,True,True,2023-12-31,2023-09-01,3
run_20260811T162732Z_6bbfe89e,fixed_12m_2024,fixed_origin_12m_ex_ante,dynamic_harmonic_arima_k2,2024-10-01,10,6723819.0,6384768.770023309,3532204.443984411,9237333.096062206,5919814.0,-339050.2299766913,339050.2299766913,2024,10,normalization,True,True,2023-12-31,2023-09-01,3
run_20260811T162732Z_6bbfe89e,fixed_12m_2024,fixed_origin_12m_ex_ante,dynamic_harmonic_arima_k2,2024-11-01,11,4018247.0,5015945.2261236645,2058447.7856191103,7973442.666628219,3438085.0,997698.2261236645,997698.2261236645,2024,11,normalization,True,True,2023-12-31,2023-09-01,3
run_20260811T162732Z_6bbfe89e,fixed_12m_2024,fixed_origin_12m_ex_ante,dynamic_harmonic_arima_k2,2024-12-01,12,3175828.0,4154802.9063049606,1095969.9553401512,7213635.85726977,2620212.0,978974.9063049606,978974.9063049606,2024,12,normalization,True,True,2023-12-31,2023-09-01,3
run_20260811T162732Z_6bbfe89e,fixed_12m_2024,fixed_origin_12m_ex_ante,stl_arima_111,2024-01-01,1,3245893.0,3474971.5439243456,2531815.630734485,4418127.457114207,3077654.0,229078.54392434563,229078.54392434563,2024,1,normalization,True,True,2023-12-31,2023-09-01,3
run_20260811T162732Z_6bbfe89e,fixed_12m_2024,fixed_origin_12m_ex_ante,stl_arima_111,2024-02-01,2,2684623.0,2682771.8661039085,1348947.982238426,4016595.749969391,2314917.0,-1851.1338960914873,1851.1338960914873,2024,2,normalization,True,True,2023-12-31,2023-09-01,3
run_20260811T162732Z_6bbfe89e,fixed_12m_2024,fixed_origin_12m_ex_ante,stl_arima_111,2024-03-01,3,3079574.0,3178146.585506153,1544552.624402293,4811740.546610013,2788995.0,98572.58550615283,98572.58550615283,2024,3,normalization,True,True,2023-12-31,2023-09-01,3
run_20260811T162732Z_6bbfe89e,fixed_12m_2024,fixed_origin_12m_ex_ante,stl_arima_111,2024-04-01,4,4040974.0,3884232.55535837,1997920.7289786488,5770544.381738091,3541271.0,-156741.44464163017,156741.44464163017,2024,4,normalization,True,True,2023-12-31,2023-09-01,3
run_20260811T162732Z_6bbfe89e,fixed_12m_2024,fixed_origin_12m_ex_ante,stl_arima_111,2024-05-01,5,5585634.0,4943707.3085100185,2834746.5732365996,7052668.043783437,4584458.0,-641926.6914899815,641926.6914899815,2024,5,normalization,True,True,2023-12-31,2023-09-01,3
run_20260811T162732Z_6bbfe89e,fixed_12m_2024,fixed_origin_12m_ex_ante,stl_arima_111,2024-06-01,6,6471276.0,5870895.810600365,3560645.0753965,8181146.545804229,5869766.0,-600380.1893996354,600380.1893996354,2024,6,normalization,True,True,2023-12-31,2023-09-01,3
run_20260811T162732Z_6bbfe89e,fixed_12m_2024,fixed_origin_12m_ex_ante,stl_arima_111,2024-07-01,7,7395701.0,7224588.533546368,4729232.539685973,9719944.527406763,6926346.0,-171112.46645363234,171112.46645363234,2024,7,normalization,True,True,2023-12-31,2023-09-01,3
run_20260811T162732Z_6bbfe89e,fixed_12m_2024,fixed_origin_12m_ex_ante,stl_arima_111,2024-08-01,8,8661295.0,8791515.521398459,6123867.753667494,11459163.289129423,8488026.0,130220.52139845863,130220.52139845863,2024,8,normalization,True,True,2023-12-31,2023-09-01,3
run_20260811T162732Z_6bbfe89e,fixed_12m_2024,fixed_origin_12m_ex_ante,stl_arima_111,2024-09-01,9,7149583.0,7284506.938893771,4455039.199324189,10113974.678463353,7013861.0,134923.9388937708,134923.9388937708,2024,9,normalization,True,True,2023-12-31,2023-09-01,3
run_20260811T162732Z_6bbfe89e,fixed_12m_2024,fixed_origin_12m_ex_ante,stl_arima_111,2024-10-01,10,6723819.0,6110538.546894159,3128017.672558156,9093059.421230163,5919814.0,-613280.4531058408,613280.4531058408,2024,10,normalization,True,True,2023-12-31,2023-09-01,3
run_20260811T162732Z_6bbfe89e,fixed_12m_2024,fixed_origin_12m_ex_ante,stl_arima_111,2024-11-01,11,4018247.0,3645322.8883962086,517228.60554043204,6773417.171251985,3438085.0,-372924.11160379136,372924.11160379136,2024,11,normalization,True,True,2023-12-31,2023-09-01,3
run_20260811T162732Z_6bbfe89e,fixed_12m_2024,fixed_origin_12m_ex_ante,stl_arima_111,2024-12-01,12,3175828.0,2768034.9121898846,-499153.01001783507,6035222.834397605,2620212.0,-407793.0878101154,407793.0878101154,2024,12,normalization,True,True,2023-12-31,2023-09-01,3
run_20260811T162732Z_6bbfe89e,fixed_12m_2025,fixed_origin_12m_ex_ante,naive_last,2025-01-01,1,3355818.0,7149583.0,3348433.63509829,10950732.36490171,3245893.0,3793765.0,3793765.0,2025,1,normalization,True,True,2024-12-31,2024-09-01,3
run_20260811T162732Z_6bbfe89e,fixed_12m_2025,fixed_origin_12m_ex_ante,naive_last,2025-02-01,2,2782758.0,7149583.0,2899768.813724811,11399397.186275188,2684623.0,4366825.0,4366825.0,2025,2,normalization,True,True,2024-12-31,2024-09-01,3
run_20260811T162732Z_6bbfe89e,fixed_12m_2025,fixed_origin_12m_ex_ante,naive_last,2025-03-01,3,2982576.0,7149583.0,2494144.8099432355,11805021.190056764,3079574.0,4167007.0,4167007.0,2025,3,normalization,True,True,2024-12-31,2024-09-01,3
run_20260811T162732Z_6bbfe89e,fixed_12m_2025,fixed_origin_12m_ex_ante,naive_last,2025-04-01,4,4242307.0,7149583.0,2121135.042129482,12178030.957870517,4040974.0,2907276.0,2907276.0,2025,4,normalization,True,True,2024-12-31,2024-09-01,3
run_20260811T162732Z_6bbfe89e,fixed_12m_2025,fixed_origin_12m_ex_ante,naive_last,2025-05-01,5,5618724.0,7149583.0,1773946.0155501245,12525219.984449875,5585634.0,1530859.0,1530859.0,2025,5,normalization,True,True,2024-12-31,2024-09-01,3
run_20260811T162732Z_6bbfe89e,fixed_12m_2025,fixed_origin_12m_ex_ante,naive_last,2025-06-01,6,6551137.0,7149583.0,1447858.9526474355,12851307.047352564,6471276.0,598446.0,598446.0,2025,6,normalization,True,True,2024-12-31,2024-09-01,3
run_20260811T162732Z_6bbfe89e,fixed_12m_2025,fixed_origin_12m_ex_ante,naive_last,2025-07-01,7,7403653.0,7149583.0,1139438.1402040496,13159727.85979595,7395701.0,-254070.0,254070.0,2025,7,normalization,True,True,2024-12-31,2024-09-01,3
run_20260811T162732Z_6bbfe89e,fixed_12m_2025,fixed_origin_12m_ex_ante,naive_last,2025-08-01,8,8912005.0,7149583.0,846089.8922616523,13453076.107738348,8661295.0,-1762422.0,1762422.0,2025,8,normalization,True,True,2024-12-31,2024-09-01,3
run_20260811T162732Z_6bbfe89e,fixed_12m_2025,fixed_origin_12m_ex_ante,naive_last,2025-09-01,9,7324078.0,7149583.0,565799.172832069,13733366.827167932,7149583.0,-174495.0,174495.0,2025,9,normalization,True,True,2024-12-31,2024-09-01,3
run_20260811T162732Z_6bbfe89e,fixed_12m_2025,fixed_origin_12m_ex_ante,naive_last,2025-10-01,10,7079267.0,7149583.0,296963.5295747537,14002202.470425246,6151397.0,70316.0,70316.0,2025,10,normalization,True,True,2024-12-31,2024-09-01,3
run_20260811T162732Z_6bbfe89e,fixed_12m_2025,fixed_origin_12m_ex_ante,naive_last,2025-11-01,11,4255110.0,7149583.0,38283.70029222127,14260882.299707778,3520467.0,2894473.0,2894473.0,2025,11,normalization,True,True,2024-12-31,2024-09-01,3
run_20260811T162732Z_6bbfe89e,fixed_12m_2025,fixed_origin_12m_ex_ante,naive_last,2025-12-01,12,3409623.0,7149583.0,-211311.09335561097,14510477.093355611,2800281.0,3739960.0,3739960.0,2025,12,normalization,True,True,2024-12-31,2024-09-01,3
run_20260811T162732Z_6bbfe89e,fixed_12m_2025,fixed_origin_12m_ex_ante,seasonal_naive,2025-01-01,1,3355818.0,3245893.0,1081195.0200360515,5410590.979963949,3245893.0,-109925.0,109925.0,2025,1,normalization,True,True,2024-12-31,2024-09-01,3
run_20260811T162732Z_6bbfe89e,fixed_12m_2025,fixed_origin_12m_ex_ante,seasonal_naive,2025-02-01,2,2782758.0,2684623.0,-376722.2417066586,5745968.241706658,2684623.0,-98135.0,98135.0,2025,2,normalization,True,True,2024-12-31,2024-09-01,3
run_20260811T162732Z_6bbfe89e,fixed_12m_2025,fixed_origin_12m_ex_ante,seasonal_naive,2025-03-01,3,2982576.0,3079574.0,-669792.8843392739,6828940.884339274,3079574.0,96998.0,96998.0,2025,3,normalization,True,True,2024-12-31,2024-09-01,3
run_20260811T162732Z_6bbfe89e,fixed_12m_2025,fixed_origin_12m_ex_ante,seasonal_naive,2025-04-01,4,4242307.0,4040974.0,-288421.95992789697,8370369.959927897,4040974.0,-201333.0,201333.0,2025,4,normalization,True,True,2024-12-31,2024-09-01,3
run_20260811T162732Z_6bbfe89e,fixed_12m_2025,fixed_origin_12m_ex_ante,seasonal_naive,2025-05-01,5,5618724.0,5585634.0,745222.1660441328,10426045.833955867,5585634.0,-33090.0,33090.0,2025,5,normalization,True,True,2024-12-31,2024-09-01,3
run_20260811T162732Z_6bbfe89e,fixed_12m_2025,fixed_origin_12m_ex_ante,seasonal_naive,2025-06-01,6,6551137.0,6471276.0,1168870.5018548435,11773681.498145156,6471276.0,-79861.0,79861.0,2025,6,normalization,True,True,2024-12-31,2024-09-01,3
run_20260811T162732Z_6bbfe89e,fixed_12m_2025,fixed_origin_12m_ex_ante,seasonal_naive,2025-07-01,7,7403653.0,7395701.0,1668448.4814515123,13122953.518548489,7395701.0,-7952.0,7952.0,2025,7,normalization,True,True,2024-12-31,2024-09-01,3
run_20260811T162732Z_6bbfe89e,fixed_12m_2025,fixed_origin_12m_ex_ante,seasonal_naive,2025-08-01,8,8912005.0,8661295.0,2538604.5165866828,14783985.483413316,8661295.0,-250710.0,250710.0,2025,8,normalization,True,True,2024-12-31,2024-09-01,3
run_20260811T162732Z_6bbfe89e,fixed_12m_2025,fixed_origin_12m_ex_ante,seasonal_naive,2025-09-01,9,7324078.0,7149583.0,655489.060108155,13643676.939891845,7149583.0,-174495.0,174495.0,2025,9,normalization,True,True,2024-12-31,2024-09-01,3
run_20260811T162732Z_6bbfe89e,fixed_12m_2025,fixed_origin_12m_ex_ante,seasonal_naive,2025-10-01,10,7079267.0,6151397.0,-693979.063051613,12996773.063051613,6151397.0,-927870.0,927870.0,2025,10,normalization,True,True,2024-12-31,2024-09-01,3
run_20260811T162732Z_6bbfe89e,fixed_12m_2025,fixed_origin_12m_ex_ante,seasonal_naive,2025-11-01,11,4255110.0,3520467.0,-3659023.9839806883,10699957.98398069,3520467.0,-734643.0,734643.0,2025,11,normalization,True,True,2024-12-31,2024-09-01,3
run_20260811T162732Z_6bbfe89e,fixed_12m_2025,fixed_origin_12m_ex_ante,seasonal_naive,2025-12-01,12,3409623.0,2800281.0,-4698452.768678548,10299014.768678548,2800281.0,-609342.0,609342.0,2025,12,normalization,True,True,2024-12-31,2024-09-01,3
run_20260811T162732Z_6bbfe89e,fixed_12m_2025,fixed_origin_12m_ex_ante,drift,2025-01-01,1,3355818.0,7270940.299492386,-1000292.4605537932,15542173.059538566,3245893.0,3915122.299492386,3915122.299492386,2025,1,normalization,True,True,2024-12-31,2024-09-01,3
run_20260811T162732Z_6bbfe89e,fixed_12m_2025,fixed_origin_12m_ex_ante,drift,2025-02-01,2,2782758.0,7301279.6243654825,-1946239.7302277498,16548798.978958715,2684623.0,4518521.6243654825,4518521.6243654825,2025,2,normalization,True,True,2024-12-31,2024-09-01,3
run_20260811T162732Z_6bbfe89e,fixed_12m_2025,fixed_origin_12m_ex_ante,drift,2025-03-01,3,2982576.0,7331618.949238579,-2798530.9537140774,17461768.852191236,3079574.0,4349042.949238579,4349042.949238579,2025,3,normalization,True,True,2024-12-31,2024-09-01,3
run_20260811T162732Z_6bbfe89e,fixed_12m_2025,fixed_origin_12m_ex_ante,drift,2025-04-01,4,4242307.0,7361958.274111675,-3579854.185394611,18303770.73361796,4040974.0,3119651.274111675,3119651.274111675,2025,4,normalization,True,True,2024-12-31,2024-09-01,3
run_20260811T162732Z_6bbfe89e,fixed_12m_2025,fixed_origin_12m_ex_ante,drift,2025-05-01,5,5618724.0,7392297.598984771,-4304991.947817185,19089587.14578673,5585634.0,1773573.5989847714,1773573.5989847714,2025,5,normalization,True,True,2024-12-31,2024-09-01,3
run_20260811T162732Z_6bbfe89e,fixed_12m_2025,fixed_origin_12m_ex_ante,drift,2025-06-01,6,6551137.0,7422636.923857868,-4984212.216211401,19829486.063927136,6471276.0,871499.9238578677,871499.9238578677,2025,6,normalization,True,True,2024-12-31,2024-09-01,3
run_20260811T162732Z_6bbfe89e,fixed_12m_2025,fixed_origin_12m_ex_ante,drift,2025-07-01,7,7403653.0,7452976.248730965,-5624991.040842475,20530943.538304403,7395701.0,49323.24873096496,49323.24873096496,2025,7,normalization,True,True,2024-12-31,2024-09-01,3
run_20260811T162732Z_6bbfe89e,fixed_12m_2025,fixed_origin_12m_ex_ante,drift,2025-08-01,8,8912005.0,7483315.573604061,-6232972.235780376,21199603.382988498,8661295.0,-1428689.4263959387,1428689.4263959387,2025,8,normalization,True,True,2024-12-31,2024-09-01,3
run_20260811T162732Z_6bbfe89e,fixed_12m_2025,fixed_origin_12m_ex_ante,drift,2025-09-01,9,7324078.0,7513654.898477158,-6812540.483150981,21839850.280105297,7149583.0,189576.89847715758,189576.89847715758,2025,9,normalization,True,True,2024-12-31,2024-09-01,3
run_20260811T162732Z_6bbfe89e,fixed_12m_2025,fixed_origin_12m_ex_ante,drift,2025-10-01,10,7079267.0,7543994.223350254,-7367182.690471762,22455171.13717227,6151397.0,464727.2233502539,464727.2233502539,2025,10,normalization,True,True,2024-12-31,2024-09-01,3
run_20260811T162732Z_6bbfe89e,fixed_12m_2025,fixed_origin_12m_ex_ante,drift,2025-11-01,11,4255110.0,7574333.54822335,-7899726.028953351,23048393.12540005,3520467.0,3319223.54822335,3319223.54822335,2025,11,normalization,True,True,2024-12-31,2024-09-01,3
run_20260811T162732Z_6bbfe89e,fixed_12m_2025,fixed_origin_12m_ex_ante,drift,2025-12-01,12,3409623.0,7604672.8730964465,-8412500.493035585,23621846.239228476,2800281.0,4195049.8730964465,4195049.8730964465,2025,12,normalization,True,True,2024-12-31,2024-09-01,3
run_20260811T162732Z_6bbfe89e,fixed_12m_2025,fixed_origin_12m_ex_ante,same_month_historical_mean,2025-01-01,1,3355818.0,1784691.4705882352,-144802.77568743727,3714185.716863908,3245893.0,-1571126.5294117648,1571126.5294117648,2025,1,normalization,True,True,2024-12-31,2024-09-01,3
run_20260811T162732Z_6bbfe89e,fixed_12m_2025,fixed_origin_12m_ex_ante,same_month_historical_mean,2025-02-01,2,2782758.0,1561387.6470588236,-368106.59921684884,3490881.893334496,2684623.0,-1221370.3529411764,1221370.3529411764,2025,2,normalization,True,True,2024-12-31,2024-09-01,3
run_20260811T162732Z_6bbfe89e,fixed_12m_2025,fixed_origin_12m_ex_ante,same_month_historical_mean,2025-03-01,3,2982576.0,1919702.5294117648,-9791.71686390764,3849196.7756874375,3079574.0,-1062873.4705882352,1062873.4705882352,2025,3,normalization,True,True,2024-12-31,2024-09-01,3
run_20260811T162732Z_6bbfe89e,fixed_12m_2025,fixed_origin_12m_ex_ante,same_month_historical_mean,2025-04-01,4,4242307.0,2478502.375,549008.1287243275,4407996.621275673,4040974.0,-1763804.625,1763804.625,2025,4,normalization,True,True,2024-12-31,2024-09-01,3
run_20260811T162732Z_6bbfe89e,fixed_12m_2025,fixed_origin_12m_ex_ante,same_month_historical_mean,2025-05-01,5,5618724.0,3457777.5,1528283.2537243275,5387271.746275673,5585634.0,-2160946.5,2160946.5,2025,5,normalization,True,True,2024-12-31,2024-09-01,3
run_20260811T162732Z_6bbfe89e,fixed_12m_2025,fixed_origin_12m_ex_ante,same_month_historical_mean,2025-06-01,6,6551137.0,4105791.0625,2176296.8162243273,6035285.308775673,6471276.0,-2445345.9375,2445345.9375,2025,6,normalization,True,True,2024-12-31,2024-09-01,3
run_20260811T162732Z_6bbfe89e,fixed_12m_2025,fixed_origin_12m_ex_ante,same_month_historical_mean,2025-07-01,7,7403653.0,4933575.05882353,3004080.812547857,6863069.305099202,7395701.0,-2470077.9411764704,2470077.9411764704,2025,7,normalization,True,True,2024-12-31,2024-09-01,3
run_20260811T162732Z_6bbfe89e,fixed_12m_2025,fixed_origin_12m_ex_ante,same_month_historical_mean,2025-08-01,8,8912005.0,6161699.176470588,4232204.930194915,8091193.422746261,8661295.0,-2750305.823529412,2750305.823529412,2025,8,normalization,True,True,2024-12-31,2024-09-01,3
run_20260811T162732Z_6bbfe89e,fixed_12m_2025,fixed_origin_12m_ex_ante,same_month_historical_mean,2025-09-01,9,7324078.0,5199659.588235294,3270165.3419596218,7129153.834510967,7149583.0,-2124418.4117647056,2124418.4117647056,2025,9,normalization,True,True,2024-12-31,2024-09-01,3
run_20260811T162732Z_6bbfe89e,fixed_12m_2025,fixed_origin_12m_ex_ante,same_month_historical_mean,2025-10-01,10,7079267.0,4175408.9375,2245914.6912243273,6104903.183775673,6151397.0,-2903858.0625,2903858.0625,2025,10,normalization,True,True,2024-12-31,2024-09-01,3
run_20260811T162732Z_6bbfe89e,fixed_12m_2025,fixed_origin_12m_ex_ante,same_month_historical_mean,2025-11-01,11,4255110.0,2328636.8125,399142.56622432754,4258131.058775673,3520467.0,-1926473.1875,1926473.1875,2025,11,normalization,True,True,2024-12-31,2024-09-01,3
run_20260811T162732Z_6bbfe89e,fixed_12m_2025,fixed_origin_12m_ex_ante,same_month_historical_mean,2025-12-01,12,3409623.0,1811772.0625,-117722.18377567246,3741266.3087756727,2800281.0,-1597850.9375,1597850.9375,2025,12,normalization,True,True,2024-12-31,2024-09-01,3
run_20260811T162732Z_6bbfe89e,fixed_12m_2025,fixed_origin_12m_ex_ante,seasonal_moving_average_3,2025-01-01,1,3355818.0,2827204.3333333335,675802.0488499776,4978606.617816689,3245893.0,-528613.6666666665,528613.6666666665,2025,1,normalization,True,True,2024-12-31,2024-09-01,3
run_20260811T162732Z_6bbfe89e,fixed_12m_2025,fixed_origin_12m_ex_ante,seasonal_moving_average_3,2025-02-01,2,2782758.0,2283644.6666666665,132242.38218331058,4435046.951150022,2684623.0,-499113.3333333335,499113.3333333335,2025,2,normalization,True,True,2024-12-31,2024-09-01,3
run_20260811T162732Z_6bbfe89e,fixed_12m_2025,fixed_origin_12m_ex_ante,seasonal_moving_average_3,2025-03-01,3,2982576.0,2770255.0,618852.7155166441,4921657.284483356,3079574.0,-212321.0,212321.0,2025,3,normalization,True,True,2024-12-31,2024-09-01,3
run_20260811T162732Z_6bbfe89e,fixed_12m_2025,fixed_origin_12m_ex_ante,seasonal_moving_average_3,2025-04-01,4,4242307.0,3501228.3333333335,1349826.0488499776,5652630.617816689,4040974.0,-741078.6666666665,741078.6666666665,2025,4,normalization,True,True,2024-12-31,2024-09-01,3
run_20260811T162732Z_6bbfe89e,fixed_12m_2025,fixed_origin_12m_ex_ante,seasonal_moving_average_3,2025-05-01,5,5618724.0,4749505.666666667,2598103.382183311,6900907.951150022,5585634.0,-869218.333333333,869218.333333333,2025,5,normalization,True,True,2024-12-31,2024-09-01,3
run_20260811T162732Z_6bbfe89e,fixed_12m_2025,fixed_origin_12m_ex_ante,seasonal_moving_average_3,2025-06-01,6,6551137.0,5760102.333333333,3608700.048849977,7911504.6178166885,6471276.0,-791034.666666667,791034.666666667,2025,6,normalization,True,True,2024-12-31,2024-09-01,3
run_20260811T162732Z_6bbfe89e,fixed_12m_2025,fixed_origin_12m_ex_ante,seasonal_moving_average_3,2025-07-01,7,7403653.0,6893723.333333333,4742321.048849978,9045125.617816688,7395701.0,-509929.666666667,509929.666666667,2025,7,normalization,True,True,2024-12-31,2024-09-01,3
run_20260811T162732Z_6bbfe89e,fixed_12m_2025,fixed_origin_12m_ex_ante,seasonal_moving_average_3,2025-08-01,8,8912005.0,8380581.0,6229178.715516644,10531983.284483356,8661295.0,-531424.0,531424.0,2025,8,normalization,True,True,2024-12-31,2024-09-01,3
run_20260811T162732Z_6bbfe89e,fixed_12m_2025,fixed_origin_12m_ex_ante,seasonal_moving_average_3,2025-09-01,9,7324078.0,6937342.0,4785939.715516644,9088744.284483356,7149583.0,-386736.0,386736.0,2025,9,normalization,True,True,2024-12-31,2024-09-01,3
run_20260811T162732Z_6bbfe89e,fixed_12m_2025,fixed_origin_12m_ex_ante,seasonal_moving_average_3,2025-10-01,10,7079267.0,5492669.0,3341266.715516644,7644071.284483356,6151397.0,-1586598.0,1586598.0,2025,10,normalization,True,True,2024-12-31,2024-09-01,3
run_20260811T162732Z_6bbfe89e,fixed_12m_2025,fixed_origin_12m_ex_ante,seasonal_moving_average_3,2025-11-01,11,4255110.0,3141744.6666666665,990342.3821833106,5293146.951150022,3520467.0,-1113365.3333333335,1113365.3333333335,2025,11,normalization,True,True,2024-12-31,2024-09-01,3
run_20260811T162732Z_6bbfe89e,fixed_12m_2025,fixed_origin_12m_ex_ante,seasonal_moving_average_3,2025-12-01,12,3409623.0,2532375.6666666665,380973.3821833106,4683777.951150022,2800281.0,-877247.3333333335,877247.3333333335,2025,12,normalization,True,True,2024-12-31,2024-09-01,3
run_20260811T162732Z_6bbfe89e,fixed_12m_2025,fixed_origin_12m_ex_ante,ets_holt_winters,2025-01-01,1,3355818.0,2796290.427893472,1933470.1899041338,3659110.66588281,3245893.0,-559527.5721065281,559527.5721065281,2025,1,normalization,True,True,2024-12-31,2024-09-01,3
run_20260811T162732Z_6bbfe89e,fixed_12m_2025,fixed_origin_12m_ex_ante,ets_holt_winters,2025-02-01,2,2782758.0,2557905.3832964436,1337693.3008419399,3778117.4657509476,2684623.0,-224852.61670355638,224852.61670355638,2025,2,normalization,True,True,2024-12-31,2024-09-01,3
run_20260811T162732Z_6bbfe89e,fixed_12m_2025,fixed_origin_12m_ex_ante,ets_holt_winters,2025-03-01,3,2982576.0,2978828.0862710816,1484379.5962748774,4473276.576267285,3079574.0,-3747.9137289184146,3747.9137289184146,2025,3,normalization,True,True,2024-12-31,2024-09-01,3
run_20260811T162732Z_6bbfe89e,fixed_12m_2025,fixed_origin_12m_ex_ante,ets_holt_winters,2025-04-01,4,4242307.0,3493782.2106513316,1768141.7346726551,5219422.686630008,4040974.0,-748524.7893486684,748524.7893486684,2025,4,normalization,True,True,2024-12-31,2024-09-01,3
run_20260811T162732Z_6bbfe89e,fixed_12m_2025,fixed_origin_12m_ex_ante,ets_holt_winters,2025-05-01,5,5618724.0,4439001.546983931,2509676.8424772243,6368326.251490638,5585634.0,-1179722.4530160688,1179722.4530160688,2025,5,normalization,True,True,2024-12-31,2024-09-01,3
run_20260811T162732Z_6bbfe89e,fixed_12m_2025,fixed_origin_12m_ex_ante,ets_holt_winters,2025-06-01,6,6551137.0,5112799.000540087,2999329.6777194627,7226268.323360711,6471276.0,-1438337.999459913,1438337.999459913,2025,6,normalization,True,True,2024-12-31,2024-09-01,3
run_20260811T162732Z_6bbfe89e,fixed_12m_2025,fixed_origin_12m_ex_ante,ets_holt_winters,2025-07-01,7,7403653.0,5909345.63290428,3626537.8570309263,8192153.408777634,7395701.0,-1494307.36709572,1494307.36709572,2025,7,normalization,True,True,2024-12-31,2024-09-01,3
run_20260811T162732Z_6bbfe89e,fixed_12m_2025,fixed_origin_12m_ex_ante,ets_holt_winters,2025-08-01,8,8912005.0,7051989.684652782,4611565.519743774,9492413.84956179,8661295.0,-1860015.315347218,1860015.315347218,2025,8,normalization,True,True,2024-12-31,2024-09-01,3
run_20260811T162732Z_6bbfe89e,fixed_12m_2025,fixed_origin_12m_ex_ante,ets_holt_winters,2025-09-01,9,7324078.0,6023320.1803967105,3434859.4664286957,8611780.894364726,7149583.0,-1300757.8196032895,1300757.8196032895,2025,9,normalization,True,True,2024-12-31,2024-09-01,3
run_20260811T162732Z_6bbfe89e,fixed_12m_2025,fixed_origin_12m_ex_ante,ets_holt_winters,2025-10-01,10,7079267.0,5063293.518554758,2334816.3552199095,7791770.681889607,6151397.0,-2015973.4814452417,2015973.4814452417,2025,10,normalization,True,True,2024-12-31,2024-09-01,3
run_20260811T162732Z_6bbfe89e,fixed_12m_2025,fixed_origin_12m_ex_ante,ets_holt_winters,2025-11-01,11,4255110.0,3218508.779419626,356857.7884838409,6080159.770355411,3520467.0,-1036601.2205803739,1036601.2205803739,2025,11,normalization,True,True,2024-12-31,2024-09-01,3
run_20260811T162732Z_6bbfe89e,fixed_12m_2025,fixed_origin_12m_ex_ante,ets_holt_winters,2025-12-01,12,3409623.0,2800281.0044995276,-188615.97549288068,5789177.984491936,2800281.0,-609341.9955004724,609341.9955004724,2025,12,normalization,True,True,2024-12-31,2024-09-01,3
run_20260811T162732Z_6bbfe89e,fixed_12m_2025,fixed_origin_12m_ex_ante,theta,2025-01-01,1,3355818.0,2719136.4038255657,902253.3901417872,4536019.417509344,3245893.0,-636681.5961744343,636681.5961744343,2025,1,normalization,True,True,2024-12-31,2024-09-01,3
run_20260811T162732Z_6bbfe89e,fixed_12m_2025,fixed_origin_12m_ex_ante,theta,2025-02-01,2,2782758.0,2384870.092696013,-221851.00433935458,4991591.18973138,2684623.0,-397887.9073039871,397887.9073039871,2025,2,normalization,True,True,2024-12-31,2024-09-01,3
run_20260811T162732Z_6bbfe89e,fixed_12m_2025,fixed_origin_12m_ex_ante,theta,2025-03-01,3,2982576.0,2914778.308111013,-292857.2494369284,6122413.865658954,3079574.0,-67797.69188898709,67797.69188898709,2025,3,normalization,True,True,2024-12-31,2024-09-01,3
run_20260811T162732Z_6bbfe89e,fixed_12m_2025,fixed_origin_12m_ex_ante,theta,2025-04-01,4,4242307.0,3758383.498942116,45856.48054042971,7470910.517343802,4040974.0,-483923.5010578842,483923.5010578842,2025,4,normalization,True,True,2024-12-31,2024-09-01,3
run_20260811T162732Z_6bbfe89e,fixed_12m_2025,fixed_origin_12m_ex_ante,theta,2025-05-01,5,5618724.0,5142825.552594445,986289.9934202982,9299361.111768592,5585634.0,-475898.4474055553,475898.4474055553,2025,5,normalization,True,True,2024-12-31,2024-09-01,3
run_20260811T162732Z_6bbfe89e,fixed_12m_2025,fixed_origin_12m_ex_ante,theta,2025-06-01,6,6551137.0,6195692.8528588535,1638202.4417887703,10753183.263928937,6471276.0,-355444.1471411465,355444.1471411465,2025,6,normalization,True,True,2024-12-31,2024-09-01,3
run_20260811T162732Z_6bbfe89e,fixed_12m_2025,fixed_origin_12m_ex_ante,theta,2025-07-01,7,7403653.0,7369843.274837791,2443927.1327062203,12295759.416969363,7395701.0,-33809.72516220901,33809.72516220901,2025,7,normalization,True,True,2024-12-31,2024-09-01,3
run_20260811T162732Z_6bbfe89e,fixed_12m_2025,fixed_origin_12m_ex_ante,theta,2025-08-01,8,8912005.0,9342459.012824638,4073817.7428548364,14611100.282794438,8661295.0,430454.0128246378,430454.0128246378,2025,8,normalization,True,True,2024-12-31,2024-09-01,3
run_20260811T162732Z_6bbfe89e,fixed_12m_2025,fixed_origin_12m_ex_ante,theta,2025-09-01,9,7324078.0,7936375.191035399,2345980.5874366853,13526769.794634113,7149583.0,612297.1910353992,612297.1910353992,2025,9,normalization,True,True,2024-12-31,2024-09-01,3
run_20260811T162732Z_6bbfe89e,fixed_12m_2025,fixed_origin_12m_ex_ante,theta,2025-10-01,10,7079267.0,6524831.9970765645,630220.6599091813,12419443.334243948,6151397.0,-554435.0029234355,554435.0029234355,2025,10,normalization,True,True,2024-12-31,2024-09-01,3
run_20260811T162732Z_6bbfe89e,fixed_12m_2025,fixed_origin_12m_ex_ante,theta,2025-11-01,11,4255110.0,3623299.2779787676,-2560580.8800271153,9807179.43598465,3520467.0,-631810.7220212324,631810.7220212324,2025,11,normalization,True,True,2024-12-31,2024-09-01,3
run_20260811T162732Z_6bbfe89e,fixed_12m_2025,fixed_origin_12m_ex_ante,theta,2025-12-01,12,3409623.0,2807265.2634648243,-3652944.0830575842,9267474.609987233,2800281.0,-602357.7365351757,602357.7365351757,2025,12,normalization,True,True,2024-12-31,2024-09-01,3
run_20260811T162732Z_6bbfe89e,fixed_12m_2025,fixed_origin_12m_ex_ante,sarima_111_111_12,2025-01-01,1,3355818.0,3645955.722280229,1499418.0702334028,5792493.374327055,3245893.0,290137.722280229,290137.722280229,2025,1,normalization,True,True,2024-12-31,2024-09-01,3
run_20260811T162732Z_6bbfe89e,fixed_12m_2025,fixed_origin_12m_ex_ante,sarima_111_111_12,2025-02-01,2,2782758.0,3192548.377346536,694981.4026155286,5690115.352077544,2684623.0,409790.37734653614,409790.37734653614,2025,2,normalization,True,True,2024-12-31,2024-09-01,3
run_20260811T162732Z_6bbfe89e,fixed_12m_2025,fixed_origin_12m_ex_ante,sarima_111_111_12,2025-03-01,3,2982576.0,3598948.4592104587,785942.8613720438,6411954.057048874,3079574.0,616372.4592104587,616372.4592104587,2025,3,normalization,True,True,2024-12-31,2024-09-01,3
run_20260811T162732Z_6bbfe89e,fixed_12m_2025,fixed_origin_12m_ex_ante,sarima_111_111_12,2025-04-01,4,4242307.0,4366292.311984688,1266000.9776757108,7466583.646293665,4040974.0,123985.31198468804,123985.31198468804,2025,4,normalization,True,True,2024-12-31,2024-09-01,3
run_20260811T162732Z_6bbfe89e,fixed_12m_2025,fixed_origin_12m_ex_ante,sarima_111_111_12,2025-05-01,5,5618724.0,5589852.130584431,2225023.8427285547,8954680.418440307,5585634.0,-28871.86941556912,28871.86941556912,2025,5,normalization,True,True,2024-12-31,2024-09-01,3
run_20260811T162732Z_6bbfe89e,fixed_12m_2025,fixed_origin_12m_ex_ante,sarima_111_111_12,2025-06-01,6,6551137.0,6502940.583637205,2892172.2312646625,10113708.936009748,6471276.0,-48196.41636279505,48196.41636279505,2025,6,normalization,True,True,2024-12-31,2024-09-01,3
run_20260811T162732Z_6bbfe89e,fixed_12m_2025,fixed_origin_12m_ex_ante,sarima_111_111_12,2025-07-01,7,7403653.0,7625824.371834164,3784477.651577895,11467171.092090432,7395701.0,222171.37183416355,222171.37183416355,2025,7,normalization,True,True,2024-12-31,2024-09-01,3
run_20260811T162732Z_6bbfe89e,fixed_12m_2025,fixed_origin_12m_ex_ante,sarima_111_111_12,2025-08-01,8,8912005.0,9056339.000519125,4997224.152623098,13115453.848415151,8661295.0,144334.0005191248,144334.0005191248,2025,8,normalization,True,True,2024-12-31,2024-09-01,3
run_20260811T162732Z_6bbfe89e,fixed_12m_2025,fixed_origin_12m_ex_ante,sarima_111_111_12,2025-09-01,9,7324078.0,7775072.521074132,3509200.651846121,12040944.390302144,7149583.0,450994.52107413206,450994.52107413206,2025,9,normalization,True,True,2024-12-31,2024-09-01,3
run_20260811T162732Z_6bbfe89e,fixed_12m_2025,fixed_origin_12m_ex_ante,sarima_111_111_12,2025-10-01,10,7079267.0,7022328.716586227,2413351.2444035476,11631306.188768905,6151397.0,-56938.2834137734,56938.2834137734,2025,10,normalization,True,True,2024-12-31,2024-09-01,3
run_20260811T162732Z_6bbfe89e,fixed_12m_2025,fixed_origin_12m_ex_ante,sarima_111_111_12,2025-11-01,11,4255110.0,4783920.400348315,-198422.5158260474,9766263.316522676,3520467.0,528810.400348315,528810.400348315,2025,11,normalization,True,True,2024-12-31,2024-09-01,3
run_20260811T162732Z_6bbfe89e,fixed_12m_2025,fixed_origin_12m_ex_ante,sarima_111_111_12,2025-12-01,12,3409623.0,4233675.287772031,-1122937.2439971836,9590287.819541246,2800281.0,824052.2877720306,824052.2877720306,2025,12,normalization,True,True,2024-12-31,2024-09-01,3
run_20260811T162732Z_6bbfe89e,fixed_12m_2025,fixed_origin_12m_ex_ante,dynamic_harmonic_arima_k2,2025-01-01,1,3355818.0,3656076.4574771393,2009133.6810182096,5303019.2339360695,3245893.0,300258.4574771393,300258.4574771393,2025,1,normalization,True,True,2024-12-31,2024-09-01,3
run_20260811T162732Z_6bbfe89e,fixed_12m_2025,fixed_origin_12m_ex_ante,dynamic_harmonic_arima_k2,2025-02-01,2,2782758.0,3873239.5488811913,2048023.717125938,5698455.380636444,2684623.0,1090481.5488811913,1090481.5488811913,2025,2,normalization,True,True,2024-12-31,2024-09-01,3
run_20260811T162732Z_6bbfe89e,fixed_12m_2025,fixed_origin_12m_ex_ante,dynamic_harmonic_arima_k2,2025-03-01,3,2982576.0,4166899.996703418,2179793.9278702275,6154006.065536609,3079574.0,1184323.996703418,1184323.996703418,2025,3,normalization,True,True,2024-12-31,2024-09-01,3
run_20260811T162732Z_6bbfe89e,fixed_12m_2025,fixed_origin_12m_ex_ante,dynamic_harmonic_arima_k2,2025-04-01,4,4242307.0,4538820.80282451,2401940.400619273,6675701.205029747,4040974.0,296513.80282451026,296513.80282451026,2025,4,normalization,True,True,2024-12-31,2024-09-01,3
run_20260811T162732Z_6bbfe89e,fixed_12m_2025,fixed_origin_12m_ex_ante,dynamic_harmonic_arima_k2,2025-05-01,5,5618724.0,5241727.298993178,2964932.847372512,7518521.750613844,5585634.0,-376996.7010068223,376996.7010068223,2025,5,normalization,True,True,2024-12-31,2024-09-01,3
run_20260811T162732Z_6bbfe89e,fixed_12m_2025,fixed_origin_12m_ex_ante,dynamic_harmonic_arima_k2,2025-06-01,6,6551137.0,6370809.774874618,3962207.735172233,8779411.814577004,6471276.0,-180327.22512538172,180327.22512538172,2025,6,normalization,True,True,2024-12-31,2024-09-01,3
run_20260811T162732Z_6bbfe89e,fixed_12m_2025,fixed_origin_12m_ex_ante,dynamic_harmonic_arima_k2,2025-07-01,7,7403653.0,7562729.150315252,5029169.409284098,10096288.891346406,7395701.0,159076.15031525213,159076.15031525213,2025,7,normalization,True,True,2024-12-31,2024-09-01,3
run_20260811T162732Z_6bbfe89e,fixed_12m_2025,fixed_origin_12m_ex_ante,dynamic_harmonic_arima_k2,2025-08-01,8,8912005.0,8162781.097218525,5510143.025746306,10815419.168690743,8661295.0,-749223.9027814753,749223.9027814753,2025,8,normalization,True,True,2024-12-31,2024-09-01,3
run_20260811T162732Z_6bbfe89e,fixed_12m_2025,fixed_origin_12m_ex_ante,dynamic_harmonic_arima_k2,2025-09-01,9,7324078.0,7744400.222719015,4977804.514479192,10510995.930958837,7149583.0,420322.2227190146,420322.2227190146,2025,9,normalization,True,True,2024-12-31,2024-09-01,3
run_20260811T162732Z_6bbfe89e,fixed_12m_2025,fixed_origin_12m_ex_ante,dynamic_harmonic_arima_k2,2025-10-01,10,7079267.0,6498056.041517975,3622014.4776570494,9374097.6053789,6151397.0,-581210.9584820252,581210.9584820252,2025,10,normalization,True,True,2024-12-31,2024-09-01,3
run_20260811T162732Z_6bbfe89e,fixed_12m_2025,fixed_origin_12m_ex_ante,dynamic_harmonic_arima_k2,2025-11-01,11,4255110.0,5110649.398315336,2129176.894655373,8092121.901975298,3520467.0,855539.3983153356,855539.3983153356,2025,11,normalization,True,True,2024-12-31,2024-09-01,3
run_20260811T162732Z_6bbfe89e,fixed_12m_2025,fixed_origin_12m_ex_ante,dynamic_harmonic_arima_k2,2025-12-01,12,3409623.0,4237316.385137184,1154015.95914524,7320616.811129127,2800281.0,827693.3851371836,827693.3851371836,2025,12,normalization,True,True,2024-12-31,2024-09-01,3
run_20260811T162732Z_6bbfe89e,fixed_12m_2025,fixed_origin_12m_ex_ante,stl_arima_111,2025-01-01,1,3355818.0,4181910.920617302,3316561.4338403577,5047260.407394246,3245893.0,826092.920617302,826092.920617302,2025,1,normalization,True,True,2024-12-31,2024-09-01,3
run_20260811T162732Z_6bbfe89e,fixed_12m_2025,fixed_origin_12m_ex_ante,stl_arima_111,2025-02-01,2,2782758.0,3039219.3592781634,1815430.3788856112,4263008.339670716,2684623.0,256461.3592781634,256461.3592781634,2025,2,normalization,True,True,2024-12-31,2024-09-01,3
run_20260811T162732Z_6bbfe89e,fixed_12m_2025,fixed_origin_12m_ex_ante,stl_arima_111,2025-03-01,3,2982576.0,3409224.4502925156,1910395.1728911954,4908053.727693835,3079574.0,426648.45029251557,426648.45029251557,2025,3,normalization,True,True,2024-12-31,2024-09-01,3
run_20260811T162732Z_6bbfe89e,fixed_12m_2025,fixed_origin_12m_ex_ante,stl_arima_111,2025-04-01,4,4242307.0,4274797.991158173,2544099.0176042845,6005496.964712063,4040974.0,32490.99115817342,32490.99115817342,2025,4,normalization,True,True,2024-12-31,2024-09-01,3
run_20260811T162732Z_6bbfe89e,fixed_12m_2025,fixed_origin_12m_ex_ante,stl_arima_111,2025-05-01,5,5618724.0,5797070.531421597,3862090.254693794,7732050.8081494,5585634.0,178346.53142159712,178346.53142159712,2025,5,normalization,True,True,2024-12-31,2024-09-01,3
run_20260811T162732Z_6bbfe89e,fixed_12m_2025,fixed_origin_12m_ex_ante,stl_arima_111,2025-06-01,6,6551137.0,6663639.679261813,4543974.987479,8783304.371044625,6471276.0,112502.67926181294,112502.67926181294,2025,6,normalization,True,True,2024-12-31,2024-09-01,3
run_20260811T162732Z_6bbfe89e,fixed_12m_2025,fixed_origin_12m_ex_ante,stl_arima_111,2025-07-01,7,7403653.0,7572181.449003348,5282681.909834176,9861680.98817252,7395701.0,168528.44900334813,168528.44900334813,2025,7,normalization,True,True,2024-12-31,2024-09-01,3
run_20260811T162732Z_6bbfe89e,fixed_12m_2025,fixed_origin_12m_ex_ante,stl_arima_111,2025-08-01,8,8912005.0,8819451.555305522,6371873.594520418,11267029.516090626,8661295.0,-92553.44469447806,92553.44469447806,2025,8,normalization,True,True,2024-12-31,2024-09-01,3
run_20260811T162732Z_6bbfe89e,fixed_12m_2025,fixed_origin_12m_ex_ante,stl_arima_111,2025-09-01,9,7324078.0,7289644.981134159,4693596.520803325,9885693.441464992,7149583.0,-34433.01886584144,34433.01886584144,2025,9,normalization,True,True,2024-12-31,2024-09-01,3
run_20260811T162732Z_6bbfe89e,fixed_12m_2025,fixed_origin_12m_ex_ante,stl_arima_111,2025-10-01,10,7079267.0,6279043.371523832,3542568.021250928,9015518.721796736,6151397.0,-800223.628476168,800223.628476168,2025,10,normalization,True,True,2024-12-31,2024-09-01,3
run_20260811T162732Z_6bbfe89e,fixed_12m_2025,fixed_origin_12m_ex_ante,stl_arima_111,2025-11-01,11,4255110.0,3700678.6270641903,830639.066898454,6570718.187229927,3520467.0,-554431.3729358097,554431.3729358097,2025,11,normalization,True,True,2024-12-31,2024-09-01,3
run_20260811T162732Z_6bbfe89e,fixed_12m_2025,fixed_origin_12m_ex_ante,stl_arima_111,2025-12-01,12,3409623.0,2959092.841226887,-38565.71357575338,5956751.396029527,2800281.0,-450530.15877311304,450530.15877311304,2025,12,normalization,True,True,2024-12-31,2024-09-01,3
run_20260811T162732Z_6bbfe89e,one_step_201501,one_step_ex_ante,ridge_recursive_b0,2015-01-01,1,1762004.0,1766097.0211394285,,,1575399.0,4093.021139428485,4093.021139428485,2015,1,pre_pandemic,True,True,2014-12-31,2014-09-01,3
run_20260811T162732Z_6bbfe89e,one_step_201501,one_step_ex_ante,hist_gradient_boosting_recursive_b0,2015-01-01,1,1762004.0,1682528.3896416076,,,1575399.0,-79475.61035839235,79475.61035839235,2015,1,pre_pandemic,True,True,2014-12-31,2014-09-01,3
run_20260811T162732Z_6bbfe89e,one_step_201502,one_step_ex_ante,ridge_recursive_b0,2015-02-01,1,1564925.0,1684427.649570319,,,1523245.0,119502.6495703191,119502.6495703191,2015,2,pre_pandemic,True,True,2015-01-31,2014-10-01,3
run_20260811T162732Z_6bbfe89e,one_step_201502,one_step_ex_ante,hist_gradient_boosting_recursive_b0,2015-02-01,1,1564925.0,1793169.3784058944,,,1523245.0,228244.3784058944,228244.3784058944,2015,2,pre_pandemic,True,True,2015-01-31,2014-10-01,3
run_20260811T162732Z_6bbfe89e,one_step_201503,one_step_ex_ante,ridge_recursive_b0,2015-03-01,1,2017645.0,2216339.621955049,,,1967114.0,198694.62195504922,198694.62195504922,2015,3,pre_pandemic,True,True,2015-02-28,2014-11-01,3
run_20260811T162732Z_6bbfe89e,one_step_201503,one_step_ex_ante,hist_gradient_boosting_recursive_b0,2015-03-01,1,2017645.0,2162139.934922994,,,1967114.0,144494.9349229941,144494.9349229941,2015,3,pre_pandemic,True,True,2015-02-28,2014-11-01,3
run_20260811T162732Z_6bbfe89e,one_step_201504,one_step_ex_ante,ridge_recursive_b0,2015-04-01,1,2626663.0,2797273.357478893,,,2573139.0,170610.3574788929,170610.3574788929,2015,4,pre_pandemic,True,True,2015-03-31,2014-12-01,3
run_20260811T162732Z_6bbfe89e,one_step_201504,one_step_ex_ante,hist_gradient_boosting_recursive_b0,2015-04-01,1,2626663.0,2550611.544483412,,,2573139.0,-76051.45551658794,76051.45551658794,2015,4,pre_pandemic,True,True,2015-03-31,2014-12-01,3
run_20260811T162732Z_6bbfe89e,one_step_201505,one_step_ex_ante,ridge_recursive_b0,2015-05-01,1,3775013.0,3826006.6646253327,,,3863883.0,50993.66462533269,50993.66462533269,2015,5,pre_pandemic,True,True,2015-04-30,2015-01-01,3
run_20260811T162732Z_6bbfe89e,one_step_201505,one_step_ex_ante,hist_gradient_boosting_recursive_b0,2015-05-01,1,3775013.0,3746540.658065996,,,3863883.0,-28472.341934003867,28472.341934003867,2015,5,pre_pandemic,True,True,2015-04-30,2015-01-01,3
run_20260811T162732Z_6bbfe89e,one_step_201506,one_step_ex_ante,ridge_recursive_b0,2015-06-01,1,4349675.0,4392556.795829626,,,4530079.0,42881.7958296258,42881.7958296258,2015,6,pre_pandemic,True,True,2015-05-31,2015-02-01,3
run_20260811T162732Z_6bbfe89e,one_step_201506,one_step_ex_ante,hist_gradient_boosting_recursive_b0,2015-06-01,1,4349675.0,4240194.05046733,,,4530079.0,-109480.94953266997,109480.94953266997,2015,6,pre_pandemic,True,True,2015-05-31,2015-02-01,3
run_20260811T162732Z_6bbfe89e,one_step_201507,one_step_ex_ante,ridge_recursive_b0,2015-07-01,1,5244965.0,5219171.351293448,,,4952404.0,-25793.64870655164,25793.64870655164,2015,7,pre_pandemic,True,True,2015-06-30,2015-03-01,3
run_20260811T162732Z_6bbfe89e,one_step_201507,one_step_ex_ante,hist_gradient_boosting_recursive_b0,2015-07-01,1,5244965.0,4557363.810039862,,,4952404.0,-687601.1899601379,687601.1899601379,2015,7,pre_pandemic,True,True,2015-06-30,2015-03-01,3
run_20260811T162732Z_6bbfe89e,one_step_201508,one_step_ex_ante,ridge_recursive_b0,2015-08-01,1,6748708.0,6138922.418134222,,,6635627.0,-609785.5818657782,609785.5818657782,2015,8,pre_pandemic,True,True,2015-07-31,2015-04-01,3
run_20260811T162732Z_6bbfe89e,one_step_201508,one_step_ex_ante,hist_gradient_boosting_recursive_b0,2015-08-01,1,6748708.0,5135420.3464607885,,,6635627.0,-1613287.6535392115,1613287.6535392115,2015,8,pre_pandemic,True,True,2015-07-31,2015-04-01,3
run_20260811T162732Z_6bbfe89e,one_step_201509,one_step_ex_ante,ridge_recursive_b0,2015-09-01,1,5415322.0,5271309.631654896,,,5495982.0,-144012.36834510416,144012.36834510416,2015,9,pre_pandemic,True,True,2015-08-31,2015-05-01,3
run_20260811T162732Z_6bbfe89e,one_step_201509,one_step_ex_ante,hist_gradient_boosting_recursive_b0,2015-09-01,1,5415322.0,5063691.979855817,,,5495982.0,-351630.0201441832,351630.0201441832,2015,9,pre_pandemic,True,True,2015-08-31,2015-05-01,3
run_20260811T162732Z_6bbfe89e,one_step_201510,one_step_ex_ante,ridge_recursive_b0,2015-10-01,1,4161806.0,4246579.544337253,,,4293279.0,84773.54433725309,84773.54433725309,2015,10,pre_pandemic,True,True,2015-09-30,2015-06-01,3
run_20260811T162732Z_6bbfe89e,one_step_201510,one_step_ex_ante,hist_gradient_boosting_recursive_b0,2015-10-01,1,4161806.0,3625529.491334023,,,4293279.0,-536276.508665977,536276.508665977,2015,10,pre_pandemic,True,True,2015-09-30,2015-06-01,3
run_20260811T162732Z_6bbfe89e,one_step_201511,one_step_ex_ante,ridge_recursive_b0,2015-11-01,1,2236998.0,2552219.3262150986,,,2264373.0,315221.3262150986,315221.3262150986,2015,11,pre_pandemic,True,True,2015-10-31,2015-07-01,3
run_20260811T162732Z_6bbfe89e,one_step_201511,one_step_ex_ante,hist_gradient_boosting_recursive_b0,2015-11-01,1,2236998.0,2332873.1314506074,,,2264373.0,95875.13145060744,95875.13145060744,2015,11,pre_pandemic,True,True,2015-10-31,2015-07-01,3
run_20260811T162732Z_6bbfe89e,one_step_201512,one_step_ex_ante,ridge_recursive_b0,2015-12-01,1,1713807.0,2067505.8023077126,,,1740546.0,353698.8023077126,353698.8023077126,2015,12,pre_pandemic,True,True,2015-11-30,2015-08-01,3
run_20260811T162732Z_6bbfe89e,one_step_201512,one_step_ex_ante,hist_gradient_boosting_recursive_b0,2015-12-01,1,1713807.0,1905466.4099158666,,,1740546.0,191659.40991586656,191659.40991586656,2015,12,pre_pandemic,True,True,2015-11-30,2015-08-01,3
run_20260811T162732Z_6bbfe89e,one_step_201601,one_step_ex_ante,ridge_recursive_b0,2016-01-01,1,1691287.0,1912883.2175255788,,,1762004.0,221596.2175255788,221596.2175255788,2016,1,pre_pandemic,True,True,2015-12-31,2015-09-01,3
run_20260811T162732Z_6bbfe89e,one_step_201601,one_step_ex_ante,hist_gradient_boosting_recursive_b0,2016-01-01,1,1691287.0,1769192.494886895,,,1762004.0,77905.49488689494,77905.49488689494,2016,1,pre_pandemic,True,True,2015-12-31,2015-09-01,3
run_20260811T162732Z_6bbfe89e,one_step_201602,one_step_ex_ante,ridge_recursive_b0,2016-02-01,1,1517504.0,1834956.679804305,,,1564925.0,317452.6798043051,317452.6798043051,2016,2,pre_pandemic,True,True,2016-01-31,2015-10-01,3
run_20260811T162732Z_6bbfe89e,one_step_201602,one_step_ex_ante,hist_gradient_boosting_recursive_b0,2016-02-01,1,1517504.0,1699835.6695712632,,,1564925.0,182331.66957126325,182331.66957126325,2016,2,pre_pandemic,True,True,2016-01-31,2015-10-01,3
run_20260811T162732Z_6bbfe89e,one_step_201603,one_step_ex_ante,ridge_recursive_b0,2016-03-01,1,1898762.0,2385855.680304464,,,2017645.0,487093.68030446395,487093.68030446395,2016,3,pre_pandemic,True,True,2016-02-29,2015-11-01,3
run_20260811T162732Z_6bbfe89e,one_step_201603,one_step_ex_ante,hist_gradient_boosting_recursive_b0,2016-03-01,1,1898762.0,2151849.122291391,,,2017645.0,253087.12229139078,253087.12229139078,2016,3,pre_pandemic,True,True,2016-02-29,2015-11-01,3
run_20260811T162732Z_6bbfe89e,one_step_201604,one_step_ex_ante,ridge_recursive_b0,2016-04-01,1,2049238.0,2887748.8260145136,,,2626663.0,838510.8260145136,838510.8260145136,2016,4,pre_pandemic,True,True,2016-03-31,2015-12-01,3
run_20260811T162732Z_6bbfe89e,one_step_201604,one_step_ex_ante,hist_gradient_boosting_recursive_b0,2016-04-01,1,2049238.0,2546246.8662672616,,,2626663.0,497008.86626726156,497008.86626726156,2016,4,pre_pandemic,True,True,2016-03-31,2015-12-01,3
run_20260811T162732Z_6bbfe89e,one_step_201605,one_step_ex_ante,ridge_recursive_b0,2016-05-01,1,2749648.0,3981440.4918892123,,,3775013.0,1231792.4918892123,1231792.4918892123,2016,5,pre_pandemic,True,True,2016-04-30,2016-01-01,3
run_20260811T162732Z_6bbfe89e,one_step_201605,one_step_ex_ante,hist_gradient_boosting_recursive_b0,2016-05-01,1,2749648.0,4207295.527305846,,,3775013.0,1457647.527305846,1457647.527305846,2016,5,pre_pandemic,True,True,2016-04-30,2016-01-01,3
run_20260811T162732Z_6bbfe89e,one_step_201606,one_step_ex_ante,ridge_recursive_b0,2016-06-01,1,2696149.0,4614727.726883072,,,4349675.0,1918578.7268830724,1918578.7268830724,2016,6,pre_pandemic,True,True,2016-05-31,2016-02-01,3
run_20260811T162732Z_6bbfe89e,one_step_201606,one_step_ex_ante,hist_gradient_boosting_recursive_b0,2016-06-01,1,2696149.0,4332105.160308952,,,4349675.0,1635956.1603089524,1635956.1603089524,2016,6,pre_pandemic,True,True,2016-05-31,2016-02-01,3
run_20260811T162732Z_6bbfe89e,one_step_201607,one_step_ex_ante,ridge_recursive_b0,2016-07-01,1,3482544.0,5433711.253692079,,,5244965.0,1951167.2536920793,1951167.2536920793,2016,7,pre_pandemic,True,True,2016-06-30,2016-03-01,3
run_20260811T162732Z_6bbfe89e,one_step_201607,one_step_ex_ante,hist_gradient_boosting_recursive_b0,2016-07-01,1,3482544.0,4873972.758017058,,,5244965.0,1391428.7580170576,1391428.7580170576,2016,7,pre_pandemic,True,True,2016-06-30,2016-03-01,3
run_20260811T162732Z_6bbfe89e,one_step_201608,one_step_ex_ante,ridge_recursive_b0,2016-08-01,1,4565837.0,6107537.042086581,,,6748708.0,1541700.0420865808,1541700.0420865808,2016,8,pre_pandemic,True,True,2016-07-31,2016-04-01,3
run_20260811T162732Z_6bbfe89e,one_step_201608,one_step_ex_ante,hist_gradient_boosting_recursive_b0,2016-08-01,1,4565837.0,5426862.0172466645,,,6748708.0,861025.0172466645,861025.0172466645,2016,8,pre_pandemic,True,True,2016-07-31,2016-04-01,3
run_20260811T162732Z_6bbfe89e,one_step_201609,one_step_ex_ante,ridge_recursive_b0,2016-09-01,1,4014930.0,4805695.354104202,,,5415322.0,790765.3541042022,790765.3541042022,2016,9,pre_pandemic,True,True,2016-08-31,2016-05-01,3
run_20260811T162732Z_6bbfe89e,one_step_201609,one_step_ex_ante,hist_gradient_boosting_recursive_b0,2016-09-01,1,4014930.0,4925604.792207375,,,5415322.0,910674.7922073752,910674.7922073752,2016,9,pre_pandemic,True,True,2016-08-31,2016-05-01,3
run_20260811T162732Z_6bbfe89e,one_step_201610,one_step_ex_ante,ridge_recursive_b0,2016-10-01,1,3190334.0,3600126.8202937795,,,4161806.0,409792.8202937795,409792.8202937795,2016,10,pre_pandemic,True,True,2016-09-30,2016-06-01,3
run_20260811T162732Z_6bbfe89e,one_step_201610,one_step_ex_ante,hist_gradient_boosting_recursive_b0,2016-10-01,1,3190334.0,3748428.433178355,,,4161806.0,558094.433178355,558094.433178355,2016,10,pre_pandemic,True,True,2016-09-30,2016-06-01,3
run_20260811T162732Z_6bbfe89e,one_step_201611,one_step_ex_ante,ridge_recursive_b0,2016-11-01,1,1879625.0,1357826.5329252933,,,2236998.0,-521798.4670747067,521798.4670747067,2016,11,pre_pandemic,True,True,2016-10-31,2016-07-01,3
run_20260811T162732Z_6bbfe89e,one_step_201611,one_step_ex_ante,hist_gradient_boosting_recursive_b0,2016-11-01,1,1879625.0,2168272.897026956,,,2236998.0,288647.8970269561,288647.8970269561,2016,11,pre_pandemic,True,True,2016-10-31,2016-07-01,3
run_20260811T162732Z_6bbfe89e,one_step_201612,one_step_ex_ante,ridge_recursive_b0,2016-12-01,1,1629471.0,1241736.550812278,,,1713807.0,-387734.44918772206,387734.44918772206,2016,12,pre_pandemic,True,True,2016-11-30,2016-08-01,3
run_20260811T162732Z_6bbfe89e,one_step_201612,one_step_ex_ante,hist_gradient_boosting_recursive_b0,2016-12-01,1,1629471.0,1540620.6608988214,,,1713807.0,-88850.33910117857,88850.33910117857,2016,12,pre_pandemic,True,True,2016-11-30,2016-08-01,3
run_20260811T162732Z_6bbfe89e,one_step_201701,one_step_ex_ante,ridge_recursive_b0,2017-01-01,1,1568344.0,917386.5098482831,,,1691287.0,-650957.4901517169,650957.4901517169,2017,1,pre_pandemic,True,True,2016-12-31,2016-09-01,3
run_20260811T162732Z_6bbfe89e,one_step_201701,one_step_ex_ante,hist_gradient_boosting_recursive_b0,2017-01-01,1,1568344.0,1338513.2561830995,,,1691287.0,-229830.74381690053,229830.74381690053,2017,1,pre_pandemic,True,True,2016-12-31,2016-09-01,3
run_20260811T162732Z_6bbfe89e,one_step_201702,one_step_ex_ante,ridge_recursive_b0,2017-02-01,1,1432342.0,499569.5323075624,,,1517504.0,-932772.4676924376,932772.4676924376,2017,2,pre_pandemic,True,True,2017-01-31,2016-10-01,3
run_20260811T162732Z_6bbfe89e,one_step_201702,one_step_ex_ante,hist_gradient_boosting_recursive_b0,2017-02-01,1,1432342.0,1295089.3788066793,,,1517504.0,-137252.62119332072,137252.62119332072,2017,2,pre_pandemic,True,True,2017-01-31,2016-10-01,3
run_20260811T162732Z_6bbfe89e,one_step_201703,one_step_ex_ante,ridge_recursive_b0,2017-03-01,1,1844076.0,629333.3172454014,,,1898762.0,-1214742.6827545986,1214742.6827545986,2017,3,pre_pandemic,True,True,2017-02-28,2016-11-01,3
run_20260811T162732Z_6bbfe89e,one_step_201703,one_step_ex_ante,hist_gradient_boosting_recursive_b0,2017-03-01,1,1844076.0,1940678.528099953,,,1898762.0,96602.52809995296,96602.52809995296,2017,3,pre_pandemic,True,True,2017-02-28,2016-11-01,3
run_20260811T162732Z_6bbfe89e,one_step_201704,one_step_ex_ante,ridge_recursive_b0,2017-04-01,1,2278538.0,787688.6276555224,,,2049238.0,-1490849.3723444776,1490849.3723444776,2017,4,pre_pandemic,True,True,2017-03-31,2016-12-01,3
run_20260811T162732Z_6bbfe89e,one_step_201704,one_step_ex_ante,hist_gradient_boosting_recursive_b0,2017-04-01,1,2278538.0,2009928.0446768564,,,2049238.0,-268609.95532314363,268609.95532314363,2017,4,pre_pandemic,True,True,2017-03-31,2016-12-01,3
run_20260811T162732Z_6bbfe89e,one_step_201705,one_step_ex_ante,ridge_recursive_b0,2017-05-01,1,3095282.0,1961700.6537429437,,,2749648.0,-1133581.3462570563,1133581.3462570563,2017,5,pre_pandemic,True,True,2017-04-30,2017-01-01,3
run_20260811T162732Z_6bbfe89e,one_step_201705,one_step_ex_ante,hist_gradient_boosting_recursive_b0,2017-05-01,1,3095282.0,3147129.098487928,,,2749648.0,51847.098487928044,51847.098487928044,2017,5,pre_pandemic,True,True,2017-04-30,2017-01-01,3
run_20260811T162732Z_6bbfe89e,one_step_201706,one_step_ex_ante,ridge_recursive_b0,2017-06-01,1,3489572.0,2856698.6092450237,,,2696149.0,-632873.3907549763,632873.3907549763,2017,6,pre_pandemic,True,True,2017-05-31,2017-02-01,3
run_20260811T162732Z_6bbfe89e,one_step_201706,one_step_ex_ante,hist_gradient_boosting_recursive_b0,2017-06-01,1,3489572.0,3641525.1350907655,,,2696149.0,151953.13509076554,151953.13509076554,2017,6,pre_pandemic,True,True,2017-05-31,2017-02-01,3
run_20260811T162732Z_6bbfe89e,one_step_201707,one_step_ex_ante,ridge_recursive_b0,2017-07-01,1,5032488.0,3990775.0004113684,,,3482544.0,-1041712.9995886316,1041712.9995886316,2017,7,pre_pandemic,True,True,2017-06-30,2017-03-01,3
run_20260811T162732Z_6bbfe89e,one_step_201707,one_step_ex_ante,hist_gradient_boosting_recursive_b0,2017-07-01,1,5032488.0,4183484.6334386636,,,3482544.0,-849003.3665613364,849003.3665613364,2017,7,pre_pandemic,True,True,2017-06-30,2017-03-01,3
run_20260811T162732Z_6bbfe89e,one_step_201708,one_step_ex_ante,ridge_recursive_b0,2017-08-01,1,6323888.0,5395161.233078681,,,4565837.0,-928726.7669213191,928726.7669213191,2017,8,pre_pandemic,True,True,2017-07-31,2017-04-01,3
run_20260811T162732Z_6bbfe89e,one_step_201708,one_step_ex_ante,hist_gradient_boosting_recursive_b0,2017-08-01,1,6323888.0,5265650.63414803,,,4565837.0,-1058237.3658519704,1058237.3658519704,2017,8,pre_pandemic,True,True,2017-07-31,2017-04-01,3
run_20260811T162732Z_6bbfe89e,one_step_201709,one_step_ex_ante,ridge_recursive_b0,2017-09-01,1,5306888.0,4500863.787067275,,,4014930.0,-806024.2129327254,806024.2129327254,2017,9,pre_pandemic,True,True,2017-08-31,2017-05-01,3
run_20260811T162732Z_6bbfe89e,one_step_201709,one_step_ex_ante,hist_gradient_boosting_recursive_b0,2017-09-01,1,5306888.0,4770323.712266972,,,4014930.0,-536564.2877330277,536564.2877330277,2017,9,pre_pandemic,True,True,2017-08-31,2017-05-01,3
run_20260811T162732Z_6bbfe89e,one_step_201710,one_step_ex_ante,ridge_recursive_b0,2017-10-01,1,3913759.0,3959773.1583310356,,,3190334.0,46014.15833103564,46014.15833103564,2017,10,pre_pandemic,True,True,2017-09-30,2017-06-01,3
run_20260811T162732Z_6bbfe89e,one_step_201710,one_step_ex_ante,hist_gradient_boosting_recursive_b0,2017-10-01,1,3913759.0,4432046.670865212,,,3190334.0,518287.67086521164,518287.67086521164,2017,10,pre_pandemic,True,True,2017-09-30,2017-06-01,3
run_20260811T162732Z_6bbfe89e,one_step_201711,one_step_ex_ante,ridge_recursive_b0,2017-11-01,1,2293847.0,3203763.1307049515,,,1879625.0,909916.1307049515,909916.1307049515,2017,11,pre_pandemic,True,True,2017-10-31,2017-07-01,3
run_20260811T162732Z_6bbfe89e,one_step_201711,one_step_ex_ante,hist_gradient_boosting_recursive_b0,2017-11-01,1,2293847.0,2402116.3588830153,,,1879625.0,108269.35888301535,108269.35888301535,2017,11,pre_pandemic,True,True,2017-10-31,2017-07-01,3
run_20260811T162732Z_6bbfe89e,one_step_201712,one_step_ex_ante,ridge_recursive_b0,2017-12-01,1,2041323.0,3265137.3933761455,,,1629471.0,1223814.3933761455,1223814.3933761455,2017,12,pre_pandemic,True,True,2017-11-30,2017-08-01,3
run_20260811T162732Z_6bbfe89e,one_step_201712,one_step_ex_ante,hist_gradient_boosting_recursive_b0,2017-12-01,1,2041323.0,1813850.2088551822,,,1629471.0,-227472.79114481783,227472.79114481783,2017,12,pre_pandemic,True,True,2017-11-30,2017-08-01,3
run_20260811T162732Z_6bbfe89e,one_step_201801,one_step_ex_ante,ridge_recursive_b0,2018-01-01,1,2045341.0,3179474.159139957,,,1568344.0,1134133.1591399568,1134133.1591399568,2018,1,pre_pandemic,True,True,2017-12-31,2017-09-01,3
run_20260811T162732Z_6bbfe89e,one_step_201801,one_step_ex_ante,hist_gradient_boosting_recursive_b0,2018-01-01,1,2045341.0,1793418.4653075004,,,1568344.0,-251922.53469249955,251922.53469249955,2018,1,pre_pandemic,True,True,2017-12-31,2017-09-01,3
run_20260811T162732Z_6bbfe89e,one_step_201802,one_step_ex_ante,ridge_recursive_b0,2018-02-01,1,1806822.0,3045630.2255823673,,,1432342.0,1238808.2255823673,1238808.2255823673,2018,2,pre_pandemic,True,True,2018-01-31,2017-10-01,3
run_20260811T162732Z_6bbfe89e,one_step_201802,one_step_ex_ante,hist_gradient_boosting_recursive_b0,2018-02-01,1,1806822.0,1596998.3973099971,,,1432342.0,-209823.60269000288,209823.60269000288,2018,2,pre_pandemic,True,True,2018-01-31,2017-10-01,3
run_20260811T162732Z_6bbfe89e,one_step_201803,one_step_ex_ante,ridge_recursive_b0,2018-03-01,1,2270019.0,3358966.957899278,,,1844076.0,1088947.957899278,1088947.957899278,2018,3,pre_pandemic,True,True,2018-02-28,2017-11-01,3
run_20260811T162732Z_6bbfe89e,one_step_201803,one_step_ex_ante,hist_gradient_boosting_recursive_b0,2018-03-01,1,2270019.0,1971568.603293052,,,1844076.0,-298450.39670694806,298450.39670694806,2018,3,pre_pandemic,True,True,2018-02-28,2017-11-01,3
run_20260811T162732Z_6bbfe89e,one_step_201804,one_step_ex_ante,ridge_recursive_b0,2018-04-01,1,2870569.0,3640279.0738091352,,,2278538.0,769710.0738091352,769710.0738091352,2018,4,pre_pandemic,True,True,2018-03-31,2017-12-01,3
run_20260811T162732Z_6bbfe89e,one_step_201804,one_step_ex_ante,hist_gradient_boosting_recursive_b0,2018-04-01,1,2870569.0,2316313.5383376386,,,2278538.0,-554255.4616623614,554255.4616623614,2018,4,pre_pandemic,True,True,2018-03-31,2017-12-01,3
run_20260811T162732Z_6bbfe89e,one_step_201805,one_step_ex_ante,ridge_recursive_b0,2018-05-01,1,3790524.0,4608749.575894733,,,3095282.0,818225.575894733,818225.575894733,2018,5,pre_pandemic,True,True,2018-04-30,2018-01-01,3
run_20260811T162732Z_6bbfe89e,one_step_201805,one_step_ex_ante,hist_gradient_boosting_recursive_b0,2018-05-01,1,3790524.0,3512996.9996959935,,,3095282.0,-277527.0003040065,277527.0003040065,2018,5,pre_pandemic,True,True,2018-04-30,2018-01-01,3
run_20260811T162732Z_6bbfe89e,one_step_201806,one_step_ex_ante,ridge_recursive_b0,2018-06-01,1,4406894.0,4916470.770659957,,,3489572.0,509576.7706599571,509576.7706599571,2018,6,pre_pandemic,True,True,2018-05-31,2018-02-01,3
run_20260811T162732Z_6bbfe89e,one_step_201806,one_step_ex_ante,hist_gradient_boosting_recursive_b0,2018-06-01,1,4406894.0,4022117.624093203,,,3489572.0,-384776.3759067971,384776.3759067971,2018,6,pre_pandemic,True,True,2018-05-31,2018-02-01,3
run_20260811T162732Z_6bbfe89e,one_step_201807,one_step_ex_ante,ridge_recursive_b0,2018-07-01,1,5712975.0,5664413.683504712,,,5032488.0,-48561.31649528816,48561.31649528816,2018,7,pre_pandemic,True,True,2018-06-30,2018-03-01,3
run_20260811T162732Z_6bbfe89e,one_step_201807,one_step_ex_ante,hist_gradient_boosting_recursive_b0,2018-07-01,1,5712975.0,4681542.687914688,,,5032488.0,-1031432.3120853119,1031432.3120853119,2018,7,pre_pandemic,True,True,2018-06-30,2018-03-01,3
run_20260811T162732Z_6bbfe89e,one_step_201808,one_step_ex_ante,ridge_recursive_b0,2018-08-01,1,7052433.0,6832918.991204324,,,6323888.0,-219514.00879567582,219514.00879567582,2018,8,pre_pandemic,True,True,2018-07-31,2018-04-01,3
run_20260811T162732Z_6bbfe89e,one_step_201808,one_step_ex_ante,hist_gradient_boosting_recursive_b0,2018-08-01,1,7052433.0,5024443.156557311,,,6323888.0,-2027989.8434426887,2027989.8434426887,2018,8,pre_pandemic,True,True,2018-07-31,2018-04-01,3
run_20260811T162732Z_6bbfe89e,one_step_201809,one_step_ex_ante,ridge_recursive_b0,2018-09-01,1,6021357.0,5902409.1407543495,,,5306888.0,-118947.85924565047,118947.85924565047,2018,9,pre_pandemic,True,True,2018-08-31,2018-05-01,3
run_20260811T162732Z_6bbfe89e,one_step_201809,one_step_ex_ante,hist_gradient_boosting_recursive_b0,2018-09-01,1,6021357.0,5064406.953129968,,,5306888.0,-956950.0468700323,956950.0468700323,2018,9,pre_pandemic,True,True,2018-08-31,2018-05-01,3
run_20260811T162732Z_6bbfe89e,one_step_201810,one_step_ex_ante,ridge_recursive_b0,2018-10-01,1,4791439.0,4947821.972796364,,,3913759.0,156382.97279636376,156382.97279636376,2018,10,pre_pandemic,True,True,2018-09-30,2018-06-01,3
run_20260811T162732Z_6bbfe89e,one_step_201810,one_step_ex_ante,hist_gradient_boosting_recursive_b0,2018-10-01,1,4791439.0,3697630.2603520043,,,3913759.0,-1093808.7396479957,1093808.7396479957,2018,10,pre_pandemic,True,True,2018-09-30,2018-06-01,3
run_20260811T162732Z_6bbfe89e,one_step_201811,one_step_ex_ante,ridge_recursive_b0,2018-11-01,1,2679420.0,3216878.393375152,,,2293847.0,537458.3933751518,537458.3933751518,2018,11,pre_pandemic,True,True,2018-10-31,2018-07-01,3
run_20260811T162732Z_6bbfe89e,one_step_201811,one_step_ex_ante,hist_gradient_boosting_recursive_b0,2018-11-01,1,2679420.0,2433957.704388656,,,2293847.0,-245462.2956113438,245462.2956113438,2018,11,pre_pandemic,True,True,2018-10-31,2018-07-01,3
run_20260811T162732Z_6bbfe89e,one_step_201812,one_step_ex_ante,ridge_recursive_b0,2018-12-01,1,2180881.0,2354409.8088267962,,,2041323.0,173528.80882679624,173528.80882679624,2018,12,pre_pandemic,True,True,2018-11-30,2018-08-01,3
run_20260811T162732Z_6bbfe89e,one_step_201812,one_step_ex_ante,hist_gradient_boosting_recursive_b0,2018-12-01,1,2180881.0,1786316.8230754181,,,2041323.0,-394564.1769245819,394564.1769245819,2018,12,pre_pandemic,True,True,2018-11-30,2018-08-01,3
run_20260811T162732Z_6bbfe89e,one_step_201901,one_step_ex_ante,ridge_recursive_b0,2019-01-01,1,2226288.0,2032135.6866545547,,,2045341.0,-194152.31334544532,194152.31334544532,2019,1,pre_pandemic,True,True,2018-12-31,2018-09-01,3
run_20260811T162732Z_6bbfe89e,one_step_201901,one_step_ex_ante,hist_gradient_boosting_recursive_b0,2019-01-01,1,2226288.0,1793467.4565408726,,,2045341.0,-432820.5434591274,432820.5434591274,2019,1,pre_pandemic,True,True,2018-12-31,2018-09-01,3
run_20260811T162732Z_6bbfe89e,one_step_201902,one_step_ex_ante,ridge_recursive_b0,2019-02-01,1,1944957.0,1943935.7772839013,,,1806822.0,-1021.2227160986513,1021.2227160986513,2019,2,pre_pandemic,True,True,2019-01-31,2018-10-01,3
run_20260811T162732Z_6bbfe89e,one_step_201902,one_step_ex_ante,hist_gradient_boosting_recursive_b0,2019-02-01,1,1944957.0,1723604.752205709,,,1806822.0,-221352.247794291,221352.247794291,2019,2,pre_pandemic,True,True,2019-01-31,2018-10-01,3
run_20260811T162732Z_6bbfe89e,one_step_201903,one_step_ex_ante,ridge_recursive_b0,2019-03-01,1,2473147.0,2467385.503003764,,,2270019.0,-5761.496996236034,5761.496996236034,2019,3,pre_pandemic,True,True,2019-02-28,2018-11-01,3
run_20260811T162732Z_6bbfe89e,one_step_201903,one_step_ex_ante,hist_gradient_boosting_recursive_b0,2019-03-01,1,2473147.0,2188933.351014892,,,2270019.0,-284213.6489851079,284213.6489851079,2019,3,pre_pandemic,True,True,2019-02-28,2018-11-01,3
run_20260811T162732Z_6bbfe89e,one_step_201904,one_step_ex_ante,ridge_recursive_b0,2019-04-01,1,3266256.0,2828131.502258501,,,2870569.0,-438124.497741499,438124.497741499,2019,4,pre_pandemic,True,True,2019-03-31,2018-12-01,3
run_20260811T162732Z_6bbfe89e,one_step_201904,one_step_ex_ante,hist_gradient_boosting_recursive_b0,2019-04-01,1,3266256.0,2424578.5874632425,,,2870569.0,-841677.4125367575,841677.4125367575,2019,4,pre_pandemic,True,True,2019-03-31,2018-12-01,3
run_20260811T162732Z_6bbfe89e,one_step_201905,one_step_ex_ante,ridge_recursive_b0,2019-05-01,1,4219837.0,3872431.3745904723,,,3790524.0,-347405.6254095277,347405.6254095277,2019,5,pre_pandemic,True,True,2019-04-30,2019-01-01,3
run_20260811T162732Z_6bbfe89e,one_step_201905,one_step_ex_ante,hist_gradient_boosting_recursive_b0,2019-05-01,1,4219837.0,3402782.816081082,,,3790524.0,-817054.183918918,817054.183918918,2019,5,pre_pandemic,True,True,2019-04-30,2019-01-01,3
run_20260811T162732Z_6bbfe89e,one_step_201906,one_step_ex_ante,ridge_recursive_b0,2019-06-01,1,5276253.0,4427757.493431886,,,4406894.0,-848495.5065681143,848495.5065681143,2019,6,pre_pandemic,True,True,2019-05-31,2019-02-01,3
run_20260811T162732Z_6bbfe89e,one_step_201906,one_step_ex_ante,hist_gradient_boosting_recursive_b0,2019-06-01,1,5276253.0,4238669.2425643075,,,4406894.0,-1037583.7574356925,1037583.7574356925,2019,6,pre_pandemic,True,True,2019-05-31,2019-02-01,3
run_20260811T162732Z_6bbfe89e,one_step_201907,one_step_ex_ante,ridge_recursive_b0,2019-07-01,1,6703045.0,5520578.335675765,,,5712975.0,-1182466.6643242352,1182466.6643242352,2019,7,pre_pandemic,True,True,2019-06-30,2019-03-01,3
run_20260811T162732Z_6bbfe89e,one_step_201907,one_step_ex_ante,hist_gradient_boosting_recursive_b0,2019-07-01,1,6703045.0,4414769.808981483,,,5712975.0,-2288275.191018517,2288275.191018517,2019,7,pre_pandemic,True,True,2019-06-30,2019-03-01,3
run_20260811T162732Z_6bbfe89e,one_step_201908,one_step_ex_ante,ridge_recursive_b0,2019-08-01,1,8167150.0,6927409.416793237,,,7052433.0,-1239740.5832067626,1239740.5832067626,2019,8,pre_pandemic,True,True,2019-07-31,2019-04-01,3
run_20260811T162732Z_6bbfe89e,one_step_201908,one_step_ex_ante,hist_gradient_boosting_recursive_b0,2019-08-01,1,8167150.0,5495833.339322699,,,7052433.0,-2671316.6606773008,2671316.6606773008,2019,8,pre_pandemic,True,True,2019-07-31,2019-04-01,3
run_20260811T162732Z_6bbfe89e,one_step_201909,one_step_ex_ante,ridge_recursive_b0,2019-09-01,1,6741769.0,6065685.426358417,,,6021357.0,-676083.5736415833,676083.5736415833,2019,9,pre_pandemic,True,True,2019-08-31,2019-05-01,3
run_20260811T162732Z_6bbfe89e,one_step_201909,one_step_ex_ante,hist_gradient_boosting_recursive_b0,2019-09-01,1,6741769.0,5145679.92831821,,,6021357.0,-1596089.07168179,1596089.07168179,2019,9,pre_pandemic,True,True,2019-08-31,2019-05-01,3
run_20260811T162732Z_6bbfe89e,one_step_201910,one_step_ex_ante,ridge_recursive_b0,2019-10-01,1,5437494.0,5094802.375274081,,,4791439.0,-342691.6247259192,342691.6247259192,2019,10,pre_pandemic,True,True,2019-09-30,2019-06-01,3
run_20260811T162732Z_6bbfe89e,one_step_201910,one_step_ex_ante,hist_gradient_boosting_recursive_b0,2019-10-01,1,5437494.0,4375397.933466865,,,4791439.0,-1062096.0665331353,1062096.0665331353,2019,10,pre_pandemic,True,True,2019-09-30,2019-06-01,3
run_20260811T162732Z_6bbfe89e,one_step_201911,one_step_ex_ante,ridge_recursive_b0,2019-11-01,1,3005517.0,3416788.764555216,,,2679420.0,411271.76455521584,411271.76455521584,2019,11,pre_pandemic,True,True,2019-10-31,2019-07-01,3
run_20260811T162732Z_6bbfe89e,one_step_201911,one_step_ex_ante,hist_gradient_boosting_recursive_b0,2019-11-01,1,3005517.0,2408211.8622875093,,,2679420.0,-597305.1377124907,597305.1377124907,2019,11,pre_pandemic,True,True,2019-10-31,2019-07-01,3
run_20260811T162732Z_6bbfe89e,one_step_201912,one_step_ex_ante,ridge_recursive_b0,2019-12-01,1,2398329.0,2633244.5070240544,,,2180881.0,234915.50702405442,234915.50702405442,2019,12,pre_pandemic,True,True,2019-11-30,2019-08-01,3
run_20260811T162732Z_6bbfe89e,one_step_201912,one_step_ex_ante,hist_gradient_boosting_recursive_b0,2019-12-01,1,2398329.0,2546789.902089303,,,2180881.0,148460.9020893029,148460.9020893029,2019,12,pre_pandemic,True,True,2019-11-30,2019-08-01,3
run_20260811T162732Z_6bbfe89e,one_step_202001,one_step_ex_ante,ridge_recursive_b0,2020-01-01,1,2529423.0,2457449.6462589223,,,2226288.0,-71973.3537410777,71973.3537410777,2020,1,pre_pandemic,True,True,2019-12-31,2019-09-01,3
run_20260811T162732Z_6bbfe89e,one_step_202001,one_step_ex_ante,hist_gradient_boosting_recursive_b0,2020-01-01,1,2529423.0,2417956.408167002,,,2226288.0,-111466.59183299821,111466.59183299821,2020,1,pre_pandemic,True,True,2019-12-31,2019-09-01,3
run_20260811T162732Z_6bbfe89e,one_step_202002,one_step_ex_ante,ridge_recursive_b0,2020-02-01,1,2051923.0,2404399.178562666,,,1944957.0,352476.1785626658,352476.1785626658,2020,2,pre_pandemic,True,True,2020-01-31,2019-10-01,3
run_20260811T162732Z_6bbfe89e,one_step_202002,one_step_ex_ante,hist_gradient_boosting_recursive_b0,2020-02-01,1,2051923.0,2490796.443205289,,,1944957.0,438873.4432052891,438873.4432052891,2020,2,pre_pandemic,True,True,2020-01-31,2019-10-01,3
run_20260811T162732Z_6bbfe89e,one_step_202003,one_step_ex_ante,ridge_recursive_b0,2020-03-01,1,1058068.0,2861746.466025442,,,2473147.0,1803678.466025442,1803678.466025442,2020,3,pandemic_shock,True,True,2020-02-29,2019-11-01,3
run_20260811T162732Z_6bbfe89e,one_step_202003,one_step_ex_ante,hist_gradient_boosting_recursive_b0,2020-03-01,1,1058068.0,2770430.254884234,,,2473147.0,1712362.2548842342,1712362.2548842342,2020,3,pandemic_shock,True,True,2020-02-29,2019-11-01,3
run_20260811T162732Z_6bbfe89e,one_step_202004,one_step_ex_ante,ridge_recursive_b0,2020-04-01,1,,3446151.395565885,,,3266256.0,,,2020,4,pandemic_shock,False,False,2020-03-31,2019-12-01,3
run_20260811T162732Z_6bbfe89e,one_step_202004,one_step_ex_ante,hist_gradient_boosting_recursive_b0,2020-04-01,1,,3148716.2010646155,,,3266256.0,,,2020,4,pandemic_shock,False,False,2020-03-31,2019-12-01,3
run_20260811T162732Z_6bbfe89e,one_step_202005,one_step_ex_ante,ridge_recursive_b0,2020-05-01,1,,4429665.662222161,,,4219837.0,,,2020,5,pandemic_shock,False,False,2020-04-30,2020-01-01,3
run_20260811T162732Z_6bbfe89e,one_step_202005,one_step_ex_ante,hist_gradient_boosting_recursive_b0,2020-05-01,1,,3993613.437693721,,,4219837.0,,,2020,5,pandemic_shock,False,False,2020-04-30,2020-01-01,3
run_20260811T162732Z_6bbfe89e,one_step_202006,one_step_ex_ante,ridge_recursive_b0,2020-06-01,1,,4881563.601072409,,,5276253.0,,,2020,6,pandemic_shock,False,False,2020-05-31,2020-02-01,3
run_20260811T162732Z_6bbfe89e,one_step_202006,one_step_ex_ante,hist_gradient_boosting_recursive_b0,2020-06-01,1,,4178182.484002779,,,5276253.0,,,2020,6,pandemic_shock,False,False,2020-05-31,2020-02-01,3
run_20260811T162732Z_6bbfe89e,one_step_202007,one_step_ex_ante,ridge_recursive_b0,2020-07-01,1,777043.0,4713321.309452858,,,6703045.0,3936278.309452858,3936278.309452858,2020,7,pandemic_shock,True,True,2020-06-30,2020-03-01,3
run_20260811T162732Z_6bbfe89e,one_step_202007,one_step_ex_ante,hist_gradient_boosting_recursive_b0,2020-07-01,1,777043.0,4753965.213421031,,,6703045.0,3976922.213421031,3976922.213421031,2020,7,pandemic_shock,True,True,2020-06-30,2020-03-01,3
run_20260811T162732Z_6bbfe89e,one_step_202008,one_step_ex_ante,ridge_recursive_b0,2020-08-01,1,2192917.0,5706245.698450746,,,8167150.0,3513328.698450746,3513328.698450746,2020,8,pandemic_shock,True,True,2020-07-31,2020-04-01,3
run_20260811T162732Z_6bbfe89e,one_step_202008,one_step_ex_ante,hist_gradient_boosting_recursive_b0,2020-08-01,1,2192917.0,5312741.793794871,,,8167150.0,3119824.7937948713,3119824.7937948713,2020,8,pandemic_shock,True,True,2020-07-31,2020-04-01,3
run_20260811T162732Z_6bbfe89e,one_step_202009,one_step_ex_ante,ridge_recursive_b0,2020-09-01,1,2634195.0,4542482.887715453,,,6741769.0,1908287.8877154533,1908287.8877154533,2020,9,pandemic_shock,True,True,2020-08-31,2020-05-01,3
run_20260811T162732Z_6bbfe89e,one_step_202009,one_step_ex_ante,hist_gradient_boosting_recursive_b0,2020-09-01,1,2634195.0,5422364.941001764,,,6741769.0,2788169.9410017636,2788169.9410017636,2020,9,pandemic_shock,True,True,2020-08-31,2020-05-01,3
run_20260811T162732Z_6bbfe89e,one_step_202010,one_step_ex_ante,ridge_recursive_b0,2020-10-01,1,2355124.0,3809843.044459328,,,5437494.0,1454719.044459328,1454719.044459328,2020,10,pandemic_shock,True,True,2020-09-30,2020-06-01,3
run_20260811T162732Z_6bbfe89e,one_step_202010,one_step_ex_ante,hist_gradient_boosting_recursive_b0,2020-10-01,1,2355124.0,4789644.039037631,,,5437494.0,2434520.039037631,2434520.039037631,2020,10,pandemic_shock,True,True,2020-09-30,2020-06-01,3
run_20260811T162732Z_6bbfe89e,one_step_202011,one_step_ex_ante,ridge_recursive_b0,2020-11-01,1,1262757.0,1149265.757037774,,,3005517.0,-113491.24296222604,113491.24296222604,2020,11,pandemic_shock,True,True,2020-10-31,2020-07-01,3
run_20260811T162732Z_6bbfe89e,one_step_202011,one_step_ex_ante,hist_gradient_boosting_recursive_b0,2020-11-01,1,1262757.0,2261513.6435352936,,,3005517.0,998756.6435352936,998756.6435352936,2020,11,pandemic_shock,True,True,2020-10-31,2020-07-01,3
run_20260811T162732Z_6bbfe89e,one_step_202012,one_step_ex_ante,ridge_recursive_b0,2020-12-01,1,964816.0,641419.9901012147,,,2398329.0,-323396.00989878527,323396.00989878527,2020,12,pandemic_shock,True,True,2020-11-30,2020-08-01,3
run_20260811T162732Z_6bbfe89e,one_step_202012,one_step_ex_ante,hist_gradient_boosting_recursive_b0,2020-12-01,1,964816.0,1549486.2997122223,,,2398329.0,584670.2997122223,584670.2997122223,2020,12,pandemic_shock,True,True,2020-11-30,2020-08-01,3
run_20260811T162732Z_6bbfe89e,one_step_202101,one_step_ex_ante,ridge_recursive_b0,2021-01-01,1,829932.0,1278079.746855191,,,2529423.0,448147.74685519096,448147.74685519096,2021,1,recovery,True,True,2020-12-31,2020-09-01,3
run_20260811T162732Z_6bbfe89e,one_step_202101,one_step_ex_ante,hist_gradient_boosting_recursive_b0,2021-01-01,1,829932.0,1834729.160906776,,,2529423.0,1004797.1609067761,1004797.1609067761,2021,1,recovery,True,True,2020-12-31,2020-09-01,3
run_20260811T162732Z_6bbfe89e,one_step_202102,one_step_ex_ante,ridge_recursive_b0,2021-02-01,1,727126.0,1110230.8012277628,,,2051923.0,383104.80122776283,383104.80122776283,2021,2,recovery,True,True,2021-01-31,2020-10-01,3
run_20260811T162732Z_6bbfe89e,one_step_202102,one_step_ex_ante,hist_gradient_boosting_recursive_b0,2021-02-01,1,727126.0,1815234.0438658062,,,2051923.0,1088108.0438658062,1088108.0438658062,2021,2,recovery,True,True,2021-01-31,2020-10-01,3
run_20260811T162732Z_6bbfe89e,one_step_202103,one_step_ex_ante,ridge_recursive_b0,2021-03-01,1,1043411.0,735127.0591825927,,,1058068.0,-308283.94081740733,308283.94081740733,2021,3,recovery,True,True,2021-02-28,2020-11-01,3
run_20260811T162732Z_6bbfe89e,one_step_202103,one_step_ex_ante,hist_gradient_boosting_recursive_b0,2021-03-01,1,1043411.0,1730373.97170918,,,1058068.0,686962.9717091799,686962.9717091799,2021,3,recovery,True,True,2021-02-28,2020-11-01,3
run_20260811T162732Z_6bbfe89e,one_step_202104,one_step_ex_ante,ridge_recursive_b0,2021-04-01,1,1179562.0,1569824.9845004273,,,3266256.0,390262.98450042726,390262.98450042726,2021,4,recovery,True,True,2021-03-31,2020-12-01,3
run_20260811T162732Z_6bbfe89e,one_step_202104,one_step_ex_ante,hist_gradient_boosting_recursive_b0,2021-04-01,1,1179562.0,2407803.7205700483,,,3266256.0,1228241.7205700483,1228241.7205700483,2021,4,recovery,True,True,2021-03-31,2020-12-01,3
run_20260811T162732Z_6bbfe89e,one_step_202105,one_step_ex_ante,ridge_recursive_b0,2021-05-01,1,1025559.0,2550643.8398098694,,,4219837.0,1525084.8398098694,1525084.8398098694,2021,5,recovery,True,True,2021-04-30,2021-01-01,3
run_20260811T162732Z_6bbfe89e,one_step_202105,one_step_ex_ante,hist_gradient_boosting_recursive_b0,2021-05-01,1,1025559.0,4477930.202138245,,,4219837.0,3452371.202138245,3452371.202138245,2021,5,recovery,True,True,2021-04-30,2021-01-01,3
run_20260811T162732Z_6bbfe89e,one_step_202106,one_step_ex_ante,ridge_recursive_b0,2021-06-01,1,1861089.0,2550423.928180639,,,5276253.0,689334.9281806392,689334.9281806392,2021,6,recovery,True,True,2021-05-31,2021-02-01,3
run_20260811T162732Z_6bbfe89e,one_step_202106,one_step_ex_ante,hist_gradient_boosting_recursive_b0,2021-06-01,1,1861089.0,4423414.089254201,,,5276253.0,2562325.0892542014,2562325.0892542014,2021,6,recovery,True,True,2021-05-31,2021-02-01,3
run_20260811T162732Z_6bbfe89e,one_step_202107,one_step_ex_ante,ridge_recursive_b0,2021-07-01,1,3735532.0,4286270.752270599,,,777043.0,550738.7522705989,550738.7522705989,2021,7,recovery,True,True,2021-06-30,2021-03-01,3
run_20260811T162732Z_6bbfe89e,one_step_202107,one_step_ex_ante,hist_gradient_boosting_recursive_b0,2021-07-01,1,3735532.0,4900333.352308994,,,777043.0,1164801.3523089942,1164801.3523089942,2021,7,recovery,True,True,2021-06-30,2021-03-01,3
run_20260811T162732Z_6bbfe89e,one_step_202108,one_step_ex_ante,ridge_recursive_b0,2021-08-01,1,5499057.0,5359627.992517435,,,2192917.0,-139429.007482565,139429.007482565,2021,8,recovery,True,True,2021-07-31,2021-04-01,3
run_20260811T162732Z_6bbfe89e,one_step_202108,one_step_ex_ante,hist_gradient_boosting_recursive_b0,2021-08-01,1,5499057.0,5078305.932500332,,,2192917.0,-420751.06749966834,420751.06749966834,2021,8,recovery,True,True,2021-07-31,2021-04-01,3
run_20260811T162732Z_6bbfe89e,one_step_202109,one_step_ex_ante,ridge_recursive_b0,2021-09-01,1,4406083.0,4308260.5171484165,,,2634195.0,-97822.48285158351,97822.48285158351,2021,9,recovery,True,True,2021-08-31,2021-05-01,3
run_20260811T162732Z_6bbfe89e,one_step_202109,one_step_ex_ante,hist_gradient_boosting_recursive_b0,2021-09-01,1,4406083.0,4309321.279219349,,,2634195.0,-96761.72078065109,96761.72078065109,2021,9,recovery,True,True,2021-08-31,2021-05-01,3
run_20260811T162732Z_6bbfe89e,one_step_202110,one_step_ex_ante,ridge_recursive_b0,2021-10-01,1,4406796.0,1763174.948324347,,,2355124.0,-2643621.051675653,2643621.051675653,2021,10,recovery,True,True,2021-09-30,2021-06-01,3
run_20260811T162732Z_6bbfe89e,one_step_202110,one_step_ex_ante,hist_gradient_boosting_recursive_b0,2021-10-01,1,4406796.0,3828820.826145983,,,2355124.0,-577975.1738540172,577975.1738540172,2021,10,recovery,True,True,2021-09-30,2021-06-01,3
run_20260811T162732Z_6bbfe89e,one_step_202111,one_step_ex_ante,ridge_recursive_b0,2021-11-01,1,2466682.0,12283120.29484686,,,1262757.0,9816438.29484686,9816438.29484686,2021,11,recovery,True,True,2021-10-31,2021-07-01,3
run_20260811T162732Z_6bbfe89e,one_step_202111,one_step_ex_ante,hist_gradient_boosting_recursive_b0,2021-11-01,1,2466682.0,1821342.1046698394,,,1262757.0,-645339.8953301606,645339.8953301606,2021,11,recovery,True,True,2021-10-31,2021-07-01,3
run_20260811T162732Z_6bbfe89e,one_step_202112,one_step_ex_ante,ridge_recursive_b0,2021-12-01,1,2176634.0,1901609.4212370343,,,964816.0,-275024.57876296574,275024.57876296574,2021,12,recovery,True,True,2021-11-30,2021-08-01,3
run_20260811T162732Z_6bbfe89e,one_step_202112,one_step_ex_ante,hist_gradient_boosting_recursive_b0,2021-12-01,1,2176634.0,1678811.0188924423,,,964816.0,-497822.98110755766,497822.98110755766,2021,12,recovery,True,True,2021-11-30,2021-08-01,3
run_20260811T162732Z_6bbfe89e,one_step_202201,one_step_ex_ante,ridge_recursive_b0,2022-01-01,1,2158066.0,0.0,,,829932.0,-2158066.0,2158066.0,2022,1,recovery,True,True,2021-12-31,2021-09-01,3
run_20260811T162732Z_6bbfe89e,one_step_202201,one_step_ex_ante,hist_gradient_boosting_recursive_b0,2022-01-01,1,2158066.0,1677468.6247104432,,,829932.0,-480597.3752895568,480597.3752895568,2022,1,recovery,True,True,2021-12-31,2021-09-01,3
run_20260811T162732Z_6bbfe89e,one_step_202202,one_step_ex_ante,ridge_recursive_b0,2022-02-01,1,1851394.0,985838.286520977,,,727126.0,-865555.713479023,865555.713479023,2022,2,recovery,True,True,2022-01-31,2021-10-01,3
run_20260811T162732Z_6bbfe89e,one_step_202202,one_step_ex_ante,hist_gradient_boosting_recursive_b0,2022-02-01,1,1851394.0,1808659.5137073076,,,727126.0,-42734.48629269237,42734.48629269237,2022,2,recovery,True,True,2022-01-31,2021-10-01,3
run_20260811T162732Z_6bbfe89e,one_step_202203,one_step_ex_ante,ridge_recursive_b0,2022-03-01,1,2442196.0,0.0,,,1043411.0,-2442196.0,2442196.0,2022,3,recovery,True,True,2022-02-28,2021-11-01,3
run_20260811T162732Z_6bbfe89e,one_step_202203,one_step_ex_ante,hist_gradient_boosting_recursive_b0,2022-03-01,1,2442196.0,1866636.8846759857,,,1043411.0,-575559.1153240143,575559.1153240143,2022,3,recovery,True,True,2022-02-28,2021-11-01,3
run_20260811T162732Z_6bbfe89e,one_step_202204,one_step_ex_ante,ridge_recursive_b0,2022-04-01,1,2921440.0,3788524.494654664,,,1179562.0,867084.4946546638,867084.4946546638,2022,4,recovery,True,True,2022-03-31,2021-12-01,3
run_20260811T162732Z_6bbfe89e,one_step_202204,one_step_ex_ante,hist_gradient_boosting_recursive_b0,2022-04-01,1,2921440.0,1812960.2716439147,,,1179562.0,-1108479.7283560853,1108479.7283560853,2022,4,recovery,True,True,2022-03-31,2021-12-01,3
run_20260811T162732Z_6bbfe89e,one_step_202205,one_step_ex_ante,ridge_recursive_b0,2022-05-01,1,4078425.0,4960361.952603664,,,1025559.0,881936.9526036642,881936.9526036642,2022,5,recovery,True,True,2022-04-30,2022-01-01,3
run_20260811T162732Z_6bbfe89e,one_step_202205,one_step_ex_ante,hist_gradient_boosting_recursive_b0,2022-05-01,1,4078425.0,3228843.507411735,,,1025559.0,-849581.4925882649,849581.4925882649,2022,5,recovery,True,True,2022-04-30,2022-01-01,3
run_20260811T162732Z_6bbfe89e,one_step_202206,one_step_ex_ante,ridge_recursive_b0,2022-06-01,1,4939265.0,5511887.6471331315,,,1861089.0,572622.6471331315,572622.6471331315,2022,6,recovery,True,True,2022-05-31,2022-02-01,3
run_20260811T162732Z_6bbfe89e,one_step_202206,one_step_ex_ante,hist_gradient_boosting_recursive_b0,2022-06-01,1,4939265.0,3917170.331609001,,,1861089.0,-1022094.6683909991,1022094.6683909991,2022,6,recovery,True,True,2022-05-31,2022-02-01,3
run_20260811T162732Z_6bbfe89e,one_step_202207,one_step_ex_ante,ridge_recursive_b0,2022-07-01,1,6359123.0,6156588.732709231,,,3735532.0,-202534.26729076914,202534.26729076914,2022,7,recovery,True,True,2022-06-30,2022-03-01,3
run_20260811T162732Z_6bbfe89e,one_step_202207,one_step_ex_ante,hist_gradient_boosting_recursive_b0,2022-07-01,1,6359123.0,4656689.574718397,,,3735532.0,-1702433.425281603,1702433.425281603,2022,7,recovery,True,True,2022-06-30,2022-03-01,3
run_20260811T162732Z_6bbfe89e,one_step_202208,one_step_ex_ante,ridge_recursive_b0,2022-08-01,1,7992422.0,7385063.611395178,,,5499057.0,-607358.3886048216,607358.3886048216,2022,8,recovery,True,True,2022-07-31,2022-04-01,3
run_20260811T162732Z_6bbfe89e,one_step_202208,one_step_ex_ante,hist_gradient_boosting_recursive_b0,2022-08-01,1,7992422.0,5491036.663821355,,,5499057.0,-2501385.3361786446,2501385.3361786446,2022,8,recovery,True,True,2022-07-31,2022-04-01,3
run_20260811T162732Z_6bbfe89e,one_step_202209,one_step_ex_ante,ridge_recursive_b0,2022-09-01,1,6648582.0,7520906.484315388,,,4406083.0,872324.4843153879,872324.4843153879,2022,9,recovery,True,True,2022-08-31,2022-05-01,3
run_20260811T162732Z_6bbfe89e,one_step_202209,one_step_ex_ante,hist_gradient_boosting_recursive_b0,2022-09-01,1,6648582.0,4487501.439440085,,,4406083.0,-2161080.5605599154,2161080.5605599154,2022,9,recovery,True,True,2022-08-31,2022-05-01,3
run_20260811T162732Z_6bbfe89e,one_step_202210,one_step_ex_ante,ridge_recursive_b0,2022-10-01,1,5919814.0,4913768.426930115,,,4406796.0,-1006045.5730698854,1006045.5730698854,2022,10,recovery,True,True,2022-09-30,2022-06-01,3
run_20260811T162732Z_6bbfe89e,one_step_202210,one_step_ex_ante,hist_gradient_boosting_recursive_b0,2022-10-01,1,5919814.0,3679295.2255023927,,,4406796.0,-2240518.7744976073,2240518.7744976073,2022,10,recovery,True,True,2022-09-30,2022-06-01,3
run_20260811T162732Z_6bbfe89e,one_step_202211,one_step_ex_ante,ridge_recursive_b0,2022-11-01,1,3438085.0,2280677.0227452554,,,2466682.0,-1157407.9772547446,1157407.9772547446,2022,11,recovery,True,True,2022-10-31,2022-07-01,3
run_20260811T162732Z_6bbfe89e,one_step_202211,one_step_ex_ante,hist_gradient_boosting_recursive_b0,2022-11-01,1,3438085.0,2681992.0908577363,,,2466682.0,-756092.9091422637,756092.9091422637,2022,11,recovery,True,True,2022-10-31,2022-07-01,3
run_20260811T162732Z_6bbfe89e,one_step_202212,one_step_ex_ante,ridge_recursive_b0,2022-12-01,1,2620212.0,1009814.9413674672,,,2176634.0,-1610397.0586325328,1610397.0586325328,2022,12,recovery,True,True,2022-11-30,2022-08-01,3
run_20260811T162732Z_6bbfe89e,one_step_202212,one_step_ex_ante,hist_gradient_boosting_recursive_b0,2022-12-01,1,2620212.0,1893208.01972528,,,2176634.0,-727003.9802747199,727003.9802747199,2022,12,recovery,True,True,2022-11-30,2022-08-01,3
run_20260811T162732Z_6bbfe89e,one_step_202301,one_step_ex_ante,ridge_recursive_b0,2023-01-01,1,3077654.0,338782.68398519,,,2158066.0,-2738871.31601481,2738871.31601481,2023,1,normalization,True,True,2022-12-31,2022-09-01,3
run_20260811T162732Z_6bbfe89e,one_step_202301,one_step_ex_ante,hist_gradient_boosting_recursive_b0,2023-01-01,1,3077654.0,1965589.2301996348,,,2158066.0,-1112064.7698003652,1112064.7698003652,2023,1,normalization,True,True,2022-12-31,2022-09-01,3
run_20260811T162732Z_6bbfe89e,one_step_202302,one_step_ex_ante,ridge_recursive_b0,2023-02-01,1,2314917.0,1261685.5954967486,,,1851394.0,-1053231.4045032514,1053231.4045032514,2023,2,normalization,True,True,2023-01-31,2022-10-01,3
run_20260811T162732Z_6bbfe89e,one_step_202302,one_step_ex_ante,hist_gradient_boosting_recursive_b0,2023-02-01,1,2314917.0,2181084.4906868185,,,1851394.0,-133832.5093131815,133832.5093131815,2023,2,normalization,True,True,2023-01-31,2022-10-01,3
run_20260811T162732Z_6bbfe89e,one_step_202303,one_step_ex_ante,ridge_recursive_b0,2023-03-01,1,2788995.0,1688582.3175075597,,,2442196.0,-1100412.6824924403,1100412.6824924403,2023,3,normalization,True,True,2023-02-28,2022-11-01,3
run_20260811T162732Z_6bbfe89e,one_step_202303,one_step_ex_ante,hist_gradient_boosting_recursive_b0,2023-03-01,1,2788995.0,2260644.729456669,,,2442196.0,-528350.2705433308,528350.2705433308,2023,3,normalization,True,True,2023-02-28,2022-11-01,3
run_20260811T162732Z_6bbfe89e,one_step_202304,one_step_ex_ante,ridge_recursive_b0,2023-04-01,1,3541271.0,2564255.5552579653,,,2921440.0,-977015.4447420347,977015.4447420347,2023,4,normalization,True,True,2023-03-31,2022-12-01,3
run_20260811T162732Z_6bbfe89e,one_step_202304,one_step_ex_ante,hist_gradient_boosting_recursive_b0,2023-04-01,1,3541271.0,2510178.4405312394,,,2921440.0,-1031092.5594687606,1031092.5594687606,2023,4,normalization,True,True,2023-03-31,2022-12-01,3
run_20260811T162732Z_6bbfe89e,one_step_202305,one_step_ex_ante,ridge_recursive_b0,2023-05-01,1,4584458.0,4125484.985199767,,,4078425.0,-458973.01480023284,458973.01480023284,2023,5,normalization,True,True,2023-04-30,2023-01-01,3
run_20260811T162732Z_6bbfe89e,one_step_202305,one_step_ex_ante,hist_gradient_boosting_recursive_b0,2023-05-01,1,4584458.0,3708169.9154375335,,,4078425.0,-876288.0845624665,876288.0845624665,2023,5,normalization,True,True,2023-04-30,2023-01-01,3
run_20260811T162732Z_6bbfe89e,one_step_202306,one_step_ex_ante,ridge_recursive_b0,2023-06-01,1,5869766.0,5086405.8631258635,,,4939265.0,-783360.1368741365,783360.1368741365,2023,6,normalization,True,True,2023-05-31,2023-02-01,3
run_20260811T162732Z_6bbfe89e,one_step_202306,one_step_ex_ante,hist_gradient_boosting_recursive_b0,2023-06-01,1,5869766.0,3809575.950244368,,,4939265.0,-2060190.049755632,2060190.049755632,2023,6,normalization,True,True,2023-05-31,2023-02-01,3
run_20260811T162732Z_6bbfe89e,one_step_202307,one_step_ex_ante,ridge_recursive_b0,2023-07-01,1,6926346.0,5725622.0499724345,,,6359123.0,-1200723.9500275655,1200723.9500275655,2023,7,normalization,True,True,2023-06-30,2023-03-01,3
run_20260811T162732Z_6bbfe89e,one_step_202307,one_step_ex_ante,hist_gradient_boosting_recursive_b0,2023-07-01,1,6926346.0,4124635.5987115246,,,6359123.0,-2801710.4012884754,2801710.4012884754,2023,7,normalization,True,True,2023-06-30,2023-03-01,3
run_20260811T162732Z_6bbfe89e,one_step_202308,one_step_ex_ante,ridge_recursive_b0,2023-08-01,1,8488026.0,7576544.790923325,,,7992422.0,-911481.2090766747,911481.2090766747,2023,8,normalization,True,True,2023-07-31,2023-04-01,3
run_20260811T162732Z_6bbfe89e,one_step_202308,one_step_ex_ante,hist_gradient_boosting_recursive_b0,2023-08-01,1,8488026.0,5233959.235348835,,,7992422.0,-3254066.7646511653,3254066.7646511653,2023,8,normalization,True,True,2023-07-31,2023-04-01,3
run_20260811T162732Z_6bbfe89e,one_step_202309,one_step_ex_ante,ridge_recursive_b0,2023-09-01,1,7013861.0,6644457.826984527,,,6648582.0,-369403.1730154734,369403.1730154734,2023,9,normalization,True,True,2023-08-31,2023-05-01,3
run_20260811T162732Z_6bbfe89e,one_step_202309,one_step_ex_ante,hist_gradient_boosting_recursive_b0,2023-09-01,1,7013861.0,5045271.473608239,,,6648582.0,-1968589.5263917614,1968589.5263917614,2023,9,normalization,True,True,2023-08-31,2023-05-01,3
run_20260811T162732Z_6bbfe89e,one_step_202310,one_step_ex_ante,ridge_recursive_b0,2023-10-01,1,6151397.0,6137303.410351884,,,5919814.0,-14093.58964811638,14093.58964811638,2023,10,normalization,True,True,2023-09-30,2023-06-01,3
run_20260811T162732Z_6bbfe89e,one_step_202310,one_step_ex_ante,hist_gradient_boosting_recursive_b0,2023-10-01,1,6151397.0,4779609.200073043,,,5919814.0,-1371787.799926957,1371787.799926957,2023,10,normalization,True,True,2023-09-30,2023-06-01,3
run_20260811T162732Z_6bbfe89e,one_step_202311,one_step_ex_ante,ridge_recursive_b0,2023-11-01,1,3520467.0,4072806.9422998894,,,3438085.0,552339.9422998894,552339.9422998894,2023,11,normalization,True,True,2023-10-31,2023-07-01,3
run_20260811T162732Z_6bbfe89e,one_step_202311,one_step_ex_ante,hist_gradient_boosting_recursive_b0,2023-11-01,1,3520467.0,2678182.2597702206,,,3438085.0,-842284.7402297794,842284.7402297794,2023,11,normalization,True,True,2023-10-31,2023-07-01,3
run_20260811T162732Z_6bbfe89e,one_step_202312,one_step_ex_ante,ridge_recursive_b0,2023-12-01,1,2800281.0,3759670.940047796,,,2620212.0,959389.9400477959,959389.9400477959,2023,12,normalization,True,True,2023-11-30,2023-08-01,3
run_20260811T162732Z_6bbfe89e,one_step_202312,one_step_ex_ante,hist_gradient_boosting_recursive_b0,2023-12-01,1,2800281.0,2558814.0576123614,,,2620212.0,-241466.9423876386,241466.9423876386,2023,12,normalization,True,True,2023-11-30,2023-08-01,3
run_20260811T162732Z_6bbfe89e,one_step_202401,one_step_ex_ante,ridge_recursive_b0,2024-01-01,1,3245893.0,3570168.280682212,,,3077654.0,324275.2806822122,324275.2806822122,2024,1,normalization,True,True,2023-12-31,2023-09-01,3
run_20260811T162732Z_6bbfe89e,one_step_202401,one_step_ex_ante,hist_gradient_boosting_recursive_b0,2024-01-01,1,3245893.0,2758160.654538053,,,3077654.0,-487732.3454619469,487732.3454619469,2024,1,normalization,True,True,2023-12-31,2023-09-01,3
run_20260811T162732Z_6bbfe89e,one_step_202402,one_step_ex_ante,ridge_recursive_b0,2024-02-01,1,2684623.0,3324003.187267982,,,2314917.0,639380.1872679819,639380.1872679819,2024,2,normalization,True,True,2024-01-31,2023-10-01,3
run_20260811T162732Z_6bbfe89e,one_step_202402,one_step_ex_ante,hist_gradient_boosting_recursive_b0,2024-02-01,1,2684623.0,2770669.4712528544,,,2314917.0,86046.47125285445,86046.47125285445,2024,2,normalization,True,True,2024-01-31,2023-10-01,3
run_20260811T162732Z_6bbfe89e,one_step_202403,one_step_ex_ante,ridge_recursive_b0,2024-03-01,1,3079574.0,3069702.3613376645,,,2788995.0,-9871.638662335463,9871.638662335463,2024,3,normalization,True,True,2024-02-29,2023-11-01,3
run_20260811T162732Z_6bbfe89e,one_step_202403,one_step_ex_ante,hist_gradient_boosting_recursive_b0,2024-03-01,1,3079574.0,2808799.305749604,,,2788995.0,-270774.694250396,270774.694250396,2024,3,normalization,True,True,2024-02-29,2023-11-01,3
run_20260811T162732Z_6bbfe89e,one_step_202404,one_step_ex_ante,ridge_recursive_b0,2024-04-01,1,4040974.0,3418465.173264105,,,3541271.0,-622508.8267358951,622508.8267358951,2024,4,normalization,True,True,2024-03-31,2023-12-01,3
run_20260811T162732Z_6bbfe89e,one_step_202404,one_step_ex_ante,hist_gradient_boosting_recursive_b0,2024-04-01,1,4040974.0,3288579.3969050124,,,3541271.0,-752394.6030949876,752394.6030949876,2024,4,normalization,True,True,2024-03-31,2023-12-01,3
run_20260811T162732Z_6bbfe89e,one_step_202405,one_step_ex_ante,ridge_recursive_b0,2024-05-01,1,5585634.0,4295514.090375985,,,4584458.0,-1290119.909624015,1290119.909624015,2024,5,normalization,True,True,2024-04-30,2024-01-01,3
run_20260811T162732Z_6bbfe89e,one_step_202405,one_step_ex_ante,hist_gradient_boosting_recursive_b0,2024-05-01,1,5585634.0,3900655.921488247,,,4584458.0,-1684978.0785117531,1684978.0785117531,2024,5,normalization,True,True,2024-04-30,2024-01-01,3
run_20260811T162732Z_6bbfe89e,one_step_202406,one_step_ex_ante,ridge_recursive_b0,2024-06-01,1,6471276.0,5346905.243397342,,,5869766.0,-1124370.756602658,1124370.756602658,2024,6,normalization,True,True,2024-05-31,2024-02-01,3
run_20260811T162732Z_6bbfe89e,one_step_202406,one_step_ex_ante,hist_gradient_boosting_recursive_b0,2024-06-01,1,6471276.0,5839739.422402906,,,5869766.0,-631536.5775970938,631536.5775970938,2024,6,normalization,True,True,2024-05-31,2024-02-01,3
run_20260811T162732Z_6bbfe89e,one_step_202407,one_step_ex_ante,ridge_recursive_b0,2024-07-01,1,7395701.0,5998076.223837974,,,6926346.0,-1397624.7761620265,1397624.7761620265,2024,7,normalization,True,True,2024-06-30,2024-03-01,3
run_20260811T162732Z_6bbfe89e,one_step_202407,one_step_ex_ante,hist_gradient_boosting_recursive_b0,2024-07-01,1,7395701.0,5627841.650444198,,,6926346.0,-1767859.3495558016,1767859.3495558016,2024,7,normalization,True,True,2024-06-30,2024-03-01,3
run_20260811T162732Z_6bbfe89e,one_step_202408,one_step_ex_ante,ridge_recursive_b0,2024-08-01,1,8661295.0,7853379.741903959,,,8488026.0,-807915.2580960412,807915.2580960412,2024,8,normalization,True,True,2024-07-31,2024-04-01,3
run_20260811T162732Z_6bbfe89e,one_step_202408,one_step_ex_ante,hist_gradient_boosting_recursive_b0,2024-08-01,1,8661295.0,6772554.255998966,,,8488026.0,-1888740.7440010337,1888740.7440010337,2024,8,normalization,True,True,2024-07-31,2024-04-01,3
run_20260811T162732Z_6bbfe89e,one_step_202409,one_step_ex_ante,ridge_recursive_b0,2024-09-01,1,7149583.0,6850124.237255919,,,7013861.0,-299458.7627440812,299458.7627440812,2024,9,normalization,True,True,2024-08-31,2024-05-01,3
run_20260811T162732Z_6bbfe89e,one_step_202409,one_step_ex_ante,hist_gradient_boosting_recursive_b0,2024-09-01,1,7149583.0,5996132.401115988,,,7013861.0,-1153450.5988840116,1153450.5988840116,2024,9,normalization,True,True,2024-08-31,2024-05-01,3
run_20260811T162732Z_6bbfe89e,one_step_202410,one_step_ex_ante,ridge_recursive_b0,2024-10-01,1,6723819.0,5833749.307985084,,,6151397.0,-890069.6920149159,890069.6920149159,2024,10,normalization,True,True,2024-09-30,2024-06-01,3
run_20260811T162732Z_6bbfe89e,one_step_202410,one_step_ex_ante,hist_gradient_boosting_recursive_b0,2024-10-01,1,6723819.0,5481235.342677111,,,6151397.0,-1242583.6573228892,1242583.6573228892,2024,10,normalization,True,True,2024-09-30,2024-06-01,3
run_20260811T162732Z_6bbfe89e,one_step_202411,one_step_ex_ante,ridge_recursive_b0,2024-11-01,1,4018247.0,4067733.7819863893,,,3520467.0,49486.78198638931,49486.78198638931,2024,11,normalization,True,True,2024-10-31,2024-07-01,3
run_20260811T162732Z_6bbfe89e,one_step_202411,one_step_ex_ante,hist_gradient_boosting_recursive_b0,2024-11-01,1,4018247.0,3693486.587941352,,,3520467.0,-324760.4120586482,324760.4120586482,2024,11,normalization,True,True,2024-10-31,2024-07-01,3
run_20260811T162732Z_6bbfe89e,one_step_202412,one_step_ex_ante,ridge_recursive_b0,2024-12-01,1,3175828.0,3899043.5866898196,,,2800281.0,723215.5866898196,723215.5866898196,2024,12,normalization,True,True,2024-11-30,2024-08-01,3
run_20260811T162732Z_6bbfe89e,one_step_202412,one_step_ex_ante,hist_gradient_boosting_recursive_b0,2024-12-01,1,3175828.0,3379512.18044821,,,2800281.0,203684.18044820987,203684.18044820987,2024,12,normalization,True,True,2024-11-30,2024-08-01,3
run_20260811T162732Z_6bbfe89e,one_step_202501,one_step_ex_ante,ridge_recursive_b0,2025-01-01,1,3355818.0,3879195.7267564945,,,3245893.0,523377.7267564945,523377.7267564945,2025,1,normalization,True,True,2024-12-31,2024-09-01,3
run_20260811T162732Z_6bbfe89e,one_step_202501,one_step_ex_ante,hist_gradient_boosting_recursive_b0,2025-01-01,1,3355818.0,3233846.516668069,,,3245893.0,-121971.48333193082,121971.48333193082,2025,1,normalization,True,True,2024-12-31,2024-09-01,3
run_20260811T162732Z_6bbfe89e,one_step_202502,one_step_ex_ante,ridge_recursive_b0,2025-02-01,1,2782758.0,4200363.825935302,,,2684623.0,1417605.8259353023,1417605.8259353023,2025,2,normalization,True,True,2025-01-31,2024-10-01,3
run_20260811T162732Z_6bbfe89e,one_step_202502,one_step_ex_ante,hist_gradient_boosting_recursive_b0,2025-02-01,1,2782758.0,2976197.0775324013,,,2684623.0,193439.0775324013,193439.0775324013,2025,2,normalization,True,True,2025-01-31,2024-10-01,3
run_20260811T162732Z_6bbfe89e,one_step_202503,one_step_ex_ante,ridge_recursive_b0,2025-03-01,1,2982576.0,3859261.300729717,,,3079574.0,876685.3007297171,876685.3007297171,2025,3,normalization,True,True,2025-02-28,2024-11-01,3
run_20260811T162732Z_6bbfe89e,one_step_202503,one_step_ex_ante,hist_gradient_boosting_recursive_b0,2025-03-01,1,2982576.0,3325903.3814049307,,,3079574.0,343327.3814049307,343327.3814049307,2025,3,normalization,True,True,2025-02-28,2024-11-01,3
run_20260811T162732Z_6bbfe89e,one_step_202504,one_step_ex_ante,ridge_recursive_b0,2025-04-01,1,4242307.0,4468387.691272907,,,4040974.0,226080.69127290696,226080.69127290696,2025,4,normalization,True,True,2025-03-31,2024-12-01,3
run_20260811T162732Z_6bbfe89e,one_step_202504,one_step_ex_ante,hist_gradient_boosting_recursive_b0,2025-04-01,1,4242307.0,3781440.4999887566,,,4040974.0,-460866.5000112434,460866.5000112434,2025,4,normalization,True,True,2025-03-31,2024-12-01,3
run_20260811T162732Z_6bbfe89e,one_step_202505,one_step_ex_ante,ridge_recursive_b0,2025-05-01,1,5618724.0,5396378.836747702,,,5585634.0,-222345.1632522978,222345.1632522978,2025,5,normalization,True,True,2025-04-30,2025-01-01,3
run_20260811T162732Z_6bbfe89e,one_step_202505,one_step_ex_ante,hist_gradient_boosting_recursive_b0,2025-05-01,1,5618724.0,4856701.835142445,,,5585634.0,-762022.1648575552,762022.1648575552,2025,5,normalization,True,True,2025-04-30,2025-01-01,3
run_20260811T162732Z_6bbfe89e,one_step_202506,one_step_ex_ante,ridge_recursive_b0,2025-06-01,1,6551137.0,6105118.24542135,,,6471276.0,-446018.75457865,446018.75457865,2025,6,normalization,True,True,2025-05-31,2025-02-01,3
run_20260811T162732Z_6bbfe89e,one_step_202506,one_step_ex_ante,hist_gradient_boosting_recursive_b0,2025-06-01,1,6551137.0,5315201.844531242,,,6471276.0,-1235935.1554687582,1235935.1554687582,2025,6,normalization,True,True,2025-05-31,2025-02-01,3
run_20260811T162732Z_6bbfe89e,one_step_202507,one_step_ex_ante,ridge_recursive_b0,2025-07-01,1,7403653.0,6836197.050356481,,,7395701.0,-567455.9496435188,567455.9496435188,2025,7,normalization,True,True,2025-06-30,2025-03-01,3
run_20260811T162732Z_6bbfe89e,one_step_202507,one_step_ex_ante,hist_gradient_boosting_recursive_b0,2025-07-01,1,7403653.0,5520716.436958744,,,7395701.0,-1882936.5630412558,1882936.5630412558,2025,7,normalization,True,True,2025-06-30,2025-03-01,3
run_20260811T162732Z_6bbfe89e,one_step_202508,one_step_ex_ante,ridge_recursive_b0,2025-08-01,1,8912005.0,8246413.7649062835,,,8661295.0,-665591.2350937165,665591.2350937165,2025,8,normalization,True,True,2025-07-31,2025-04-01,3
run_20260811T162732Z_6bbfe89e,one_step_202508,one_step_ex_ante,hist_gradient_boosting_recursive_b0,2025-08-01,1,8912005.0,6155828.720144116,,,8661295.0,-2756176.2798558837,2756176.2798558837,2025,8,normalization,True,True,2025-07-31,2025-04-01,3
run_20260811T162732Z_6bbfe89e,one_step_202509,one_step_ex_ante,ridge_recursive_b0,2025-09-01,1,7324078.0,7198509.191642459,,,7149583.0,-125568.80835754145,125568.80835754145,2025,9,normalization,True,True,2025-08-31,2025-05-01,3
run_20260811T162732Z_6bbfe89e,one_step_202509,one_step_ex_ante,hist_gradient_boosting_recursive_b0,2025-09-01,1,7324078.0,5624882.179494917,,,7149583.0,-1699195.8205050826,1699195.8205050826,2025,9,normalization,True,True,2025-08-31,2025-05-01,3
run_20260811T162732Z_6bbfe89e,one_step_202510,one_step_ex_ante,ridge_recursive_b0,2025-10-01,1,7079267.0,6307481.6060093995,,,6723819.0,-771785.3939906005,771785.3939906005,2025,10,normalization,True,True,2025-09-30,2025-06-01,3
run_20260811T162732Z_6bbfe89e,one_step_202510,one_step_ex_ante,hist_gradient_boosting_recursive_b0,2025-10-01,1,7079267.0,5459390.25882809,,,6723819.0,-1619876.7411719104,1619876.7411719104,2025,10,normalization,True,True,2025-09-30,2025-06-01,3
run_20260811T162732Z_6bbfe89e,one_step_202511,one_step_ex_ante,ridge_recursive_b0,2025-11-01,1,4255110.0,4357601.522674117,,,4018247.0,102491.52267411724,102491.52267411724,2025,11,normalization,True,True,2025-10-31,2025-07-01,3
run_20260811T162732Z_6bbfe89e,one_step_202511,one_step_ex_ante,hist_gradient_boosting_recursive_b0,2025-11-01,1,4255110.0,3918023.9510257975,,,4018247.0,-337086.0489742025,337086.0489742025,2025,11,normalization,True,True,2025-10-31,2025-07-01,3
run_20260811T162732Z_6bbfe89e,one_step_202512,one_step_ex_ante,ridge_recursive_b0,2025-12-01,1,3409623.0,4231433.566361164,,,3175828.0,821810.5663611637,821810.5663611637,2025,12,normalization,True,True,2025-11-30,2025-08-01,3
run_20260811T162732Z_6bbfe89e,one_step_202512,one_step_ex_ante,hist_gradient_boosting_recursive_b0,2025-12-01,1,3409623.0,3190405.8826512387,,,3175828.0,-219217.1173487613,219217.1173487613,2025,12,normalization,True,True,2025-11-30,2025-08-01,3
run_20260811T162732Z_6bbfe89e,fixed_12m_2015,fixed_origin_12m_ex_ante,ridge_recursive_b0,2015-01-01,1,1762004.0,1766097.0211394285,,,1575399.0,4093.021139428485,4093.021139428485,2015,1,pre_pandemic,True,True,2014-12-31,2014-09-01,3
run_20260811T162732Z_6bbfe89e,fixed_12m_2015,fixed_origin_12m_ex_ante,ridge_recursive_b0,2015-02-01,2,1564925.0,2218445.446469789,,,1523245.0,653520.4464697889,653520.4464697889,2015,2,pre_pandemic,True,True,2014-12-31,2014-09-01,3
run_20260811T162732Z_6bbfe89e,fixed_12m_2015,fixed_origin_12m_ex_ante,ridge_recursive_b0,2015-03-01,3,2017645.0,2792906.1548993834,,,1967114.0,775261.1548993834,775261.1548993834,2015,3,pre_pandemic,True,True,2014-12-31,2014-09-01,3
run_20260811T162732Z_6bbfe89e,fixed_12m_2015,fixed_origin_12m_ex_ante,ridge_recursive_b0,2015-04-01,4,2626663.0,3130839.9250838747,,,2573139.0,504176.9250838747,504176.9250838747,2015,4,pre_pandemic,True,True,2014-12-31,2014-09-01,3
run_20260811T162732Z_6bbfe89e,fixed_12m_2015,fixed_origin_12m_ex_ante,ridge_recursive_b0,2015-05-01,5,3775013.0,3800760.293238221,,,3863883.0,25747.293238221202,25747.293238221202,2015,5,pre_pandemic,True,True,2014-12-31,2014-09-01,3
run_20260811T162732Z_6bbfe89e,fixed_12m_2015,fixed_origin_12m_ex_ante,ridge_recursive_b0,2015-06-01,6,4349675.0,4535204.789459566,,,4530079.0,185529.78945956565,185529.78945956565,2015,6,pre_pandemic,True,True,2014-12-31,2014-09-01,3
run_20260811T162732Z_6bbfe89e,fixed_12m_2015,fixed_origin_12m_ex_ante,ridge_recursive_b0,2015-07-01,7,5244965.0,5845476.96738728,,,4952404.0,600511.9673872804,600511.9673872804,2015,7,pre_pandemic,True,True,2014-12-31,2014-09-01,3
run_20260811T162732Z_6bbfe89e,fixed_12m_2015,fixed_origin_12m_ex_ante,ridge_recursive_b0,2015-08-01,8,6748708.0,6558066.689833935,,,6635627.0,-190641.31016606465,190641.31016606465,2015,8,pre_pandemic,True,True,2014-12-31,2014-09-01,3
run_20260811T162732Z_6bbfe89e,fixed_12m_2015,fixed_origin_12m_ex_ante,ridge_recursive_b0,2015-09-01,9,5415322.0,5349580.630871276,,,5495982.0,-65741.36912872363,65741.36912872363,2015,9,pre_pandemic,True,True,2014-12-31,2014-09-01,3
run_20260811T162732Z_6bbfe89e,fixed_12m_2015,fixed_origin_12m_ex_ante,ridge_recursive_b0,2015-10-01,10,4161806.0,4367811.111438365,,,4086625.0,206005.11143836472,206005.11143836472,2015,10,pre_pandemic,True,True,2014-12-31,2014-09-01,3
run_20260811T162732Z_6bbfe89e,fixed_12m_2015,fixed_origin_12m_ex_ante,ridge_recursive_b0,2015-11-01,11,2236998.0,2811396.721098754,,,2131495.0,574398.7210987541,574398.7210987541,2015,11,pre_pandemic,True,True,2014-12-31,2014-09-01,3
run_20260811T162732Z_6bbfe89e,fixed_12m_2015,fixed_origin_12m_ex_ante,ridge_recursive_b0,2015-12-01,12,1713807.0,2039285.388533288,,,1547223.0,325478.3885332879,325478.3885332879,2015,12,pre_pandemic,True,True,2014-12-31,2014-09-01,3
run_20260811T162732Z_6bbfe89e,fixed_12m_2015,fixed_origin_12m_ex_ante,hist_gradient_boosting_recursive_b0,2015-01-01,1,1762004.0,1651947.220313218,,,1575399.0,-110056.77968678204,110056.77968678204,2015,1,pre_pandemic,True,True,2014-12-31,2014-09-01,3
run_20260811T162732Z_6bbfe89e,fixed_12m_2015,fixed_origin_12m_ex_ante,hist_gradient_boosting_recursive_b0,2015-02-01,2,1564925.0,1514638.2794246285,,,1523245.0,-50286.720575371524,50286.720575371524,2015,2,pre_pandemic,True,True,2014-12-31,2014-09-01,3
run_20260811T162732Z_6bbfe89e,fixed_12m_2015,fixed_origin_12m_ex_ante,hist_gradient_boosting_recursive_b0,2015-03-01,3,2017645.0,1922461.0116511167,,,1967114.0,-95183.98834888334,95183.98834888334,2015,3,pre_pandemic,True,True,2014-12-31,2014-09-01,3
run_20260811T162732Z_6bbfe89e,fixed_12m_2015,fixed_origin_12m_ex_ante,hist_gradient_boosting_recursive_b0,2015-04-01,4,2626663.0,2106455.7005446577,,,2573139.0,-520207.29945534235,520207.29945534235,2015,4,pre_pandemic,True,True,2014-12-31,2014-09-01,3
run_20260811T162732Z_6bbfe89e,fixed_12m_2015,fixed_origin_12m_ex_ante,hist_gradient_boosting_recursive_b0,2015-05-01,5,3775013.0,3477598.6616699877,,,3863883.0,-297414.3383300123,297414.3383300123,2015,5,pre_pandemic,True,True,2014-12-31,2014-09-01,3
run_20260811T162732Z_6bbfe89e,fixed_12m_2015,fixed_origin_12m_ex_ante,hist_gradient_boosting_recursive_b0,2015-06-01,6,4349675.0,3743910.7291932907,,,4530079.0,-605764.2708067093,605764.2708067093,2015,6,pre_pandemic,True,True,2014-12-31,2014-09-01,3
run_20260811T162732Z_6bbfe89e,fixed_12m_2015,fixed_origin_12m_ex_ante,hist_gradient_boosting_recursive_b0,2015-07-01,7,5244965.0,4327213.839895769,,,4952404.0,-917751.160104231,917751.160104231,2015,7,pre_pandemic,True,True,2014-12-31,2014-09-01,3
run_20260811T162732Z_6bbfe89e,fixed_12m_2015,fixed_origin_12m_ex_ante,hist_gradient_boosting_recursive_b0,2015-08-01,8,6748708.0,4786813.536655355,,,6635627.0,-1961894.4633446448,1961894.4633446448,2015,8,pre_pandemic,True,True,2014-12-31,2014-09-01,3
run_20260811T162732Z_6bbfe89e,fixed_12m_2015,fixed_origin_12m_ex_ante,hist_gradient_boosting_recursive_b0,2015-09-01,9,5415322.0,4572136.63887837,,,5495982.0,-843185.3611216303,843185.3611216303,2015,9,pre_pandemic,True,True,2014-12-31,2014-09-01,3
run_20260811T162732Z_6bbfe89e,fixed_12m_2015,fixed_origin_12m_ex_ante,hist_gradient_boosting_recursive_b0,2015-10-01,10,4161806.0,4581157.863967238,,,4086625.0,419351.863967238,419351.863967238,2015,10,pre_pandemic,True,True,2014-12-31,2014-09-01,3
run_20260811T162732Z_6bbfe89e,fixed_12m_2015,fixed_origin_12m_ex_ante,hist_gradient_boosting_recursive_b0,2015-11-01,11,2236998.0,2121146.1197330058,,,2131495.0,-115851.88026699424,115851.88026699424,2015,11,pre_pandemic,True,True,2014-12-31,2014-09-01,3
run_20260811T162732Z_6bbfe89e,fixed_12m_2015,fixed_origin_12m_ex_ante,hist_gradient_boosting_recursive_b0,2015-12-01,12,1713807.0,1705817.2119452597,,,1547223.0,-7989.788054740289,7989.788054740289,2015,12,pre_pandemic,True,True,2014-12-31,2014-09-01,3
run_20260811T162732Z_6bbfe89e,fixed_12m_2015,fixed_origin_12m_ex_ante,extra_trees_recursive_b0,2015-01-01,1,1762004.0,1527249.8522464014,,,1575399.0,-234754.14775359863,234754.14775359863,2015,1,pre_pandemic,True,True,2014-12-31,2014-09-01,3
run_20260811T162732Z_6bbfe89e,fixed_12m_2015,fixed_origin_12m_ex_ante,extra_trees_recursive_b0,2015-02-01,2,1564925.0,1281055.9622361206,,,1523245.0,-283869.0377638794,283869.0377638794,2015,2,pre_pandemic,True,True,2014-12-31,2014-09-01,3
run_20260811T162732Z_6bbfe89e,fixed_12m_2015,fixed_origin_12m_ex_ante,extra_trees_recursive_b0,2015-03-01,3,2017645.0,1734395.276585902,,,1967114.0,-283249.7234140979,283249.7234140979,2015,3,pre_pandemic,True,True,2014-12-31,2014-09-01,3
run_20260811T162732Z_6bbfe89e,fixed_12m_2015,fixed_origin_12m_ex_ante,extra_trees_recursive_b0,2015-04-01,4,2626663.0,2052902.1422361108,,,2573139.0,-573760.8577638892,573760.8577638892,2015,4,pre_pandemic,True,True,2014-12-31,2014-09-01,3
run_20260811T162732Z_6bbfe89e,fixed_12m_2015,fixed_origin_12m_ex_ante,extra_trees_recursive_b0,2015-05-01,5,3775013.0,3332230.582716835,,,3863883.0,-442782.4172831648,442782.4172831648,2015,5,pre_pandemic,True,True,2014-12-31,2014-09-01,3
run_20260811T162732Z_6bbfe89e,fixed_12m_2015,fixed_origin_12m_ex_ante,extra_trees_recursive_b0,2015-06-01,6,4349675.0,3612722.527725228,,,4530079.0,-736952.4722747719,736952.4722747719,2015,6,pre_pandemic,True,True,2014-12-31,2014-09-01,3
run_20260811T162732Z_6bbfe89e,fixed_12m_2015,fixed_origin_12m_ex_ante,extra_trees_recursive_b0,2015-07-01,7,5244965.0,4615747.108760403,,,4952404.0,-629217.8912395975,629217.8912395975,2015,7,pre_pandemic,True,True,2014-12-31,2014-09-01,3
run_20260811T162732Z_6bbfe89e,fixed_12m_2015,fixed_origin_12m_ex_ante,extra_trees_recursive_b0,2015-08-01,8,6748708.0,5505366.557497033,,,6635627.0,-1243341.442502967,1243341.442502967,2015,8,pre_pandemic,True,True,2014-12-31,2014-09-01,3
run_20260811T162732Z_6bbfe89e,fixed_12m_2015,fixed_origin_12m_ex_ante,extra_trees_recursive_b0,2015-09-01,9,5415322.0,4660014.9570337245,,,5495982.0,-755307.0429662755,755307.0429662755,2015,9,pre_pandemic,True,True,2014-12-31,2014-09-01,3
run_20260811T162732Z_6bbfe89e,fixed_12m_2015,fixed_origin_12m_ex_ante,extra_trees_recursive_b0,2015-10-01,10,4161806.0,3839483.088127205,,,4086625.0,-322322.91187279485,322322.91187279485,2015,10,pre_pandemic,True,True,2014-12-31,2014-09-01,3
run_20260811T162732Z_6bbfe89e,fixed_12m_2015,fixed_origin_12m_ex_ante,extra_trees_recursive_b0,2015-11-01,11,2236998.0,2065721.8059444455,,,2131495.0,-171276.19405555446,171276.19405555446,2015,11,pre_pandemic,True,True,2014-12-31,2014-09-01,3
run_20260811T162732Z_6bbfe89e,fixed_12m_2015,fixed_origin_12m_ex_ante,extra_trees_recursive_b0,2015-12-01,12,1713807.0,1413140.5726307686,,,1547223.0,-300666.42736923136,300666.42736923136,2015,12,pre_pandemic,True,True,2014-12-31,2014-09-01,3
run_20260811T162732Z_6bbfe89e,fixed_12m_2015,fixed_origin_12m_ex_ante,xgboost_recursive_b0,2015-01-01,1,1762004.0,1756917.75,,,1575399.0,-5086.25,5086.25,2015,1,pre_pandemic,True,True,2014-12-31,2014-09-01,3
run_20260811T162732Z_6bbfe89e,fixed_12m_2015,fixed_origin_12m_ex_ante,xgboost_recursive_b0,2015-02-01,2,1564925.0,1415976.625,,,1523245.0,-148948.375,148948.375,2015,2,pre_pandemic,True,True,2014-12-31,2014-09-01,3
run_20260811T162732Z_6bbfe89e,fixed_12m_2015,fixed_origin_12m_ex_ante,xgboost_recursive_b0,2015-03-01,3,2017645.0,1951491.0,,,1967114.0,-66154.0,66154.0,2015,3,pre_pandemic,True,True,2014-12-31,2014-09-01,3
run_20260811T162732Z_6bbfe89e,fixed_12m_2015,fixed_origin_12m_ex_ante,xgboost_recursive_b0,2015-04-01,4,2626663.0,2116223.75,,,2573139.0,-510439.25,510439.25,2015,4,pre_pandemic,True,True,2014-12-31,2014-09-01,3
run_20260811T162732Z_6bbfe89e,fixed_12m_2015,fixed_origin_12m_ex_ante,xgboost_recursive_b0,2015-05-01,5,3775013.0,3782051.0,,,3863883.0,7038.0,7038.0,2015,5,pre_pandemic,True,True,2014-12-31,2014-09-01,3
run_20260811T162732Z_6bbfe89e,fixed_12m_2015,fixed_origin_12m_ex_ante,xgboost_recursive_b0,2015-06-01,6,4349675.0,3715427.75,,,4530079.0,-634247.25,634247.25,2015,6,pre_pandemic,True,True,2014-12-31,2014-09-01,3
run_20260811T162732Z_6bbfe89e,fixed_12m_2015,fixed_origin_12m_ex_ante,xgboost_recursive_b0,2015-07-01,7,5244965.0,4437170.5,,,4952404.0,-807794.5,807794.5,2015,7,pre_pandemic,True,True,2014-12-31,2014-09-01,3
run_20260811T162732Z_6bbfe89e,fixed_12m_2015,fixed_origin_12m_ex_ante,xgboost_recursive_b0,2015-08-01,8,6748708.0,5010544.0,,,6635627.0,-1738164.0,1738164.0,2015,8,pre_pandemic,True,True,2014-12-31,2014-09-01,3
run_20260811T162732Z_6bbfe89e,fixed_12m_2015,fixed_origin_12m_ex_ante,xgboost_recursive_b0,2015-09-01,9,5415322.0,4427636.0,,,5495982.0,-987686.0,987686.0,2015,9,pre_pandemic,True,True,2014-12-31,2014-09-01,3
run_20260811T162732Z_6bbfe89e,fixed_12m_2015,fixed_origin_12m_ex_ante,xgboost_recursive_b0,2015-10-01,10,4161806.0,4694895.0,,,4086625.0,533089.0,533089.0,2015,10,pre_pandemic,True,True,2014-12-31,2014-09-01,3
run_20260811T162732Z_6bbfe89e,fixed_12m_2015,fixed_origin_12m_ex_ante,xgboost_recursive_b0,2015-11-01,11,2236998.0,1938262.0,,,2131495.0,-298736.0,298736.0,2015,11,pre_pandemic,True,True,2014-12-31,2014-09-01,3
run_20260811T162732Z_6bbfe89e,fixed_12m_2015,fixed_origin_12m_ex_ante,xgboost_recursive_b0,2015-12-01,12,1713807.0,1635832.0,,,1547223.0,-77975.0,77975.0,2015,12,pre_pandemic,True,True,2014-12-31,2014-09-01,3
run_20260811T162732Z_6bbfe89e,fixed_12m_2016,fixed_origin_12m_ex_ante,ridge_recursive_b0,2016-01-01,1,1691287.0,1912883.2175255788,,,1762004.0,221596.2175255788,221596.2175255788,2016,1,pre_pandemic,True,True,2015-12-31,2015-09-01,3
run_20260811T162732Z_6bbfe89e,fixed_12m_2016,fixed_origin_12m_ex_ante,ridge_recursive_b0,2016-02-01,2,1517504.0,2425741.112922027,,,1564925.0,908237.1129220268,908237.1129220268,2016,2,pre_pandemic,True,True,2015-12-31,2015-09-01,3
run_20260811T162732Z_6bbfe89e,fixed_12m_2016,fixed_origin_12m_ex_ante,ridge_recursive_b0,2016-03-01,3,1898762.0,3039656.116939842,,,2017645.0,1140894.1169398418,1140894.1169398418,2016,3,pre_pandemic,True,True,2015-12-31,2015-09-01,3
run_20260811T162732Z_6bbfe89e,fixed_12m_2016,fixed_origin_12m_ex_ante,ridge_recursive_b0,2016-04-01,4,2049238.0,3445513.9650528976,,,2626663.0,1396275.9650528976,1396275.9650528976,2016,4,pre_pandemic,True,True,2015-12-31,2015-09-01,3
run_20260811T162732Z_6bbfe89e,fixed_12m_2016,fixed_origin_12m_ex_ante,ridge_recursive_b0,2016-05-01,5,2749648.0,4146824.5298725017,,,3775013.0,1397176.5298725017,1397176.5298725017,2016,5,pre_pandemic,True,True,2015-12-31,2015-09-01,3
run_20260811T162732Z_6bbfe89e,fixed_12m_2016,fixed_origin_12m_ex_ante,ridge_recursive_b0,2016-06-01,6,2696149.0,4743286.901802488,,,4349675.0,2047137.9018024877,2047137.9018024877,2016,6,pre_pandemic,True,True,2015-12-31,2015-09-01,3
run_20260811T162732Z_6bbfe89e,fixed_12m_2016,fixed_origin_12m_ex_ante,ridge_recursive_b0,2016-07-01,7,3482544.0,5967003.141578928,,,5244965.0,2484459.1415789276,2484459.1415789276,2016,7,pre_pandemic,True,True,2015-12-31,2015-09-01,3
run_20260811T162732Z_6bbfe89e,fixed_12m_2016,fixed_origin_12m_ex_ante,ridge_recursive_b0,2016-08-01,8,4565837.0,6700869.42507394,,,6748708.0,2135032.4250739403,2135032.4250739403,2016,8,pre_pandemic,True,True,2015-12-31,2015-09-01,3
run_20260811T162732Z_6bbfe89e,fixed_12m_2016,fixed_origin_12m_ex_ante,ridge_recursive_b0,2016-09-01,9,4014930.0,5575573.2718780795,,,5415322.0,1560643.2718780795,1560643.2718780795,2016,9,pre_pandemic,True,True,2015-12-31,2015-09-01,3
run_20260811T162732Z_6bbfe89e,fixed_12m_2016,fixed_origin_12m_ex_ante,ridge_recursive_b0,2016-10-01,10,3190334.0,4699256.448565396,,,4293279.0,1508922.4485653955,1508922.4485653955,2016,10,pre_pandemic,True,True,2015-12-31,2015-09-01,3
run_20260811T162732Z_6bbfe89e,fixed_12m_2016,fixed_origin_12m_ex_ante,ridge_recursive_b0,2016-11-01,11,1879625.0,3006782.000254273,,,2264373.0,1127157.000254273,1127157.000254273,2016,11,pre_pandemic,True,True,2015-12-31,2015-09-01,3
run_20260811T162732Z_6bbfe89e,fixed_12m_2016,fixed_origin_12m_ex_ante,ridge_recursive_b0,2016-12-01,12,1629471.0,2298677.155897935,,,1740546.0,669206.1558979349,669206.1558979349,2016,12,pre_pandemic,True,True,2015-12-31,2015-09-01,3
run_20260811T162732Z_6bbfe89e,fixed_12m_2016,fixed_origin_12m_ex_ante,hist_gradient_boosting_recursive_b0,2016-01-01,1,1691287.0,1756362.056395269,,,1762004.0,65075.056395269,65075.056395269,2016,1,pre_pandemic,True,True,2015-12-31,2015-09-01,3
run_20260811T162732Z_6bbfe89e,fixed_12m_2016,fixed_origin_12m_ex_ante,hist_gradient_boosting_recursive_b0,2016-02-01,2,1517504.0,1310206.8633709406,,,1564925.0,-207297.13662905945,207297.13662905945,2016,2,pre_pandemic,True,True,2015-12-31,2015-09-01,3
run_20260811T162732Z_6bbfe89e,fixed_12m_2016,fixed_origin_12m_ex_ante,hist_gradient_boosting_recursive_b0,2016-03-01,3,1898762.0,1707818.44909542,,,2017645.0,-190943.55090457993,190943.55090457993,2016,3,pre_pandemic,True,True,2015-12-31,2015-09-01,3
run_20260811T162732Z_6bbfe89e,fixed_12m_2016,fixed_origin_12m_ex_ante,hist_gradient_boosting_recursive_b0,2016-04-01,4,2049238.0,2012197.2328702968,,,2626663.0,-37040.76712970319,37040.76712970319,2016,4,pre_pandemic,True,True,2015-12-31,2015-09-01,3
run_20260811T162732Z_6bbfe89e,fixed_12m_2016,fixed_origin_12m_ex_ante,hist_gradient_boosting_recursive_b0,2016-05-01,5,2749648.0,3712624.0532130674,,,3775013.0,962976.0532130674,962976.0532130674,2016,5,pre_pandemic,True,True,2015-12-31,2015-09-01,3
run_20260811T162732Z_6bbfe89e,fixed_12m_2016,fixed_origin_12m_ex_ante,hist_gradient_boosting_recursive_b0,2016-06-01,6,2696149.0,3676419.82041321,,,4349675.0,980270.82041321,980270.82041321,2016,6,pre_pandemic,True,True,2015-12-31,2015-09-01,3
run_20260811T162732Z_6bbfe89e,fixed_12m_2016,fixed_origin_12m_ex_ante,hist_gradient_boosting_recursive_b0,2016-07-01,7,3482544.0,4262459.814227208,,,5244965.0,779915.8142272076,779915.8142272076,2016,7,pre_pandemic,True,True,2015-12-31,2015-09-01,3
run_20260811T162732Z_6bbfe89e,fixed_12m_2016,fixed_origin_12m_ex_ante,hist_gradient_boosting_recursive_b0,2016-08-01,8,4565837.0,4807326.851304805,,,6748708.0,241489.8513048049,241489.8513048049,2016,8,pre_pandemic,True,True,2015-12-31,2015-09-01,3
run_20260811T162732Z_6bbfe89e,fixed_12m_2016,fixed_origin_12m_ex_ante,hist_gradient_boosting_recursive_b0,2016-09-01,9,4014930.0,4273437.603975502,,,5415322.0,258507.60397550184,258507.60397550184,2016,9,pre_pandemic,True,True,2015-12-31,2015-09-01,3
run_20260811T162732Z_6bbfe89e,fixed_12m_2016,fixed_origin_12m_ex_ante,hist_gradient_boosting_recursive_b0,2016-10-01,10,3190334.0,3657182.906740295,,,4293279.0,466848.90674029477,466848.90674029477,2016,10,pre_pandemic,True,True,2015-12-31,2015-09-01,3
run_20260811T162732Z_6bbfe89e,fixed_12m_2016,fixed_origin_12m_ex_ante,hist_gradient_boosting_recursive_b0,2016-11-01,11,1879625.0,2079040.0014310079,,,2264373.0,199415.00143100787,199415.00143100787,2016,11,pre_pandemic,True,True,2015-12-31,2015-09-01,3
run_20260811T162732Z_6bbfe89e,fixed_12m_2016,fixed_origin_12m_ex_ante,hist_gradient_boosting_recursive_b0,2016-12-01,12,1629471.0,1552786.7084271035,,,1740546.0,-76684.29157289653,76684.29157289653,2016,12,pre_pandemic,True,True,2015-12-31,2015-09-01,3
run_20260811T162732Z_6bbfe89e,fixed_12m_2016,fixed_origin_12m_ex_ante,extra_trees_recursive_b0,2016-01-01,1,1691287.0,1693098.144583335,,,1762004.0,1811.1445833349135,1811.1445833349135,2016,1,pre_pandemic,True,True,2015-12-31,2015-09-01,3
run_20260811T162732Z_6bbfe89e,fixed_12m_2016,fixed_origin_12m_ex_ante,extra_trees_recursive_b0,2016-02-01,2,1517504.0,1316557.394125,,,1564925.0,-200946.6058749999,200946.6058749999,2016,2,pre_pandemic,True,True,2015-12-31,2015-09-01,3
run_20260811T162732Z_6bbfe89e,fixed_12m_2016,fixed_origin_12m_ex_ante,extra_trees_recursive_b0,2016-03-01,3,1898762.0,1806557.5714583336,,,2017645.0,-92204.42854166636,92204.42854166636,2016,3,pre_pandemic,True,True,2015-12-31,2015-09-01,3
run_20260811T162732Z_6bbfe89e,fixed_12m_2016,fixed_origin_12m_ex_ante,extra_trees_recursive_b0,2016-04-01,4,2049238.0,2085498.8887500004,,,2626663.0,36260.88875000039,36260.88875000039,2016,4,pre_pandemic,True,True,2015-12-31,2015-09-01,3
run_20260811T162732Z_6bbfe89e,fixed_12m_2016,fixed_origin_12m_ex_ante,extra_trees_recursive_b0,2016-05-01,5,2749648.0,3500882.7383333356,,,3775013.0,751234.7383333356,751234.7383333356,2016,5,pre_pandemic,True,True,2015-12-31,2015-09-01,3
run_20260811T162732Z_6bbfe89e,fixed_12m_2016,fixed_origin_12m_ex_ante,extra_trees_recursive_b0,2016-06-01,6,2696149.0,3809263.8677083333,,,4349675.0,1113114.8677083333,1113114.8677083333,2016,6,pre_pandemic,True,True,2015-12-31,2015-09-01,3
run_20260811T162732Z_6bbfe89e,fixed_12m_2016,fixed_origin_12m_ex_ante,extra_trees_recursive_b0,2016-07-01,7,3482544.0,4801513.897291671,,,5244965.0,1318969.8972916706,1318969.8972916706,2016,7,pre_pandemic,True,True,2015-12-31,2015-09-01,3
run_20260811T162732Z_6bbfe89e,fixed_12m_2016,fixed_origin_12m_ex_ante,extra_trees_recursive_b0,2016-08-01,8,4565837.0,5655017.505,,,6748708.0,1089180.505,1089180.505,2016,8,pre_pandemic,True,True,2015-12-31,2015-09-01,3
run_20260811T162732Z_6bbfe89e,fixed_12m_2016,fixed_origin_12m_ex_ante,extra_trees_recursive_b0,2016-09-01,9,4014930.0,4941105.996458332,,,5415322.0,926175.996458332,926175.996458332,2016,9,pre_pandemic,True,True,2015-12-31,2015-09-01,3
run_20260811T162732Z_6bbfe89e,fixed_12m_2016,fixed_origin_12m_ex_ante,extra_trees_recursive_b0,2016-10-01,10,3190334.0,3987060.2106249994,,,4293279.0,796726.2106249994,796726.2106249994,2016,10,pre_pandemic,True,True,2015-12-31,2015-09-01,3
run_20260811T162732Z_6bbfe89e,fixed_12m_2016,fixed_origin_12m_ex_ante,extra_trees_recursive_b0,2016-11-01,11,1879625.0,2155859.4379166653,,,2264373.0,276234.43791666534,276234.43791666534,2016,11,pre_pandemic,True,True,2015-12-31,2015-09-01,3
run_20260811T162732Z_6bbfe89e,fixed_12m_2016,fixed_origin_12m_ex_ante,extra_trees_recursive_b0,2016-12-01,12,1629471.0,1499517.6287499992,,,1740546.0,-129953.37125000078,129953.37125000078,2016,12,pre_pandemic,True,True,2015-12-31,2015-09-01,3
run_20260811T162732Z_6bbfe89e,fixed_12m_2016,fixed_origin_12m_ex_ante,xgboost_recursive_b0,2016-01-01,1,1691287.0,1727650.625,,,1762004.0,36363.625,36363.625,2016,1,pre_pandemic,True,True,2015-12-31,2015-09-01,3
run_20260811T162732Z_6bbfe89e,fixed_12m_2016,fixed_origin_12m_ex_ante,xgboost_recursive_b0,2016-02-01,2,1517504.0,1369616.0,,,1564925.0,-147888.0,147888.0,2016,2,pre_pandemic,True,True,2015-12-31,2015-09-01,3
run_20260811T162732Z_6bbfe89e,fixed_12m_2016,fixed_origin_12m_ex_ante,xgboost_recursive_b0,2016-03-01,3,1898762.0,2069386.5,,,2017645.0,170624.5,170624.5,2016,3,pre_pandemic,True,True,2015-12-31,2015-09-01,3
run_20260811T162732Z_6bbfe89e,fixed_12m_2016,fixed_origin_12m_ex_ante,xgboost_recursive_b0,2016-04-01,4,2049238.0,2366711.0,,,2626663.0,317473.0,317473.0,2016,4,pre_pandemic,True,True,2015-12-31,2015-09-01,3
run_20260811T162732Z_6bbfe89e,fixed_12m_2016,fixed_origin_12m_ex_ante,xgboost_recursive_b0,2016-05-01,5,2749648.0,3697592.5,,,3775013.0,947944.5,947944.5,2016,5,pre_pandemic,True,True,2015-12-31,2015-09-01,3
run_20260811T162732Z_6bbfe89e,fixed_12m_2016,fixed_origin_12m_ex_ante,xgboost_recursive_b0,2016-06-01,6,2696149.0,3366379.25,,,4349675.0,670230.25,670230.25,2016,6,pre_pandemic,True,True,2015-12-31,2015-09-01,3
run_20260811T162732Z_6bbfe89e,fixed_12m_2016,fixed_origin_12m_ex_ante,xgboost_recursive_b0,2016-07-01,7,3482544.0,4446509.5,,,5244965.0,963965.5,963965.5,2016,7,pre_pandemic,True,True,2015-12-31,2015-09-01,3
run_20260811T162732Z_6bbfe89e,fixed_12m_2016,fixed_origin_12m_ex_ante,xgboost_recursive_b0,2016-08-01,8,4565837.0,5337857.0,,,6748708.0,772020.0,772020.0,2016,8,pre_pandemic,True,True,2015-12-31,2015-09-01,3
run_20260811T162732Z_6bbfe89e,fixed_12m_2016,fixed_origin_12m_ex_ante,xgboost_recursive_b0,2016-09-01,9,4014930.0,4510519.0,,,5415322.0,495589.0,495589.0,2016,9,pre_pandemic,True,True,2015-12-31,2015-09-01,3
run_20260811T162732Z_6bbfe89e,fixed_12m_2016,fixed_origin_12m_ex_ante,xgboost_recursive_b0,2016-10-01,10,3190334.0,4225056.0,,,4293279.0,1034722.0,1034722.0,2016,10,pre_pandemic,True,True,2015-12-31,2015-09-01,3
run_20260811T162732Z_6bbfe89e,fixed_12m_2016,fixed_origin_12m_ex_ante,xgboost_recursive_b0,2016-11-01,11,1879625.0,1863115.625,,,2264373.0,-16509.375,16509.375,2016,11,pre_pandemic,True,True,2015-12-31,2015-09-01,3
run_20260811T162732Z_6bbfe89e,fixed_12m_2016,fixed_origin_12m_ex_ante,xgboost_recursive_b0,2016-12-01,12,1629471.0,1580976.375,,,1740546.0,-48494.625,48494.625,2016,12,pre_pandemic,True,True,2015-12-31,2015-09-01,3
run_20260811T162732Z_6bbfe89e,fixed_12m_2017,fixed_origin_12m_ex_ante,ridge_recursive_b0,2017-01-01,1,1568344.0,1671251.5937548059,,,1691287.0,102907.59375480586,102907.59375480586,2017,1,pre_pandemic,True,True,2016-12-31,2016-09-01,3
run_20260811T162732Z_6bbfe89e,fixed_12m_2017,fixed_origin_12m_ex_ante,ridge_recursive_b0,2017-02-01,2,1432342.0,2124024.120842563,,,1517504.0,691682.120842563,691682.120842563,2017,2,pre_pandemic,True,True,2016-12-31,2016-09-01,3
run_20260811T162732Z_6bbfe89e,fixed_12m_2017,fixed_origin_12m_ex_ante,ridge_recursive_b0,2017-03-01,3,1844076.0,2256199.285993262,,,1898762.0,412123.2859932622,412123.2859932622,2017,3,pre_pandemic,True,True,2016-12-31,2016-09-01,3
run_20260811T162732Z_6bbfe89e,fixed_12m_2017,fixed_origin_12m_ex_ante,ridge_recursive_b0,2017-04-01,4,2278538.0,2528096.44627135,,,2049238.0,249558.44627135014,249558.44627135014,2017,4,pre_pandemic,True,True,2016-12-31,2016-09-01,3
run_20260811T162732Z_6bbfe89e,fixed_12m_2017,fixed_origin_12m_ex_ante,ridge_recursive_b0,2017-05-01,5,3095282.0,3362133.565200467,,,2749648.0,266851.5652004671,266851.5652004671,2017,5,pre_pandemic,True,True,2016-12-31,2016-09-01,3
run_20260811T162732Z_6bbfe89e,fixed_12m_2017,fixed_origin_12m_ex_ante,ridge_recursive_b0,2017-06-01,6,3489572.0,4745995.024943518,,,2696149.0,1256423.0249435185,1256423.0249435185,2017,6,pre_pandemic,True,True,2016-12-31,2016-09-01,3
run_20260811T162732Z_6bbfe89e,fixed_12m_2017,fixed_origin_12m_ex_ante,ridge_recursive_b0,2017-07-01,7,5032488.0,4975303.617958352,,,3482544.0,-57184.38204164803,57184.38204164803,2017,7,pre_pandemic,True,True,2016-12-31,2016-09-01,3
run_20260811T162732Z_6bbfe89e,fixed_12m_2017,fixed_origin_12m_ex_ante,ridge_recursive_b0,2017-08-01,8,6323888.0,5784879.036143921,,,4565837.0,-539008.9638560787,539008.9638560787,2017,8,pre_pandemic,True,True,2016-12-31,2016-09-01,3
run_20260811T162732Z_6bbfe89e,fixed_12m_2017,fixed_origin_12m_ex_ante,ridge_recursive_b0,2017-09-01,9,5306888.0,5018544.56277302,,,4014930.0,-288343.43722698,288343.43722698,2017,9,pre_pandemic,True,True,2016-12-31,2016-09-01,3
run_20260811T162732Z_6bbfe89e,fixed_12m_2017,fixed_origin_12m_ex_ante,ridge_recursive_b0,2017-10-01,10,3913759.0,5170418.579004316,,,4161806.0,1256659.5790043157,1256659.5790043157,2017,10,pre_pandemic,True,True,2016-12-31,2016-09-01,3
run_20260811T162732Z_6bbfe89e,fixed_12m_2017,fixed_origin_12m_ex_ante,ridge_recursive_b0,2017-11-01,11,2293847.0,2632345.5181346345,,,2236998.0,338498.5181346345,338498.5181346345,2017,11,pre_pandemic,True,True,2016-12-31,2016-09-01,3
run_20260811T162732Z_6bbfe89e,fixed_12m_2017,fixed_origin_12m_ex_ante,ridge_recursive_b0,2017-12-01,12,2041323.0,1735337.6341683934,,,1713807.0,-305985.36583160656,305985.36583160656,2017,12,pre_pandemic,True,True,2016-12-31,2016-09-01,3
run_20260811T162732Z_6bbfe89e,fixed_12m_2017,fixed_origin_12m_ex_ante,hist_gradient_boosting_recursive_b0,2017-01-01,1,1568344.0,1331957.0549460908,,,1691287.0,-236386.9450539092,236386.9450539092,2017,1,pre_pandemic,True,True,2016-12-31,2016-09-01,3
run_20260811T162732Z_6bbfe89e,fixed_12m_2017,fixed_origin_12m_ex_ante,hist_gradient_boosting_recursive_b0,2017-02-01,2,1432342.0,1359766.7557711455,,,1517504.0,-72575.24422885454,72575.24422885454,2017,2,pre_pandemic,True,True,2016-12-31,2016-09-01,3
run_20260811T162732Z_6bbfe89e,fixed_12m_2017,fixed_origin_12m_ex_ante,hist_gradient_boosting_recursive_b0,2017-03-01,3,1844076.0,2135067.313265157,,,1898762.0,290991.31326515693,290991.31326515693,2017,3,pre_pandemic,True,True,2016-12-31,2016-09-01,3
run_20260811T162732Z_6bbfe89e,fixed_12m_2017,fixed_origin_12m_ex_ante,hist_gradient_boosting_recursive_b0,2017-04-01,4,2278538.0,2185768.240824771,,,2049238.0,-92769.75917522889,92769.75917522889,2017,4,pre_pandemic,True,True,2016-12-31,2016-09-01,3
run_20260811T162732Z_6bbfe89e,fixed_12m_2017,fixed_origin_12m_ex_ante,hist_gradient_boosting_recursive_b0,2017-05-01,5,3095282.0,3187551.386830841,,,2749648.0,92269.38683084119,92269.38683084119,2017,5,pre_pandemic,True,True,2016-12-31,2016-09-01,3
run_20260811T162732Z_6bbfe89e,fixed_12m_2017,fixed_origin_12m_ex_ante,hist_gradient_boosting_recursive_b0,2017-06-01,6,3489572.0,3140908.006253774,,,2696149.0,-348663.9937462262,348663.9937462262,2017,6,pre_pandemic,True,True,2016-12-31,2016-09-01,3
run_20260811T162732Z_6bbfe89e,fixed_12m_2017,fixed_origin_12m_ex_ante,hist_gradient_boosting_recursive_b0,2017-07-01,7,5032488.0,3854656.071186667,,,3482544.0,-1177831.9288133332,1177831.9288133332,2017,7,pre_pandemic,True,True,2016-12-31,2016-09-01,3
run_20260811T162732Z_6bbfe89e,fixed_12m_2017,fixed_origin_12m_ex_ante,hist_gradient_boosting_recursive_b0,2017-08-01,8,6323888.0,4852137.3920750385,,,4565837.0,-1471750.6079249615,1471750.6079249615,2017,8,pre_pandemic,True,True,2016-12-31,2016-09-01,3
run_20260811T162732Z_6bbfe89e,fixed_12m_2017,fixed_origin_12m_ex_ante,hist_gradient_boosting_recursive_b0,2017-09-01,9,5306888.0,4040050.925792951,,,4014930.0,-1266837.0742070489,1266837.0742070489,2017,9,pre_pandemic,True,True,2016-12-31,2016-09-01,3
run_20260811T162732Z_6bbfe89e,fixed_12m_2017,fixed_origin_12m_ex_ante,hist_gradient_boosting_recursive_b0,2017-10-01,10,3913759.0,4532023.716600746,,,4161806.0,618264.7166007459,618264.7166007459,2017,10,pre_pandemic,True,True,2016-12-31,2016-09-01,3
run_20260811T162732Z_6bbfe89e,fixed_12m_2017,fixed_origin_12m_ex_ante,hist_gradient_boosting_recursive_b0,2017-11-01,11,2293847.0,2313824.2658967143,,,2236998.0,19977.265896714292,19977.265896714292,2017,11,pre_pandemic,True,True,2016-12-31,2016-09-01,3
run_20260811T162732Z_6bbfe89e,fixed_12m_2017,fixed_origin_12m_ex_ante,hist_gradient_boosting_recursive_b0,2017-12-01,12,2041323.0,1520568.0717651008,,,1713807.0,-520754.9282348992,520754.9282348992,2017,12,pre_pandemic,True,True,2016-12-31,2016-09-01,3
run_20260811T162732Z_6bbfe89e,fixed_12m_2017,fixed_origin_12m_ex_ante,extra_trees_recursive_b0,2017-01-01,1,1568344.0,1388967.8268055571,,,1691287.0,-179376.17319444288,179376.17319444288,2017,1,pre_pandemic,True,True,2016-12-31,2016-09-01,3
run_20260811T162732Z_6bbfe89e,fixed_12m_2017,fixed_origin_12m_ex_ante,extra_trees_recursive_b0,2017-02-01,2,1432342.0,1271955.1025555562,,,1517504.0,-160386.89744444378,160386.89744444378,2017,2,pre_pandemic,True,True,2016-12-31,2016-09-01,3
run_20260811T162732Z_6bbfe89e,fixed_12m_2017,fixed_origin_12m_ex_ante,extra_trees_recursive_b0,2017-03-01,3,1844076.0,1687322.5288749994,,,1898762.0,-156753.47112500062,156753.47112500062,2017,3,pre_pandemic,True,True,2016-12-31,2016-09-01,3
run_20260811T162732Z_6bbfe89e,fixed_12m_2017,fixed_origin_12m_ex_ante,extra_trees_recursive_b0,2017-04-01,4,2278538.0,1947064.8624999998,,,2049238.0,-331473.1375000002,331473.1375000002,2017,4,pre_pandemic,True,True,2016-12-31,2016-09-01,3
run_20260811T162732Z_6bbfe89e,fixed_12m_2017,fixed_origin_12m_ex_ante,extra_trees_recursive_b0,2017-05-01,5,3095282.0,3012503.858583333,,,2749648.0,-82778.14141666703,82778.14141666703,2017,5,pre_pandemic,True,True,2016-12-31,2016-09-01,3
run_20260811T162732Z_6bbfe89e,fixed_12m_2017,fixed_origin_12m_ex_ante,extra_trees_recursive_b0,2017-06-01,6,3489572.0,3335093.4637500006,,,2696149.0,-154478.53624999942,154478.53624999942,2017,6,pre_pandemic,True,True,2016-12-31,2016-09-01,3
run_20260811T162732Z_6bbfe89e,fixed_12m_2017,fixed_origin_12m_ex_ante,extra_trees_recursive_b0,2017-07-01,7,5032488.0,4346221.713172624,,,3482544.0,-686266.2868273761,686266.2868273761,2017,7,pre_pandemic,True,True,2016-12-31,2016-09-01,3
run_20260811T162732Z_6bbfe89e,fixed_12m_2017,fixed_origin_12m_ex_ante,extra_trees_recursive_b0,2017-08-01,8,6323888.0,5141340.882500002,,,4565837.0,-1182547.1174999978,1182547.1174999978,2017,8,pre_pandemic,True,True,2016-12-31,2016-09-01,3
run_20260811T162732Z_6bbfe89e,fixed_12m_2017,fixed_origin_12m_ex_ante,extra_trees_recursive_b0,2017-09-01,9,5306888.0,4275480.863255952,,,4014930.0,-1031407.1367440484,1031407.1367440484,2017,9,pre_pandemic,True,True,2016-12-31,2016-09-01,3
run_20260811T162732Z_6bbfe89e,fixed_12m_2017,fixed_origin_12m_ex_ante,extra_trees_recursive_b0,2017-10-01,10,3913759.0,3731449.546041671,,,4161806.0,-182309.4539583288,182309.4539583288,2017,10,pre_pandemic,True,True,2016-12-31,2016-09-01,3
run_20260811T162732Z_6bbfe89e,fixed_12m_2017,fixed_origin_12m_ex_ante,extra_trees_recursive_b0,2017-11-01,11,2293847.0,1978491.5850000011,,,2236998.0,-315355.4149999989,315355.4149999989,2017,11,pre_pandemic,True,True,2016-12-31,2016-09-01,3
run_20260811T162732Z_6bbfe89e,fixed_12m_2017,fixed_origin_12m_ex_ante,extra_trees_recursive_b0,2017-12-01,12,2041323.0,1466861.8146666663,,,1713807.0,-574461.1853333337,574461.1853333337,2017,12,pre_pandemic,True,True,2016-12-31,2016-09-01,3
run_20260811T162732Z_6bbfe89e,fixed_12m_2017,fixed_origin_12m_ex_ante,xgboost_recursive_b0,2017-01-01,1,1568344.0,1359302.625,,,1691287.0,-209041.375,209041.375,2017,1,pre_pandemic,True,True,2016-12-31,2016-09-01,3
run_20260811T162732Z_6bbfe89e,fixed_12m_2017,fixed_origin_12m_ex_ante,xgboost_recursive_b0,2017-02-01,2,1432342.0,1164744.875,,,1517504.0,-267597.125,267597.125,2017,2,pre_pandemic,True,True,2016-12-31,2016-09-01,3
run_20260811T162732Z_6bbfe89e,fixed_12m_2017,fixed_origin_12m_ex_ante,xgboost_recursive_b0,2017-03-01,3,1844076.0,1504170.625,,,1898762.0,-339905.375,339905.375,2017,3,pre_pandemic,True,True,2016-12-31,2016-09-01,3
run_20260811T162732Z_6bbfe89e,fixed_12m_2017,fixed_origin_12m_ex_ante,xgboost_recursive_b0,2017-04-01,4,2278538.0,1652984.125,,,2049238.0,-625553.875,625553.875,2017,4,pre_pandemic,True,True,2016-12-31,2016-09-01,3
run_20260811T162732Z_6bbfe89e,fixed_12m_2017,fixed_origin_12m_ex_ante,xgboost_recursive_b0,2017-05-01,5,3095282.0,2742403.0,,,2749648.0,-352879.0,352879.0,2017,5,pre_pandemic,True,True,2016-12-31,2016-09-01,3
run_20260811T162732Z_6bbfe89e,fixed_12m_2017,fixed_origin_12m_ex_ante,xgboost_recursive_b0,2017-06-01,6,3489572.0,3047157.25,,,2696149.0,-442414.75,442414.75,2017,6,pre_pandemic,True,True,2016-12-31,2016-09-01,3
run_20260811T162732Z_6bbfe89e,fixed_12m_2017,fixed_origin_12m_ex_ante,xgboost_recursive_b0,2017-07-01,7,5032488.0,3406367.5,,,3482544.0,-1626120.5,1626120.5,2017,7,pre_pandemic,True,True,2016-12-31,2016-09-01,3
run_20260811T162732Z_6bbfe89e,fixed_12m_2017,fixed_origin_12m_ex_ante,xgboost_recursive_b0,2017-08-01,8,6323888.0,4852989.5,,,4565837.0,-1470898.5,1470898.5,2017,8,pre_pandemic,True,True,2016-12-31,2016-09-01,3
run_20260811T162732Z_6bbfe89e,fixed_12m_2017,fixed_origin_12m_ex_ante,xgboost_recursive_b0,2017-09-01,9,5306888.0,4052388.75,,,4014930.0,-1254499.25,1254499.25,2017,9,pre_pandemic,True,True,2016-12-31,2016-09-01,3
run_20260811T162732Z_6bbfe89e,fixed_12m_2017,fixed_origin_12m_ex_ante,xgboost_recursive_b0,2017-10-01,10,3913759.0,4193720.75,,,4161806.0,279961.75,279961.75,2017,10,pre_pandemic,True,True,2016-12-31,2016-09-01,3
run_20260811T162732Z_6bbfe89e,fixed_12m_2017,fixed_origin_12m_ex_ante,xgboost_recursive_b0,2017-11-01,11,2293847.0,2114399.0,,,2236998.0,-179448.0,179448.0,2017,11,pre_pandemic,True,True,2016-12-31,2016-09-01,3
run_20260811T162732Z_6bbfe89e,fixed_12m_2017,fixed_origin_12m_ex_ante,xgboost_recursive_b0,2017-12-01,12,2041323.0,1444250.25,,,1713807.0,-597072.75,597072.75,2017,12,pre_pandemic,True,True,2016-12-31,2016-09-01,3
run_20260811T162732Z_6bbfe89e,fixed_12m_2018,fixed_origin_12m_ex_ante,ridge_recursive_b0,2018-01-01,1,2045341.0,2730494.3268158915,,,1568344.0,685153.3268158915,685153.3268158915,2018,1,pre_pandemic,True,True,2017-12-31,2017-09-01,3
run_20260811T162732Z_6bbfe89e,fixed_12m_2018,fixed_origin_12m_ex_ante,ridge_recursive_b0,2018-02-01,2,1806822.0,2209007.7668735962,,,1432342.0,402185.76687359624,402185.76687359624,2018,2,pre_pandemic,True,True,2017-12-31,2017-09-01,3
run_20260811T162732Z_6bbfe89e,fixed_12m_2018,fixed_origin_12m_ex_ante,ridge_recursive_b0,2018-03-01,3,2270019.0,2570044.5425248677,,,1844076.0,300025.5425248677,300025.5425248677,2018,3,pre_pandemic,True,True,2017-12-31,2017-09-01,3
run_20260811T162732Z_6bbfe89e,fixed_12m_2018,fixed_origin_12m_ex_ante,ridge_recursive_b0,2018-04-01,4,2870569.0,3032896.0714081195,,,2278538.0,162327.07140811952,162327.07140811952,2018,4,pre_pandemic,True,True,2017-12-31,2017-09-01,3
run_20260811T162732Z_6bbfe89e,fixed_12m_2018,fixed_origin_12m_ex_ante,ridge_recursive_b0,2018-05-01,5,3790524.0,5576926.338228507,,,3095282.0,1786402.338228507,1786402.338228507,2018,5,pre_pandemic,True,True,2017-12-31,2017-09-01,3
run_20260811T162732Z_6bbfe89e,fixed_12m_2018,fixed_origin_12m_ex_ante,ridge_recursive_b0,2018-06-01,6,4406894.0,5513942.495045518,,,3489572.0,1107048.4950455176,1107048.4950455176,2018,6,pre_pandemic,True,True,2017-12-31,2017-09-01,3
run_20260811T162732Z_6bbfe89e,fixed_12m_2018,fixed_origin_12m_ex_ante,ridge_recursive_b0,2018-07-01,7,5712975.0,5767501.698900892,,,5032488.0,54526.6989008924,54526.6989008924,2018,7,pre_pandemic,True,True,2017-12-31,2017-09-01,3
run_20260811T162732Z_6bbfe89e,fixed_12m_2018,fixed_origin_12m_ex_ante,ridge_recursive_b0,2018-08-01,8,7052433.0,6533500.828774857,,,6323888.0,-518932.17122514267,518932.17122514267,2018,8,pre_pandemic,True,True,2017-12-31,2017-09-01,3
run_20260811T162732Z_6bbfe89e,fixed_12m_2018,fixed_origin_12m_ex_ante,ridge_recursive_b0,2018-09-01,9,6021357.0,6951386.200404883,,,5306888.0,930029.2004048834,930029.2004048834,2018,9,pre_pandemic,True,True,2017-12-31,2017-09-01,3
run_20260811T162732Z_6bbfe89e,fixed_12m_2018,fixed_origin_12m_ex_ante,ridge_recursive_b0,2018-10-01,10,4791439.0,5232854.190256511,,,3190334.0,441415.19025651086,441415.19025651086,2018,10,pre_pandemic,True,True,2017-12-31,2017-09-01,3
run_20260811T162732Z_6bbfe89e,fixed_12m_2018,fixed_origin_12m_ex_ante,ridge_recursive_b0,2018-11-01,11,2679420.0,2232713.670431699,,,1879625.0,-446706.32956830086,446706.32956830086,2018,11,pre_pandemic,True,True,2017-12-31,2017-09-01,3
run_20260811T162732Z_6bbfe89e,fixed_12m_2018,fixed_origin_12m_ex_ante,ridge_recursive_b0,2018-12-01,12,2180881.0,1823651.2888998468,,,1629471.0,-357229.71110015316,357229.71110015316,2018,12,pre_pandemic,True,True,2017-12-31,2017-09-01,3
run_20260811T162732Z_6bbfe89e,fixed_12m_2018,fixed_origin_12m_ex_ante,hist_gradient_boosting_recursive_b0,2018-01-01,1,2045341.0,1743940.8851863854,,,1568344.0,-301400.11481361464,301400.11481361464,2018,1,pre_pandemic,True,True,2017-12-31,2017-09-01,3
run_20260811T162732Z_6bbfe89e,fixed_12m_2018,fixed_origin_12m_ex_ante,hist_gradient_boosting_recursive_b0,2018-02-01,2,1806822.0,1573053.3344358376,,,1432342.0,-233768.66556416242,233768.66556416242,2018,2,pre_pandemic,True,True,2017-12-31,2017-09-01,3
run_20260811T162732Z_6bbfe89e,fixed_12m_2018,fixed_origin_12m_ex_ante,hist_gradient_boosting_recursive_b0,2018-03-01,3,2270019.0,1821362.860287734,,,1844076.0,-448656.1397122659,448656.1397122659,2018,3,pre_pandemic,True,True,2017-12-31,2017-09-01,3
run_20260811T162732Z_6bbfe89e,fixed_12m_2018,fixed_origin_12m_ex_ante,hist_gradient_boosting_recursive_b0,2018-04-01,4,2870569.0,2300829.1973117697,,,2278538.0,-569739.8026882303,569739.8026882303,2018,4,pre_pandemic,True,True,2017-12-31,2017-09-01,3
run_20260811T162732Z_6bbfe89e,fixed_12m_2018,fixed_origin_12m_ex_ante,hist_gradient_boosting_recursive_b0,2018-05-01,5,3790524.0,3372094.8371601603,,,3095282.0,-418429.1628398397,418429.1628398397,2018,5,pre_pandemic,True,True,2017-12-31,2017-09-01,3
run_20260811T162732Z_6bbfe89e,fixed_12m_2018,fixed_origin_12m_ex_ante,hist_gradient_boosting_recursive_b0,2018-06-01,6,4406894.0,3611601.350524634,,,3489572.0,-795292.6494753659,795292.6494753659,2018,6,pre_pandemic,True,True,2017-12-31,2017-09-01,3
run_20260811T162732Z_6bbfe89e,fixed_12m_2018,fixed_origin_12m_ex_ante,hist_gradient_boosting_recursive_b0,2018-07-01,7,5712975.0,4191987.143991928,,,5032488.0,-1520987.856008072,1520987.856008072,2018,7,pre_pandemic,True,True,2017-12-31,2017-09-01,3
run_20260811T162732Z_6bbfe89e,fixed_12m_2018,fixed_origin_12m_ex_ante,hist_gradient_boosting_recursive_b0,2018-08-01,8,7052433.0,4713674.581251537,,,6323888.0,-2338758.4187484626,2338758.4187484626,2018,8,pre_pandemic,True,True,2017-12-31,2017-09-01,3
run_20260811T162732Z_6bbfe89e,fixed_12m_2018,fixed_origin_12m_ex_ante,hist_gradient_boosting_recursive_b0,2018-09-01,9,6021357.0,4709687.897160799,,,5306888.0,-1311669.1028392008,1311669.1028392008,2018,9,pre_pandemic,True,True,2017-12-31,2017-09-01,3
run_20260811T162732Z_6bbfe89e,fixed_12m_2018,fixed_origin_12m_ex_ante,hist_gradient_boosting_recursive_b0,2018-10-01,10,4791439.0,4698576.628315307,,,3190334.0,-92862.3716846928,92862.3716846928,2018,10,pre_pandemic,True,True,2017-12-31,2017-09-01,3
run_20260811T162732Z_6bbfe89e,fixed_12m_2018,fixed_origin_12m_ex_ante,hist_gradient_boosting_recursive_b0,2018-11-01,11,2679420.0,1947217.1891398998,,,1879625.0,-732202.8108601002,732202.8108601002,2018,11,pre_pandemic,True,True,2017-12-31,2017-09-01,3
run_20260811T162732Z_6bbfe89e,fixed_12m_2018,fixed_origin_12m_ex_ante,hist_gradient_boosting_recursive_b0,2018-12-01,12,2180881.0,1458215.7243918288,,,1629471.0,-722665.2756081712,722665.2756081712,2018,12,pre_pandemic,True,True,2017-12-31,2017-09-01,3
run_20260811T162732Z_6bbfe89e,fixed_12m_2018,fixed_origin_12m_ex_ante,extra_trees_recursive_b0,2018-01-01,1,2045341.0,1510814.4854293084,,,1568344.0,-534526.5145706916,534526.5145706916,2018,1,pre_pandemic,True,True,2017-12-31,2017-09-01,3
run_20260811T162732Z_6bbfe89e,fixed_12m_2018,fixed_origin_12m_ex_ante,extra_trees_recursive_b0,2018-02-01,2,1806822.0,1432729.5032654684,,,1432342.0,-374092.4967345316,374092.4967345316,2018,2,pre_pandemic,True,True,2017-12-31,2017-09-01,3
run_20260811T162732Z_6bbfe89e,fixed_12m_2018,fixed_origin_12m_ex_ante,extra_trees_recursive_b0,2018-03-01,3,2270019.0,1756661.0712076586,,,1844076.0,-513357.9287923414,513357.9287923414,2018,3,pre_pandemic,True,True,2017-12-31,2017-09-01,3
run_20260811T162732Z_6bbfe89e,fixed_12m_2018,fixed_origin_12m_ex_ante,extra_trees_recursive_b0,2018-04-01,4,2870569.0,2084136.7497056157,,,2278538.0,-786432.2502943843,786432.2502943843,2018,4,pre_pandemic,True,True,2017-12-31,2017-09-01,3
run_20260811T162732Z_6bbfe89e,fixed_12m_2018,fixed_origin_12m_ex_ante,extra_trees_recursive_b0,2018-05-01,5,3790524.0,3208261.9842146854,,,3095282.0,-582262.0157853146,582262.0157853146,2018,5,pre_pandemic,True,True,2017-12-31,2017-09-01,3
run_20260811T162732Z_6bbfe89e,fixed_12m_2018,fixed_origin_12m_ex_ante,extra_trees_recursive_b0,2018-06-01,6,4406894.0,3534471.656902758,,,3489572.0,-872422.3430972421,872422.3430972421,2018,6,pre_pandemic,True,True,2017-12-31,2017-09-01,3
run_20260811T162732Z_6bbfe89e,fixed_12m_2018,fixed_origin_12m_ex_ante,extra_trees_recursive_b0,2018-07-01,7,5712975.0,4538015.802385342,,,5032488.0,-1174959.1976146577,1174959.1976146577,2018,7,pre_pandemic,True,True,2017-12-31,2017-09-01,3
run_20260811T162732Z_6bbfe89e,fixed_12m_2018,fixed_origin_12m_ex_ante,extra_trees_recursive_b0,2018-08-01,8,7052433.0,5554737.234018933,,,6323888.0,-1497695.765981067,1497695.765981067,2018,8,pre_pandemic,True,True,2017-12-31,2017-09-01,3
run_20260811T162732Z_6bbfe89e,fixed_12m_2018,fixed_origin_12m_ex_ante,extra_trees_recursive_b0,2018-09-01,9,6021357.0,4710605.182695748,,,5306888.0,-1310751.8173042517,1310751.8173042517,2018,9,pre_pandemic,True,True,2017-12-31,2017-09-01,3
run_20260811T162732Z_6bbfe89e,fixed_12m_2018,fixed_origin_12m_ex_ante,extra_trees_recursive_b0,2018-10-01,10,4791439.0,3740934.7465065247,,,3190334.0,-1050504.2534934753,1050504.2534934753,2018,10,pre_pandemic,True,True,2017-12-31,2017-09-01,3
run_20260811T162732Z_6bbfe89e,fixed_12m_2018,fixed_origin_12m_ex_ante,extra_trees_recursive_b0,2018-11-01,11,2679420.0,2037853.150320581,,,1879625.0,-641566.8496794191,641566.8496794191,2018,11,pre_pandemic,True,True,2017-12-31,2017-09-01,3
run_20260811T162732Z_6bbfe89e,fixed_12m_2018,fixed_origin_12m_ex_ante,extra_trees_recursive_b0,2018-12-01,12,2180881.0,1525781.0876887483,,,1629471.0,-655099.9123112517,655099.9123112517,2018,12,pre_pandemic,True,True,2017-12-31,2017-09-01,3
run_20260811T162732Z_6bbfe89e,fixed_12m_2018,fixed_origin_12m_ex_ante,xgboost_recursive_b0,2018-01-01,1,2045341.0,1632340.375,,,1568344.0,-413000.625,413000.625,2018,1,pre_pandemic,True,True,2017-12-31,2017-09-01,3
run_20260811T162732Z_6bbfe89e,fixed_12m_2018,fixed_origin_12m_ex_ante,xgboost_recursive_b0,2018-02-01,2,1806822.0,1528435.375,,,1432342.0,-278386.625,278386.625,2018,2,pre_pandemic,True,True,2017-12-31,2017-09-01,3
run_20260811T162732Z_6bbfe89e,fixed_12m_2018,fixed_origin_12m_ex_ante,xgboost_recursive_b0,2018-03-01,3,2270019.0,1764692.5,,,1844076.0,-505326.5,505326.5,2018,3,pre_pandemic,True,True,2017-12-31,2017-09-01,3
run_20260811T162732Z_6bbfe89e,fixed_12m_2018,fixed_origin_12m_ex_ante,xgboost_recursive_b0,2018-04-01,4,2870569.0,1967563.625,,,2278538.0,-903005.375,903005.375,2018,4,pre_pandemic,True,True,2017-12-31,2017-09-01,3
run_20260811T162732Z_6bbfe89e,fixed_12m_2018,fixed_origin_12m_ex_ante,xgboost_recursive_b0,2018-05-01,5,3790524.0,3322939.5,,,3095282.0,-467584.5,467584.5,2018,5,pre_pandemic,True,True,2017-12-31,2017-09-01,3
run_20260811T162732Z_6bbfe89e,fixed_12m_2018,fixed_origin_12m_ex_ante,xgboost_recursive_b0,2018-06-01,6,4406894.0,3553360.0,,,3489572.0,-853534.0,853534.0,2018,6,pre_pandemic,True,True,2017-12-31,2017-09-01,3
run_20260811T162732Z_6bbfe89e,fixed_12m_2018,fixed_origin_12m_ex_ante,xgboost_recursive_b0,2018-07-01,7,5712975.0,4057844.75,,,5032488.0,-1655130.25,1655130.25,2018,7,pre_pandemic,True,True,2017-12-31,2017-09-01,3
run_20260811T162732Z_6bbfe89e,fixed_12m_2018,fixed_origin_12m_ex_ante,xgboost_recursive_b0,2018-08-01,8,7052433.0,4392543.0,,,6323888.0,-2659890.0,2659890.0,2018,8,pre_pandemic,True,True,2017-12-31,2017-09-01,3
run_20260811T162732Z_6bbfe89e,fixed_12m_2018,fixed_origin_12m_ex_ante,xgboost_recursive_b0,2018-09-01,9,6021357.0,4234467.5,,,5306888.0,-1786889.5,1786889.5,2018,9,pre_pandemic,True,True,2017-12-31,2017-09-01,3
run_20260811T162732Z_6bbfe89e,fixed_12m_2018,fixed_origin_12m_ex_ante,xgboost_recursive_b0,2018-10-01,10,4791439.0,4669755.0,,,3190334.0,-121684.0,121684.0,2018,10,pre_pandemic,True,True,2017-12-31,2017-09-01,3
run_20260811T162732Z_6bbfe89e,fixed_12m_2018,fixed_origin_12m_ex_ante,xgboost_recursive_b0,2018-11-01,11,2679420.0,1893856.375,,,1879625.0,-785563.625,785563.625,2018,11,pre_pandemic,True,True,2017-12-31,2017-09-01,3
run_20260811T162732Z_6bbfe89e,fixed_12m_2018,fixed_origin_12m_ex_ante,xgboost_recursive_b0,2018-12-01,12,2180881.0,1583431.0,,,1629471.0,-597450.0,597450.0,2018,12,pre_pandemic,True,True,2017-12-31,2017-09-01,3
run_20260811T162732Z_6bbfe89e,fixed_12m_2019,fixed_origin_12m_ex_ante,ridge_recursive_b0,2019-01-01,1,2226288.0,1577219.550862364,,,2045341.0,-649068.449137636,649068.449137636,2019,1,pre_pandemic,True,True,2018-12-31,2018-09-01,3
run_20260811T162732Z_6bbfe89e,fixed_12m_2019,fixed_origin_12m_ex_ante,ridge_recursive_b0,2019-02-01,2,1944957.0,2138031.666882278,,,1806822.0,193074.66688227793,193074.66688227793,2019,2,pre_pandemic,True,True,2018-12-31,2018-09-01,3
run_20260811T162732Z_6bbfe89e,fixed_12m_2019,fixed_origin_12m_ex_ante,ridge_recursive_b0,2019-03-01,3,2473147.0,2590672.1192323044,,,2270019.0,117525.1192323044,117525.1192323044,2019,3,pre_pandemic,True,True,2018-12-31,2018-09-01,3
run_20260811T162732Z_6bbfe89e,fixed_12m_2019,fixed_origin_12m_ex_ante,ridge_recursive_b0,2019-04-01,4,3266256.0,3022683.53381141,,,2870569.0,-243572.46618859004,243572.46618859004,2019,4,pre_pandemic,True,True,2018-12-31,2018-09-01,3
run_20260811T162732Z_6bbfe89e,fixed_12m_2019,fixed_origin_12m_ex_ante,ridge_recursive_b0,2019-05-01,5,4219837.0,3207482.4952367875,,,3790524.0,-1012354.5047632125,1012354.5047632125,2019,5,pre_pandemic,True,True,2018-12-31,2018-09-01,3
run_20260811T162732Z_6bbfe89e,fixed_12m_2019,fixed_origin_12m_ex_ante,ridge_recursive_b0,2019-06-01,6,5276253.0,4193149.880382378,,,4406894.0,-1083103.1196176219,1083103.1196176219,2019,6,pre_pandemic,True,True,2018-12-31,2018-09-01,3
run_20260811T162732Z_6bbfe89e,fixed_12m_2019,fixed_origin_12m_ex_ante,ridge_recursive_b0,2019-07-01,7,6703045.0,4755832.086572113,,,5712975.0,-1947212.9134278866,1947212.9134278866,2019,7,pre_pandemic,True,True,2018-12-31,2018-09-01,3
run_20260811T162732Z_6bbfe89e,fixed_12m_2019,fixed_origin_12m_ex_ante,ridge_recursive_b0,2019-08-01,8,8167150.0,4933233.438382262,,,7052433.0,-3233916.5616177376,3233916.5616177376,2019,8,pre_pandemic,True,True,2018-12-31,2018-09-01,3
run_20260811T162732Z_6bbfe89e,fixed_12m_2019,fixed_origin_12m_ex_ante,ridge_recursive_b0,2019-09-01,9,6741769.0,4112019.961088534,,,6021357.0,-2629749.038911466,2629749.038911466,2019,9,pre_pandemic,True,True,2018-12-31,2018-09-01,3
run_20260811T162732Z_6bbfe89e,fixed_12m_2019,fixed_origin_12m_ex_ante,ridge_recursive_b0,2019-10-01,10,5437494.0,3826240.6211927924,,,3913759.0,-1611253.3788072076,1611253.3788072076,2019,10,pre_pandemic,True,True,2018-12-31,2018-09-01,3
run_20260811T162732Z_6bbfe89e,fixed_12m_2019,fixed_origin_12m_ex_ante,ridge_recursive_b0,2019-11-01,11,3005517.0,2282947.4458528687,,,2293847.0,-722569.5541471313,722569.5541471313,2019,11,pre_pandemic,True,True,2018-12-31,2018-09-01,3
run_20260811T162732Z_6bbfe89e,fixed_12m_2019,fixed_origin_12m_ex_ante,ridge_recursive_b0,2019-12-01,12,2398329.0,1658975.6402320978,,,2041323.0,-739353.3597679022,739353.3597679022,2019,12,pre_pandemic,True,True,2018-12-31,2018-09-01,3
run_20260811T162732Z_6bbfe89e,fixed_12m_2019,fixed_origin_12m_ex_ante,hist_gradient_boosting_recursive_b0,2019-01-01,1,2226288.0,1793467.4565408726,,,2045341.0,-432820.5434591274,432820.5434591274,2019,1,pre_pandemic,True,True,2018-12-31,2018-09-01,3
run_20260811T162732Z_6bbfe89e,fixed_12m_2019,fixed_origin_12m_ex_ante,hist_gradient_boosting_recursive_b0,2019-02-01,2,1944957.0,1527846.109523777,,,1806822.0,-417110.8904762231,417110.8904762231,2019,2,pre_pandemic,True,True,2018-12-31,2018-09-01,3
run_20260811T162732Z_6bbfe89e,fixed_12m_2019,fixed_origin_12m_ex_ante,hist_gradient_boosting_recursive_b0,2019-03-01,3,2473147.0,1872807.4797035763,,,2270019.0,-600339.5202964237,600339.5202964237,2019,3,pre_pandemic,True,True,2018-12-31,2018-09-01,3
run_20260811T162732Z_6bbfe89e,fixed_12m_2019,fixed_origin_12m_ex_ante,hist_gradient_boosting_recursive_b0,2019-04-01,4,3266256.0,2247365.2310098414,,,2870569.0,-1018890.7689901586,1018890.7689901586,2019,4,pre_pandemic,True,True,2018-12-31,2018-09-01,3
run_20260811T162732Z_6bbfe89e,fixed_12m_2019,fixed_origin_12m_ex_ante,hist_gradient_boosting_recursive_b0,2019-05-01,5,4219837.0,3075980.3685033955,,,3790524.0,-1143856.6314966045,1143856.6314966045,2019,5,pre_pandemic,True,True,2018-12-31,2018-09-01,3
run_20260811T162732Z_6bbfe89e,fixed_12m_2019,fixed_origin_12m_ex_ante,hist_gradient_boosting_recursive_b0,2019-06-01,6,5276253.0,3682526.0276616,,,4406894.0,-1593726.9723383998,1593726.9723383998,2019,6,pre_pandemic,True,True,2018-12-31,2018-09-01,3
run_20260811T162732Z_6bbfe89e,fixed_12m_2019,fixed_origin_12m_ex_ante,hist_gradient_boosting_recursive_b0,2019-07-01,7,6703045.0,3767939.451830396,,,5712975.0,-2935105.548169604,2935105.548169604,2019,7,pre_pandemic,True,True,2018-12-31,2018-09-01,3
run_20260811T162732Z_6bbfe89e,fixed_12m_2019,fixed_origin_12m_ex_ante,hist_gradient_boosting_recursive_b0,2019-08-01,8,8167150.0,4321412.051920724,,,7052433.0,-3845737.948079276,3845737.948079276,2019,8,pre_pandemic,True,True,2018-12-31,2018-09-01,3
run_20260811T162732Z_6bbfe89e,fixed_12m_2019,fixed_origin_12m_ex_ante,hist_gradient_boosting_recursive_b0,2019-09-01,9,6741769.0,4066279.0137044117,,,6021357.0,-2675489.9862955883,2675489.9862955883,2019,9,pre_pandemic,True,True,2018-12-31,2018-09-01,3
run_20260811T162732Z_6bbfe89e,fixed_12m_2019,fixed_origin_12m_ex_ante,hist_gradient_boosting_recursive_b0,2019-10-01,10,5437494.0,4049369.143558329,,,3913759.0,-1388124.856441671,1388124.856441671,2019,10,pre_pandemic,True,True,2018-12-31,2018-09-01,3
run_20260811T162732Z_6bbfe89e,fixed_12m_2019,fixed_origin_12m_ex_ante,hist_gradient_boosting_recursive_b0,2019-11-01,11,3005517.0,1667370.9086188523,,,2293847.0,-1338146.0913811477,1338146.0913811477,2019,11,pre_pandemic,True,True,2018-12-31,2018-09-01,3
run_20260811T162732Z_6bbfe89e,fixed_12m_2019,fixed_origin_12m_ex_ante,hist_gradient_boosting_recursive_b0,2019-12-01,12,2398329.0,1657433.0442218904,,,2041323.0,-740895.9557781096,740895.9557781096,2019,12,pre_pandemic,True,True,2018-12-31,2018-09-01,3
run_20260811T162732Z_6bbfe89e,fixed_12m_2019,fixed_origin_12m_ex_ante,extra_trees_recursive_b0,2019-01-01,1,2226288.0,1662148.9622517582,,,2045341.0,-564139.0377482418,564139.0377482418,2019,1,pre_pandemic,True,True,2018-12-31,2018-09-01,3
run_20260811T162732Z_6bbfe89e,fixed_12m_2019,fixed_origin_12m_ex_ante,extra_trees_recursive_b0,2019-02-01,2,1944957.0,1549006.3867192096,,,1806822.0,-395950.6132807904,395950.6132807904,2019,2,pre_pandemic,True,True,2018-12-31,2018-09-01,3
run_20260811T162732Z_6bbfe89e,fixed_12m_2019,fixed_origin_12m_ex_ante,extra_trees_recursive_b0,2019-03-01,3,2473147.0,1816607.9322208106,,,2270019.0,-656539.0677791894,656539.0677791894,2019,3,pre_pandemic,True,True,2018-12-31,2018-09-01,3
run_20260811T162732Z_6bbfe89e,fixed_12m_2019,fixed_origin_12m_ex_ante,extra_trees_recursive_b0,2019-04-01,4,3266256.0,2154698.817550198,,,2870569.0,-1111557.1824498018,1111557.1824498018,2019,4,pre_pandemic,True,True,2018-12-31,2018-09-01,3
run_20260811T162732Z_6bbfe89e,fixed_12m_2019,fixed_origin_12m_ex_ante,extra_trees_recursive_b0,2019-05-01,5,4219837.0,3265537.844730856,,,3790524.0,-954299.1552691441,954299.1552691441,2019,5,pre_pandemic,True,True,2018-12-31,2018-09-01,3
run_20260811T162732Z_6bbfe89e,fixed_12m_2019,fixed_origin_12m_ex_ante,extra_trees_recursive_b0,2019-06-01,6,5276253.0,3574610.4339962364,,,4406894.0,-1701642.5660037636,1701642.5660037636,2019,6,pre_pandemic,True,True,2018-12-31,2018-09-01,3
run_20260811T162732Z_6bbfe89e,fixed_12m_2019,fixed_origin_12m_ex_ante,extra_trees_recursive_b0,2019-07-01,7,6703045.0,4646976.677844576,,,5712975.0,-2056068.3221554244,2056068.3221554244,2019,7,pre_pandemic,True,True,2018-12-31,2018-09-01,3
run_20260811T162732Z_6bbfe89e,fixed_12m_2019,fixed_origin_12m_ex_ante,extra_trees_recursive_b0,2019-08-01,8,8167150.0,5657869.076681431,,,7052433.0,-2509280.9233185686,2509280.9233185686,2019,8,pre_pandemic,True,True,2018-12-31,2018-09-01,3
run_20260811T162732Z_6bbfe89e,fixed_12m_2019,fixed_origin_12m_ex_ante,extra_trees_recursive_b0,2019-09-01,9,6741769.0,4834559.818786254,,,6021357.0,-1907209.1812137458,1907209.1812137458,2019,9,pre_pandemic,True,True,2018-12-31,2018-09-01,3
run_20260811T162732Z_6bbfe89e,fixed_12m_2019,fixed_origin_12m_ex_ante,extra_trees_recursive_b0,2019-10-01,10,5437494.0,3770282.867376811,,,3913759.0,-1667211.1326231891,1667211.1326231891,2019,10,pre_pandemic,True,True,2018-12-31,2018-09-01,3
run_20260811T162732Z_6bbfe89e,fixed_12m_2019,fixed_origin_12m_ex_ante,extra_trees_recursive_b0,2019-11-01,11,3005517.0,2052607.9235880205,,,2293847.0,-952909.0764119795,952909.0764119795,2019,11,pre_pandemic,True,True,2018-12-31,2018-09-01,3
run_20260811T162732Z_6bbfe89e,fixed_12m_2019,fixed_origin_12m_ex_ante,extra_trees_recursive_b0,2019-12-01,12,2398329.0,1628740.123172873,,,2041323.0,-769588.8768271271,769588.8768271271,2019,12,pre_pandemic,True,True,2018-12-31,2018-09-01,3
run_20260811T162732Z_6bbfe89e,fixed_12m_2019,fixed_origin_12m_ex_ante,xgboost_recursive_b0,2019-01-01,1,2226288.0,1809273.125,,,2045341.0,-417014.875,417014.875,2019,1,pre_pandemic,True,True,2018-12-31,2018-09-01,3
run_20260811T162732Z_6bbfe89e,fixed_12m_2019,fixed_origin_12m_ex_ante,xgboost_recursive_b0,2019-02-01,2,1944957.0,1683387.5,,,1806822.0,-261569.5,261569.5,2019,2,pre_pandemic,True,True,2018-12-31,2018-09-01,3
run_20260811T162732Z_6bbfe89e,fixed_12m_2019,fixed_origin_12m_ex_ante,xgboost_recursive_b0,2019-03-01,3,2473147.0,1902913.625,,,2270019.0,-570233.375,570233.375,2019,3,pre_pandemic,True,True,2018-12-31,2018-09-01,3
run_20260811T162732Z_6bbfe89e,fixed_12m_2019,fixed_origin_12m_ex_ante,xgboost_recursive_b0,2019-04-01,4,3266256.0,2142482.0,,,2870569.0,-1123774.0,1123774.0,2019,4,pre_pandemic,True,True,2018-12-31,2018-09-01,3
run_20260811T162732Z_6bbfe89e,fixed_12m_2019,fixed_origin_12m_ex_ante,xgboost_recursive_b0,2019-05-01,5,4219837.0,3271318.75,,,3790524.0,-948518.25,948518.25,2019,5,pre_pandemic,True,True,2018-12-31,2018-09-01,3
run_20260811T162732Z_6bbfe89e,fixed_12m_2019,fixed_origin_12m_ex_ante,xgboost_recursive_b0,2019-06-01,6,5276253.0,3565825.0,,,4406894.0,-1710428.0,1710428.0,2019,6,pre_pandemic,True,True,2018-12-31,2018-09-01,3
run_20260811T162732Z_6bbfe89e,fixed_12m_2019,fixed_origin_12m_ex_ante,xgboost_recursive_b0,2019-07-01,7,6703045.0,3960487.0,,,5712975.0,-2742558.0,2742558.0,2019,7,pre_pandemic,True,True,2018-12-31,2018-09-01,3
run_20260811T162732Z_6bbfe89e,fixed_12m_2019,fixed_origin_12m_ex_ante,xgboost_recursive_b0,2019-08-01,8,8167150.0,4556684.5,,,7052433.0,-3610465.5,3610465.5,2019,8,pre_pandemic,True,True,2018-12-31,2018-09-01,3
run_20260811T162732Z_6bbfe89e,fixed_12m_2019,fixed_origin_12m_ex_ante,xgboost_recursive_b0,2019-09-01,9,6741769.0,4250094.5,,,6021357.0,-2491674.5,2491674.5,2019,9,pre_pandemic,True,True,2018-12-31,2018-09-01,3
run_20260811T162732Z_6bbfe89e,fixed_12m_2019,fixed_origin_12m_ex_ante,xgboost_recursive_b0,2019-10-01,10,5437494.0,4568069.0,,,3913759.0,-869425.0,869425.0,2019,10,pre_pandemic,True,True,2018-12-31,2018-09-01,3
run_20260811T162732Z_6bbfe89e,fixed_12m_2019,fixed_origin_12m_ex_ante,xgboost_recursive_b0,2019-11-01,11,3005517.0,1971219.5,,,2293847.0,-1034297.5,1034297.5,2019,11,pre_pandemic,True,True,2018-12-31,2018-09-01,3
run_20260811T162732Z_6bbfe89e,fixed_12m_2019,fixed_origin_12m_ex_ante,xgboost_recursive_b0,2019-12-01,12,2398329.0,1673411.75,,,2041323.0,-724917.25,724917.25,2019,12,pre_pandemic,True,True,2018-12-31,2018-09-01,3
run_20260811T162732Z_6bbfe89e,fixed_12m_2020,fixed_origin_12m_ex_ante,ridge_recursive_b0,2020-01-01,1,2529423.0,2238742.562541685,,,2226288.0,-290680.43745831493,290680.43745831493,2020,1,pre_pandemic,True,True,2019-12-31,2019-09-01,3
run_20260811T162732Z_6bbfe89e,fixed_12m_2020,fixed_origin_12m_ex_ante,ridge_recursive_b0,2020-02-01,2,2051923.0,1661575.027230932,,,1944957.0,-390347.9727690681,390347.9727690681,2020,2,pre_pandemic,True,True,2019-12-31,2019-09-01,3
run_20260811T162732Z_6bbfe89e,fixed_12m_2020,fixed_origin_12m_ex_ante,ridge_recursive_b0,2020-03-01,3,1058068.0,2003999.2724041962,,,2473147.0,945931.2724041962,945931.2724041962,2020,3,pandemic_shock,True,True,2019-12-31,2019-09-01,3
run_20260811T162732Z_6bbfe89e,fixed_12m_2020,fixed_origin_12m_ex_ante,ridge_recursive_b0,2020-04-01,4,,2588426.7442590655,,,3266256.0,,,2020,4,pandemic_shock,False,False,2019-12-31,2019-09-01,3
run_20260811T162732Z_6bbfe89e,fixed_12m_2020,fixed_origin_12m_ex_ante,ridge_recursive_b0,2020-05-01,5,,3530654.9160469384,,,4219837.0,,,2020,5,pandemic_shock,False,False,2019-12-31,2019-09-01,3
run_20260811T162732Z_6bbfe89e,fixed_12m_2020,fixed_origin_12m_ex_ante,ridge_recursive_b0,2020-06-01,6,,3688777.5512482966,,,5276253.0,,,2020,6,pandemic_shock,False,False,2019-12-31,2019-09-01,3
run_20260811T162732Z_6bbfe89e,fixed_12m_2020,fixed_origin_12m_ex_ante,ridge_recursive_b0,2020-07-01,7,777043.0,4334896.3241927065,,,6703045.0,3557853.3241927065,3557853.3241927065,2020,7,pandemic_shock,True,True,2019-12-31,2019-09-01,3
run_20260811T162732Z_6bbfe89e,fixed_12m_2020,fixed_origin_12m_ex_ante,ridge_recursive_b0,2020-08-01,8,2192917.0,5331478.078422975,,,8167150.0,3138561.078422975,3138561.078422975,2020,8,pandemic_shock,True,True,2019-12-31,2019-09-01,3
run_20260811T162732Z_6bbfe89e,fixed_12m_2020,fixed_origin_12m_ex_ante,ridge_recursive_b0,2020-09-01,9,2634195.0,4614582.450092376,,,6741769.0,1980387.4500923762,1980387.4500923762,2020,9,pandemic_shock,True,True,2019-12-31,2019-09-01,3
run_20260811T162732Z_6bbfe89e,fixed_12m_2020,fixed_origin_12m_ex_ante,ridge_recursive_b0,2020-10-01,10,2355124.0,3608528.928800357,,,4791439.0,1253404.928800357,1253404.928800357,2020,10,pandemic_shock,True,True,2019-12-31,2019-09-01,3
run_20260811T162732Z_6bbfe89e,fixed_12m_2020,fixed_origin_12m_ex_ante,ridge_recursive_b0,2020-11-01,11,1262757.0,2020298.5031424682,,,2679420.0,757541.5031424682,757541.5031424682,2020,11,pandemic_shock,True,True,2019-12-31,2019-09-01,3
run_20260811T162732Z_6bbfe89e,fixed_12m_2020,fixed_origin_12m_ex_ante,ridge_recursive_b0,2020-12-01,12,964816.0,1880430.0145579318,,,2180881.0,915614.0145579318,915614.0145579318,2020,12,pandemic_shock,True,True,2019-12-31,2019-09-01,3
run_20260811T162732Z_6bbfe89e,fixed_12m_2020,fixed_origin_12m_ex_ante,hist_gradient_boosting_recursive_b0,2020-01-01,1,2529423.0,2327343.232988334,,,2226288.0,-202079.7670116662,202079.7670116662,2020,1,pre_pandemic,True,True,2019-12-31,2019-09-01,3
run_20260811T162732Z_6bbfe89e,fixed_12m_2020,fixed_origin_12m_ex_ante,hist_gradient_boosting_recursive_b0,2020-02-01,2,2051923.0,2007719.5135387655,,,1944957.0,-44203.48646123451,44203.48646123451,2020,2,pre_pandemic,True,True,2019-12-31,2019-09-01,3
run_20260811T162732Z_6bbfe89e,fixed_12m_2020,fixed_origin_12m_ex_ante,hist_gradient_boosting_recursive_b0,2020-03-01,3,1058068.0,2048312.340680754,,,2473147.0,990244.340680754,990244.340680754,2020,3,pandemic_shock,True,True,2019-12-31,2019-09-01,3
run_20260811T162732Z_6bbfe89e,fixed_12m_2020,fixed_origin_12m_ex_ante,hist_gradient_boosting_recursive_b0,2020-04-01,4,,2772057.386228717,,,3266256.0,,,2020,4,pandemic_shock,False,False,2019-12-31,2019-09-01,3
run_20260811T162732Z_6bbfe89e,fixed_12m_2020,fixed_origin_12m_ex_ante,hist_gradient_boosting_recursive_b0,2020-05-01,5,,3493625.868599452,,,4219837.0,,,2020,5,pandemic_shock,False,False,2019-12-31,2019-09-01,3
run_20260811T162732Z_6bbfe89e,fixed_12m_2020,fixed_origin_12m_ex_ante,hist_gradient_boosting_recursive_b0,2020-06-01,6,,4492288.753846712,,,5276253.0,,,2020,6,pandemic_shock,False,False,2019-12-31,2019-09-01,3
run_20260811T162732Z_6bbfe89e,fixed_12m_2020,fixed_origin_12m_ex_ante,hist_gradient_boosting_recursive_b0,2020-07-01,7,777043.0,5019217.707555476,,,6703045.0,4242174.707555476,4242174.707555476,2020,7,pandemic_shock,True,True,2019-12-31,2019-09-01,3
run_20260811T162732Z_6bbfe89e,fixed_12m_2020,fixed_origin_12m_ex_ante,hist_gradient_boosting_recursive_b0,2020-08-01,8,2192917.0,5312118.665102838,,,8167150.0,3119201.6651028376,3119201.6651028376,2020,8,pandemic_shock,True,True,2019-12-31,2019-09-01,3
run_20260811T162732Z_6bbfe89e,fixed_12m_2020,fixed_origin_12m_ex_ante,hist_gradient_boosting_recursive_b0,2020-09-01,9,2634195.0,5397465.967029826,,,6741769.0,2763270.967029826,2763270.967029826,2020,9,pandemic_shock,True,True,2019-12-31,2019-09-01,3
run_20260811T162732Z_6bbfe89e,fixed_12m_2020,fixed_origin_12m_ex_ante,hist_gradient_boosting_recursive_b0,2020-10-01,10,2355124.0,4531200.151012971,,,4791439.0,2176076.151012971,2176076.151012971,2020,10,pandemic_shock,True,True,2019-12-31,2019-09-01,3
run_20260811T162732Z_6bbfe89e,fixed_12m_2020,fixed_origin_12m_ex_ante,hist_gradient_boosting_recursive_b0,2020-11-01,11,1262757.0,2475626.0182713154,,,2679420.0,1212869.0182713154,1212869.0182713154,2020,11,pandemic_shock,True,True,2019-12-31,2019-09-01,3
run_20260811T162732Z_6bbfe89e,fixed_12m_2020,fixed_origin_12m_ex_ante,hist_gradient_boosting_recursive_b0,2020-12-01,12,964816.0,2068484.0988737205,,,2180881.0,1103668.0988737205,1103668.0988737205,2020,12,pandemic_shock,True,True,2019-12-31,2019-09-01,3
run_20260811T162732Z_6bbfe89e,fixed_12m_2020,fixed_origin_12m_ex_ante,extra_trees_recursive_b0,2020-01-01,1,2529423.0,1854555.3887103463,,,2226288.0,-674867.6112896537,674867.6112896537,2020,1,pre_pandemic,True,True,2019-12-31,2019-09-01,3
run_20260811T162732Z_6bbfe89e,fixed_12m_2020,fixed_origin_12m_ex_ante,extra_trees_recursive_b0,2020-02-01,2,2051923.0,1646073.6880969966,,,1944957.0,-405849.31190300337,405849.31190300337,2020,2,pre_pandemic,True,True,2019-12-31,2019-09-01,3
run_20260811T162732Z_6bbfe89e,fixed_12m_2020,fixed_origin_12m_ex_ante,extra_trees_recursive_b0,2020-03-01,3,1058068.0,1967091.0540846568,,,2473147.0,909023.0540846568,909023.0540846568,2020,3,pandemic_shock,True,True,2019-12-31,2019-09-01,3
run_20260811T162732Z_6bbfe89e,fixed_12m_2020,fixed_origin_12m_ex_ante,extra_trees_recursive_b0,2020-04-01,4,,2226790.3193882345,,,3266256.0,,,2020,4,pandemic_shock,False,False,2019-12-31,2019-09-01,3
run_20260811T162732Z_6bbfe89e,fixed_12m_2020,fixed_origin_12m_ex_ante,extra_trees_recursive_b0,2020-05-01,5,,3461768.6212209277,,,4219837.0,,,2020,5,pandemic_shock,False,False,2019-12-31,2019-09-01,3
run_20260811T162732Z_6bbfe89e,fixed_12m_2020,fixed_origin_12m_ex_ante,extra_trees_recursive_b0,2020-06-01,6,,3771492.740195793,,,5276253.0,,,2020,6,pandemic_shock,False,False,2019-12-31,2019-09-01,3
run_20260811T162732Z_6bbfe89e,fixed_12m_2020,fixed_origin_12m_ex_ante,extra_trees_recursive_b0,2020-07-01,7,777043.0,4849781.058174726,,,6703045.0,4072738.0581747256,4072738.0581747256,2020,7,pandemic_shock,True,True,2019-12-31,2019-09-01,3
run_20260811T162732Z_6bbfe89e,fixed_12m_2020,fixed_origin_12m_ex_ante,extra_trees_recursive_b0,2020-08-01,8,2192917.0,5846292.5923566595,,,8167150.0,3653375.5923566595,3653375.5923566595,2020,8,pandemic_shock,True,True,2019-12-31,2019-09-01,3
run_20260811T162732Z_6bbfe89e,fixed_12m_2020,fixed_origin_12m_ex_ante,extra_trees_recursive_b0,2020-09-01,9,2634195.0,5109574.336176291,,,6741769.0,2475379.336176291,2475379.336176291,2020,9,pandemic_shock,True,True,2019-12-31,2019-09-01,3
run_20260811T162732Z_6bbfe89e,fixed_12m_2020,fixed_origin_12m_ex_ante,extra_trees_recursive_b0,2020-10-01,10,2355124.0,3902572.156952726,,,4791439.0,1547448.1569527262,1547448.1569527262,2020,10,pandemic_shock,True,True,2019-12-31,2019-09-01,3
run_20260811T162732Z_6bbfe89e,fixed_12m_2020,fixed_origin_12m_ex_ante,extra_trees_recursive_b0,2020-11-01,11,1262757.0,2108648.7863888023,,,2679420.0,845891.7863888023,845891.7863888023,2020,11,pandemic_shock,True,True,2019-12-31,2019-09-01,3
run_20260811T162732Z_6bbfe89e,fixed_12m_2020,fixed_origin_12m_ex_ante,extra_trees_recursive_b0,2020-12-01,12,964816.0,1718984.643982514,,,2180881.0,754168.643982514,754168.643982514,2020,12,pandemic_shock,True,True,2019-12-31,2019-09-01,3
run_20260811T162732Z_6bbfe89e,fixed_12m_2020,fixed_origin_12m_ex_ante,xgboost_recursive_b0,2020-01-01,1,2529423.0,2220768.75,,,2226288.0,-308654.25,308654.25,2020,1,pre_pandemic,True,True,2019-12-31,2019-09-01,3
run_20260811T162732Z_6bbfe89e,fixed_12m_2020,fixed_origin_12m_ex_ante,xgboost_recursive_b0,2020-02-01,2,2051923.0,2139658.0,,,1944957.0,87735.0,87735.0,2020,2,pre_pandemic,True,True,2019-12-31,2019-09-01,3
run_20260811T162732Z_6bbfe89e,fixed_12m_2020,fixed_origin_12m_ex_ante,xgboost_recursive_b0,2020-03-01,3,1058068.0,2603248.25,,,2473147.0,1545180.25,1545180.25,2020,3,pandemic_shock,True,True,2019-12-31,2019-09-01,3
run_20260811T162732Z_6bbfe89e,fixed_12m_2020,fixed_origin_12m_ex_ante,xgboost_recursive_b0,2020-04-01,4,,3499281.75,,,3266256.0,,,2020,4,pandemic_shock,False,False,2019-12-31,2019-09-01,3
run_20260811T162732Z_6bbfe89e,fixed_12m_2020,fixed_origin_12m_ex_ante,xgboost_recursive_b0,2020-05-01,5,,4161501.0,,,4219837.0,,,2020,5,pandemic_shock,False,False,2019-12-31,2019-09-01,3
run_20260811T162732Z_6bbfe89e,fixed_12m_2020,fixed_origin_12m_ex_ante,xgboost_recursive_b0,2020-06-01,6,,4609899.5,,,5276253.0,,,2020,6,pandemic_shock,False,False,2019-12-31,2019-09-01,3
run_20260811T162732Z_6bbfe89e,fixed_12m_2020,fixed_origin_12m_ex_ante,xgboost_recursive_b0,2020-07-01,7,777043.0,5162030.5,,,6703045.0,4384987.5,4384987.5,2020,7,pandemic_shock,True,True,2019-12-31,2019-09-01,3
run_20260811T162732Z_6bbfe89e,fixed_12m_2020,fixed_origin_12m_ex_ante,xgboost_recursive_b0,2020-08-01,8,2192917.0,5825610.5,,,8167150.0,3632693.5,3632693.5,2020,8,pandemic_shock,True,True,2019-12-31,2019-09-01,3
run_20260811T162732Z_6bbfe89e,fixed_12m_2020,fixed_origin_12m_ex_ante,xgboost_recursive_b0,2020-09-01,9,2634195.0,4908754.5,,,6741769.0,2274559.5,2274559.5,2020,9,pandemic_shock,True,True,2019-12-31,2019-09-01,3
run_20260811T162732Z_6bbfe89e,fixed_12m_2020,fixed_origin_12m_ex_ante,xgboost_recursive_b0,2020-10-01,10,2355124.0,4738209.5,,,4791439.0,2383085.5,2383085.5,2020,10,pandemic_shock,True,True,2019-12-31,2019-09-01,3
run_20260811T162732Z_6bbfe89e,fixed_12m_2020,fixed_origin_12m_ex_ante,xgboost_recursive_b0,2020-11-01,11,1262757.0,2486459.0,,,2679420.0,1223702.0,1223702.0,2020,11,pandemic_shock,True,True,2019-12-31,2019-09-01,3
run_20260811T162732Z_6bbfe89e,fixed_12m_2020,fixed_origin_12m_ex_ante,xgboost_recursive_b0,2020-12-01,12,964816.0,2250882.5,,,2180881.0,1286066.5,1286066.5,2020,12,pandemic_shock,True,True,2019-12-31,2019-09-01,3
run_20260811T162732Z_6bbfe89e,fixed_12m_2021,fixed_origin_12m_ex_ante,ridge_recursive_b0,2021-01-01,1,829932.0,1278079.746855191,,,2529423.0,448147.74685519096,448147.74685519096,2021,1,recovery,True,True,2020-12-31,2020-09-01,3
run_20260811T162732Z_6bbfe89e,fixed_12m_2021,fixed_origin_12m_ex_ante,ridge_recursive_b0,2021-02-01,2,727126.0,1518190.170943882,,,2051923.0,791064.1709438821,791064.1709438821,2021,2,recovery,True,True,2020-12-31,2020-09-01,3
run_20260811T162732Z_6bbfe89e,fixed_12m_2021,fixed_origin_12m_ex_ante,ridge_recursive_b0,2021-03-01,3,1043411.0,2237770.95222997,,,1058068.0,1194359.9522299701,1194359.9522299701,2021,3,recovery,True,True,2020-12-31,2020-09-01,3
run_20260811T162732Z_6bbfe89e,fixed_12m_2021,fixed_origin_12m_ex_ante,ridge_recursive_b0,2021-04-01,4,1179562.0,2687175.4793259115,,,3266256.0,1507613.4793259115,1507613.4793259115,2021,4,recovery,True,True,2020-12-31,2020-09-01,3
run_20260811T162732Z_6bbfe89e,fixed_12m_2021,fixed_origin_12m_ex_ante,ridge_recursive_b0,2021-05-01,5,1025559.0,1816784.7489181638,,,4219837.0,791225.7489181638,791225.7489181638,2021,5,recovery,True,True,2020-12-31,2020-09-01,3
run_20260811T162732Z_6bbfe89e,fixed_12m_2021,fixed_origin_12m_ex_ante,ridge_recursive_b0,2021-06-01,6,1861089.0,2099622.602309114,,,5276253.0,238533.60230911383,238533.60230911383,2021,6,recovery,True,True,2020-12-31,2020-09-01,3
run_20260811T162732Z_6bbfe89e,fixed_12m_2021,fixed_origin_12m_ex_ante,ridge_recursive_b0,2021-07-01,7,3735532.0,7421897.41076453,,,777043.0,3686365.4107645303,3686365.4107645303,2021,7,recovery,True,True,2020-12-31,2020-09-01,3
run_20260811T162732Z_6bbfe89e,fixed_12m_2021,fixed_origin_12m_ex_ante,ridge_recursive_b0,2021-08-01,8,5499057.0,4625999.339466337,,,2192917.0,-873057.6605336629,873057.6605336629,2021,8,recovery,True,True,2020-12-31,2020-09-01,3
run_20260811T162732Z_6bbfe89e,fixed_12m_2021,fixed_origin_12m_ex_ante,ridge_recursive_b0,2021-09-01,9,4406083.0,3567505.573077743,,,2634195.0,-838577.4269222571,838577.4269222571,2021,9,recovery,True,True,2020-12-31,2020-09-01,3
run_20260811T162732Z_6bbfe89e,fixed_12m_2021,fixed_origin_12m_ex_ante,ridge_recursive_b0,2021-10-01,10,4406796.0,4264682.71093685,,,5437494.0,-142113.28906315006,142113.28906315006,2021,10,recovery,True,True,2020-12-31,2020-09-01,3
run_20260811T162732Z_6bbfe89e,fixed_12m_2021,fixed_origin_12m_ex_ante,ridge_recursive_b0,2021-11-01,11,2466682.0,29819191.07199694,,,3005517.0,27352509.07199694,27352509.07199694,2021,11,recovery,True,True,2020-12-31,2020-09-01,3
run_20260811T162732Z_6bbfe89e,fixed_12m_2021,fixed_origin_12m_ex_ante,ridge_recursive_b0,2021-12-01,12,2176634.0,2655991.9416221776,,,2398329.0,479357.9416221776,479357.9416221776,2021,12,recovery,True,True,2020-12-31,2020-09-01,3
run_20260811T162732Z_6bbfe89e,fixed_12m_2021,fixed_origin_12m_ex_ante,hist_gradient_boosting_recursive_b0,2021-01-01,1,829932.0,1834729.160906776,,,2529423.0,1004797.1609067761,1004797.1609067761,2021,1,recovery,True,True,2020-12-31,2020-09-01,3
run_20260811T162732Z_6bbfe89e,fixed_12m_2021,fixed_origin_12m_ex_ante,hist_gradient_boosting_recursive_b0,2021-02-01,2,727126.0,1475298.5877215473,,,2051923.0,748172.5877215473,748172.5877215473,2021,2,recovery,True,True,2020-12-31,2020-09-01,3
run_20260811T162732Z_6bbfe89e,fixed_12m_2021,fixed_origin_12m_ex_ante,hist_gradient_boosting_recursive_b0,2021-03-01,3,1043411.0,1513534.7935665327,,,1058068.0,470123.79356653267,470123.79356653267,2021,3,recovery,True,True,2020-12-31,2020-09-01,3
run_20260811T162732Z_6bbfe89e,fixed_12m_2021,fixed_origin_12m_ex_ante,hist_gradient_boosting_recursive_b0,2021-04-01,4,1179562.0,1734181.5516769604,,,3266256.0,554619.5516769604,554619.5516769604,2021,4,recovery,True,True,2020-12-31,2020-09-01,3
run_20260811T162732Z_6bbfe89e,fixed_12m_2021,fixed_origin_12m_ex_ante,hist_gradient_boosting_recursive_b0,2021-05-01,5,1025559.0,2716223.315163644,,,4219837.0,1690664.315163644,1690664.315163644,2021,5,recovery,True,True,2020-12-31,2020-09-01,3
run_20260811T162732Z_6bbfe89e,fixed_12m_2021,fixed_origin_12m_ex_ante,hist_gradient_boosting_recursive_b0,2021-06-01,6,1861089.0,2604721.929649285,,,5276253.0,743632.929649285,743632.929649285,2021,6,recovery,True,True,2020-12-31,2020-09-01,3
run_20260811T162732Z_6bbfe89e,fixed_12m_2021,fixed_origin_12m_ex_ante,hist_gradient_boosting_recursive_b0,2021-07-01,7,3735532.0,3985900.1952984524,,,777043.0,250368.1952984524,250368.1952984524,2021,7,recovery,True,True,2020-12-31,2020-09-01,3
run_20260811T162732Z_6bbfe89e,fixed_12m_2021,fixed_origin_12m_ex_ante,hist_gradient_boosting_recursive_b0,2021-08-01,8,5499057.0,4160962.1843732507,,,2192917.0,-1338094.8156267493,1338094.8156267493,2021,8,recovery,True,True,2020-12-31,2020-09-01,3
run_20260811T162732Z_6bbfe89e,fixed_12m_2021,fixed_origin_12m_ex_ante,hist_gradient_boosting_recursive_b0,2021-09-01,9,4406083.0,3792907.3322351086,,,2634195.0,-613175.6677648914,613175.6677648914,2021,9,recovery,True,True,2020-12-31,2020-09-01,3
run_20260811T162732Z_6bbfe89e,fixed_12m_2021,fixed_origin_12m_ex_ante,hist_gradient_boosting_recursive_b0,2021-10-01,10,4406796.0,4683183.771525355,,,5437494.0,276387.77152535506,276387.77152535506,2021,10,recovery,True,True,2020-12-31,2020-09-01,3
run_20260811T162732Z_6bbfe89e,fixed_12m_2021,fixed_origin_12m_ex_ante,hist_gradient_boosting_recursive_b0,2021-11-01,11,2466682.0,2332629.1422050497,,,3005517.0,-134052.85779495025,134052.85779495025,2021,11,recovery,True,True,2020-12-31,2020-09-01,3
run_20260811T162732Z_6bbfe89e,fixed_12m_2021,fixed_origin_12m_ex_ante,hist_gradient_boosting_recursive_b0,2021-12-01,12,2176634.0,1741748.3473905479,,,2398329.0,-434885.65260945214,434885.65260945214,2021,12,recovery,True,True,2020-12-31,2020-09-01,3
run_20260811T162732Z_6bbfe89e,fixed_12m_2021,fixed_origin_12m_ex_ante,extra_trees_recursive_b0,2021-01-01,1,829932.0,1768082.9578938044,,,2529423.0,938150.9578938044,938150.9578938044,2021,1,recovery,True,True,2020-12-31,2020-09-01,3
run_20260811T162732Z_6bbfe89e,fixed_12m_2021,fixed_origin_12m_ex_ante,extra_trees_recursive_b0,2021-02-01,2,727126.0,1703448.2085043448,,,2051923.0,976322.2085043448,976322.2085043448,2021,2,recovery,True,True,2020-12-31,2020-09-01,3
run_20260811T162732Z_6bbfe89e,fixed_12m_2021,fixed_origin_12m_ex_ante,extra_trees_recursive_b0,2021-03-01,3,1043411.0,1862528.170614924,,,1058068.0,819117.170614924,819117.170614924,2021,3,recovery,True,True,2020-12-31,2020-09-01,3
run_20260811T162732Z_6bbfe89e,fixed_12m_2021,fixed_origin_12m_ex_ante,extra_trees_recursive_b0,2021-04-01,4,1179562.0,2158074.77597617,,,3266256.0,978512.7759761699,978512.7759761699,2021,4,recovery,True,True,2020-12-31,2020-09-01,3
run_20260811T162732Z_6bbfe89e,fixed_12m_2021,fixed_origin_12m_ex_ante,extra_trees_recursive_b0,2021-05-01,5,1025559.0,3454621.1155086295,,,4219837.0,2429062.1155086295,2429062.1155086295,2021,5,recovery,True,True,2020-12-31,2020-09-01,3
run_20260811T162732Z_6bbfe89e,fixed_12m_2021,fixed_origin_12m_ex_ante,extra_trees_recursive_b0,2021-06-01,6,1861089.0,3690275.3971620337,,,5276253.0,1829186.3971620337,1829186.3971620337,2021,6,recovery,True,True,2020-12-31,2020-09-01,3
run_20260811T162732Z_6bbfe89e,fixed_12m_2021,fixed_origin_12m_ex_ante,extra_trees_recursive_b0,2021-07-01,7,3735532.0,4352586.931333672,,,777043.0,617054.9313336723,617054.9313336723,2021,7,recovery,True,True,2020-12-31,2020-09-01,3
run_20260811T162732Z_6bbfe89e,fixed_12m_2021,fixed_origin_12m_ex_ante,extra_trees_recursive_b0,2021-08-01,8,5499057.0,4980606.29429624,,,2192917.0,-518450.70570375957,518450.70570375957,2021,8,recovery,True,True,2020-12-31,2020-09-01,3
run_20260811T162732Z_6bbfe89e,fixed_12m_2021,fixed_origin_12m_ex_ante,extra_trees_recursive_b0,2021-09-01,9,4406083.0,4287101.141024471,,,2634195.0,-118981.85897552874,118981.85897552874,2021,9,recovery,True,True,2020-12-31,2020-09-01,3
run_20260811T162732Z_6bbfe89e,fixed_12m_2021,fixed_origin_12m_ex_ante,extra_trees_recursive_b0,2021-10-01,10,4406796.0,3986497.8403316396,,,5437494.0,-420298.1596683604,420298.1596683604,2021,10,recovery,True,True,2020-12-31,2020-09-01,3
run_20260811T162732Z_6bbfe89e,fixed_12m_2021,fixed_origin_12m_ex_ante,extra_trees_recursive_b0,2021-11-01,11,2466682.0,2142528.8533232464,,,3005517.0,-324153.14667675365,324153.14667675365,2021,11,recovery,True,True,2020-12-31,2020-09-01,3
run_20260811T162732Z_6bbfe89e,fixed_12m_2021,fixed_origin_12m_ex_ante,extra_trees_recursive_b0,2021-12-01,12,2176634.0,1780973.1033770626,,,2398329.0,-395660.8966229374,395660.8966229374,2021,12,recovery,True,True,2020-12-31,2020-09-01,3
run_20260811T162732Z_6bbfe89e,fixed_12m_2021,fixed_origin_12m_ex_ante,xgboost_recursive_b0,2021-01-01,1,829932.0,1085198.0,,,2529423.0,255266.0,255266.0,2021,1,recovery,True,True,2020-12-31,2020-09-01,3
run_20260811T162732Z_6bbfe89e,fixed_12m_2021,fixed_origin_12m_ex_ante,xgboost_recursive_b0,2021-02-01,2,727126.0,728697.0625,,,2051923.0,1571.0625,1571.0625,2021,2,recovery,True,True,2020-12-31,2020-09-01,3
run_20260811T162732Z_6bbfe89e,fixed_12m_2021,fixed_origin_12m_ex_ante,xgboost_recursive_b0,2021-03-01,3,1043411.0,807553.375,,,1058068.0,-235857.625,235857.625,2021,3,recovery,True,True,2020-12-31,2020-09-01,3
run_20260811T162732Z_6bbfe89e,fixed_12m_2021,fixed_origin_12m_ex_ante,xgboost_recursive_b0,2021-04-01,4,1179562.0,915508.25,,,3266256.0,-264053.75,264053.75,2021,4,recovery,True,True,2020-12-31,2020-09-01,3
run_20260811T162732Z_6bbfe89e,fixed_12m_2021,fixed_origin_12m_ex_ante,xgboost_recursive_b0,2021-05-01,5,1025559.0,1687742.125,,,4219837.0,662183.125,662183.125,2021,5,recovery,True,True,2020-12-31,2020-09-01,3
run_20260811T162732Z_6bbfe89e,fixed_12m_2021,fixed_origin_12m_ex_ante,xgboost_recursive_b0,2021-06-01,6,1861089.0,1640362.375,,,5276253.0,-220726.625,220726.625,2021,6,recovery,True,True,2020-12-31,2020-09-01,3
run_20260811T162732Z_6bbfe89e,fixed_12m_2021,fixed_origin_12m_ex_ante,xgboost_recursive_b0,2021-07-01,7,3735532.0,2235705.0,,,777043.0,-1499827.0,1499827.0,2021,7,recovery,True,True,2020-12-31,2020-09-01,3
run_20260811T162732Z_6bbfe89e,fixed_12m_2021,fixed_origin_12m_ex_ante,xgboost_recursive_b0,2021-08-01,8,5499057.0,3129568.5,,,2192917.0,-2369488.5,2369488.5,2021,8,recovery,True,True,2020-12-31,2020-09-01,3
run_20260811T162732Z_6bbfe89e,fixed_12m_2021,fixed_origin_12m_ex_ante,xgboost_recursive_b0,2021-09-01,9,4406083.0,3148119.75,,,2634195.0,-1257963.25,1257963.25,2021,9,recovery,True,True,2020-12-31,2020-09-01,3
run_20260811T162732Z_6bbfe89e,fixed_12m_2021,fixed_origin_12m_ex_ante,xgboost_recursive_b0,2021-10-01,10,4406796.0,4007042.5,,,5437494.0,-399753.5,399753.5,2021,10,recovery,True,True,2020-12-31,2020-09-01,3
run_20260811T162732Z_6bbfe89e,fixed_12m_2021,fixed_origin_12m_ex_ante,xgboost_recursive_b0,2021-11-01,11,2466682.0,1890280.875,,,3005517.0,-576401.125,576401.125,2021,11,recovery,True,True,2020-12-31,2020-09-01,3
run_20260811T162732Z_6bbfe89e,fixed_12m_2021,fixed_origin_12m_ex_ante,xgboost_recursive_b0,2021-12-01,12,2176634.0,1834603.5,,,2398329.0,-342030.5,342030.5,2021,12,recovery,True,True,2020-12-31,2020-09-01,3
run_20260811T162732Z_6bbfe89e,fixed_12m_2022,fixed_origin_12m_ex_ante,ridge_recursive_b0,2022-01-01,1,2158066.0,0.0,,,829932.0,-2158066.0,2158066.0,2022,1,recovery,True,True,2021-12-31,2021-09-01,3
run_20260811T162732Z_6bbfe89e,fixed_12m_2022,fixed_origin_12m_ex_ante,ridge_recursive_b0,2022-02-01,2,1851394.0,2856750.213690376,,,727126.0,1005356.2136903759,1005356.2136903759,2022,2,recovery,True,True,2021-12-31,2021-09-01,3
run_20260811T162732Z_6bbfe89e,fixed_12m_2022,fixed_origin_12m_ex_ante,ridge_recursive_b0,2022-03-01,3,2442196.0,2752587.422836492,,,1043411.0,310391.42283649184,310391.42283649184,2022,3,recovery,True,True,2021-12-31,2021-09-01,3
run_20260811T162732Z_6bbfe89e,fixed_12m_2022,fixed_origin_12m_ex_ante,ridge_recursive_b0,2022-04-01,4,2921440.0,2924898.8982695737,,,1179562.0,3458.8982695736922,3458.8982695736922,2022,4,recovery,True,True,2021-12-31,2021-09-01,3
run_20260811T162732Z_6bbfe89e,fixed_12m_2022,fixed_origin_12m_ex_ante,ridge_recursive_b0,2022-05-01,5,4078425.0,0.0,,,1025559.0,-4078425.0,4078425.0,2022,5,recovery,True,True,2021-12-31,2021-09-01,3
run_20260811T162732Z_6bbfe89e,fixed_12m_2022,fixed_origin_12m_ex_ante,ridge_recursive_b0,2022-06-01,6,4939265.0,13135407.831928248,,,1861089.0,8196142.831928248,8196142.831928248,2022,6,recovery,True,True,2021-12-31,2021-09-01,3
run_20260811T162732Z_6bbfe89e,fixed_12m_2022,fixed_origin_12m_ex_ante,ridge_recursive_b0,2022-07-01,7,6359123.0,8945466.423764326,,,3735532.0,2586343.4237643257,2586343.4237643257,2022,7,recovery,True,True,2021-12-31,2021-09-01,3
run_20260811T162732Z_6bbfe89e,fixed_12m_2022,fixed_origin_12m_ex_ante,ridge_recursive_b0,2022-08-01,8,7992422.0,9823378.335816463,,,5499057.0,1830956.3358164635,1830956.3358164635,2022,8,recovery,True,True,2021-12-31,2021-09-01,3
run_20260811T162732Z_6bbfe89e,fixed_12m_2022,fixed_origin_12m_ex_ante,ridge_recursive_b0,2022-09-01,9,6648582.0,0.0,,,4406083.0,-6648582.0,6648582.0,2022,9,recovery,True,True,2021-12-31,2021-09-01,3
run_20260811T162732Z_6bbfe89e,fixed_12m_2022,fixed_origin_12m_ex_ante,ridge_recursive_b0,2022-10-01,10,5919814.0,18825074.60323244,,,2355124.0,12905260.60323244,12905260.60323244,2022,10,recovery,True,True,2021-12-31,2021-09-01,3
run_20260811T162732Z_6bbfe89e,fixed_12m_2022,fixed_origin_12m_ex_ante,ridge_recursive_b0,2022-11-01,11,3438085.0,759617.4450530228,,,1262757.0,-2678467.554946977,2678467.554946977,2022,11,recovery,True,True,2021-12-31,2021-09-01,3
run_20260811T162732Z_6bbfe89e,fixed_12m_2022,fixed_origin_12m_ex_ante,ridge_recursive_b0,2022-12-01,12,2620212.0,0.0,,,964816.0,-2620212.0,2620212.0,2022,12,recovery,True,True,2021-12-31,2021-09-01,3
run_20260811T162732Z_6bbfe89e,fixed_12m_2022,fixed_origin_12m_ex_ante,hist_gradient_boosting_recursive_b0,2022-01-01,1,2158066.0,1532104.5272047017,,,829932.0,-625961.4727952983,625961.4727952983,2022,1,recovery,True,True,2021-12-31,2021-09-01,3
run_20260811T162732Z_6bbfe89e,fixed_12m_2022,fixed_origin_12m_ex_ante,hist_gradient_boosting_recursive_b0,2022-02-01,2,1851394.0,888756.7020449402,,,727126.0,-962637.2979550598,962637.2979550598,2022,2,recovery,True,True,2021-12-31,2021-09-01,3
run_20260811T162732Z_6bbfe89e,fixed_12m_2022,fixed_origin_12m_ex_ante,hist_gradient_boosting_recursive_b0,2022-03-01,3,2442196.0,1177634.3156050323,,,1043411.0,-1264561.6843949677,1264561.6843949677,2022,3,recovery,True,True,2021-12-31,2021-09-01,3
run_20260811T162732Z_6bbfe89e,fixed_12m_2022,fixed_origin_12m_ex_ante,hist_gradient_boosting_recursive_b0,2022-04-01,4,2921440.0,1361779.2827796687,,,1179562.0,-1559660.7172203313,1559660.7172203313,2022,4,recovery,True,True,2021-12-31,2021-09-01,3
run_20260811T162732Z_6bbfe89e,fixed_12m_2022,fixed_origin_12m_ex_ante,hist_gradient_boosting_recursive_b0,2022-05-01,5,4078425.0,2889222.522167853,,,1025559.0,-1189202.477832147,1189202.477832147,2022,5,recovery,True,True,2021-12-31,2021-09-01,3
run_20260811T162732Z_6bbfe89e,fixed_12m_2022,fixed_origin_12m_ex_ante,hist_gradient_boosting_recursive_b0,2022-06-01,6,4939265.0,2914623.1768225934,,,1861089.0,-2024641.8231774066,2024641.8231774066,2022,6,recovery,True,True,2021-12-31,2021-09-01,3
run_20260811T162732Z_6bbfe89e,fixed_12m_2022,fixed_origin_12m_ex_ante,hist_gradient_boosting_recursive_b0,2022-07-01,7,6359123.0,3318149.2287256303,,,3735532.0,-3040973.7712743697,3040973.7712743697,2022,7,recovery,True,True,2021-12-31,2021-09-01,3
run_20260811T162732Z_6bbfe89e,fixed_12m_2022,fixed_origin_12m_ex_ante,hist_gradient_boosting_recursive_b0,2022-08-01,8,7992422.0,3378922.104018972,,,5499057.0,-4613499.895981029,4613499.895981029,2022,8,recovery,True,True,2021-12-31,2021-09-01,3
run_20260811T162732Z_6bbfe89e,fixed_12m_2022,fixed_origin_12m_ex_ante,hist_gradient_boosting_recursive_b0,2022-09-01,9,6648582.0,3204758.7887572204,,,4406083.0,-3443823.2112427796,3443823.2112427796,2022,9,recovery,True,True,2021-12-31,2021-09-01,3
run_20260811T162732Z_6bbfe89e,fixed_12m_2022,fixed_origin_12m_ex_ante,hist_gradient_boosting_recursive_b0,2022-10-01,10,5919814.0,3384462.0002340884,,,2355124.0,-2535351.9997659116,2535351.9997659116,2022,10,recovery,True,True,2021-12-31,2021-09-01,3
run_20260811T162732Z_6bbfe89e,fixed_12m_2022,fixed_origin_12m_ex_ante,hist_gradient_boosting_recursive_b0,2022-11-01,11,3438085.0,1599705.7252395505,,,1262757.0,-1838379.2747604495,1838379.2747604495,2022,11,recovery,True,True,2021-12-31,2021-09-01,3
run_20260811T162732Z_6bbfe89e,fixed_12m_2022,fixed_origin_12m_ex_ante,hist_gradient_boosting_recursive_b0,2022-12-01,12,2620212.0,1110177.9550102474,,,964816.0,-1510034.0449897526,1510034.0449897526,2022,12,recovery,True,True,2021-12-31,2021-09-01,3
run_20260811T162732Z_6bbfe89e,fixed_12m_2022,fixed_origin_12m_ex_ante,extra_trees_recursive_b0,2022-01-01,1,2158066.0,1688246.4980873452,,,829932.0,-469819.50191265484,469819.50191265484,2022,1,recovery,True,True,2021-12-31,2021-09-01,3
run_20260811T162732Z_6bbfe89e,fixed_12m_2022,fixed_origin_12m_ex_ante,extra_trees_recursive_b0,2022-02-01,2,1851394.0,1219018.5210665083,,,727126.0,-632375.4789334917,632375.4789334917,2022,2,recovery,True,True,2021-12-31,2021-09-01,3
run_20260811T162732Z_6bbfe89e,fixed_12m_2022,fixed_origin_12m_ex_ante,extra_trees_recursive_b0,2022-03-01,3,2442196.0,1623040.993482856,,,1043411.0,-819155.0065171439,819155.0065171439,2022,3,recovery,True,True,2021-12-31,2021-09-01,3
run_20260811T162732Z_6bbfe89e,fixed_12m_2022,fixed_origin_12m_ex_ante,extra_trees_recursive_b0,2022-04-01,4,2921440.0,1809321.4925199714,,,1179562.0,-1112118.5074800286,1112118.5074800286,2022,4,recovery,True,True,2021-12-31,2021-09-01,3
run_20260811T162732Z_6bbfe89e,fixed_12m_2022,fixed_origin_12m_ex_ante,extra_trees_recursive_b0,2022-05-01,5,4078425.0,3440837.2733664643,,,1025559.0,-637587.7266335357,637587.7266335357,2022,5,recovery,True,True,2021-12-31,2021-09-01,3
run_20260811T162732Z_6bbfe89e,fixed_12m_2022,fixed_origin_12m_ex_ante,extra_trees_recursive_b0,2022-06-01,6,4939265.0,3579343.6408044486,,,1861089.0,-1359921.3591955514,1359921.3591955514,2022,6,recovery,True,True,2021-12-31,2021-09-01,3
run_20260811T162732Z_6bbfe89e,fixed_12m_2022,fixed_origin_12m_ex_ante,extra_trees_recursive_b0,2022-07-01,7,6359123.0,4434491.092012615,,,3735532.0,-1924631.907987385,1924631.907987385,2022,7,recovery,True,True,2021-12-31,2021-09-01,3
run_20260811T162732Z_6bbfe89e,fixed_12m_2022,fixed_origin_12m_ex_ante,extra_trees_recursive_b0,2022-08-01,8,7992422.0,5413353.939679024,,,5499057.0,-2579068.060320976,2579068.060320976,2022,8,recovery,True,True,2021-12-31,2021-09-01,3
run_20260811T162732Z_6bbfe89e,fixed_12m_2022,fixed_origin_12m_ex_ante,extra_trees_recursive_b0,2022-09-01,9,6648582.0,4672749.3441212205,,,4406083.0,-1975832.6558787795,1975832.6558787795,2022,9,recovery,True,True,2021-12-31,2021-09-01,3
run_20260811T162732Z_6bbfe89e,fixed_12m_2022,fixed_origin_12m_ex_ante,extra_trees_recursive_b0,2022-10-01,10,5919814.0,3924426.9378894204,,,2355124.0,-1995387.0621105796,1995387.0621105796,2022,10,recovery,True,True,2021-12-31,2021-09-01,3
run_20260811T162732Z_6bbfe89e,fixed_12m_2022,fixed_origin_12m_ex_ante,extra_trees_recursive_b0,2022-11-01,11,3438085.0,2006055.2648090636,,,1262757.0,-1432029.7351909364,1432029.7351909364,2022,11,recovery,True,True,2021-12-31,2021-09-01,3
run_20260811T162732Z_6bbfe89e,fixed_12m_2022,fixed_origin_12m_ex_ante,extra_trees_recursive_b0,2022-12-01,12,2620212.0,1469257.7528695792,,,964816.0,-1150954.2471304208,1150954.2471304208,2022,12,recovery,True,True,2021-12-31,2021-09-01,3
run_20260811T162732Z_6bbfe89e,fixed_12m_2022,fixed_origin_12m_ex_ante,xgboost_recursive_b0,2022-01-01,1,2158066.0,1718055.0,,,829932.0,-440011.0,440011.0,2022,1,recovery,True,True,2021-12-31,2021-09-01,3
run_20260811T162732Z_6bbfe89e,fixed_12m_2022,fixed_origin_12m_ex_ante,xgboost_recursive_b0,2022-02-01,2,1851394.0,967112.875,,,727126.0,-884281.125,884281.125,2022,2,recovery,True,True,2021-12-31,2021-09-01,3
run_20260811T162732Z_6bbfe89e,fixed_12m_2022,fixed_origin_12m_ex_ante,xgboost_recursive_b0,2022-03-01,3,2442196.0,1133880.25,,,1043411.0,-1308315.75,1308315.75,2022,3,recovery,True,True,2021-12-31,2021-09-01,3
run_20260811T162732Z_6bbfe89e,fixed_12m_2022,fixed_origin_12m_ex_ante,xgboost_recursive_b0,2022-04-01,4,2921440.0,1092238.75,,,1179562.0,-1829201.25,1829201.25,2022,4,recovery,True,True,2021-12-31,2021-09-01,3
run_20260811T162732Z_6bbfe89e,fixed_12m_2022,fixed_origin_12m_ex_ante,xgboost_recursive_b0,2022-05-01,5,4078425.0,2643962.75,,,1025559.0,-1434462.25,1434462.25,2022,5,recovery,True,True,2021-12-31,2021-09-01,3
run_20260811T162732Z_6bbfe89e,fixed_12m_2022,fixed_origin_12m_ex_ante,xgboost_recursive_b0,2022-06-01,6,4939265.0,2459537.5,,,1861089.0,-2479727.5,2479727.5,2022,6,recovery,True,True,2021-12-31,2021-09-01,3
run_20260811T162732Z_6bbfe89e,fixed_12m_2022,fixed_origin_12m_ex_ante,xgboost_recursive_b0,2022-07-01,7,6359123.0,2592614.75,,,3735532.0,-3766508.25,3766508.25,2022,7,recovery,True,True,2021-12-31,2021-09-01,3
run_20260811T162732Z_6bbfe89e,fixed_12m_2022,fixed_origin_12m_ex_ante,xgboost_recursive_b0,2022-08-01,8,7992422.0,2901233.0,,,5499057.0,-5091189.0,5091189.0,2022,8,recovery,True,True,2021-12-31,2021-09-01,3
run_20260811T162732Z_6bbfe89e,fixed_12m_2022,fixed_origin_12m_ex_ante,xgboost_recursive_b0,2022-09-01,9,6648582.0,3349815.75,,,4406083.0,-3298766.25,3298766.25,2022,9,recovery,True,True,2021-12-31,2021-09-01,3
run_20260811T162732Z_6bbfe89e,fixed_12m_2022,fixed_origin_12m_ex_ante,xgboost_recursive_b0,2022-10-01,10,5919814.0,3506840.0,,,2355124.0,-2412974.0,2412974.0,2022,10,recovery,True,True,2021-12-31,2021-09-01,3
run_20260811T162732Z_6bbfe89e,fixed_12m_2022,fixed_origin_12m_ex_ante,xgboost_recursive_b0,2022-11-01,11,3438085.0,1510433.375,,,1262757.0,-1927651.625,1927651.625,2022,11,recovery,True,True,2021-12-31,2021-09-01,3
run_20260811T162732Z_6bbfe89e,fixed_12m_2022,fixed_origin_12m_ex_ante,xgboost_recursive_b0,2022-12-01,12,2620212.0,1228597.375,,,964816.0,-1391614.625,1391614.625,2022,12,recovery,True,True,2021-12-31,2021-09-01,3
run_20260811T162732Z_6bbfe89e,fixed_12m_2023,fixed_origin_12m_ex_ante,ridge_recursive_b0,2023-01-01,1,3077654.0,1917706.3291863569,,,2158066.0,-1159947.6708136431,1159947.6708136431,2023,1,normalization,True,True,2022-12-31,2022-09-01,3
run_20260811T162732Z_6bbfe89e,fixed_12m_2023,fixed_origin_12m_ex_ante,ridge_recursive_b0,2023-02-01,2,2314917.0,2403419.350873813,,,1851394.0,88502.35087381303,88502.35087381303,2023,2,normalization,True,True,2022-12-31,2022-09-01,3
run_20260811T162732Z_6bbfe89e,fixed_12m_2023,fixed_origin_12m_ex_ante,ridge_recursive_b0,2023-03-01,3,2788995.0,2802310.186575426,,,2442196.0,13315.186575425789,13315.186575425789,2023,3,normalization,True,True,2022-12-31,2022-09-01,3
run_20260811T162732Z_6bbfe89e,fixed_12m_2023,fixed_origin_12m_ex_ante,ridge_recursive_b0,2023-04-01,4,3541271.0,3082875.869837322,,,2921440.0,-458395.1301626782,458395.1301626782,2023,4,normalization,True,True,2022-12-31,2022-09-01,3
run_20260811T162732Z_6bbfe89e,fixed_12m_2023,fixed_origin_12m_ex_ante,ridge_recursive_b0,2023-05-01,5,4584458.0,3188235.363043527,,,4078425.0,-1396222.6369564729,1396222.6369564729,2023,5,normalization,True,True,2022-12-31,2022-09-01,3
run_20260811T162732Z_6bbfe89e,fixed_12m_2023,fixed_origin_12m_ex_ante,ridge_recursive_b0,2023-06-01,6,5869766.0,3866209.1645851675,,,4939265.0,-2003556.8354148325,2003556.8354148325,2023,6,normalization,True,True,2022-12-31,2022-09-01,3
run_20260811T162732Z_6bbfe89e,fixed_12m_2023,fixed_origin_12m_ex_ante,ridge_recursive_b0,2023-07-01,7,6926346.0,3919098.640529403,,,6359123.0,-3007247.359470597,3007247.359470597,2023,7,normalization,True,True,2022-12-31,2022-09-01,3
run_20260811T162732Z_6bbfe89e,fixed_12m_2023,fixed_origin_12m_ex_ante,ridge_recursive_b0,2023-08-01,8,8488026.0,4085827.184382464,,,7992422.0,-4402198.815617536,4402198.815617536,2023,8,normalization,True,True,2022-12-31,2022-09-01,3
run_20260811T162732Z_6bbfe89e,fixed_12m_2023,fixed_origin_12m_ex_ante,ridge_recursive_b0,2023-09-01,9,7013861.0,3407058.328854649,,,6648582.0,-3606802.671145351,3606802.671145351,2023,9,normalization,True,True,2022-12-31,2022-09-01,3
run_20260811T162732Z_6bbfe89e,fixed_12m_2023,fixed_origin_12m_ex_ante,ridge_recursive_b0,2023-10-01,10,6151397.0,3153399.609586757,,,4406796.0,-2997997.390413243,2997997.390413243,2023,10,normalization,True,True,2022-12-31,2022-09-01,3
run_20260811T162732Z_6bbfe89e,fixed_12m_2023,fixed_origin_12m_ex_ante,ridge_recursive_b0,2023-11-01,11,3520467.0,1856679.548589537,,,2466682.0,-1663787.451410463,1663787.451410463,2023,11,normalization,True,True,2022-12-31,2022-09-01,3
run_20260811T162732Z_6bbfe89e,fixed_12m_2023,fixed_origin_12m_ex_ante,ridge_recursive_b0,2023-12-01,12,2800281.0,1106518.0059876866,,,2176634.0,-1693762.9940123134,1693762.9940123134,2023,12,normalization,True,True,2022-12-31,2022-09-01,3
run_20260811T162732Z_6bbfe89e,fixed_12m_2023,fixed_origin_12m_ex_ante,hist_gradient_boosting_recursive_b0,2023-01-01,1,3077654.0,2046525.6433500168,,,2158066.0,-1031128.3566499832,1031128.3566499832,2023,1,normalization,True,True,2022-12-31,2022-09-01,3
run_20260811T162732Z_6bbfe89e,fixed_12m_2023,fixed_origin_12m_ex_ante,hist_gradient_boosting_recursive_b0,2023-02-01,2,2314917.0,1125921.5901179262,,,1851394.0,-1188995.4098820738,1188995.4098820738,2023,2,normalization,True,True,2022-12-31,2022-09-01,3
run_20260811T162732Z_6bbfe89e,fixed_12m_2023,fixed_origin_12m_ex_ante,hist_gradient_boosting_recursive_b0,2023-03-01,3,2788995.0,1097351.628004614,,,2442196.0,-1691643.371995386,1691643.371995386,2023,3,normalization,True,True,2022-12-31,2022-09-01,3
run_20260811T162732Z_6bbfe89e,fixed_12m_2023,fixed_origin_12m_ex_ante,hist_gradient_boosting_recursive_b0,2023-04-01,4,3541271.0,1643082.094807024,,,2921440.0,-1898188.905192976,1898188.905192976,2023,4,normalization,True,True,2022-12-31,2022-09-01,3
run_20260811T162732Z_6bbfe89e,fixed_12m_2023,fixed_origin_12m_ex_ante,hist_gradient_boosting_recursive_b0,2023-05-01,5,4584458.0,2627467.594706526,,,4078425.0,-1956990.405293474,1956990.405293474,2023,5,normalization,True,True,2022-12-31,2022-09-01,3
run_20260811T162732Z_6bbfe89e,fixed_12m_2023,fixed_origin_12m_ex_ante,hist_gradient_boosting_recursive_b0,2023-06-01,6,5869766.0,2191742.355359456,,,4939265.0,-3678023.644640544,3678023.644640544,2023,6,normalization,True,True,2022-12-31,2022-09-01,3
run_20260811T162732Z_6bbfe89e,fixed_12m_2023,fixed_origin_12m_ex_ante,hist_gradient_boosting_recursive_b0,2023-07-01,7,6926346.0,2453263.7999459505,,,6359123.0,-4473082.2000540495,4473082.2000540495,2023,7,normalization,True,True,2022-12-31,2022-09-01,3
run_20260811T162732Z_6bbfe89e,fixed_12m_2023,fixed_origin_12m_ex_ante,hist_gradient_boosting_recursive_b0,2023-08-01,8,8488026.0,2757735.302017549,,,7992422.0,-5730290.697982451,5730290.697982451,2023,8,normalization,True,True,2022-12-31,2022-09-01,3
run_20260811T162732Z_6bbfe89e,fixed_12m_2023,fixed_origin_12m_ex_ante,hist_gradient_boosting_recursive_b0,2023-09-01,9,7013861.0,2645742.367719181,,,6648582.0,-4368118.632280819,4368118.632280819,2023,9,normalization,True,True,2022-12-31,2022-09-01,3
run_20260811T162732Z_6bbfe89e,fixed_12m_2023,fixed_origin_12m_ex_ante,hist_gradient_boosting_recursive_b0,2023-10-01,10,6151397.0,2914439.2980095027,,,4406796.0,-3236957.7019904973,3236957.7019904973,2023,10,normalization,True,True,2022-12-31,2022-09-01,3
run_20260811T162732Z_6bbfe89e,fixed_12m_2023,fixed_origin_12m_ex_ante,hist_gradient_boosting_recursive_b0,2023-11-01,11,3520467.0,1523483.0529619982,,,2466682.0,-1996983.9470380018,1996983.9470380018,2023,11,normalization,True,True,2022-12-31,2022-09-01,3
run_20260811T162732Z_6bbfe89e,fixed_12m_2023,fixed_origin_12m_ex_ante,hist_gradient_boosting_recursive_b0,2023-12-01,12,2800281.0,1797397.005302038,,,2176634.0,-1002883.994697962,1002883.994697962,2023,12,normalization,True,True,2022-12-31,2022-09-01,3
run_20260811T162732Z_6bbfe89e,fixed_12m_2023,fixed_origin_12m_ex_ante,extra_trees_recursive_b0,2023-01-01,1,3077654.0,2021785.1066184298,,,2158066.0,-1055868.8933815702,1055868.8933815702,2023,1,normalization,True,True,2022-12-31,2022-09-01,3
run_20260811T162732Z_6bbfe89e,fixed_12m_2023,fixed_origin_12m_ex_ante,extra_trees_recursive_b0,2023-02-01,2,2314917.0,1313267.4969647517,,,1851394.0,-1001649.5030352483,1001649.5030352483,2023,2,normalization,True,True,2022-12-31,2022-09-01,3
run_20260811T162732Z_6bbfe89e,fixed_12m_2023,fixed_origin_12m_ex_ante,extra_trees_recursive_b0,2023-03-01,3,2788995.0,1660716.4828747523,,,2442196.0,-1128278.5171252477,1128278.5171252477,2023,3,normalization,True,True,2022-12-31,2022-09-01,3
run_20260811T162732Z_6bbfe89e,fixed_12m_2023,fixed_origin_12m_ex_ante,extra_trees_recursive_b0,2023-04-01,4,3541271.0,1955018.007795505,,,2921440.0,-1586252.992204495,1586252.992204495,2023,4,normalization,True,True,2022-12-31,2022-09-01,3
run_20260811T162732Z_6bbfe89e,fixed_12m_2023,fixed_origin_12m_ex_ante,extra_trees_recursive_b0,2023-05-01,5,4584458.0,3495560.197240135,,,4078425.0,-1088897.8027598648,1088897.8027598648,2023,5,normalization,True,True,2022-12-31,2022-09-01,3
run_20260811T162732Z_6bbfe89e,fixed_12m_2023,fixed_origin_12m_ex_ante,extra_trees_recursive_b0,2023-06-01,6,5869766.0,3614192.148542769,,,4939265.0,-2255573.851457231,2255573.851457231,2023,6,normalization,True,True,2022-12-31,2022-09-01,3
run_20260811T162732Z_6bbfe89e,fixed_12m_2023,fixed_origin_12m_ex_ante,extra_trees_recursive_b0,2023-07-01,7,6926346.0,4373017.562827855,,,6359123.0,-2553328.4371721447,2553328.4371721447,2023,7,normalization,True,True,2022-12-31,2022-09-01,3
run_20260811T162732Z_6bbfe89e,fixed_12m_2023,fixed_origin_12m_ex_ante,extra_trees_recursive_b0,2023-08-01,8,8488026.0,5459702.270348801,,,7992422.0,-3028323.7296511987,3028323.7296511987,2023,8,normalization,True,True,2022-12-31,2022-09-01,3
run_20260811T162732Z_6bbfe89e,fixed_12m_2023,fixed_origin_12m_ex_ante,extra_trees_recursive_b0,2023-09-01,9,7013861.0,4661865.221525675,,,6648582.0,-2351995.7784743253,2351995.7784743253,2023,9,normalization,True,True,2022-12-31,2022-09-01,3
run_20260811T162732Z_6bbfe89e,fixed_12m_2023,fixed_origin_12m_ex_ante,extra_trees_recursive_b0,2023-10-01,10,6151397.0,3872395.944807115,,,4406796.0,-2279001.055192885,2279001.055192885,2023,10,normalization,True,True,2022-12-31,2022-09-01,3
run_20260811T162732Z_6bbfe89e,fixed_12m_2023,fixed_origin_12m_ex_ante,extra_trees_recursive_b0,2023-11-01,11,3520467.0,2007439.412402748,,,2466682.0,-1513027.587597252,1513027.587597252,2023,11,normalization,True,True,2022-12-31,2022-09-01,3
run_20260811T162732Z_6bbfe89e,fixed_12m_2023,fixed_origin_12m_ex_ante,extra_trees_recursive_b0,2023-12-01,12,2800281.0,1617937.76567432,,,2176634.0,-1182343.23432568,1182343.23432568,2023,12,normalization,True,True,2022-12-31,2022-09-01,3
run_20260811T162732Z_6bbfe89e,fixed_12m_2023,fixed_origin_12m_ex_ante,xgboost_recursive_b0,2023-01-01,1,3077654.0,2806023.25,,,2158066.0,-271630.75,271630.75,2023,1,normalization,True,True,2022-12-31,2022-09-01,3
run_20260811T162732Z_6bbfe89e,fixed_12m_2023,fixed_origin_12m_ex_ante,xgboost_recursive_b0,2023-02-01,2,2314917.0,1647908.0,,,1851394.0,-667009.0,667009.0,2023,2,normalization,True,True,2022-12-31,2022-09-01,3
run_20260811T162732Z_6bbfe89e,fixed_12m_2023,fixed_origin_12m_ex_ante,xgboost_recursive_b0,2023-03-01,3,2788995.0,1472151.0,,,2442196.0,-1316844.0,1316844.0,2023,3,normalization,True,True,2022-12-31,2022-09-01,3
run_20260811T162732Z_6bbfe89e,fixed_12m_2023,fixed_origin_12m_ex_ante,xgboost_recursive_b0,2023-04-01,4,3541271.0,1594922.875,,,2921440.0,-1946348.125,1946348.125,2023,4,normalization,True,True,2022-12-31,2022-09-01,3
run_20260811T162732Z_6bbfe89e,fixed_12m_2023,fixed_origin_12m_ex_ante,xgboost_recursive_b0,2023-05-01,5,4584458.0,3435284.0,,,4078425.0,-1149174.0,1149174.0,2023,5,normalization,True,True,2022-12-31,2022-09-01,3
run_20260811T162732Z_6bbfe89e,fixed_12m_2023,fixed_origin_12m_ex_ante,xgboost_recursive_b0,2023-06-01,6,5869766.0,2582017.5,,,4939265.0,-3287748.5,3287748.5,2023,6,normalization,True,True,2022-12-31,2022-09-01,3
run_20260811T162732Z_6bbfe89e,fixed_12m_2023,fixed_origin_12m_ex_ante,xgboost_recursive_b0,2023-07-01,7,6926346.0,2559012.0,,,6359123.0,-4367334.0,4367334.0,2023,7,normalization,True,True,2022-12-31,2022-09-01,3
run_20260811T162732Z_6bbfe89e,fixed_12m_2023,fixed_origin_12m_ex_ante,xgboost_recursive_b0,2023-08-01,8,8488026.0,3727735.5,,,7992422.0,-4760290.5,4760290.5,2023,8,normalization,True,True,2022-12-31,2022-09-01,3
run_20260811T162732Z_6bbfe89e,fixed_12m_2023,fixed_origin_12m_ex_ante,xgboost_recursive_b0,2023-09-01,9,7013861.0,3056400.0,,,6648582.0,-3957461.0,3957461.0,2023,9,normalization,True,True,2022-12-31,2022-09-01,3
run_20260811T162732Z_6bbfe89e,fixed_12m_2023,fixed_origin_12m_ex_ante,xgboost_recursive_b0,2023-10-01,10,6151397.0,3000177.75,,,4406796.0,-3151219.25,3151219.25,2023,10,normalization,True,True,2022-12-31,2022-09-01,3
run_20260811T162732Z_6bbfe89e,fixed_12m_2023,fixed_origin_12m_ex_ante,xgboost_recursive_b0,2023-11-01,11,3520467.0,1672302.875,,,2466682.0,-1848164.125,1848164.125,2023,11,normalization,True,True,2022-12-31,2022-09-01,3
run_20260811T162732Z_6bbfe89e,fixed_12m_2023,fixed_origin_12m_ex_ante,xgboost_recursive_b0,2023-12-01,12,2800281.0,1362845.75,,,2176634.0,-1437435.25,1437435.25,2023,12,normalization,True,True,2022-12-31,2022-09-01,3
run_20260811T162732Z_6bbfe89e,fixed_12m_2024,fixed_origin_12m_ex_ante,ridge_recursive_b0,2024-01-01,1,3245893.0,2441276.0148241646,,,3077654.0,-804616.9851758354,804616.9851758354,2024,1,normalization,True,True,2023-12-31,2023-09-01,3
run_20260811T162732Z_6bbfe89e,fixed_12m_2024,fixed_origin_12m_ex_ante,ridge_recursive_b0,2024-02-01,2,2684623.0,2103992.3285533525,,,2314917.0,-580630.6714466475,580630.6714466475,2024,2,normalization,True,True,2023-12-31,2023-09-01,3
run_20260811T162732Z_6bbfe89e,fixed_12m_2024,fixed_origin_12m_ex_ante,ridge_recursive_b0,2024-03-01,3,3079574.0,2580825.874454521,,,2788995.0,-498748.1255454789,498748.1255454789,2024,3,normalization,True,True,2023-12-31,2023-09-01,3
run_20260811T162732Z_6bbfe89e,fixed_12m_2024,fixed_origin_12m_ex_ante,ridge_recursive_b0,2024-04-01,4,4040974.0,2966628.2626280645,,,3541271.0,-1074345.7373719355,1074345.7373719355,2024,4,normalization,True,True,2023-12-31,2023-09-01,3
run_20260811T162732Z_6bbfe89e,fixed_12m_2024,fixed_origin_12m_ex_ante,ridge_recursive_b0,2024-05-01,5,5585634.0,2870353.3799888343,,,4584458.0,-2715280.6200111657,2715280.6200111657,2024,5,normalization,True,True,2023-12-31,2023-09-01,3
run_20260811T162732Z_6bbfe89e,fixed_12m_2024,fixed_origin_12m_ex_ante,ridge_recursive_b0,2024-06-01,6,6471276.0,3310621.877169412,,,5869766.0,-3160654.122830588,3160654.122830588,2024,6,normalization,True,True,2023-12-31,2023-09-01,3
run_20260811T162732Z_6bbfe89e,fixed_12m_2024,fixed_origin_12m_ex_ante,ridge_recursive_b0,2024-07-01,7,7395701.0,3597781.8775110524,,,6926346.0,-3797919.1224889476,3797919.1224889476,2024,7,normalization,True,True,2023-12-31,2023-09-01,3
run_20260811T162732Z_6bbfe89e,fixed_12m_2024,fixed_origin_12m_ex_ante,ridge_recursive_b0,2024-08-01,8,8661295.0,3698434.281980114,,,8488026.0,-4962860.718019886,4962860.718019886,2024,8,normalization,True,True,2023-12-31,2023-09-01,3
run_20260811T162732Z_6bbfe89e,fixed_12m_2024,fixed_origin_12m_ex_ante,ridge_recursive_b0,2024-09-01,9,7149583.0,3033966.3898485075,,,7013861.0,-4115616.6101514925,4115616.6101514925,2024,9,normalization,True,True,2023-12-31,2023-09-01,3
run_20260811T162732Z_6bbfe89e,fixed_12m_2024,fixed_origin_12m_ex_ante,ridge_recursive_b0,2024-10-01,10,6723819.0,2711162.0781325866,,,5919814.0,-4012656.9218674134,4012656.9218674134,2024,10,normalization,True,True,2023-12-31,2023-09-01,3
run_20260811T162732Z_6bbfe89e,fixed_12m_2024,fixed_origin_12m_ex_ante,ridge_recursive_b0,2024-11-01,11,4018247.0,1584268.4947819212,,,3438085.0,-2433978.505218079,2433978.505218079,2024,11,normalization,True,True,2023-12-31,2023-09-01,3
run_20260811T162732Z_6bbfe89e,fixed_12m_2024,fixed_origin_12m_ex_ante,ridge_recursive_b0,2024-12-01,12,3175828.0,847980.9450737643,,,2620212.0,-2327847.0549262357,2327847.0549262357,2024,12,normalization,True,True,2023-12-31,2023-09-01,3
run_20260811T162732Z_6bbfe89e,fixed_12m_2024,fixed_origin_12m_ex_ante,hist_gradient_boosting_recursive_b0,2024-01-01,1,3245893.0,2600047.4879155885,,,3077654.0,-645845.5120844115,645845.5120844115,2024,1,normalization,True,True,2023-12-31,2023-09-01,3
run_20260811T162732Z_6bbfe89e,fixed_12m_2024,fixed_origin_12m_ex_ante,hist_gradient_boosting_recursive_b0,2024-02-01,2,2684623.0,1640490.5531541952,,,2314917.0,-1044132.4468458048,1044132.4468458048,2024,2,normalization,True,True,2023-12-31,2023-09-01,3
run_20260811T162732Z_6bbfe89e,fixed_12m_2024,fixed_origin_12m_ex_ante,hist_gradient_boosting_recursive_b0,2024-03-01,3,3079574.0,1640490.5531541952,,,2788995.0,-1439083.4468458048,1439083.4468458048,2024,3,normalization,True,True,2023-12-31,2023-09-01,3
run_20260811T162732Z_6bbfe89e,fixed_12m_2024,fixed_origin_12m_ex_ante,hist_gradient_boosting_recursive_b0,2024-04-01,4,4040974.0,1979664.3777517723,,,3541271.0,-2061309.6222482277,2061309.6222482277,2024,4,normalization,True,True,2023-12-31,2023-09-01,3
run_20260811T162732Z_6bbfe89e,fixed_12m_2024,fixed_origin_12m_ex_ante,hist_gradient_boosting_recursive_b0,2024-05-01,5,5585634.0,3340909.9721160303,,,4584458.0,-2244724.0278839697,2244724.0278839697,2024,5,normalization,True,True,2023-12-31,2023-09-01,3
run_20260811T162732Z_6bbfe89e,fixed_12m_2024,fixed_origin_12m_ex_ante,hist_gradient_boosting_recursive_b0,2024-06-01,6,6471276.0,3666368.8713701884,,,5869766.0,-2804907.1286298116,2804907.1286298116,2024,6,normalization,True,True,2023-12-31,2023-09-01,3
run_20260811T162732Z_6bbfe89e,fixed_12m_2024,fixed_origin_12m_ex_ante,hist_gradient_boosting_recursive_b0,2024-07-01,7,7395701.0,3768468.3410611306,,,6926346.0,-3627232.6589388694,3627232.6589388694,2024,7,normalization,True,True,2023-12-31,2023-09-01,3
run_20260811T162732Z_6bbfe89e,fixed_12m_2024,fixed_origin_12m_ex_ante,hist_gradient_boosting_recursive_b0,2024-08-01,8,8661295.0,4579227.057182874,,,8488026.0,-4082067.9428171264,4082067.9428171264,2024,8,normalization,True,True,2023-12-31,2023-09-01,3
run_20260811T162732Z_6bbfe89e,fixed_12m_2024,fixed_origin_12m_ex_ante,hist_gradient_boosting_recursive_b0,2024-09-01,9,7149583.0,3810404.3434930486,,,7013861.0,-3339178.6565069514,3339178.6565069514,2024,9,normalization,True,True,2023-12-31,2023-09-01,3
run_20260811T162732Z_6bbfe89e,fixed_12m_2024,fixed_origin_12m_ex_ante,hist_gradient_boosting_recursive_b0,2024-10-01,10,6723819.0,3502725.582512574,,,5919814.0,-3221093.417487426,3221093.417487426,2024,10,normalization,True,True,2023-12-31,2023-09-01,3
run_20260811T162732Z_6bbfe89e,fixed_12m_2024,fixed_origin_12m_ex_ante,hist_gradient_boosting_recursive_b0,2024-11-01,11,4018247.0,2194549.8073112783,,,3438085.0,-1823697.1926887217,1823697.1926887217,2024,11,normalization,True,True,2023-12-31,2023-09-01,3
run_20260811T162732Z_6bbfe89e,fixed_12m_2024,fixed_origin_12m_ex_ante,hist_gradient_boosting_recursive_b0,2024-12-01,12,3175828.0,1749499.9418918248,,,2620212.0,-1426328.0581081752,1426328.0581081752,2024,12,normalization,True,True,2023-12-31,2023-09-01,3
run_20260811T162732Z_6bbfe89e,fixed_12m_2024,fixed_origin_12m_ex_ante,extra_trees_recursive_b0,2024-01-01,1,3245893.0,2328133.649686968,,,3077654.0,-917759.350313032,917759.350313032,2024,1,normalization,True,True,2023-12-31,2023-09-01,3
run_20260811T162732Z_6bbfe89e,fixed_12m_2024,fixed_origin_12m_ex_ante,extra_trees_recursive_b0,2024-02-01,2,2684623.0,1382350.394820168,,,2314917.0,-1302272.605179832,1302272.605179832,2024,2,normalization,True,True,2023-12-31,2023-09-01,3
run_20260811T162732Z_6bbfe89e,fixed_12m_2024,fixed_origin_12m_ex_ante,extra_trees_recursive_b0,2024-03-01,3,3079574.0,1725884.0640537231,,,2788995.0,-1353689.9359462769,1353689.9359462769,2024,3,normalization,True,True,2023-12-31,2023-09-01,3
run_20260811T162732Z_6bbfe89e,fixed_12m_2024,fixed_origin_12m_ex_ante,extra_trees_recursive_b0,2024-04-01,4,4040974.0,1882457.9494041265,,,3541271.0,-2158516.0505958735,2158516.0505958735,2024,4,normalization,True,True,2023-12-31,2023-09-01,3
run_20260811T162732Z_6bbfe89e,fixed_12m_2024,fixed_origin_12m_ex_ante,extra_trees_recursive_b0,2024-05-01,5,5585634.0,3758194.1842960715,,,4584458.0,-1827439.8157039285,1827439.8157039285,2024,5,normalization,True,True,2023-12-31,2023-09-01,3
run_20260811T162732Z_6bbfe89e,fixed_12m_2024,fixed_origin_12m_ex_ante,extra_trees_recursive_b0,2024-06-01,6,6471276.0,3706092.2451210483,,,5869766.0,-2765183.7548789517,2765183.7548789517,2024,6,normalization,True,True,2023-12-31,2023-09-01,3
run_20260811T162732Z_6bbfe89e,fixed_12m_2024,fixed_origin_12m_ex_ante,extra_trees_recursive_b0,2024-07-01,7,7395701.0,4393580.23027708,,,6926346.0,-3002120.76972292,3002120.76972292,2024,7,normalization,True,True,2023-12-31,2023-09-01,3
run_20260811T162732Z_6bbfe89e,fixed_12m_2024,fixed_origin_12m_ex_ante,extra_trees_recursive_b0,2024-08-01,8,8661295.0,5445534.3936752705,,,8488026.0,-3215760.6063247295,3215760.6063247295,2024,8,normalization,True,True,2023-12-31,2023-09-01,3
run_20260811T162732Z_6bbfe89e,fixed_12m_2024,fixed_origin_12m_ex_ante,extra_trees_recursive_b0,2024-09-01,9,7149583.0,4720868.015092421,,,7013861.0,-2428714.9849075787,2428714.9849075787,2024,9,normalization,True,True,2023-12-31,2023-09-01,3
run_20260811T162732Z_6bbfe89e,fixed_12m_2024,fixed_origin_12m_ex_ante,extra_trees_recursive_b0,2024-10-01,10,6723819.0,4013840.228443861,,,5919814.0,-2709978.771556139,2709978.771556139,2024,10,normalization,True,True,2023-12-31,2023-09-01,3
run_20260811T162732Z_6bbfe89e,fixed_12m_2024,fixed_origin_12m_ex_ante,extra_trees_recursive_b0,2024-11-01,11,4018247.0,2009221.383134475,,,3438085.0,-2009025.616865525,2009025.616865525,2024,11,normalization,True,True,2023-12-31,2023-09-01,3
run_20260811T162732Z_6bbfe89e,fixed_12m_2024,fixed_origin_12m_ex_ante,extra_trees_recursive_b0,2024-12-01,12,3175828.0,1636342.313420929,,,2620212.0,-1539485.686579071,1539485.686579071,2024,12,normalization,True,True,2023-12-31,2023-09-01,3
run_20260811T162732Z_6bbfe89e,fixed_12m_2024,fixed_origin_12m_ex_ante,xgboost_recursive_b0,2024-01-01,1,3245893.0,2711559.5,,,3077654.0,-534333.5,534333.5,2024,1,normalization,True,True,2023-12-31,2023-09-01,3
run_20260811T162732Z_6bbfe89e,fixed_12m_2024,fixed_origin_12m_ex_ante,xgboost_recursive_b0,2024-02-01,2,2684623.0,1815078.0,,,2314917.0,-869545.0,869545.0,2024,2,normalization,True,True,2023-12-31,2023-09-01,3
run_20260811T162732Z_6bbfe89e,fixed_12m_2024,fixed_origin_12m_ex_ante,xgboost_recursive_b0,2024-03-01,3,3079574.0,1777999.125,,,2788995.0,-1301574.875,1301574.875,2024,3,normalization,True,True,2023-12-31,2023-09-01,3
run_20260811T162732Z_6bbfe89e,fixed_12m_2024,fixed_origin_12m_ex_ante,xgboost_recursive_b0,2024-04-01,4,4040974.0,1987856.375,,,3541271.0,-2053117.625,2053117.625,2024,4,normalization,True,True,2023-12-31,2023-09-01,3
run_20260811T162732Z_6bbfe89e,fixed_12m_2024,fixed_origin_12m_ex_ante,xgboost_recursive_b0,2024-05-01,5,5585634.0,2906837.0,,,4584458.0,-2678797.0,2678797.0,2024,5,normalization,True,True,2023-12-31,2023-09-01,3
run_20260811T162732Z_6bbfe89e,fixed_12m_2024,fixed_origin_12m_ex_ante,xgboost_recursive_b0,2024-06-01,6,6471276.0,2891766.0,,,5869766.0,-3579510.0,3579510.0,2024,6,normalization,True,True,2023-12-31,2023-09-01,3
run_20260811T162732Z_6bbfe89e,fixed_12m_2024,fixed_origin_12m_ex_ante,xgboost_recursive_b0,2024-07-01,7,7395701.0,2899479.0,,,6926346.0,-4496222.0,4496222.0,2024,7,normalization,True,True,2023-12-31,2023-09-01,3
run_20260811T162732Z_6bbfe89e,fixed_12m_2024,fixed_origin_12m_ex_ante,xgboost_recursive_b0,2024-08-01,8,8661295.0,3435005.25,,,8488026.0,-5226289.75,5226289.75,2024,8,normalization,True,True,2023-12-31,2023-09-01,3
run_20260811T162732Z_6bbfe89e,fixed_12m_2024,fixed_origin_12m_ex_ante,xgboost_recursive_b0,2024-09-01,9,7149583.0,3164029.25,,,7013861.0,-3985553.75,3985553.75,2024,9,normalization,True,True,2023-12-31,2023-09-01,3
run_20260811T162732Z_6bbfe89e,fixed_12m_2024,fixed_origin_12m_ex_ante,xgboost_recursive_b0,2024-10-01,10,6723819.0,3528530.75,,,5919814.0,-3195288.25,3195288.25,2024,10,normalization,True,True,2023-12-31,2023-09-01,3
run_20260811T162732Z_6bbfe89e,fixed_12m_2024,fixed_origin_12m_ex_ante,xgboost_recursive_b0,2024-11-01,11,4018247.0,2605441.0,,,3438085.0,-1412806.0,1412806.0,2024,11,normalization,True,True,2023-12-31,2023-09-01,3
run_20260811T162732Z_6bbfe89e,fixed_12m_2024,fixed_origin_12m_ex_ante,xgboost_recursive_b0,2024-12-01,12,3175828.0,2353635.75,,,2620212.0,-822192.25,822192.25,2024,12,normalization,True,True,2023-12-31,2023-09-01,3
run_20260811T162732Z_6bbfe89e,fixed_12m_2025,fixed_origin_12m_ex_ante,ridge_recursive_b0,2025-01-01,1,3355818.0,3898191.775620135,,,3245893.0,542373.775620135,542373.775620135,2025,1,normalization,True,True,2024-12-31,2024-09-01,3
run_20260811T162732Z_6bbfe89e,fixed_12m_2025,fixed_origin_12m_ex_ante,ridge_recursive_b0,2025-02-01,2,2782758.0,2341450.253839678,,,2684623.0,-441307.74616032187,441307.74616032187,2025,2,normalization,True,True,2024-12-31,2024-09-01,3
run_20260811T162732Z_6bbfe89e,fixed_12m_2025,fixed_origin_12m_ex_ante,ridge_recursive_b0,2025-03-01,3,2982576.0,2487939.139003766,,,3079574.0,-494636.86099623423,494636.86099623423,2025,3,normalization,True,True,2024-12-31,2024-09-01,3
run_20260811T162732Z_6bbfe89e,fixed_12m_2025,fixed_origin_12m_ex_ante,ridge_recursive_b0,2025-04-01,4,4242307.0,2351188.218511841,,,4040974.0,-1891118.7814881592,1891118.7814881592,2025,4,normalization,True,True,2024-12-31,2024-09-01,3
run_20260811T162732Z_6bbfe89e,fixed_12m_2025,fixed_origin_12m_ex_ante,ridge_recursive_b0,2025-05-01,5,5618724.0,3272424.0117126545,,,5585634.0,-2346299.9882873455,2346299.9882873455,2025,5,normalization,True,True,2024-12-31,2024-09-01,3
run_20260811T162732Z_6bbfe89e,fixed_12m_2025,fixed_origin_12m_ex_ante,ridge_recursive_b0,2025-06-01,6,6551137.0,3364207.2846519006,,,6471276.0,-3186929.7153480994,3186929.7153480994,2025,6,normalization,True,True,2024-12-31,2024-09-01,3
run_20260811T162732Z_6bbfe89e,fixed_12m_2025,fixed_origin_12m_ex_ante,ridge_recursive_b0,2025-07-01,7,7403653.0,3262587.319730012,,,7395701.0,-4141065.680269988,4141065.680269988,2025,7,normalization,True,True,2024-12-31,2024-09-01,3
run_20260811T162732Z_6bbfe89e,fixed_12m_2025,fixed_origin_12m_ex_ante,ridge_recursive_b0,2025-08-01,8,8912005.0,4719262.377426591,,,8661295.0,-4192742.622573409,4192742.622573409,2025,8,normalization,True,True,2024-12-31,2024-09-01,3
run_20260811T162732Z_6bbfe89e,fixed_12m_2025,fixed_origin_12m_ex_ante,ridge_recursive_b0,2025-09-01,9,7324078.0,3758295.9591421755,,,7149583.0,-3565782.0408578245,3565782.0408578245,2025,9,normalization,True,True,2024-12-31,2024-09-01,3
run_20260811T162732Z_6bbfe89e,fixed_12m_2025,fixed_origin_12m_ex_ante,ridge_recursive_b0,2025-10-01,10,7079267.0,2971759.1098606414,,,6151397.0,-4107507.8901393586,4107507.8901393586,2025,10,normalization,True,True,2024-12-31,2024-09-01,3
run_20260811T162732Z_6bbfe89e,fixed_12m_2025,fixed_origin_12m_ex_ante,ridge_recursive_b0,2025-11-01,11,4255110.0,1109160.2668753793,,,3520467.0,-3145949.7331246207,3145949.7331246207,2025,11,normalization,True,True,2024-12-31,2024-09-01,3
run_20260811T162732Z_6bbfe89e,fixed_12m_2025,fixed_origin_12m_ex_ante,ridge_recursive_b0,2025-12-01,12,3409623.0,1065748.7414445025,,,2800281.0,-2343874.2585554975,2343874.2585554975,2025,12,normalization,True,True,2024-12-31,2024-09-01,3
run_20260811T162732Z_6bbfe89e,fixed_12m_2025,fixed_origin_12m_ex_ante,hist_gradient_boosting_recursive_b0,2025-01-01,1,3355818.0,3411178.62099531,,,3245893.0,55360.620995310135,55360.620995310135,2025,1,normalization,True,True,2024-12-31,2024-09-01,3
run_20260811T162732Z_6bbfe89e,fixed_12m_2025,fixed_origin_12m_ex_ante,hist_gradient_boosting_recursive_b0,2025-02-01,2,2782758.0,2301845.2243527244,,,2684623.0,-480912.7756472756,480912.7756472756,2025,2,normalization,True,True,2024-12-31,2024-09-01,3
run_20260811T162732Z_6bbfe89e,fixed_12m_2025,fixed_origin_12m_ex_ante,hist_gradient_boosting_recursive_b0,2025-03-01,3,2982576.0,2231236.782217505,,,3079574.0,-751339.2177824951,751339.2177824951,2025,3,normalization,True,True,2024-12-31,2024-09-01,3
run_20260811T162732Z_6bbfe89e,fixed_12m_2025,fixed_origin_12m_ex_ante,hist_gradient_boosting_recursive_b0,2025-04-01,4,4242307.0,2455917.960530842,,,4040974.0,-1786389.0394691578,1786389.0394691578,2025,4,normalization,True,True,2024-12-31,2024-09-01,3
run_20260811T162732Z_6bbfe89e,fixed_12m_2025,fixed_origin_12m_ex_ante,hist_gradient_boosting_recursive_b0,2025-05-01,5,5618724.0,4092541.222603594,,,5585634.0,-1526182.777396406,1526182.777396406,2025,5,normalization,True,True,2024-12-31,2024-09-01,3
run_20260811T162732Z_6bbfe89e,fixed_12m_2025,fixed_origin_12m_ex_ante,hist_gradient_boosting_recursive_b0,2025-06-01,6,6551137.0,4673298.50132023,,,6471276.0,-1877838.4986797702,1877838.4986797702,2025,6,normalization,True,True,2024-12-31,2024-09-01,3
run_20260811T162732Z_6bbfe89e,fixed_12m_2025,fixed_origin_12m_ex_ante,hist_gradient_boosting_recursive_b0,2025-07-01,7,7403653.0,4922145.583403154,,,7395701.0,-2481507.4165968457,2481507.4165968457,2025,7,normalization,True,True,2024-12-31,2024-09-01,3
run_20260811T162732Z_6bbfe89e,fixed_12m_2025,fixed_origin_12m_ex_ante,hist_gradient_boosting_recursive_b0,2025-08-01,8,8912005.0,4883594.881850683,,,8661295.0,-4028410.118149317,4028410.118149317,2025,8,normalization,True,True,2024-12-31,2024-09-01,3
run_20260811T162732Z_6bbfe89e,fixed_12m_2025,fixed_origin_12m_ex_ante,hist_gradient_boosting_recursive_b0,2025-09-01,9,7324078.0,4437147.463483437,,,7149583.0,-2886930.536516563,2886930.536516563,2025,9,normalization,True,True,2024-12-31,2024-09-01,3
run_20260811T162732Z_6bbfe89e,fixed_12m_2025,fixed_origin_12m_ex_ante,hist_gradient_boosting_recursive_b0,2025-10-01,10,7079267.0,3952022.983865684,,,6151397.0,-3127244.016134316,3127244.016134316,2025,10,normalization,True,True,2024-12-31,2024-09-01,3
run_20260811T162732Z_6bbfe89e,fixed_12m_2025,fixed_origin_12m_ex_ante,hist_gradient_boosting_recursive_b0,2025-11-01,11,4255110.0,2499615.3396075484,,,3520467.0,-1755494.6603924516,1755494.6603924516,2025,11,normalization,True,True,2024-12-31,2024-09-01,3
run_20260811T162732Z_6bbfe89e,fixed_12m_2025,fixed_origin_12m_ex_ante,hist_gradient_boosting_recursive_b0,2025-12-01,12,3409623.0,2213523.0681262934,,,2800281.0,-1196099.9318737066,1196099.9318737066,2025,12,normalization,True,True,2024-12-31,2024-09-01,3
run_20260811T162732Z_6bbfe89e,fixed_12m_2025,fixed_origin_12m_ex_ante,extra_trees_recursive_b0,2025-01-01,1,3355818.0,2771427.8598085046,,,3245893.0,-584390.1401914954,584390.1401914954,2025,1,normalization,True,True,2024-12-31,2024-09-01,3
run_20260811T162732Z_6bbfe89e,fixed_12m_2025,fixed_origin_12m_ex_ante,extra_trees_recursive_b0,2025-02-01,2,2782758.0,1560604.7695640675,,,2684623.0,-1222153.2304359325,1222153.2304359325,2025,2,normalization,True,True,2024-12-31,2024-09-01,3
run_20260811T162732Z_6bbfe89e,fixed_12m_2025,fixed_origin_12m_ex_ante,extra_trees_recursive_b0,2025-03-01,3,2982576.0,1876649.8541291845,,,3079574.0,-1105926.1458708155,1105926.1458708155,2025,3,normalization,True,True,2024-12-31,2024-09-01,3
run_20260811T162732Z_6bbfe89e,fixed_12m_2025,fixed_origin_12m_ex_ante,extra_trees_recursive_b0,2025-04-01,4,4242307.0,2042653.0377142192,,,4040974.0,-2199653.962285781,2199653.962285781,2025,4,normalization,True,True,2024-12-31,2024-09-01,3
run_20260811T162732Z_6bbfe89e,fixed_12m_2025,fixed_origin_12m_ex_ante,extra_trees_recursive_b0,2025-05-01,5,5618724.0,4259730.466181379,,,5585634.0,-1358993.5338186212,1358993.5338186212,2025,5,normalization,True,True,2024-12-31,2024-09-01,3
run_20260811T162732Z_6bbfe89e,fixed_12m_2025,fixed_origin_12m_ex_ante,extra_trees_recursive_b0,2025-06-01,6,6551137.0,4210983.666087868,,,6471276.0,-2340153.3339121323,2340153.3339121323,2025,6,normalization,True,True,2024-12-31,2024-09-01,3
run_20260811T162732Z_6bbfe89e,fixed_12m_2025,fixed_origin_12m_ex_ante,extra_trees_recursive_b0,2025-07-01,7,7403653.0,4923469.19792659,,,7395701.0,-2480183.80207341,2480183.80207341,2025,7,normalization,True,True,2024-12-31,2024-09-01,3
run_20260811T162732Z_6bbfe89e,fixed_12m_2025,fixed_origin_12m_ex_ante,extra_trees_recursive_b0,2025-08-01,8,8912005.0,5722704.262255669,,,8661295.0,-3189300.7377443314,3189300.7377443314,2025,8,normalization,True,True,2024-12-31,2024-09-01,3
run_20260811T162732Z_6bbfe89e,fixed_12m_2025,fixed_origin_12m_ex_ante,extra_trees_recursive_b0,2025-09-01,9,7324078.0,5062087.206978263,,,7149583.0,-2261990.7930217367,2261990.7930217367,2025,9,normalization,True,True,2024-12-31,2024-09-01,3
run_20260811T162732Z_6bbfe89e,fixed_12m_2025,fixed_origin_12m_ex_ante,extra_trees_recursive_b0,2025-10-01,10,7079267.0,4435194.872612973,,,6151397.0,-2644072.1273870273,2644072.1273870273,2025,10,normalization,True,True,2024-12-31,2024-09-01,3
run_20260811T162732Z_6bbfe89e,fixed_12m_2025,fixed_origin_12m_ex_ante,extra_trees_recursive_b0,2025-11-01,11,4255110.0,2214852.986828196,,,3520467.0,-2040257.0131718041,2040257.0131718041,2025,11,normalization,True,True,2024-12-31,2024-09-01,3
run_20260811T162732Z_6bbfe89e,fixed_12m_2025,fixed_origin_12m_ex_ante,extra_trees_recursive_b0,2025-12-01,12,3409623.0,1841580.499943507,,,2800281.0,-1568042.500056493,1568042.500056493,2025,12,normalization,True,True,2024-12-31,2024-09-01,3
run_20260811T162732Z_6bbfe89e,fixed_12m_2025,fixed_origin_12m_ex_ante,xgboost_recursive_b0,2025-01-01,1,3355818.0,2892400.75,,,3245893.0,-463417.25,463417.25,2025,1,normalization,True,True,2024-12-31,2024-09-01,3
run_20260811T162732Z_6bbfe89e,fixed_12m_2025,fixed_origin_12m_ex_ante,xgboost_recursive_b0,2025-02-01,2,2782758.0,2517477.75,,,2684623.0,-265280.25,265280.25,2025,2,normalization,True,True,2024-12-31,2024-09-01,3
run_20260811T162732Z_6bbfe89e,fixed_12m_2025,fixed_origin_12m_ex_ante,xgboost_recursive_b0,2025-03-01,3,2982576.0,2738905.75,,,3079574.0,-243670.25,243670.25,2025,3,normalization,True,True,2024-12-31,2024-09-01,3
run_20260811T162732Z_6bbfe89e,fixed_12m_2025,fixed_origin_12m_ex_ante,xgboost_recursive_b0,2025-04-01,4,4242307.0,2950323.5,,,4040974.0,-1291983.5,1291983.5,2025,4,normalization,True,True,2024-12-31,2024-09-01,3
run_20260811T162732Z_6bbfe89e,fixed_12m_2025,fixed_origin_12m_ex_ante,xgboost_recursive_b0,2025-05-01,5,5618724.0,4133327.5,,,5585634.0,-1485396.5,1485396.5,2025,5,normalization,True,True,2024-12-31,2024-09-01,3
run_20260811T162732Z_6bbfe89e,fixed_12m_2025,fixed_origin_12m_ex_ante,xgboost_recursive_b0,2025-06-01,6,6551137.0,4364734.5,,,6471276.0,-2186402.5,2186402.5,2025,6,normalization,True,True,2024-12-31,2024-09-01,3
run_20260811T162732Z_6bbfe89e,fixed_12m_2025,fixed_origin_12m_ex_ante,xgboost_recursive_b0,2025-07-01,7,7403653.0,4442743.0,,,7395701.0,-2960910.0,2960910.0,2025,7,normalization,True,True,2024-12-31,2024-09-01,3
run_20260811T162732Z_6bbfe89e,fixed_12m_2025,fixed_origin_12m_ex_ante,xgboost_recursive_b0,2025-08-01,8,8912005.0,4739037.0,,,8661295.0,-4172968.0,4172968.0,2025,8,normalization,True,True,2024-12-31,2024-09-01,3
run_20260811T162732Z_6bbfe89e,fixed_12m_2025,fixed_origin_12m_ex_ante,xgboost_recursive_b0,2025-09-01,9,7324078.0,4259922.0,,,7149583.0,-3064156.0,3064156.0,2025,9,normalization,True,True,2024-12-31,2024-09-01,3
run_20260811T162732Z_6bbfe89e,fixed_12m_2025,fixed_origin_12m_ex_ante,xgboost_recursive_b0,2025-10-01,10,7079267.0,3779047.25,,,6151397.0,-3300219.75,3300219.75,2025,10,normalization,True,True,2024-12-31,2024-09-01,3
run_20260811T162732Z_6bbfe89e,fixed_12m_2025,fixed_origin_12m_ex_ante,xgboost_recursive_b0,2025-11-01,11,4255110.0,2631928.0,,,3520467.0,-1623182.0,1623182.0,2025,11,normalization,True,True,2024-12-31,2024-09-01,3
run_20260811T162732Z_6bbfe89e,fixed_12m_2025,fixed_origin_12m_ex_ante,xgboost_recursive_b0,2025-12-01,12,3409623.0,2294033.75,,,2800281.0,-1115589.25,1115589.25,2025,12,normalization,True,True,2024-12-31,2024-09-01,3
