experiment_id,timestamp_utc,git_sha,source_state,run_id,config_checksum,data_checksum,target_definition,training_window,validation_folds,forecast_horizon,forecast_protocol,feature_block,exact_features,model,hyperparameters,random_seed,package_versions,per_fold_metrics_path,aggregate_metrics,seasonal_naive_skill,runtime_seconds,artifact_paths,notes,failure_reason
exp_20260811T153308Z_20c50f7c,2026-08-11T15:33:08.464696+00:00,79237467a63ce93ab04a3e276b639cc4a741ee8a,,,,a7885fb0e1ed5de7d64ae180733effc0baebad1e4842ef6bca467466b5b538e5,target_original_with_missing,2008-01..2024-12,"[""fixed_12m_2015"",""fixed_12m_2016"",""fixed_12m_2017"",""fixed_12m_2018"",""fixed_12m_2019"",""fixed_12m_2020"",""fixed_12m_2021"",""fixed_12m_2022"",""fixed_12m_2023"",""fixed_12m_2024"",""fixed_12m_2025""]",1..12,fixed_origin_12m_ex_ante,B0_target_history_calendar,calendar and target history; model-specific notes in fold metrics,drift,fold-specific; recorded in notes where tuned,20250811,"{""numpy"":""1.26.4"",""pandas"":""2.2.3"",""python"":""3.11.9"",""scikit-learn"":""1.5.2"",""scipy"":""1.13.1"",""statsmodels"":""0.14.4"",""xgboost"":""2.1.2""}",results/fold_metrics.csv,"{""bias"":-1569488.2845688993,""folds"":11,""interval_95_coverage"":1.0,""interval_95_mean_width"":14991399.800290411,""interval_95_winkler"":15029960.176899232,""mae"":1752161.5516708521,""mae_skill_vs_seasonal_naive"":-3.8464040570359717,""mape"":40.26507967511236,""mase"":4.830386499861921,""observations"":129.0,""r2"":-1.0461128240003825,""rmse"":2356760.990302591,""rmse_skill_vs_seasonal_naive"":-4.472971249223102,""rmsse"":4.141357310486003,""runtime_seconds"":0.0005225272933867844,""smape"":50.23797527684922,""wape"":47.156262969621245}",-3.8464040570359717,0.005747800227254629,"[""results\\rolling_origin_fold_metrics.csv"",""results\\rolling_origin_leaderboard.csv"",""results\\forecasts\\rolling_origin_forecasts.csv""]",All outer folds retained; no random split or final-test tuning.; provisional_pre_milestone_run; Git SHA references the intake commit; mutable artifacts were superseded,provenance_incomplete_pre_milestone
exp_20260811T153308Z_ce914fe3,2026-08-11T15:33:08.546228+00:00,79237467a63ce93ab04a3e276b639cc4a741ee8a,,,,a7885fb0e1ed5de7d64ae180733effc0baebad1e4842ef6bca467466b5b538e5,target_original_with_missing,2008-01..2024-12,"[""fixed_12m_2015"",""fixed_12m_2016"",""fixed_12m_2017"",""fixed_12m_2018"",""fixed_12m_2019"",""fixed_12m_2020"",""fixed_12m_2021"",""fixed_12m_2022"",""fixed_12m_2023"",""fixed_12m_2024"",""fixed_12m_2025""]",1..12,fixed_origin_12m_ex_ante,B0_target_history_calendar,calendar and target history; model-specific notes in fold metrics,dynamic_harmonic_arima_k2,fold-specific; recorded in notes where tuned,20250811,"{""numpy"":""1.26.4"",""pandas"":""2.2.3"",""python"":""3.11.9"",""scikit-learn"":""1.5.2"",""scipy"":""1.13.1"",""statsmodels"":""0.14.4"",""xgboost"":""2.1.2""}",results/fold_metrics.csv,"{""bias"":29207.851013673786,""folds"":11,""interval_95_coverage"":0.8308080808080809,""interval_95_mean_width"":2745926.0956467967,""interval_95_winkler"":11024038.280882074,""mae"":787658.290823949,""mae_skill_vs_seasonal_naive"":-0.3822806737582537,""mape"":33.695599201946564,""mase"":2.33654217695768,""observations"":129.0,""r2"":-1.1267170505510806,""rmse"":964246.0353032249,""rmse_skill_vs_seasonal_naive"":-0.4452599640681571,""rmsse"":1.8481521940576149,""runtime_seconds"":0.034866545465774834,""smape"":22.505509825309556,""wape"":28.778709884141755}",-0.3822806737582537,0.3835320001235232,"[""results\\rolling_origin_fold_metrics.csv"",""results\\rolling_origin_leaderboard.csv"",""results\\forecasts\\rolling_origin_forecasts.csv""]",All outer folds retained; no random split or final-test tuning.; provisional_pre_milestone_run; Git SHA references the intake commit; mutable artifacts were superseded,provenance_incomplete_pre_milestone
exp_20260811T153308Z_83c96f90,2026-08-11T15:33:08.630721+00:00,79237467a63ce93ab04a3e276b639cc4a741ee8a,,,,a7885fb0e1ed5de7d64ae180733effc0baebad1e4842ef6bca467466b5b538e5,target_original_with_missing,2008-01..2024-12,"[""fixed_12m_2015"",""fixed_12m_2016"",""fixed_12m_2017"",""fixed_12m_2018"",""fixed_12m_2019"",""fixed_12m_2020"",""fixed_12m_2021"",""fixed_12m_2022"",""fixed_12m_2023"",""fixed_12m_2024"",""fixed_12m_2025""]",1..12,fixed_origin_12m_ex_ante,B0_target_history_calendar,calendar and target history; model-specific notes in fold metrics,ets_holt_winters,fold-specific; recorded in notes where tuned,20250811,"{""numpy"":""1.26.4"",""pandas"":""2.2.3"",""python"":""3.11.9"",""scikit-learn"":""1.5.2"",""scipy"":""1.13.1"",""statsmodels"":""0.14.4"",""xgboost"":""2.1.2""}",results/fold_metrics.csv,"{""bias"":-235495.51161518364,""folds"":11,""interval_95_coverage"":0.9368686868686869,""interval_95_mean_width"":5224970.830194243,""interval_95_winkler"":7455762.521582771,""mae"":950416.2735469632,""mae_skill_vs_seasonal_naive"":-0.6766985887585372,""mape"":36.7732027129103,""mase"":2.480492227701334,""observations"":129.0,""r2"":-0.702113914428605,""rmse"":1119936.3734181637,""rmse_skill_vs_seasonal_naive"":-0.7050876348447387,""rmsse"":1.876183730943187,""runtime_seconds"":0.1441682818007063,""smape"":27.39553383458043,""wape"":30.86431145051996}",-0.6766985887585372,1.585851099807769,"[""results\\rolling_origin_fold_metrics.csv"",""results\\rolling_origin_leaderboard.csv"",""results\\forecasts\\rolling_origin_forecasts.csv""]",All outer folds retained; no random split or final-test tuning.; provisional_pre_milestone_run; Git SHA references the intake commit; mutable artifacts were superseded,provenance_incomplete_pre_milestone
exp_20260811T153308Z_63391110,2026-08-11T15:33:08.773902+00:00,79237467a63ce93ab04a3e276b639cc4a741ee8a,,,,a7885fb0e1ed5de7d64ae180733effc0baebad1e4842ef6bca467466b5b538e5,target_original_with_missing,2008-01..2024-12,"[""fixed_12m_2015"",""fixed_12m_2016"",""fixed_12m_2017"",""fixed_12m_2018"",""fixed_12m_2019"",""fixed_12m_2020"",""fixed_12m_2021"",""fixed_12m_2022"",""fixed_12m_2023"",""fixed_12m_2024"",""fixed_12m_2025""]",1..12,fixed_origin_12m_ex_ante,B0_target_history_calendar,calendar and target history; model-specific notes in fold metrics,naive_last,fold-specific; recorded in notes where tuned,20250811,"{""numpy"":""1.26.4"",""pandas"":""2.2.3"",""python"":""3.11.9"",""scikit-learn"":""1.5.2"",""scipy"":""1.13.1"",""statsmodels"":""0.14.4"",""xgboost"":""2.1.2""}",results/fold_metrics.csv,"{""bias"":-1612435.6363636365,""folds"":11,""interval_95_coverage"":0.9469696969696969,""interval_95_mean_width"":8797510.861012444,""interval_95_winkler"":9811649.037746368,""mae"":1781002.2575757578,""mae_skill_vs_seasonal_naive"":-3.946010773607641,""mape"":40.6618946075849,""mase"":4.908897968917419,""observations"":129.0,""r2"":-1.0827653318894475,""rmse"":2384830.3241954315,""rmse_skill_vs_seasonal_naive"":-4.561332037993537,""rmsse"":4.194268096280964,""runtime_seconds"":0.0004333818056197329,""smape"":51.30674695877851,""wape"":47.71188681434019}",-3.946010773607641,0.004767199861817062,"[""results\\rolling_origin_fold_metrics.csv"",""results\\rolling_origin_leaderboard.csv"",""results\\forecasts\\rolling_origin_forecasts.csv""]",All outer folds retained; no random split or final-test tuning.; provisional_pre_milestone_run; Git SHA references the intake commit; mutable artifacts were superseded,provenance_incomplete_pre_milestone
exp_20260811T153308Z_973315fe,2026-08-11T15:33:08.849116+00:00,79237467a63ce93ab04a3e276b639cc4a741ee8a,,,,a7885fb0e1ed5de7d64ae180733effc0baebad1e4842ef6bca467466b5b538e5,target_original_with_missing,2008-01..2024-12,"[""fixed_12m_2015"",""fixed_12m_2016"",""fixed_12m_2017"",""fixed_12m_2018"",""fixed_12m_2019"",""fixed_12m_2020"",""fixed_12m_2021"",""fixed_12m_2022"",""fixed_12m_2023"",""fixed_12m_2024"",""fixed_12m_2025""]",1..12,fixed_origin_12m_ex_ante,B0_target_history_calendar,calendar and target history; model-specific notes in fold metrics,same_month_historical_mean,fold-specific; recorded in notes where tuned,20250811,"{""numpy"":""1.26.4"",""pandas"":""2.2.3"",""python"":""3.11.9"",""scikit-learn"":""1.5.2"",""scipy"":""1.13.1"",""statsmodels"":""0.14.4"",""xgboost"":""2.1.2""}",results/fold_metrics.csv,"{""bias"":-641134.9348928862,""folds"":11,""interval_95_coverage"":0.6565656565656566,""interval_95_mean_width"":2456264.24148728,""interval_95_winkler"":11929477.928133177,""mae"":1166692.30856551,""mae_skill_vs_seasonal_naive"":-1.9068913648662276,""mape"":39.187149196383125,""mase"":2.8504770823275396,""observations"":129.0,""r2"":-0.3860433137954219,""rmse"":1295729.0640874093,""rmse_skill_vs_seasonal_naive"":-1.6542971585491641,""rmsse"":2.017217485366157,""runtime_seconds"":0.0012515454595400529,""smape"":35.17948951029084,""wape"":33.61481646515934}",-1.906891364866228,0.013767000054940581,"[""results\\rolling_origin_fold_metrics.csv"",""results\\rolling_origin_leaderboard.csv"",""results\\forecasts\\rolling_origin_forecasts.csv""]",All outer folds retained; no random split or final-test tuning.; provisional_pre_milestone_run; Git SHA references the intake commit; mutable artifacts were superseded,provenance_incomplete_pre_milestone
exp_20260811T153308Z_46698f54,2026-08-11T15:33:08.925816+00:00,79237467a63ce93ab04a3e276b639cc4a741ee8a,,,,a7885fb0e1ed5de7d64ae180733effc0baebad1e4842ef6bca467466b5b538e5,target_original_with_missing,2008-01..2024-12,"[""fixed_12m_2015"",""fixed_12m_2016"",""fixed_12m_2017"",""fixed_12m_2018"",""fixed_12m_2019"",""fixed_12m_2020"",""fixed_12m_2021"",""fixed_12m_2022"",""fixed_12m_2023"",""fixed_12m_2024"",""fixed_12m_2025""]",1..12,fixed_origin_12m_ex_ante,B0_target_history_calendar,calendar and target history; model-specific notes in fold metrics,sarima_111_111_12,fold-specific; recorded in notes where tuned,20250811,"{""numpy"":""1.26.4"",""pandas"":""2.2.3"",""python"":""3.11.9"",""scikit-learn"":""1.5.2"",""scipy"":""1.13.1"",""statsmodels"":""0.14.4"",""xgboost"":""2.1.2""}",results/fold_metrics.csv,"{""bias"":44817.31523713624,""folds"":11,""interval_95_coverage"":0.8636363636363636,""interval_95_mean_width"":3649579.709046966,""interval_95_winkler"":11414869.193402356,""mae"":723169.977205043,""mae_skill_vs_seasonal_naive"":-0.06524028816637004,""mape"":30.979306356342327,""mase"":2.1561860676049425,""observations"":129.0,""r2"":-1.4622248734701009,""rmse"":909301.9121616554,""rmse_skill_vs_seasonal_naive"":-0.08410527102523803,""rmsse"":1.7770042290137291,""runtime_seconds"":0.1359287727179683,""smape"":20.20972667964091,""wape"":27.551986350328367}",-0.06524028816637006,1.4952164998976514,"[""results\\rolling_origin_fold_metrics.csv"",""results\\rolling_origin_leaderboard.csv"",""results\\forecasts\\rolling_origin_forecasts.csv""]",All outer folds retained; no random split or final-test tuning.; provisional_pre_milestone_run; Git SHA references the intake commit; mutable artifacts were superseded,provenance_incomplete_pre_milestone
exp_20260811T153309Z_3a6a2aa4,2026-08-11T15:33:09.001350+00:00,79237467a63ce93ab04a3e276b639cc4a741ee8a,,,,a7885fb0e1ed5de7d64ae180733effc0baebad1e4842ef6bca467466b5b538e5,target_original_with_missing,2008-01..2024-12,"[""fixed_12m_2015"",""fixed_12m_2016"",""fixed_12m_2017"",""fixed_12m_2018"",""fixed_12m_2019"",""fixed_12m_2020"",""fixed_12m_2021"",""fixed_12m_2022"",""fixed_12m_2023"",""fixed_12m_2024"",""fixed_12m_2025""]",1..12,fixed_origin_12m_ex_ante,B0_target_history_calendar,calendar and target history; model-specific notes in fold metrics,seasonal_moving_average_3,fold-specific; recorded in notes where tuned,20250811,"{""numpy"":""1.26.4"",""pandas"":""2.2.3"",""python"":""3.11.9"",""scikit-learn"":""1.5.2"",""scipy"":""1.13.1"",""statsmodels"":""0.14.4"",""xgboost"":""2.1.2""}",results/fold_metrics.csv,"{""bias"":-292669.03956228954,""folds"":11,""interval_95_coverage"":0.7095959595959596,""interval_95_mean_width"":2681160.8112714384,""interval_95_winkler"":12912147.693219911,""mae"":1030631.935185185,""mae_skill_vs_seasonal_naive"":-0.759508224214379,""mape"":39.757295616212794,""mase"":2.6489115709729045,""observations"":129.0,""r2"":-0.9547490895885402,""rmse"":1210500.868986648,""rmse_skill_vs_seasonal_naive"":-0.713280081448865,""rmsse"":2.003802799891737,""runtime_seconds"":0.02556477271189744,""smape"":30.01527605108955,""wape"":33.09157431143413}",-0.759508224214379,0.2812124998308718,"[""results\\rolling_origin_fold_metrics.csv"",""results\\rolling_origin_leaderboard.csv"",""results\\forecasts\\rolling_origin_forecasts.csv""]",All outer folds retained; no random split or final-test tuning.; provisional_pre_milestone_run; Git SHA references the intake commit; mutable artifacts were superseded,provenance_incomplete_pre_milestone
exp_20260811T153309Z_343c3fd1,2026-08-11T15:33:09.077919+00:00,79237467a63ce93ab04a3e276b639cc4a741ee8a,,,,a7885fb0e1ed5de7d64ae180733effc0baebad1e4842ef6bca467466b5b538e5,target_original_with_missing,2008-01..2024-12,"[""fixed_12m_2015"",""fixed_12m_2016"",""fixed_12m_2017"",""fixed_12m_2018"",""fixed_12m_2019"",""fixed_12m_2020"",""fixed_12m_2021"",""fixed_12m_2022"",""fixed_12m_2023"",""fixed_12m_2024"",""fixed_12m_2025""]",1..12,fixed_origin_12m_ex_ante,B0_target_history_calendar,calendar and target history; model-specific notes in fold metrics,seasonal_naive,fold-specific; recorded in notes where tuned,20250811,"{""numpy"":""1.26.4"",""pandas"":""2.2.3"",""python"":""3.11.9"",""scikit-learn"":""1.5.2"",""scipy"":""1.13.1"",""statsmodels"":""0.14.4"",""xgboost"":""2.1.2""}",results/fold_metrics.csv,"{""bias"":-201484.65404040404,""folds"":11,""interval_95_coverage"":0.9318181818181818,""interval_95_mean_width"":6818286.659595597,""interval_95_winkler"":10901941.076624924,""mae"":910193.9469696969,""mae_skill_vs_seasonal_naive"":0.0,""mape"":38.20554232084377,""mase"":2.528078920900011,""observations"":126.0,""r2"":-1.600578479750179,""rmse"":1084590.2836513105,""rmse_skill_vs_seasonal_naive"":0.0,""rmsse"":1.9319173484073355,""runtime_seconds"":0.002628990904089402,""smape"":28.75525777138746,""wape"":32.820258553159476}",0.0,0.028918899944983423,"[""results\\rolling_origin_fold_metrics.csv"",""results\\rolling_origin_leaderboard.csv"",""results\\forecasts\\rolling_origin_forecasts.csv""]",All outer folds retained; no random split or final-test tuning.; provisional_pre_milestone_run; Git SHA references the intake commit; mutable artifacts were superseded,provenance_incomplete_pre_milestone
exp_20260811T153309Z_802078d3,2026-08-11T15:33:09.154927+00:00,79237467a63ce93ab04a3e276b639cc4a741ee8a,,,,a7885fb0e1ed5de7d64ae180733effc0baebad1e4842ef6bca467466b5b538e5,target_original_with_missing,2008-01..2024-12,"[""fixed_12m_2015"",""fixed_12m_2016"",""fixed_12m_2017"",""fixed_12m_2018"",""fixed_12m_2019"",""fixed_12m_2020"",""fixed_12m_2021"",""fixed_12m_2022"",""fixed_12m_2023"",""fixed_12m_2024"",""fixed_12m_2025""]",1..12,fixed_origin_12m_ex_ante,B0_target_history_calendar,calendar and target history; model-specific notes in fold metrics,theta,fold-specific; recorded in notes where tuned,20250811,"{""numpy"":""1.26.4"",""pandas"":""2.2.3"",""python"":""3.11.9"",""scikit-learn"":""1.5.2"",""scipy"":""1.13.1"",""statsmodels"":""0.14.4"",""xgboost"":""2.1.2""}",results/fold_metrics.csv,"{""bias"":NaN,""folds"":11,""interval_95_coverage"":NaN,""interval_95_mean_width"":NaN,""interval_95_winkler"":NaN,""mae"":NaN,""mae_skill_vs_seasonal_naive"":NaN,""mape"":NaN,""mase"":NaN,""observations"":0.0,""r2"":NaN,""rmse"":NaN,""rmse_skill_vs_seasonal_naive"":NaN,""rmsse"":NaN,""runtime_seconds"":0.08331736364528876,""smape"":NaN,""wape"":NaN}",,0.9164910000981763,"[""results\\rolling_origin_fold_metrics.csv"",""results\\rolling_origin_leaderboard.csv"",""results\\forecasts\\rolling_origin_forecasts.csv""]",All outer folds retained; no random split or final-test tuning.; provisional_pre_milestone_run; Git SHA references the intake commit; mutable artifacts were superseded,AttributeError: 'ThetaModelResults' object has no attribute 'fittedvalues' | provenance_incomplete_pre_milestone
exp_20260811T153309Z_8759cfca,2026-08-11T15:33:09.232548+00:00,79237467a63ce93ab04a3e276b639cc4a741ee8a,,,,a7885fb0e1ed5de7d64ae180733effc0baebad1e4842ef6bca467466b5b538e5,target_original_with_missing,2008-01..2025-11,"[""one_step_201501"",""one_step_201502"",""one_step_201503"",""one_step_201504"",""one_step_201505"",""one_step_201506"",""one_step_201507"",""one_step_201508"",""one_step_201509"",""one_step_201510"",""one_step_201511"",""one_step_201512"",""one_step_201601"",""one_step_201602"",""one_step_201603"",""one_step_201604"",""one_step_201605"",""one_step_201606"",""one_step_201607"",""one_step_201608"",""one_step_201609"",""one_step_201610"",""one_step_201611"",""one_step_201612"",""one_step_201701"",""one_step_201702"",""one_step_201703"",""one_step_201704"",""one_step_201705"",""one_step_201706"",""one_step_201707"",""one_step_201708"",""one_step_201709"",""one_step_201710"",""one_step_201711"",""one_step_201712"",""one_step_201801"",""one_step_201802"",""one_step_201803"",""one_step_201804"",""one_step_201805"",""one_step_201806"",""one_step_201807"",""one_step_201808"",""one_step_201809"",""one_step_201810"",""one_step_201811"",""one_step_201812"",""one_step_201901"",""one_step_201902"",""one_step_201903"",""one_step_201904"",""one_step_201905"",""one_step_201906"",""one_step_201907"",""one_step_201908"",""one_step_201909"",""one_step_201910"",""one_step_201911"",""one_step_201912"",""one_step_202001"",""one_step_202002"",""one_step_202003"",""one_step_202004"",""one_step_202005"",""one_step_202006"",""one_step_202007"",""one_step_202008"",""one_step_202009"",""one_step_202010"",""one_step_202011"",""one_step_202012"",""one_step_202101"",""one_step_202102"",""one_step_202103"",""one_step_202104"",""one_step_202105"",""one_step_202106"",""one_step_202107"",""one_step_202108"",""one_step_202109"",""one_step_202110"",""one_step_202111"",""one_step_202112"",""one_step_202201"",""one_step_202202"",""one_step_202203"",""one_step_202204"",""one_step_202205"",""one_step_202206"",""one_step_202207"",""one_step_202208"",""one_step_202209"",""one_step_202210"",""one_step_202211"",""one_step_202212"",""one_step_202301"",""one_step_202302"",""one_step_202303"",""one_step_202304"",""one_step_202305"",""one_step_202306"",""one_step_202307"",""one_step_202308"",""one_step_202309"",""one_step_202310"",""one_step_202311"",""one_step_202312"",""one_step_202401"",""one_step_202402"",""one_step_202403"",""one_step_202404"",""one_step_202405"",""one_step_202406"",""one_step_202407"",""one_step_202408"",""one_step_202409"",""one_step_202410"",""one_step_202411"",""one_step_202412"",""one_step_202501"",""one_step_202502"",""one_step_202503"",""one_step_202504"",""one_step_202505"",""one_step_202506"",""one_step_202507"",""one_step_202508"",""one_step_202509"",""one_step_202510"",""one_step_202511"",""one_step_202512""]",1,one_step_ex_ante,B0_target_history_calendar,calendar and target history; model-specific notes in fold metrics,drift,fold-specific; recorded in notes where tuned,20250811,"{""numpy"":""1.26.4"",""pandas"":""2.2.3"",""python"":""3.11.9"",""scikit-learn"":""1.5.2"",""scipy"":""1.13.1"",""statsmodels"":""0.14.4"",""xgboost"":""2.1.2""}",results/fold_metrics.csv,"{""bias"":4723.090672561855,""folds"":132,""interval_95_coverage"":1.0,""interval_95_mean_width"":6695238.444675155,""interval_95_winkler"":6703623.021312963,""mae"":874709.5387892775,""mae_skill_vs_seasonal_naive"":-3.8057863891745347,""mape"":24.893697798364766,""mase"":2.3406435091734927,""observations"":129.0,""r2"":NaN,""rmse"":874709.5387892775,""rmse_skill_vs_seasonal_naive"":-3.8057863891745347,""rmsse"":1.4653878381803114,""runtime_seconds"":0.00043070302997489995,""smape"":23.648142398519813,""wape"":24.893697798364766}",-3.8057863891745343,0.056852799956686795,"[""results\\rolling_origin_fold_metrics.csv"",""results\\rolling_origin_leaderboard.csv"",""results\\forecasts\\rolling_origin_forecasts.csv""]",All outer folds retained; no random split or final-test tuning.; provisional_pre_milestone_run; Git SHA references the intake commit; mutable artifacts were superseded,provenance_incomplete_pre_milestone
exp_20260811T153309Z_cd1e4542,2026-08-11T15:33:09.310649+00:00,79237467a63ce93ab04a3e276b639cc4a741ee8a,,,,a7885fb0e1ed5de7d64ae180733effc0baebad1e4842ef6bca467466b5b538e5,target_original_with_missing,2008-01..2025-11,"[""one_step_201501"",""one_step_201502"",""one_step_201503"",""one_step_201504"",""one_step_201505"",""one_step_201506"",""one_step_201507"",""one_step_201508"",""one_step_201509"",""one_step_201510"",""one_step_201511"",""one_step_201512"",""one_step_201601"",""one_step_201602"",""one_step_201603"",""one_step_201604"",""one_step_201605"",""one_step_201606"",""one_step_201607"",""one_step_201608"",""one_step_201609"",""one_step_201610"",""one_step_201611"",""one_step_201612"",""one_step_201701"",""one_step_201702"",""one_step_201703"",""one_step_201704"",""one_step_201705"",""one_step_201706"",""one_step_201707"",""one_step_201708"",""one_step_201709"",""one_step_201710"",""one_step_201711"",""one_step_201712"",""one_step_201801"",""one_step_201802"",""one_step_201803"",""one_step_201804"",""one_step_201805"",""one_step_201806"",""one_step_201807"",""one_step_201808"",""one_step_201809"",""one_step_201810"",""one_step_201811"",""one_step_201812"",""one_step_201901"",""one_step_201902"",""one_step_201903"",""one_step_201904"",""one_step_201905"",""one_step_201906"",""one_step_201907"",""one_step_201908"",""one_step_201909"",""one_step_201910"",""one_step_201911"",""one_step_201912"",""one_step_202001"",""one_step_202002"",""one_step_202003"",""one_step_202004"",""one_step_202005"",""one_step_202006"",""one_step_202007"",""one_step_202008"",""one_step_202009"",""one_step_202010"",""one_step_202011"",""one_step_202012"",""one_step_202101"",""one_step_202102"",""one_step_202103"",""one_step_202104"",""one_step_202105"",""one_step_202106"",""one_step_202107"",""one_step_202108"",""one_step_202109"",""one_step_202110"",""one_step_202111"",""one_step_202112"",""one_step_202201"",""one_step_202202"",""one_step_202203"",""one_step_202204"",""one_step_202205"",""one_step_202206"",""one_step_202207"",""one_step_202208"",""one_step_202209"",""one_step_202210"",""one_step_202211"",""one_step_202212"",""one_step_202301"",""one_step_202302"",""one_step_202303"",""one_step_202304"",""one_step_202305"",""one_step_202306"",""one_step_202307"",""one_step_202308"",""one_step_202309"",""one_step_202310"",""one_step_202311"",""one_step_202312"",""one_step_202401"",""one_step_202402"",""one_step_202403"",""one_step_202404"",""one_step_202405"",""one_step_202406"",""one_step_202407"",""one_step_202408"",""one_step_202409"",""one_step_202410"",""one_step_202411"",""one_step_202412"",""one_step_202501"",""one_step_202502"",""one_step_202503"",""one_step_202504"",""one_step_202505"",""one_step_202506"",""one_step_202507"",""one_step_202508"",""one_step_202509"",""one_step_202510"",""one_step_202511"",""one_step_202512""]",1,one_step_ex_ante,B0_target_history_calendar,calendar and target history; model-specific notes in fold metrics,naive_last,fold-specific; recorded in notes where tuned,20250811,"{""numpy"":""1.26.4"",""pandas"":""2.2.3"",""python"":""3.11.9"",""scikit-learn"":""1.5.2"",""scipy"":""1.13.1"",""statsmodels"":""0.14.4"",""xgboost"":""2.1.2""}",results/fold_metrics.csv,"{""bias"":-12938.581395348838,""folds"":132,""interval_95_coverage"":0.9302325581395349,""interval_95_mean_width"":3593108.957819874,""interval_95_winkler"":5008568.629691863,""mae"":872857.4031007752,""mae_skill_vs_seasonal_naive"":-3.8098725872950054,""mape"":24.78939819140442,""mase"":2.3359969710484036,""observations"":129.0,""r2"":NaN,""rmse"":872857.4031007752,""rmse_skill_vs_seasonal_naive"":-3.8098725872950054,""rmsse"":1.4626324395062935,""runtime_seconds"":0.00040818106693526107,""smape"":23.648806368369808,""wape"":24.789398191404423}",-3.8098725872950046,0.053879900835454464,"[""results\\rolling_origin_fold_metrics.csv"",""results\\rolling_origin_leaderboard.csv"",""results\\forecasts\\rolling_origin_forecasts.csv""]",All outer folds retained; no random split or final-test tuning.; provisional_pre_milestone_run; Git SHA references the intake commit; mutable artifacts were superseded,provenance_incomplete_pre_milestone
exp_20260811T153309Z_4d3c5606,2026-08-11T15:33:09.385647+00:00,79237467a63ce93ab04a3e276b639cc4a741ee8a,,,,a7885fb0e1ed5de7d64ae180733effc0baebad1e4842ef6bca467466b5b538e5,target_original_with_missing,2008-01..2025-11,"[""one_step_201501"",""one_step_201502"",""one_step_201503"",""one_step_201504"",""one_step_201505"",""one_step_201506"",""one_step_201507"",""one_step_201508"",""one_step_201509"",""one_step_201510"",""one_step_201511"",""one_step_201512"",""one_step_201601"",""one_step_201602"",""one_step_201603"",""one_step_201604"",""one_step_201605"",""one_step_201606"",""one_step_201607"",""one_step_201608"",""one_step_201609"",""one_step_201610"",""one_step_201611"",""one_step_201612"",""one_step_201701"",""one_step_201702"",""one_step_201703"",""one_step_201704"",""one_step_201705"",""one_step_201706"",""one_step_201707"",""one_step_201708"",""one_step_201709"",""one_step_201710"",""one_step_201711"",""one_step_201712"",""one_step_201801"",""one_step_201802"",""one_step_201803"",""one_step_201804"",""one_step_201805"",""one_step_201806"",""one_step_201807"",""one_step_201808"",""one_step_201809"",""one_step_201810"",""one_step_201811"",""one_step_201812"",""one_step_201901"",""one_step_201902"",""one_step_201903"",""one_step_201904"",""one_step_201905"",""one_step_201906"",""one_step_201907"",""one_step_201908"",""one_step_201909"",""one_step_201910"",""one_step_201911"",""one_step_201912"",""one_step_202001"",""one_step_202002"",""one_step_202003"",""one_step_202004"",""one_step_202005"",""one_step_202006"",""one_step_202007"",""one_step_202008"",""one_step_202009"",""one_step_202010"",""one_step_202011"",""one_step_202012"",""one_step_202101"",""one_step_202102"",""one_step_202103"",""one_step_202104"",""one_step_202105"",""one_step_202106"",""one_step_202107"",""one_step_202108"",""one_step_202109"",""one_step_202110"",""one_step_202111"",""one_step_202112"",""one_step_202201"",""one_step_202202"",""one_step_202203"",""one_step_202204"",""one_step_202205"",""one_step_202206"",""one_step_202207"",""one_step_202208"",""one_step_202209"",""one_step_202210"",""one_step_202211"",""one_step_202212"",""one_step_202301"",""one_step_202302"",""one_step_202303"",""one_step_202304"",""one_step_202305"",""one_step_202306"",""one_step_202307"",""one_step_202308"",""one_step_202309"",""one_step_202310"",""one_step_202311"",""one_step_202312"",""one_step_202401"",""one_step_202402"",""one_step_202403"",""one_step_202404"",""one_step_202405"",""one_step_202406"",""one_step_202407"",""one_step_202408"",""one_step_202409"",""one_step_202410"",""one_step_202411"",""one_step_202412"",""one_step_202501"",""one_step_202502"",""one_step_202503"",""one_step_202504"",""one_step_202505"",""one_step_202506"",""one_step_202507"",""one_step_202508"",""one_step_202509"",""one_step_202510"",""one_step_202511"",""one_step_202512""]",1,one_step_ex_ante,B0_target_history_calendar,calendar and target history; model-specific notes in fold metrics,same_month_historical_mean,fold-specific; recorded in notes where tuned,20250811,"{""numpy"":""1.26.4"",""pandas"":""2.2.3"",""python"":""3.11.9"",""scikit-learn"":""1.5.2"",""scipy"":""1.13.1"",""statsmodels"":""0.14.4"",""xgboost"":""2.1.2""}",results/fold_metrics.csv,"{""bias"":-689168.2257990945,""folds"":132,""interval_95_coverage"":0.6744186046511628,""interval_95_mean_width"":2555692.0006844103,""interval_95_winkler"":10491411.560604151,""mae"":1152276.1206510128,""mae_skill_vs_seasonal_naive"":-5.827250802080918,""mape"":37.098478814413674,""mase"":2.67750121380051,""observations"":129.0,""r2"":NaN,""rmse"":1152276.1206510128,""rmse_skill_vs_seasonal_naive"":-5.827250802080918,""rmsse"":1.62185993391168,""runtime_seconds"":0.0010634681816692605,""smape"":34.4401613596487,""wape"":37.098478814413674}",-5.827250802080918,0.1403777999803424,"[""results\\rolling_origin_fold_metrics.csv"",""results\\rolling_origin_leaderboard.csv"",""results\\forecasts\\rolling_origin_forecasts.csv""]",All outer folds retained; no random split or final-test tuning.; provisional_pre_milestone_run; Git SHA references the intake commit; mutable artifacts were superseded,provenance_incomplete_pre_milestone
exp_20260811T153309Z_bf21219b,2026-08-11T15:33:09.462774+00:00,79237467a63ce93ab04a3e276b639cc4a741ee8a,,,,a7885fb0e1ed5de7d64ae180733effc0baebad1e4842ef6bca467466b5b538e5,target_original_with_missing,2008-01..2025-11,"[""one_step_201501"",""one_step_201502"",""one_step_201503"",""one_step_201504"",""one_step_201505"",""one_step_201506"",""one_step_201507"",""one_step_201508"",""one_step_201509"",""one_step_201510"",""one_step_201511"",""one_step_201512"",""one_step_201601"",""one_step_201602"",""one_step_201603"",""one_step_201604"",""one_step_201605"",""one_step_201606"",""one_step_201607"",""one_step_201608"",""one_step_201609"",""one_step_201610"",""one_step_201611"",""one_step_201612"",""one_step_201701"",""one_step_201702"",""one_step_201703"",""one_step_201704"",""one_step_201705"",""one_step_201706"",""one_step_201707"",""one_step_201708"",""one_step_201709"",""one_step_201710"",""one_step_201711"",""one_step_201712"",""one_step_201801"",""one_step_201802"",""one_step_201803"",""one_step_201804"",""one_step_201805"",""one_step_201806"",""one_step_201807"",""one_step_201808"",""one_step_201809"",""one_step_201810"",""one_step_201811"",""one_step_201812"",""one_step_201901"",""one_step_201902"",""one_step_201903"",""one_step_201904"",""one_step_201905"",""one_step_201906"",""one_step_201907"",""one_step_201908"",""one_step_201909"",""one_step_201910"",""one_step_201911"",""one_step_201912"",""one_step_202001"",""one_step_202002"",""one_step_202003"",""one_step_202004"",""one_step_202005"",""one_step_202006"",""one_step_202007"",""one_step_202008"",""one_step_202009"",""one_step_202010"",""one_step_202011"",""one_step_202012"",""one_step_202101"",""one_step_202102"",""one_step_202103"",""one_step_202104"",""one_step_202105"",""one_step_202106"",""one_step_202107"",""one_step_202108"",""one_step_202109"",""one_step_202110"",""one_step_202111"",""one_step_202112"",""one_step_202201"",""one_step_202202"",""one_step_202203"",""one_step_202204"",""one_step_202205"",""one_step_202206"",""one_step_202207"",""one_step_202208"",""one_step_202209"",""one_step_202210"",""one_step_202211"",""one_step_202212"",""one_step_202301"",""one_step_202302"",""one_step_202303"",""one_step_202304"",""one_step_202305"",""one_step_202306"",""one_step_202307"",""one_step_202308"",""one_step_202309"",""one_step_202310"",""one_step_202311"",""one_step_202312"",""one_step_202401"",""one_step_202402"",""one_step_202403"",""one_step_202404"",""one_step_202405"",""one_step_202406"",""one_step_202407"",""one_step_202408"",""one_step_202409"",""one_step_202410"",""one_step_202411"",""one_step_202412"",""one_step_202501"",""one_step_202502"",""one_step_202503"",""one_step_202504"",""one_step_202505"",""one_step_202506"",""one_step_202507"",""one_step_202508"",""one_step_202509"",""one_step_202510"",""one_step_202511"",""one_step_202512""]",1,one_step_ex_ante,B0_target_history_calendar,calendar and target history; model-specific notes in fold metrics,seasonal_moving_average_3,fold-specific; recorded in notes where tuned,20250811,"{""numpy"":""1.26.4"",""pandas"":""2.2.3"",""python"":""3.11.9"",""scikit-learn"":""1.5.2"",""scipy"":""1.13.1"",""statsmodels"":""0.14.4"",""xgboost"":""2.1.2""}",results/fold_metrics.csv,"{""bias"":-347654.9173126615,""folds"":132,""interval_95_coverage"":0.7364341085271318,""interval_95_mean_width"":2793696.5483999215,""interval_95_winkler"":10731404.707374534,""mae"":1001734.9793281653,""mae_skill_vs_seasonal_naive"":-2.253432968396179,""mape"":36.83046851319508,""mase"":2.390258857824423,""observations"":129.0,""r2"":NaN,""rmse"":1001734.9793281653,""rmse_skill_vs_seasonal_naive"":-2.253432968396179,""rmsse"":1.4258775560006098,""runtime_seconds"":0.0225920234815655,""smape"":28.989870782522768,""wape"":36.83046851319508}",-2.253432968396179,2.982147099566646,"[""results\\rolling_origin_fold_metrics.csv"",""results\\rolling_origin_leaderboard.csv"",""results\\forecasts\\rolling_origin_forecasts.csv""]",All outer folds retained; no random split or final-test tuning.; provisional_pre_milestone_run; Git SHA references the intake commit; mutable artifacts were superseded,provenance_incomplete_pre_milestone
exp_20260811T153309Z_1d8be974,2026-08-11T15:33:09.555981+00:00,79237467a63ce93ab04a3e276b639cc4a741ee8a,,,,a7885fb0e1ed5de7d64ae180733effc0baebad1e4842ef6bca467466b5b538e5,target_original_with_missing,2008-01..2025-11,"[""one_step_201501"",""one_step_201502"",""one_step_201503"",""one_step_201504"",""one_step_201505"",""one_step_201506"",""one_step_201507"",""one_step_201508"",""one_step_201509"",""one_step_201510"",""one_step_201511"",""one_step_201512"",""one_step_201601"",""one_step_201602"",""one_step_201603"",""one_step_201604"",""one_step_201605"",""one_step_201606"",""one_step_201607"",""one_step_201608"",""one_step_201609"",""one_step_201610"",""one_step_201611"",""one_step_201612"",""one_step_201701"",""one_step_201702"",""one_step_201703"",""one_step_201704"",""one_step_201705"",""one_step_201706"",""one_step_201707"",""one_step_201708"",""one_step_201709"",""one_step_201710"",""one_step_201711"",""one_step_201712"",""one_step_201801"",""one_step_201802"",""one_step_201803"",""one_step_201804"",""one_step_201805"",""one_step_201806"",""one_step_201807"",""one_step_201808"",""one_step_201809"",""one_step_201810"",""one_step_201811"",""one_step_201812"",""one_step_201901"",""one_step_201902"",""one_step_201903"",""one_step_201904"",""one_step_201905"",""one_step_201906"",""one_step_201907"",""one_step_201908"",""one_step_201909"",""one_step_201910"",""one_step_201911"",""one_step_201912"",""one_step_202001"",""one_step_202002"",""one_step_202003"",""one_step_202004"",""one_step_202005"",""one_step_202006"",""one_step_202007"",""one_step_202008"",""one_step_202009"",""one_step_202010"",""one_step_202011"",""one_step_202012"",""one_step_202101"",""one_step_202102"",""one_step_202103"",""one_step_202104"",""one_step_202105"",""one_step_202106"",""one_step_202107"",""one_step_202108"",""one_step_202109"",""one_step_202110"",""one_step_202111"",""one_step_202112"",""one_step_202201"",""one_step_202202"",""one_step_202203"",""one_step_202204"",""one_step_202205"",""one_step_202206"",""one_step_202207"",""one_step_202208"",""one_step_202209"",""one_step_202210"",""one_step_202211"",""one_step_202212"",""one_step_202301"",""one_step_202302"",""one_step_202303"",""one_step_202304"",""one_step_202305"",""one_step_202306"",""one_step_202307"",""one_step_202308"",""one_step_202309"",""one_step_202310"",""one_step_202311"",""one_step_202312"",""one_step_202401"",""one_step_202402"",""one_step_202403"",""one_step_202404"",""one_step_202405"",""one_step_202406"",""one_step_202407"",""one_step_202408"",""one_step_202409"",""one_step_202410"",""one_step_202411"",""one_step_202412"",""one_step_202501"",""one_step_202502"",""one_step_202503"",""one_step_202504"",""one_step_202505"",""one_step_202506"",""one_step_202507"",""one_step_202508"",""one_step_202509"",""one_step_202510"",""one_step_202511"",""one_step_202512""]",1,one_step_ex_ante,B0_target_history_calendar,calendar and target history; model-specific notes in fold metrics,seasonal_naive,fold-specific; recorded in notes where tuned,20250811,"{""numpy"":""1.26.4"",""pandas"":""2.2.3"",""python"":""3.11.9"",""scikit-learn"":""1.5.2"",""scipy"":""1.13.1"",""statsmodels"":""0.14.4"",""xgboost"":""2.1.2""}",results/fold_metrics.csv,"{""bias"":-247604.14285714287,""folds"":132,""interval_95_coverage"":0.8174603174603174,""interval_95_mean_width"":2879119.4406292196,""interval_95_winkler"":10993169.622909402,""mae"":848683.3174603175,""mae_skill_vs_seasonal_naive"":0.0,""mape"":33.468346152806916,""mase"":2.171754601405675,""observations"":126.0,""r2"":NaN,""rmse"":848683.3174603175,""rmse_skill_vs_seasonal_naive"":0.0,""rmsse"":1.2744655104679499,""runtime_seconds"":0.0006486681875575221,""smape"":26.491223289597873,""wape"":33.46834615280691}",0.0,0.08562420075759292,"[""results\\rolling_origin_fold_metrics.csv"",""results\\rolling_origin_leaderboard.csv"",""results\\forecasts\\rolling_origin_forecasts.csv""]",All outer folds retained; no random split or final-test tuning.; provisional_pre_milestone_run; Git SHA references the intake commit; mutable artifacts were superseded,provenance_incomplete_pre_milestone
exp_20260811T153624Z_e63bb985,2026-08-11T15:36:24.358538+00:00,79237467a63ce93ab04a3e276b639cc4a741ee8a,,,,a7885fb0e1ed5de7d64ae180733effc0baebad1e4842ef6bca467466b5b538e5,target_original_with_missing,2008-01..2024-12,"[""fixed_12m_2015"",""fixed_12m_2016"",""fixed_12m_2017"",""fixed_12m_2018"",""fixed_12m_2019"",""fixed_12m_2020"",""fixed_12m_2021"",""fixed_12m_2022"",""fixed_12m_2023"",""fixed_12m_2024"",""fixed_12m_2025""]",1..12,fixed_origin_12m_ex_ante,B0_target_history_calendar,calendar and target history; model-specific notes in fold metrics,drift,fold-specific; recorded in notes where tuned,20250811,"{""numpy"":""1.26.4"",""pandas"":""2.2.3"",""python"":""3.11.9"",""scikit-learn"":""1.5.2"",""scipy"":""1.13.1"",""statsmodels"":""0.14.4"",""xgboost"":""2.1.2""}",results/fold_metrics.csv,"{""bias"":-1602612.6408953217,""folds"":11,""interval_95_coverage"":1.0,""interval_95_mean_width"":15070112.637952479,""interval_95_winkler"":15070112.637952479,""mae"":1787146.8691881301,""mae_skill_vs_seasonal_naive"":-0.9634791850001498,""mape"":40.93819765798998,""mase"":4.901229895383173,""mean_fold_mae_skill_vs_seasonal_naive"":-3.8666620734672605,""mean_fold_rmse_skill_vs_seasonal_naive"":-4.487712665245437,""observations"":126.0,""r2"":-1.0781953191538944,""rmse"":2385662.217956755,""rmse_skill_vs_seasonal_naive"":-1.1995976304760365,""rmsse"":4.170204268773663,""runtime_seconds"":0.0011989363490349867,""seasonal_naive_mae"":910193.9469696969,""seasonal_naive_rmse"":1084590.2836513105,""smape"":51.401752590199294,""wape"":47.654881423499795}",-3.8666620734672605,0.013188299839384854,"[""results\\rolling_origin_fold_metrics.csv"",""results\\rolling_origin_leaderboard.csv"",""results\\forecasts\\rolling_origin_forecasts.csv""]",All outer folds retained; no random split or final-test tuning.; provisional_pre_milestone_run; Git SHA references the intake commit; mutable artifacts were superseded,provenance_incomplete_pre_milestone
exp_20260811T153624Z_c60599e7,2026-08-11T15:36:24.438746+00:00,79237467a63ce93ab04a3e276b639cc4a741ee8a,,,,a7885fb0e1ed5de7d64ae180733effc0baebad1e4842ef6bca467466b5b538e5,target_original_with_missing,2008-01..2024-12,"[""fixed_12m_2015"",""fixed_12m_2016"",""fixed_12m_2017"",""fixed_12m_2018"",""fixed_12m_2019"",""fixed_12m_2020"",""fixed_12m_2021"",""fixed_12m_2022"",""fixed_12m_2023"",""fixed_12m_2024"",""fixed_12m_2025""]",1..12,fixed_origin_12m_ex_ante,B0_target_history_calendar,calendar and target history; model-specific notes in fold metrics,dynamic_harmonic_arima_k2,fold-specific; recorded in notes where tuned,20250811,"{""numpy"":""1.26.4"",""pandas"":""2.2.3"",""python"":""3.11.9"",""scikit-learn"":""1.5.2"",""scipy"":""1.13.1"",""statsmodels"":""0.14.4"",""xgboost"":""2.1.2""}",results/fold_metrics.csv,"{""bias"":684.4943000877233,""folds"":11,""interval_95_coverage"":0.8308080808080809,""interval_95_mean_width"":2759120.058405601,""interval_95_winkler"":11033868.507614745,""mae"":775558.2254473951,""mae_skill_vs_seasonal_naive"":0.14791981639797058,""mape"":32.40138764262255,""mase"":2.312040192178469,""mean_fold_mae_skill_vs_seasonal_naive"":-0.3752742110300866,""mean_fold_rmse_skill_vs_seasonal_naive"":-0.4377786451580528,""observations"":126.0,""r2"":-1.1174650098411396,""rmse"":949578.5636948843,""rmse_skill_vs_seasonal_naive"":0.12448177158835005,""rmsse"":1.8335122643378716,""runtime_seconds"":0.03250419089189646,""seasonal_naive_mae"":910193.9469696969,""seasonal_naive_rmse"":1084590.2836513105,""smape"":21.793761825230447,""wape"":28.046706007804662}",-0.3752742110300866,0.35754609981086105,"[""results\\rolling_origin_fold_metrics.csv"",""results\\rolling_origin_leaderboard.csv"",""results\\forecasts\\rolling_origin_forecasts.csv""]",All outer folds retained; no random split or final-test tuning.; provisional_pre_milestone_run; Git SHA references the intake commit; mutable artifacts were superseded,provenance_incomplete_pre_milestone
exp_20260811T153624Z_f527d7d4,2026-08-11T15:36:24.514086+00:00,79237467a63ce93ab04a3e276b639cc4a741ee8a,,,,a7885fb0e1ed5de7d64ae180733effc0baebad1e4842ef6bca467466b5b538e5,target_original_with_missing,2008-01..2024-12,"[""fixed_12m_2015"",""fixed_12m_2016"",""fixed_12m_2017"",""fixed_12m_2018"",""fixed_12m_2019"",""fixed_12m_2020"",""fixed_12m_2021"",""fixed_12m_2022"",""fixed_12m_2023"",""fixed_12m_2024"",""fixed_12m_2025""]",1..12,fixed_origin_12m_ex_ante,B0_target_history_calendar,calendar and target history; model-specific notes in fold metrics,ets_holt_winters,fold-specific; recorded in notes where tuned,20250811,"{""numpy"":""1.26.4"",""pandas"":""2.2.3"",""python"":""3.11.9"",""scikit-learn"":""1.5.2"",""scipy"":""1.13.1"",""statsmodels"":""0.14.4"",""xgboost"":""2.1.2""}",results/fold_metrics.csv,"{""bias"":-104876.58495302896,""folds"":11,""interval_95_coverage"":0.8964646464646464,""interval_95_mean_width"":3201717.6601464767,""interval_95_winkler"":8643574.157371199,""mae"":733508.5413435752,""mae_skill_vs_seasonal_naive"":0.1941184142284832,""mape"":27.85545180786306,""mase"":2.0607485189469994,""mean_fold_mae_skill_vs_seasonal_naive"":-0.2879413186229303,""mean_fold_rmse_skill_vs_seasonal_naive"":-0.33481113630435205,""observations"":126.0,""r2"":-0.7823385693691939,""rmse"":926413.3910284702,""rmse_skill_vs_seasonal_naive"":0.14584022649578998,""rmsse"":1.69114452868833,""runtime_seconds"":0.05881584541533481,""seasonal_naive_mae"":910193.9469696969,""seasonal_naive_rmse"":1084590.2836513105,""smape"":19.469331958676207,""wape"":25.396068511010608}",-0.2879413186229303,0.6469742995686829,"[""results\\rolling_origin_fold_metrics.csv"",""results\\rolling_origin_leaderboard.csv"",""results\\forecasts\\rolling_origin_forecasts.csv""]",All outer folds retained; no random split or final-test tuning.; provisional_pre_milestone_run; Git SHA references the intake commit; mutable artifacts were superseded,provenance_incomplete_pre_milestone
exp_20260811T153624Z_62a98510,2026-08-11T15:36:24.591289+00:00,79237467a63ce93ab04a3e276b639cc4a741ee8a,,,,a7885fb0e1ed5de7d64ae180733effc0baebad1e4842ef6bca467466b5b538e5,target_original_with_missing,2008-01..2024-12,"[""fixed_12m_2015"",""fixed_12m_2016"",""fixed_12m_2017"",""fixed_12m_2018"",""fixed_12m_2019"",""fixed_12m_2020"",""fixed_12m_2021"",""fixed_12m_2022"",""fixed_12m_2023"",""fixed_12m_2024"",""fixed_12m_2025""]",1..12,fixed_origin_12m_ex_ante,B0_target_history_calendar,calendar and target history; model-specific notes in fold metrics,naive_last,fold-specific; recorded in notes where tuned,20250811,"{""numpy"":""1.26.4"",""pandas"":""2.2.3"",""python"":""3.11.9"",""scikit-learn"":""1.5.2"",""scipy"":""1.13.1"",""statsmodels"":""0.14.4"",""xgboost"":""2.1.2""}",results/fold_metrics.csv,"{""bias"":-1645497.8156565658,""folds"":11,""interval_95_coverage"":0.9469696969696969,""interval_95_mean_width"":8843390.36030342,""interval_95_winkler"":9834460.053678056,""mae"":1815946.1237373739,""mae_skill_vs_seasonal_naive"":-0.9951199739167593,""mape"":41.34120901756882,""mase"":4.9796574276619765,""mean_fold_mae_skill_vs_seasonal_naive"":-3.96624478790593,""mean_fold_rmse_skill_vs_seasonal_naive"":-4.576029014525481,""observations"":126.0,""r2"":-1.1146448053879048,""rmse"":2413644.426174108,""rmse_skill_vs_seasonal_naive"":-1.2253974266194705,""rmsse"":4.223028092493634,""runtime_seconds"":0.0012426454446871173,""seasonal_naive_mae"":910193.9469696969,""seasonal_naive_rmse"":1084590.2836513105,""smape"":52.47198053906886,""wape"":48.212977232866926}",-3.9662447879059304,0.01366909989155829,"[""results\\rolling_origin_fold_metrics.csv"",""results\\rolling_origin_leaderboard.csv"",""results\\forecasts\\rolling_origin_forecasts.csv""]",All outer folds retained; no random split or final-test tuning.; provisional_pre_milestone_run; Git SHA references the intake commit; mutable artifacts were superseded,provenance_incomplete_pre_milestone
exp_20260811T153624Z_ff1a938f,2026-08-11T15:36:24.666914+00:00,79237467a63ce93ab04a3e276b639cc4a741ee8a,,,,a7885fb0e1ed5de7d64ae180733effc0baebad1e4842ef6bca467466b5b538e5,target_original_with_missing,2008-01..2024-12,"[""fixed_12m_2015"",""fixed_12m_2016"",""fixed_12m_2017"",""fixed_12m_2018"",""fixed_12m_2019"",""fixed_12m_2020"",""fixed_12m_2021"",""fixed_12m_2022"",""fixed_12m_2023"",""fixed_12m_2024"",""fixed_12m_2025""]",1..12,fixed_origin_12m_ex_ante,B0_target_history_calendar,calendar and target history; model-specific notes in fold metrics,same_month_historical_mean,fold-specific; recorded in notes where tuned,20250811,"{""numpy"":""1.26.4"",""pandas"":""2.2.3"",""python"":""3.11.9"",""scikit-learn"":""1.5.2"",""scipy"":""1.13.1"",""statsmodels"":""0.14.4"",""xgboost"":""2.1.2""}",results/fold_metrics.csv,"{""bias"":-676683.781629483,""folds"":11,""interval_95_coverage"":0.6717171717171717,""interval_95_mean_width"":2456264.24148728,""interval_95_winkler"":11523054.676139623,""mae"":1138174.8289617803,""mae_skill_vs_seasonal_naive"":-0.25047505836651496,""mape"":36.810441908648016,""mase"":2.7927307124156897,""mean_fold_mae_skill_vs_seasonal_naive"":-1.8903785071479577,""mean_fold_rmse_skill_vs_seasonal_naive"":-1.6323041412323624,""observations"":126.0,""r2"":-0.35580709130349003,""rmse"":1252610.7368309342,""rmse_skill_vs_seasonal_naive"":-0.154916059743756,""rmsse"":1.974180123677404,""runtime_seconds"":0.0018960999917577612,""seasonal_naive_mae"":910193.9469696969,""seasonal_naive_rmse"":1084590.2836513105,""smape"":34.03502175751249,""wape"":32.17385251769755}",-1.8903785071479582,0.020857099909335375,"[""results\\rolling_origin_fold_metrics.csv"",""results\\rolling_origin_leaderboard.csv"",""results\\forecasts\\rolling_origin_forecasts.csv""]",All outer folds retained; no random split or final-test tuning.; provisional_pre_milestone_run; Git SHA references the intake commit; mutable artifacts were superseded,provenance_incomplete_pre_milestone
exp_20260811T153624Z_1b6b9249,2026-08-11T15:36:24.742988+00:00,79237467a63ce93ab04a3e276b639cc4a741ee8a,,,,a7885fb0e1ed5de7d64ae180733effc0baebad1e4842ef6bca467466b5b538e5,target_original_with_missing,2008-01..2024-12,"[""fixed_12m_2015"",""fixed_12m_2016"",""fixed_12m_2017"",""fixed_12m_2018"",""fixed_12m_2019"",""fixed_12m_2020"",""fixed_12m_2021"",""fixed_12m_2022"",""fixed_12m_2023"",""fixed_12m_2024"",""fixed_12m_2025""]",1..12,fixed_origin_12m_ex_ante,B0_target_history_calendar,calendar and target history; model-specific notes in fold metrics,sarima_111_111_12,fold-specific; recorded in notes where tuned,20250811,"{""numpy"":""1.26.4"",""pandas"":""2.2.3"",""python"":""3.11.9"",""scikit-learn"":""1.5.2"",""scipy"":""1.13.1"",""statsmodels"":""0.14.4"",""xgboost"":""2.1.2""}",results/fold_metrics.csv,"{""bias"":39165.830840946386,""folds"":11,""interval_95_coverage"":0.8636363636363636,""interval_95_mean_width"":3674591.1481782044,""interval_95_winkler"":11433333.01297245,""mae"":732278.3802182098,""mae_skill_vs_seasonal_naive"":0.19546995158979064,""mape"":31.1257378992641,""mase"":2.1746300962152323,""mean_fold_mae_skill_vs_seasonal_naive"":-0.07051444861417519,""mean_fold_rmse_skill_vs_seasonal_naive"":-0.08839095557317775,""observations"":126.0,""r2"":-1.4651126289665186,""rmse"":917704.1948586691,""rmse_skill_vs_seasonal_naive"":0.1538701676644324,""rmsse"":1.7853907342993265,""runtime_seconds"":0.12853187271817165,""seasonal_naive_mae"":910193.9469696969,""seasonal_naive_rmse"":1084590.2836513105,""smape"":20.267119115225317,""wape"":27.56760687224873}",-0.0705144486141752,1.413850599899888,"[""results\\rolling_origin_fold_metrics.csv"",""results\\rolling_origin_leaderboard.csv"",""results\\forecasts\\rolling_origin_forecasts.csv""]",All outer folds retained; no random split or final-test tuning.; provisional_pre_milestone_run; Git SHA references the intake commit; mutable artifacts were superseded,provenance_incomplete_pre_milestone
exp_20260811T153624Z_a5a0991a,2026-08-11T15:36:24.820505+00:00,79237467a63ce93ab04a3e276b639cc4a741ee8a,,,,a7885fb0e1ed5de7d64ae180733effc0baebad1e4842ef6bca467466b5b538e5,target_original_with_missing,2008-01..2024-12,"[""fixed_12m_2015"",""fixed_12m_2016"",""fixed_12m_2017"",""fixed_12m_2018"",""fixed_12m_2019"",""fixed_12m_2020"",""fixed_12m_2021"",""fixed_12m_2022"",""fixed_12m_2023"",""fixed_12m_2024"",""fixed_12m_2025""]",1..12,fixed_origin_12m_ex_ante,B0_target_history_calendar,calendar and target history; model-specific notes in fold metrics,seasonal_moving_average_3,fold-specific; recorded in notes where tuned,20250811,"{""numpy"":""1.26.4"",""pandas"":""2.2.3"",""python"":""3.11.9"",""scikit-learn"":""1.5.2"",""scipy"":""1.13.1"",""statsmodels"":""0.14.4"",""xgboost"":""2.1.2""}",results/fold_metrics.csv,"{""bias"":-332967.35185185174,""folds"":11,""interval_95_coverage"":0.7247474747474748,""interval_95_mean_width"":2681160.811271438,""interval_95_winkler"":12438093.667151947,""mae"":993826.1464646463,""mae_skill_vs_seasonal_naive"":-0.09188393284023211,""mape"":36.94469994871164,""mase"":2.574381818698596,""mean_fold_mae_skill_vs_seasonal_naive"":-0.7381960759882271,""mean_fold_rmse_skill_vs_seasonal_naive"":-0.6872603758036341,""observations"":126.0,""r2"":-0.9094642285022757,""rmse"":1159488.0330957256,""rmse_skill_vs_seasonal_naive"":-0.06905626075891935,""rmsse"":1.9528857535056907,""runtime_seconds"":0.024373163649050348,""seasonal_naive_mae"":910193.9469696969,""seasonal_naive_rmse"":1084590.2836513105,""smape"":28.70364285427649,""wape"":31.270786606383055}",-0.7381960759882271,0.26810480013955384,"[""results\\rolling_origin_fold_metrics.csv"",""results\\rolling_origin_leaderboard.csv"",""results\\forecasts\\rolling_origin_forecasts.csv""]",All outer folds retained; no random split or final-test tuning.; provisional_pre_milestone_run; Git SHA references the intake commit; mutable artifacts were superseded,provenance_incomplete_pre_milestone
exp_20260811T153624Z_9f8f0e54,2026-08-11T15:36:24.896595+00:00,79237467a63ce93ab04a3e276b639cc4a741ee8a,,,,a7885fb0e1ed5de7d64ae180733effc0baebad1e4842ef6bca467466b5b538e5,target_original_with_missing,2008-01..2024-12,"[""fixed_12m_2015"",""fixed_12m_2016"",""fixed_12m_2017"",""fixed_12m_2018"",""fixed_12m_2019"",""fixed_12m_2020"",""fixed_12m_2021"",""fixed_12m_2022"",""fixed_12m_2023"",""fixed_12m_2024"",""fixed_12m_2025""]",1..12,fixed_origin_12m_ex_ante,B0_target_history_calendar,calendar and target history; model-specific notes in fold metrics,seasonal_naive,fold-specific; recorded in notes where tuned,20250811,"{""numpy"":""1.26.4"",""pandas"":""2.2.3"",""python"":""3.11.9"",""scikit-learn"":""1.5.2"",""scipy"":""1.13.1"",""statsmodels"":""0.14.4"",""xgboost"":""2.1.2""}",results/fold_metrics.csv,"{""bias"":-201484.65404040404,""folds"":11,""interval_95_coverage"":0.9318181818181818,""interval_95_mean_width"":6830899.980026045,""interval_95_winkler"":10901941.076624924,""mae"":910193.9469696969,""mae_skill_vs_seasonal_naive"":0.0,""mape"":38.20554232084377,""mase"":2.528078920900011,""mean_fold_mae_skill_vs_seasonal_naive"":0.0,""mean_fold_rmse_skill_vs_seasonal_naive"":0.0,""observations"":126.0,""r2"":-1.600578479750179,""rmse"":1084590.2836513105,""rmse_skill_vs_seasonal_naive"":0.0,""rmsse"":1.9319173484073355,""runtime_seconds"":0.003843990895389156,""seasonal_naive_mae"":910193.9469696969,""seasonal_naive_rmse"":1084590.2836513105,""smape"":28.75525777138746,""wape"":32.820258553159476}",0.0,0.042283899849280715,"[""results\\rolling_origin_fold_metrics.csv"",""results\\rolling_origin_leaderboard.csv"",""results\\forecasts\\rolling_origin_forecasts.csv""]",All outer folds retained; no random split or final-test tuning.; provisional_pre_milestone_run; Git SHA references the intake commit; mutable artifacts were superseded,provenance_incomplete_pre_milestone
exp_20260811T153624Z_356abdc2,2026-08-11T15:36:24.974098+00:00,79237467a63ce93ab04a3e276b639cc4a741ee8a,,,,a7885fb0e1ed5de7d64ae180733effc0baebad1e4842ef6bca467466b5b538e5,target_original_with_missing,2008-01..2024-12,"[""fixed_12m_2015"",""fixed_12m_2016"",""fixed_12m_2017"",""fixed_12m_2018"",""fixed_12m_2019"",""fixed_12m_2020"",""fixed_12m_2021"",""fixed_12m_2022"",""fixed_12m_2023"",""fixed_12m_2024"",""fixed_12m_2025""]",1..12,fixed_origin_12m_ex_ante,B0_target_history_calendar,calendar and target history; model-specific notes in fold metrics,theta,fold-specific; recorded in notes where tuned,20250811,"{""numpy"":""1.26.4"",""pandas"":""2.2.3"",""python"":""3.11.9"",""scikit-learn"":""1.5.2"",""scipy"":""1.13.1"",""statsmodels"":""0.14.4"",""xgboost"":""2.1.2""}",results/fold_metrics.csv,"{""bias"":221465.91589177403,""folds"":11,""interval_95_coverage"":0.9797979797979799,""interval_95_mean_width"":8586299.93029436,""interval_95_winkler"":10110614.794375587,""mae"":630943.4645667389,""mae_skill_vs_seasonal_naive"":0.3068032734481094,""mape"":28.916269197932362,""mase"":1.8650387777389525,""mean_fold_mae_skill_vs_seasonal_naive"":0.11339249079362251,""mean_fold_rmse_skill_vs_seasonal_naive"":0.027852220671491512,""observations"":126.0,""r2"":-1.767460572528414,""rmse"":805606.4805359155,""rmse_skill_vs_seasonal_naive"":0.2572250621462203,""rmsse"":1.5510978055482125,""runtime_seconds"":0.02781128180636601,""seasonal_naive_mae"":910193.9469696969,""seasonal_naive_rmse"":1084590.2836513105,""smape"":17.575261063338413,""wape"":25.66490908464332}",0.11339249079362251,0.3059240998700261,"[""results\\rolling_origin_fold_metrics.csv"",""results\\rolling_origin_leaderboard.csv"",""results\\forecasts\\rolling_origin_forecasts.csv""]",All outer folds retained; no random split or final-test tuning.; provisional_pre_milestone_run; Git SHA references the intake commit; mutable artifacts were superseded,provenance_incomplete_pre_milestone
exp_20260811T153625Z_7097088c,2026-08-11T15:36:25.051094+00:00,79237467a63ce93ab04a3e276b639cc4a741ee8a,,,,a7885fb0e1ed5de7d64ae180733effc0baebad1e4842ef6bca467466b5b538e5,target_original_with_missing,2008-01..2025-11,"[""one_step_201501"",""one_step_201502"",""one_step_201503"",""one_step_201504"",""one_step_201505"",""one_step_201506"",""one_step_201507"",""one_step_201508"",""one_step_201509"",""one_step_201510"",""one_step_201511"",""one_step_201512"",""one_step_201601"",""one_step_201602"",""one_step_201603"",""one_step_201604"",""one_step_201605"",""one_step_201606"",""one_step_201607"",""one_step_201608"",""one_step_201609"",""one_step_201610"",""one_step_201611"",""one_step_201612"",""one_step_201701"",""one_step_201702"",""one_step_201703"",""one_step_201704"",""one_step_201705"",""one_step_201706"",""one_step_201707"",""one_step_201708"",""one_step_201709"",""one_step_201710"",""one_step_201711"",""one_step_201712"",""one_step_201801"",""one_step_201802"",""one_step_201803"",""one_step_201804"",""one_step_201805"",""one_step_201806"",""one_step_201807"",""one_step_201808"",""one_step_201809"",""one_step_201810"",""one_step_201811"",""one_step_201812"",""one_step_201901"",""one_step_201902"",""one_step_201903"",""one_step_201904"",""one_step_201905"",""one_step_201906"",""one_step_201907"",""one_step_201908"",""one_step_201909"",""one_step_201910"",""one_step_201911"",""one_step_201912"",""one_step_202001"",""one_step_202002"",""one_step_202003"",""one_step_202004"",""one_step_202005"",""one_step_202006"",""one_step_202007"",""one_step_202008"",""one_step_202009"",""one_step_202010"",""one_step_202011"",""one_step_202012"",""one_step_202101"",""one_step_202102"",""one_step_202103"",""one_step_202104"",""one_step_202105"",""one_step_202106"",""one_step_202107"",""one_step_202108"",""one_step_202109"",""one_step_202110"",""one_step_202111"",""one_step_202112"",""one_step_202201"",""one_step_202202"",""one_step_202203"",""one_step_202204"",""one_step_202205"",""one_step_202206"",""one_step_202207"",""one_step_202208"",""one_step_202209"",""one_step_202210"",""one_step_202211"",""one_step_202212"",""one_step_202301"",""one_step_202302"",""one_step_202303"",""one_step_202304"",""one_step_202305"",""one_step_202306"",""one_step_202307"",""one_step_202308"",""one_step_202309"",""one_step_202310"",""one_step_202311"",""one_step_202312"",""one_step_202401"",""one_step_202402"",""one_step_202403"",""one_step_202404"",""one_step_202405"",""one_step_202406"",""one_step_202407"",""one_step_202408"",""one_step_202409"",""one_step_202410"",""one_step_202411"",""one_step_202412"",""one_step_202501"",""one_step_202502"",""one_step_202503"",""one_step_202504"",""one_step_202505"",""one_step_202506"",""one_step_202507"",""one_step_202508"",""one_step_202509"",""one_step_202510"",""one_step_202511"",""one_step_202512""]",1,one_step_ex_ante,B0_target_history_calendar,calendar and target history; model-specific notes in fold metrics,drift,fold-specific; recorded in notes where tuned,20250811,"{""numpy"":""1.26.4"",""pandas"":""2.2.3"",""python"":""3.11.9"",""scikit-learn"":""1.5.2"",""scipy"":""1.13.1"",""statsmodels"":""0.14.4"",""xgboost"":""2.1.2""}",results/fold_metrics.csv,"{""bias"":11338.767684999617,""folds"":132,""interval_95_coverage"":1.0,""interval_95_mean_width"":6711450.110738695,""interval_95_winkler"":6711450.110738695,""mae"":886587.5472971968,""mae_skill_vs_seasonal_naive"":-0.04466239533293481,""mape"":24.918317175651733,""mase"":2.3786414040097807,""mean_fold_mae_skill_vs_seasonal_naive"":-3.8057863891745347,""mean_fold_rmse_skill_vs_seasonal_naive"":-3.8057863891745347,""observations"":126.0,""r2"":NaN,""rmse"":886587.5472971968,""rmse_skill_vs_seasonal_naive"":-0.04466239533293481,""rmsse"":1.4913964264573651,""runtime_seconds"":0.001273349241466459,""seasonal_naive_mae"":848683.3174603175,""seasonal_naive_rmse"":848683.3174603175,""smape"":23.54235482286223,""wape"":24.918317175651733}",-3.8057863891745347,0.1680820998735726,"[""results\\rolling_origin_fold_metrics.csv"",""results\\rolling_origin_leaderboard.csv"",""results\\forecasts\\rolling_origin_forecasts.csv""]",All outer folds retained; no random split or final-test tuning.; provisional_pre_milestone_run; Git SHA references the intake commit; mutable artifacts were superseded,provenance_incomplete_pre_milestone
exp_20260811T153625Z_ec2d26c1,2026-08-11T15:36:25.130250+00:00,79237467a63ce93ab04a3e276b639cc4a741ee8a,,,,a7885fb0e1ed5de7d64ae180733effc0baebad1e4842ef6bca467466b5b538e5,target_original_with_missing,2008-01..2025-11,"[""one_step_201501"",""one_step_201502"",""one_step_201503"",""one_step_201504"",""one_step_201505"",""one_step_201506"",""one_step_201507"",""one_step_201508"",""one_step_201509"",""one_step_201510"",""one_step_201511"",""one_step_201512"",""one_step_201601"",""one_step_201602"",""one_step_201603"",""one_step_201604"",""one_step_201605"",""one_step_201606"",""one_step_201607"",""one_step_201608"",""one_step_201609"",""one_step_201610"",""one_step_201611"",""one_step_201612"",""one_step_201701"",""one_step_201702"",""one_step_201703"",""one_step_201704"",""one_step_201705"",""one_step_201706"",""one_step_201707"",""one_step_201708"",""one_step_201709"",""one_step_201710"",""one_step_201711"",""one_step_201712"",""one_step_201801"",""one_step_201802"",""one_step_201803"",""one_step_201804"",""one_step_201805"",""one_step_201806"",""one_step_201807"",""one_step_201808"",""one_step_201809"",""one_step_201810"",""one_step_201811"",""one_step_201812"",""one_step_201901"",""one_step_201902"",""one_step_201903"",""one_step_201904"",""one_step_201905"",""one_step_201906"",""one_step_201907"",""one_step_201908"",""one_step_201909"",""one_step_201910"",""one_step_201911"",""one_step_201912"",""one_step_202001"",""one_step_202002"",""one_step_202003"",""one_step_202004"",""one_step_202005"",""one_step_202006"",""one_step_202007"",""one_step_202008"",""one_step_202009"",""one_step_202010"",""one_step_202011"",""one_step_202012"",""one_step_202101"",""one_step_202102"",""one_step_202103"",""one_step_202104"",""one_step_202105"",""one_step_202106"",""one_step_202107"",""one_step_202108"",""one_step_202109"",""one_step_202110"",""one_step_202111"",""one_step_202112"",""one_step_202201"",""one_step_202202"",""one_step_202203"",""one_step_202204"",""one_step_202205"",""one_step_202206"",""one_step_202207"",""one_step_202208"",""one_step_202209"",""one_step_202210"",""one_step_202211"",""one_step_202212"",""one_step_202301"",""one_step_202302"",""one_step_202303"",""one_step_202304"",""one_step_202305"",""one_step_202306"",""one_step_202307"",""one_step_202308"",""one_step_202309"",""one_step_202310"",""one_step_202311"",""one_step_202312"",""one_step_202401"",""one_step_202402"",""one_step_202403"",""one_step_202404"",""one_step_202405"",""one_step_202406"",""one_step_202407"",""one_step_202408"",""one_step_202409"",""one_step_202410"",""one_step_202411"",""one_step_202412"",""one_step_202501"",""one_step_202502"",""one_step_202503"",""one_step_202504"",""one_step_202505"",""one_step_202506"",""one_step_202507"",""one_step_202508"",""one_step_202509"",""one_step_202510"",""one_step_202511"",""one_step_202512""]",1,one_step_ex_ante,B0_target_history_calendar,calendar and target history; model-specific notes in fold metrics,naive_last,fold-specific; recorded in notes where tuned,20250811,"{""numpy"":""1.26.4"",""pandas"":""2.2.3"",""python"":""3.11.9"",""scikit-learn"":""1.5.2"",""scipy"":""1.13.1"",""statsmodels"":""0.14.4"",""xgboost"":""2.1.2""}",results/fold_metrics.csv,"{""bias"":-6757.1349206349205,""folds"":132,""interval_95_coverage"":0.9285714285714286,""interval_95_mean_width"":3593178.0226640347,""interval_95_winkler"":5043086.535762368,""mae"":884705.7222222222,""mae_skill_vs_seasonal_naive"":-0.042445048725243906,""mape"":24.812529252837315,""mase"":2.3739127863295413,""mean_fold_mae_skill_vs_seasonal_naive"":-3.8098725872950054,""mean_fold_rmse_skill_vs_seasonal_naive"":-3.8098725872950054,""observations"":126.0,""r2"":NaN,""rmse"":884705.7222222222,""rmse_skill_vs_seasonal_naive"":-0.042445048725243906,""rmsse"":1.4885897245540245,""runtime_seconds"":0.0012554659104242808,""seasonal_naive_mae"":848683.3174603175,""seasonal_naive_rmse"":848683.3174603175,""smape"":23.544361281849966,""wape"":24.812529252837315}",-3.809872587295005,0.16572150017600507,"[""results\\rolling_origin_fold_metrics.csv"",""results\\rolling_origin_leaderboard.csv"",""results\\forecasts\\rolling_origin_forecasts.csv""]",All outer folds retained; no random split or final-test tuning.; provisional_pre_milestone_run; Git SHA references the intake commit; mutable artifacts were superseded,provenance_incomplete_pre_milestone
exp_20260811T153625Z_3e2e2546,2026-08-11T15:36:25.209417+00:00,79237467a63ce93ab04a3e276b639cc4a741ee8a,,,,a7885fb0e1ed5de7d64ae180733effc0baebad1e4842ef6bca467466b5b538e5,target_original_with_missing,2008-01..2025-11,"[""one_step_201501"",""one_step_201502"",""one_step_201503"",""one_step_201504"",""one_step_201505"",""one_step_201506"",""one_step_201507"",""one_step_201508"",""one_step_201509"",""one_step_201510"",""one_step_201511"",""one_step_201512"",""one_step_201601"",""one_step_201602"",""one_step_201603"",""one_step_201604"",""one_step_201605"",""one_step_201606"",""one_step_201607"",""one_step_201608"",""one_step_201609"",""one_step_201610"",""one_step_201611"",""one_step_201612"",""one_step_201701"",""one_step_201702"",""one_step_201703"",""one_step_201704"",""one_step_201705"",""one_step_201706"",""one_step_201707"",""one_step_201708"",""one_step_201709"",""one_step_201710"",""one_step_201711"",""one_step_201712"",""one_step_201801"",""one_step_201802"",""one_step_201803"",""one_step_201804"",""one_step_201805"",""one_step_201806"",""one_step_201807"",""one_step_201808"",""one_step_201809"",""one_step_201810"",""one_step_201811"",""one_step_201812"",""one_step_201901"",""one_step_201902"",""one_step_201903"",""one_step_201904"",""one_step_201905"",""one_step_201906"",""one_step_201907"",""one_step_201908"",""one_step_201909"",""one_step_201910"",""one_step_201911"",""one_step_201912"",""one_step_202001"",""one_step_202002"",""one_step_202003"",""one_step_202004"",""one_step_202005"",""one_step_202006"",""one_step_202007"",""one_step_202008"",""one_step_202009"",""one_step_202010"",""one_step_202011"",""one_step_202012"",""one_step_202101"",""one_step_202102"",""one_step_202103"",""one_step_202104"",""one_step_202105"",""one_step_202106"",""one_step_202107"",""one_step_202108"",""one_step_202109"",""one_step_202110"",""one_step_202111"",""one_step_202112"",""one_step_202201"",""one_step_202202"",""one_step_202203"",""one_step_202204"",""one_step_202205"",""one_step_202206"",""one_step_202207"",""one_step_202208"",""one_step_202209"",""one_step_202210"",""one_step_202211"",""one_step_202212"",""one_step_202301"",""one_step_202302"",""one_step_202303"",""one_step_202304"",""one_step_202305"",""one_step_202306"",""one_step_202307"",""one_step_202308"",""one_step_202309"",""one_step_202310"",""one_step_202311"",""one_step_202312"",""one_step_202401"",""one_step_202402"",""one_step_202403"",""one_step_202404"",""one_step_202405"",""one_step_202406"",""one_step_202407"",""one_step_202408"",""one_step_202409"",""one_step_202410"",""one_step_202411"",""one_step_202412"",""one_step_202501"",""one_step_202502"",""one_step_202503"",""one_step_202504"",""one_step_202505"",""one_step_202506"",""one_step_202507"",""one_step_202508"",""one_step_202509"",""one_step_202510"",""one_step_202511"",""one_step_202512""]",1,one_step_ex_ante,B0_target_history_calendar,calendar and target history; model-specific notes in fold metrics,same_month_historical_mean,fold-specific; recorded in notes where tuned,20250811,"{""numpy"":""1.26.4"",""pandas"":""2.2.3"",""python"":""3.11.9"",""scikit-learn"":""1.5.2"",""scipy"":""1.13.1"",""statsmodels"":""0.14.4"",""xgboost"":""2.1.2""}",results/fold_metrics.csv,"{""bias"":-749082.2153022477,""folds"":132,""interval_95_coverage"":0.6825396825396826,""interval_95_mean_width"":2550812.794444125,""interval_95_winkler"":10257303.204059776,""mae"":1136206.0441585765,""mae_skill_vs_seasonal_naive"":-0.33878682517133707,""mape"":34.55719254755921,""mase"":2.6550435060307915,""mean_fold_mae_skill_vs_seasonal_naive"":-5.827250802080918,""mean_fold_rmse_skill_vs_seasonal_naive"":-5.827250802080918,""observations"":126.0,""r2"":NaN,""rmse"":1136206.0441585765,""rmse_skill_vs_seasonal_naive"":-0.33878682517133707,""rmsse"":1.617295243695261,""runtime_seconds"":0.0019379977302653997,""seasonal_naive_mae"":848683.3174603175,""seasonal_naive_rmse"":848683.3174603175,""smape"":33.340362036615325,""wape"":34.55719254755921}",-5.827250802080919,0.25581570039503276,"[""results\\rolling_origin_fold_metrics.csv"",""results\\rolling_origin_leaderboard.csv"",""results\\forecasts\\rolling_origin_forecasts.csv""]",All outer folds retained; no random split or final-test tuning.; provisional_pre_milestone_run; Git SHA references the intake commit; mutable artifacts were superseded,provenance_incomplete_pre_milestone
exp_20260811T153625Z_2859ac54,2026-08-11T15:36:25.285535+00:00,79237467a63ce93ab04a3e276b639cc4a741ee8a,,,,a7885fb0e1ed5de7d64ae180733effc0baebad1e4842ef6bca467466b5b538e5,target_original_with_missing,2008-01..2025-11,"[""one_step_201501"",""one_step_201502"",""one_step_201503"",""one_step_201504"",""one_step_201505"",""one_step_201506"",""one_step_201507"",""one_step_201508"",""one_step_201509"",""one_step_201510"",""one_step_201511"",""one_step_201512"",""one_step_201601"",""one_step_201602"",""one_step_201603"",""one_step_201604"",""one_step_201605"",""one_step_201606"",""one_step_201607"",""one_step_201608"",""one_step_201609"",""one_step_201610"",""one_step_201611"",""one_step_201612"",""one_step_201701"",""one_step_201702"",""one_step_201703"",""one_step_201704"",""one_step_201705"",""one_step_201706"",""one_step_201707"",""one_step_201708"",""one_step_201709"",""one_step_201710"",""one_step_201711"",""one_step_201712"",""one_step_201801"",""one_step_201802"",""one_step_201803"",""one_step_201804"",""one_step_201805"",""one_step_201806"",""one_step_201807"",""one_step_201808"",""one_step_201809"",""one_step_201810"",""one_step_201811"",""one_step_201812"",""one_step_201901"",""one_step_201902"",""one_step_201903"",""one_step_201904"",""one_step_201905"",""one_step_201906"",""one_step_201907"",""one_step_201908"",""one_step_201909"",""one_step_201910"",""one_step_201911"",""one_step_201912"",""one_step_202001"",""one_step_202002"",""one_step_202003"",""one_step_202004"",""one_step_202005"",""one_step_202006"",""one_step_202007"",""one_step_202008"",""one_step_202009"",""one_step_202010"",""one_step_202011"",""one_step_202012"",""one_step_202101"",""one_step_202102"",""one_step_202103"",""one_step_202104"",""one_step_202105"",""one_step_202106"",""one_step_202107"",""one_step_202108"",""one_step_202109"",""one_step_202110"",""one_step_202111"",""one_step_202112"",""one_step_202201"",""one_step_202202"",""one_step_202203"",""one_step_202204"",""one_step_202205"",""one_step_202206"",""one_step_202207"",""one_step_202208"",""one_step_202209"",""one_step_202210"",""one_step_202211"",""one_step_202212"",""one_step_202301"",""one_step_202302"",""one_step_202303"",""one_step_202304"",""one_step_202305"",""one_step_202306"",""one_step_202307"",""one_step_202308"",""one_step_202309"",""one_step_202310"",""one_step_202311"",""one_step_202312"",""one_step_202401"",""one_step_202402"",""one_step_202403"",""one_step_202404"",""one_step_202405"",""one_step_202406"",""one_step_202407"",""one_step_202408"",""one_step_202409"",""one_step_202410"",""one_step_202411"",""one_step_202412"",""one_step_202501"",""one_step_202502"",""one_step_202503"",""one_step_202504"",""one_step_202505"",""one_step_202506"",""one_step_202507"",""one_step_202508"",""one_step_202509"",""one_step_202510"",""one_step_202511"",""one_step_202512""]",1,one_step_ex_ante,B0_target_history_calendar,calendar and target history; model-specific notes in fold metrics,seasonal_moving_average_3,fold-specific; recorded in notes where tuned,20250811,"{""numpy"":""1.26.4"",""pandas"":""2.2.3"",""python"":""3.11.9"",""scikit-learn"":""1.5.2"",""scipy"":""1.13.1"",""statsmodels"":""0.14.4"",""xgboost"":""2.1.2""}",results/fold_metrics.csv,"{""bias"":-410152.24338624335,""folds"":132,""interval_95_coverage"":0.746031746031746,""interval_95_mean_width"":2784811.284250088,""interval_95_winkler"":10436485.811476342,""mae"":971365.9841269841,""mae_skill_vs_seasonal_naive"":-0.1445564725294639,""mape"":33.46369590136418,""mase"":2.3397305281489538,""mean_fold_mae_skill_vs_seasonal_naive"":-2.253432968396179,""mean_fold_rmse_skill_vs_seasonal_naive"":-2.253432968396179,""observations"":126.0,""r2"":NaN,""rmse"":971365.9841269841,""rmse_skill_vs_seasonal_naive"":-0.1445564725294639,""rmsse"":1.4060120104095613,""runtime_seconds"":0.024637652269148297,""seasonal_naive_mae"":848683.3174603175,""seasonal_naive_rmse"":848683.3174603175,""smape"":27.491663743511157,""wape"":33.46369590136418}",-2.253432968396179,3.252170099527575,"[""results\\rolling_origin_fold_metrics.csv"",""results\\rolling_origin_leaderboard.csv"",""results\\forecasts\\rolling_origin_forecasts.csv""]",All outer folds retained; no random split or final-test tuning.; provisional_pre_milestone_run; Git SHA references the intake commit; mutable artifacts were superseded,provenance_incomplete_pre_milestone
exp_20260811T153625Z_26b52faf,2026-08-11T15:36:25.364524+00:00,79237467a63ce93ab04a3e276b639cc4a741ee8a,,,,a7885fb0e1ed5de7d64ae180733effc0baebad1e4842ef6bca467466b5b538e5,target_original_with_missing,2008-01..2025-11,"[""one_step_201501"",""one_step_201502"",""one_step_201503"",""one_step_201504"",""one_step_201505"",""one_step_201506"",""one_step_201507"",""one_step_201508"",""one_step_201509"",""one_step_201510"",""one_step_201511"",""one_step_201512"",""one_step_201601"",""one_step_201602"",""one_step_201603"",""one_step_201604"",""one_step_201605"",""one_step_201606"",""one_step_201607"",""one_step_201608"",""one_step_201609"",""one_step_201610"",""one_step_201611"",""one_step_201612"",""one_step_201701"",""one_step_201702"",""one_step_201703"",""one_step_201704"",""one_step_201705"",""one_step_201706"",""one_step_201707"",""one_step_201708"",""one_step_201709"",""one_step_201710"",""one_step_201711"",""one_step_201712"",""one_step_201801"",""one_step_201802"",""one_step_201803"",""one_step_201804"",""one_step_201805"",""one_step_201806"",""one_step_201807"",""one_step_201808"",""one_step_201809"",""one_step_201810"",""one_step_201811"",""one_step_201812"",""one_step_201901"",""one_step_201902"",""one_step_201903"",""one_step_201904"",""one_step_201905"",""one_step_201906"",""one_step_201907"",""one_step_201908"",""one_step_201909"",""one_step_201910"",""one_step_201911"",""one_step_201912"",""one_step_202001"",""one_step_202002"",""one_step_202003"",""one_step_202004"",""one_step_202005"",""one_step_202006"",""one_step_202007"",""one_step_202008"",""one_step_202009"",""one_step_202010"",""one_step_202011"",""one_step_202012"",""one_step_202101"",""one_step_202102"",""one_step_202103"",""one_step_202104"",""one_step_202105"",""one_step_202106"",""one_step_202107"",""one_step_202108"",""one_step_202109"",""one_step_202110"",""one_step_202111"",""one_step_202112"",""one_step_202201"",""one_step_202202"",""one_step_202203"",""one_step_202204"",""one_step_202205"",""one_step_202206"",""one_step_202207"",""one_step_202208"",""one_step_202209"",""one_step_202210"",""one_step_202211"",""one_step_202212"",""one_step_202301"",""one_step_202302"",""one_step_202303"",""one_step_202304"",""one_step_202305"",""one_step_202306"",""one_step_202307"",""one_step_202308"",""one_step_202309"",""one_step_202310"",""one_step_202311"",""one_step_202312"",""one_step_202401"",""one_step_202402"",""one_step_202403"",""one_step_202404"",""one_step_202405"",""one_step_202406"",""one_step_202407"",""one_step_202408"",""one_step_202409"",""one_step_202410"",""one_step_202411"",""one_step_202412"",""one_step_202501"",""one_step_202502"",""one_step_202503"",""one_step_202504"",""one_step_202505"",""one_step_202506"",""one_step_202507"",""one_step_202508"",""one_step_202509"",""one_step_202510"",""one_step_202511"",""one_step_202512""]",1,one_step_ex_ante,B0_target_history_calendar,calendar and target history; model-specific notes in fold metrics,seasonal_naive,fold-specific; recorded in notes where tuned,20250811,"{""numpy"":""1.26.4"",""pandas"":""2.2.3"",""python"":""3.11.9"",""scikit-learn"":""1.5.2"",""scipy"":""1.13.1"",""statsmodels"":""0.14.4"",""xgboost"":""2.1.2""}",results/fold_metrics.csv,"{""bias"":-247604.14285714287,""folds"":132,""interval_95_coverage"":0.8174603174603174,""interval_95_mean_width"":2899072.506430851,""interval_95_winkler"":10993169.622909402,""mae"":848683.3174603175,""mae_skill_vs_seasonal_naive"":0.0,""mape"":33.468346152806916,""mase"":2.171754601405675,""mean_fold_mae_skill_vs_seasonal_naive"":0.0,""mean_fold_rmse_skill_vs_seasonal_naive"":0.0,""observations"":126.0,""r2"":NaN,""rmse"":848683.3174603175,""rmse_skill_vs_seasonal_naive"":0.0,""rmsse"":1.2744655104679499,""runtime_seconds"":0.001595999244741644,""seasonal_naive_mae"":848683.3174603175,""seasonal_naive_rmse"":848683.3174603175,""smape"":26.491223289597873,""wape"":33.46834615280691}",0.0,0.210671900305897,"[""results\\rolling_origin_fold_metrics.csv"",""results\\rolling_origin_leaderboard.csv"",""results\\forecasts\\rolling_origin_forecasts.csv""]",All outer folds retained; no random split or final-test tuning.; provisional_pre_milestone_run; Git SHA references the intake commit; mutable artifacts were superseded,provenance_incomplete_pre_milestone
exp_20260811T160644Z_5852b18f,2026-08-11T16:06:44.890950+00:00,0bc1120103bc0bd0889b417d21f861e222287b73,"{""available"":true,""diff_sha256"":""e3b0c44298fc1c149afbf4c8996fb92427ae41e4649b934ca495991b7852b855"",""dirty"":false,""untracked_source_files"":[]}",legacy_2025_reproduction,af64bb4a373eba3bff2376c6f436e514249396db1d5c278111bb73f030c2b1cf,a7885fb0e1ed5de7d64ae180733effc0baebad1e4842ef6bca467466b5b538e5,departing_visitors_total_original_with_missing,2008-01..2024-12,"[""legacy_2025""]",1..12,legacy_2025_observation_availability_fixed_origin,legacy_target_history_only,"{""seasonal_lag_months"":12,""target_release_delay"":""unverified""}",seasonal_naive,"{""seasonal_period"":12}",,"{""numpy"":""1.26.4"",""pandas"":""2.2.3"",""python"":""3.11.9"",""scikit-learn"":""1.5.2"",""scipy"":""1.13.1"",""statsmodels"":""0.14.4"",""xgboost"":""2.1.2""}",results/reproduction_metrics.csv,"{""bias"":-140384.08333333334,""mae"":156550.41666666666,""mape"":3.279637765784286,""mase"":0.24666279133763153,""n"":12.0,""r2"":0.9914064090666596,""rmse"":184753.21537368887,""rmsse"":0.1658464139357303,""smape"":3.3455865082132097,""wape"":2.939129424233807}",0.0,,"[{""path"":""results\\reproduction_metrics.csv"",""sha256"":""7a0fe5bd84058b530948e33058684601874fe24241f5ffb87cd135d2c6a0b59f""},{""path"":""results\\reproduction_differences.csv"",""sha256"":""dabe360a9a5a2963feffacf2dddc9518cc0dc3115fcbe526d29c78f3ff10dd68""},{""path"":""results\\reproduction_report.md"",""sha256"":""b9468da45bdcc9bbca2e378482d1ed74b99a4ff1d06622c563f5ee8691d2fa79""},{""path"":""results\\forecasts\\reproduction_2025_seasonal_naive.csv"",""sha256"":""5b9be8c051e1a9447728630fcc584498d6f0e103dbdafa7c11cc9c8ddcf56287""}]",Legacy observation-availability reproduction only; complete 2024 issue-date availability is unverified and this row is not an operational ex-ante result.,
exp_20260811T161321Z_dc8ff273,2026-08-11T16:13:21.388529+00:00,7a5aa556a1f28b75d4fbb5f275bf6f48b6ba0a28,"{""available"":true,""diff_sha256"":""e3b0c44298fc1c149afbf4c8996fb92427ae41e4649b934ca495991b7852b855"",""dirty"":false,""untracked_source_files"":[]}",run_20260811T161321Z_ebb0c846,af64bb4a373eba3bff2376c6f436e514249396db1d5c278111bb73f030c2b1cf,a7885fb0e1ed5de7d64ae180733effc0baebad1e4842ef6bca467466b5b538e5,departing_visitors_total_original_with_missing,2008-01..2024-12,"[""fixed_12m_2015"",""fixed_12m_2016"",""fixed_12m_2017"",""fixed_12m_2018"",""fixed_12m_2019"",""fixed_12m_2020"",""fixed_12m_2021"",""fixed_12m_2022"",""fixed_12m_2023"",""fixed_12m_2024"",""fixed_12m_2025""]",1..12,fixed_origin_12m_ex_ante,B0_target_history_calendar,"{""fourier_order"":2,""include_expanding_mean"":true,""include_rolling_median"":true,""include_rolling_std"":true,""rolling_windows"":[3,6,12,24],""seasonal_period"":12,""target_lags"":[1,2,3,6,12,13,18,24],""target_publication_delay_months"":3}",drift,"{""fold_notes"":[""""]}",20250811,"{""numpy"":""1.26.4"",""pandas"":""2.2.3"",""python"":""3.11.9"",""scikit-learn"":""1.5.2"",""scipy"":""1.13.1"",""statsmodels"":""0.14.4"",""xgboost"":""2.1.2""}",results/runs/run_20260811T161321Z_ebb0c846/rolling_origin_fold_metrics.csv,"{""folds"":11,""macro_fold_full_bias"":2104526.4862417835,""macro_fold_full_interval_95_coverage"":1.0,""macro_fold_full_interval_95_mean_width"":21924259.925203245,""macro_fold_full_interval_95_winkler"":21924259.925203245,""macro_fold_full_mae"":2535324.728598569,""macro_fold_full_mape"":115.69822281251523,""macro_fold_full_mase"":7.990555809788041,""macro_fold_full_n"":11.727272727272727,""macro_fold_full_r2"":-7.253601789626418,""macro_fold_full_rmse"":2834758.416357718,""macro_fold_full_rmsse"":5.786338212610734,""macro_fold_full_smape"":59.47545299289921,""macro_fold_full_wape"":82.96706698860612,""macro_fold_paired_bias"":1874883.008023764,""macro_fold_paired_interval_95_coverage"":1.0,""macro_fold_paired_interval_95_mean_width"":20136722.163795892,""macro_fold_paired_interval_95_winkler"":20136722.163795892,""macro_fold_paired_mae"":2445431.364181276,""macro_fold_paired_mae_skill_vs_seasonal_naive"":-4.8449588559682075,""macro_fold_paired_mape"":111.50661167971928,""macro_fold_paired_mase"":7.619331090917089,""macro_fold_paired_n"":8.454545454545455,""macro_fold_paired_r2"":-6.146509404847612,""macro_fold_paired_rmse"":2755499.4326921585,""macro_fold_paired_rmse_skill_vs_seasonal_naive"":-4.8833485785847905,""macro_fold_paired_rmsse"":5.528867165796675,""macro_fold_paired_seasonal_naive_bias"":-189340.5303030303,""macro_fold_paired_seasonal_naive_mae"":1002299.994949495,""macro_fold_paired_seasonal_naive_mape"":43.25025436973568,""macro_fold_paired_seasonal_naive_mase"":2.8347172357303942,""macro_fold_paired_seasonal_naive_n"":8.454545454545455,""macro_fold_paired_seasonal_naive_r2"":-2.127469929062232,""macro_fold_paired_seasonal_naive_rmse"":1192574.3515534832,""macro_fold_paired_seasonal_naive_rmsse"":2.1367038464762853,""macro_fold_paired_seasonal_naive_smape"":30.429605065824475,""macro_fold_paired_seasonal_naive_wape"":34.9295417365594,""macro_fold_paired_smape"":58.19991701216384,""macro_fold_paired_wape"":76.12651878380859,""macro_fold_target_publication_delay_months"":3.0,""pooled_full_bias"":2028327.495888603,""pooled_full_interval_95_coverage"":1.0,""pooled_full_interval_95_mean_width"":21881866.54679338,""pooled_full_interval_95_winkler"":21881866.546793375,""pooled_full_mae"":2469144.3020211267,""pooled_full_mape"":109.24706628675568,""pooled_full_n"":129.0,""pooled_full_r2"":-1.084947884152804,""pooled_full_rmse"":2917869.398548647,""pooled_full_smape"":58.00192102103627,""pooled_full_wape"":65.1540411087488,""pooled_paired_bias"":1828363.2971072877,""pooled_paired_interval_95_coverage"":1.0,""pooled_paired_interval_95_mean_width"":20196285.737879276,""pooled_paired_interval_95_winkler"":20196285.73787928,""pooled_paired_mae"":2377501.7820376093,""pooled_paired_mae_skill_vs_seasonal_naive"":-1.6082175861932666,""pooled_paired_mape"":102.81432409497937,""pooled_paired_n"":93.0,""pooled_paired_r2"":-0.7591206203388827,""pooled_paired_rmse"":2813212.1764670718,""pooled_paired_rmse_skill_vs_seasonal_naive"":-0.9294936764350765,""pooled_paired_seasonal_naive_bias"":-266153.9784946237,""pooled_paired_seasonal_naive_mae"":911542.7311827957,""pooled_paired_seasonal_naive_mape"":35.77257727246405,""pooled_paired_seasonal_naive_n"":93.0,""pooled_paired_seasonal_naive_r2"":0.5274922890522273,""pooled_paired_seasonal_naive_rmse"":1458005.3880584617,""pooled_paired_seasonal_naive_smape"":27.41977571659245,""pooled_paired_seasonal_naive_wape"":22.636054878197154,""pooled_paired_smape"":55.71063279169902,""pooled_paired_wape"":59.0397564153497,""run_id"":""run_20260811T161321Z_ebb0c846"",""runtime_seconds"":0.019751799991354346}",-1.6082175861932666,0.019751799991354346,"[{""path"":""results/runs/run_20260811T161321Z_ebb0c846/rolling_origin_fold_metrics.csv"",""sha256"":""be3441456a408edcb952a5e42c1e96662b871ca6342af57a3344d475dfc4b402""},{""path"":""results/runs/run_20260811T161321Z_ebb0c846/rolling_origin_leaderboard.csv"",""sha256"":""b5c4565b815b0a606a8382c68c866df53710769f27666668bdaf477745aee377""},{""path"":""results/runs/run_20260811T161321Z_ebb0c846/forecasts/rolling_origin_forecasts.csv"",""sha256"":""a3fe1a504c8b9254b3e972168c0b966a4f2daef7002bccc7e079832c8243dee8""}]",run_id=run_20260811T161321Z_ebb0c846; git_sha=7a5aa556a1f28b75d4fbb5f275bf6f48b6ba0a28; all outer folds retained; no random split or final-test tuning,
exp_20260811T161321Z_53c9004f,2026-08-11T16:13:21.662135+00:00,7a5aa556a1f28b75d4fbb5f275bf6f48b6ba0a28,"{""available"":true,""diff_sha256"":""e3b0c44298fc1c149afbf4c8996fb92427ae41e4649b934ca495991b7852b855"",""dirty"":false,""untracked_source_files"":[]}",run_20260811T161321Z_ebb0c846,af64bb4a373eba3bff2376c6f436e514249396db1d5c278111bb73f030c2b1cf,a7885fb0e1ed5de7d64ae180733effc0baebad1e4842ef6bca467466b5b538e5,departing_visitors_total_original_with_missing,2008-01..2024-12,"[""fixed_12m_2015"",""fixed_12m_2016"",""fixed_12m_2017"",""fixed_12m_2018"",""fixed_12m_2019"",""fixed_12m_2020"",""fixed_12m_2021"",""fixed_12m_2022"",""fixed_12m_2023"",""fixed_12m_2024"",""fixed_12m_2025""]",1..12,fixed_origin_12m_ex_ante,B0_target_history_calendar,"{""fourier_order"":2,""include_expanding_mean"":true,""include_rolling_median"":true,""include_rolling_std"":true,""rolling_windows"":[3,6,12,24],""seasonal_period"":12,""target_lags"":[1,2,3,6,12,13,18,24],""target_publication_delay_months"":3}",dynamic_harmonic_arima_k2,"{""fold_notes"":[""""]}",20250811,"{""numpy"":""1.26.4"",""pandas"":""2.2.3"",""python"":""3.11.9"",""scikit-learn"":""1.5.2"",""scipy"":""1.13.1"",""statsmodels"":""0.14.4"",""xgboost"":""2.1.2""}",results/runs/run_20260811T161321Z_ebb0c846/rolling_origin_fold_metrics.csv,"{""folds"":11,""macro_fold_full_bias"":96138.05265668673,""macro_fold_full_interval_95_coverage"":0.6767676767676768,""macro_fold_full_interval_95_mean_width"":3143352.0769099686,""macro_fold_full_interval_95_winkler"":15769016.7351141,""macro_fold_full_mae"":1133216.2887900923,""macro_fold_full_mape"":53.62810269429724,""macro_fold_full_mase"":3.377900269791807,""macro_fold_full_n"":11.727272727272727,""macro_fold_full_r2"":-2.3154906969839386,""macro_fold_full_rmse"":1266078.4828525723,""macro_fold_full_rmsse"":2.3837908140245987,""macro_fold_full_smape"":41.82524038501926,""macro_fold_full_wape"":42.38675439957287,""macro_fold_paired_bias"":73430.38344450622,""macro_fold_paired_interval_95_coverage"":0.6818181818181818,""macro_fold_paired_interval_95_mean_width"":2932877.8067997308,""macro_fold_paired_interval_95_winkler"":16460009.650631549,""macro_fold_paired_mae"":1113320.1901471152,""macro_fold_paired_mae_skill_vs_seasonal_naive"":-0.5757340495776988,""macro_fold_paired_mape"":54.98624102660867,""macro_fold_paired_mase"":3.331054738304891,""macro_fold_paired_n"":8.454545454545455,""macro_fold_paired_r2"":-2.481291508409178,""macro_fold_paired_rmse"":1257980.2873433402,""macro_fold_paired_rmse_skill_vs_seasonal_naive"":-0.5347320690780517,""macro_fold_paired_rmsse"":2.3845607311701147,""macro_fold_paired_seasonal_naive_bias"":-189340.5303030303,""macro_fold_paired_seasonal_naive_mae"":1002299.994949495,""macro_fold_paired_seasonal_naive_mape"":43.25025436973568,""macro_fold_paired_seasonal_naive_mase"":2.8347172357303942,""macro_fold_paired_seasonal_naive_n"":8.454545454545455,""macro_fold_paired_seasonal_naive_r2"":-2.127469929062232,""macro_fold_paired_seasonal_naive_rmse"":1192574.3515534832,""macro_fold_paired_seasonal_naive_rmsse"":2.1367038464762853,""macro_fold_paired_seasonal_naive_smape"":30.429605065824475,""macro_fold_paired_seasonal_naive_wape"":34.9295417365594,""macro_fold_paired_smape"":39.04432339542656,""macro_fold_paired_wape"":39.743781756543854,""macro_fold_target_publication_delay_months"":3.0,""pooled_full_bias"":18478.189293418298,""pooled_full_interval_95_coverage"":0.689922480620155,""pooled_full_interval_95_mean_width"":3159740.6040288853,""pooled_full_interval_95_winkler"":13996601.822048923,""pooled_full_mae"":1079674.5239415544,""pooled_full_mape"":48.936375230734754,""pooled_full_n"":129.0,""pooled_full_r2"":0.44872158293721587,""pooled_full_rmse"":1500388.5540441875,""pooled_full_smape"":40.54320524473706,""pooled_full_wape"":28.48969104777535,""pooled_paired_bias"":27078.72601062477,""pooled_paired_interval_95_coverage"":0.7096774193548387,""pooled_paired_interval_95_mean_width"":2931281.2095337934,""pooled_paired_interval_95_winkler"":13767936.970522368,""pooled_paired_mae"":1006989.8240633912,""pooled_paired_mae_skill_vs_seasonal_naive"":-0.10470940046523736,""pooled_paired_mape"":45.49316601234813,""pooled_paired_n"":93.0,""pooled_paired_r2"":0.5221437013352863,""pooled_paired_rmse"":1466234.169594593,""pooled_paired_rmse_skill_vs_seasonal_naive"":-0.005643862226798246,""pooled_paired_seasonal_naive_bias"":-266153.9784946237,""pooled_paired_seasonal_naive_mae"":911542.7311827957,""pooled_paired_seasonal_naive_mape"":35.77257727246405,""pooled_paired_seasonal_naive_n"":93.0,""pooled_paired_seasonal_naive_r2"":0.5274922890522273,""pooled_paired_seasonal_naive_rmse"":1458005.3880584617,""pooled_paired_seasonal_naive_smape"":27.41977571659245,""pooled_paired_seasonal_naive_wape"":22.636054878197154,""pooled_paired_smape"":34.466357823978086,""pooled_paired_wape"":25.006262613391385,""run_id"":""run_20260811T161321Z_ebb0c846"",""runtime_seconds"":0.3127522999420762}",-0.10470940046523736,0.3127522999420762,"[{""path"":""results/runs/run_20260811T161321Z_ebb0c846/rolling_origin_fold_metrics.csv"",""sha256"":""be3441456a408edcb952a5e42c1e96662b871ca6342af57a3344d475dfc4b402""},{""path"":""results/runs/run_20260811T161321Z_ebb0c846/rolling_origin_leaderboard.csv"",""sha256"":""b5c4565b815b0a606a8382c68c866df53710769f27666668bdaf477745aee377""},{""path"":""results/runs/run_20260811T161321Z_ebb0c846/forecasts/rolling_origin_forecasts.csv"",""sha256"":""a3fe1a504c8b9254b3e972168c0b966a4f2daef7002bccc7e079832c8243dee8""}]",run_id=run_20260811T161321Z_ebb0c846; git_sha=7a5aa556a1f28b75d4fbb5f275bf6f48b6ba0a28; all outer folds retained; no random split or final-test tuning,
exp_20260811T161321Z_1e19fbca,2026-08-11T16:13:21.930668+00:00,7a5aa556a1f28b75d4fbb5f275bf6f48b6ba0a28,"{""available"":true,""diff_sha256"":""e3b0c44298fc1c149afbf4c8996fb92427ae41e4649b934ca495991b7852b855"",""dirty"":false,""untracked_source_files"":[]}",run_20260811T161321Z_ebb0c846,af64bb4a373eba3bff2376c6f436e514249396db1d5c278111bb73f030c2b1cf,a7885fb0e1ed5de7d64ae180733effc0baebad1e4842ef6bca467466b5b538e5,departing_visitors_total_original_with_missing,2008-01..2024-12,"[""fixed_12m_2015"",""fixed_12m_2016"",""fixed_12m_2017"",""fixed_12m_2018"",""fixed_12m_2019"",""fixed_12m_2020"",""fixed_12m_2021"",""fixed_12m_2022"",""fixed_12m_2023"",""fixed_12m_2024"",""fixed_12m_2025""]",1..12,fixed_origin_12m_ex_ante,B0_target_history_calendar,"{""fourier_order"":2,""include_expanding_mean"":true,""include_rolling_median"":true,""include_rolling_std"":true,""rolling_windows"":[3,6,12,24],""seasonal_period"":12,""target_lags"":[1,2,3,6,12,13,18,24],""target_publication_delay_months"":3}",ets_holt_winters,"{""fold_notes"":[""model-internal seasonal fill for missing training targets""]}",20250811,"{""numpy"":""1.26.4"",""pandas"":""2.2.3"",""python"":""3.11.9"",""scikit-learn"":""1.5.2"",""scipy"":""1.13.1"",""statsmodels"":""0.14.4"",""xgboost"":""2.1.2""}",results/runs/run_20260811T161321Z_ebb0c846/rolling_origin_fold_metrics.csv,"{""folds"":11,""macro_fold_full_bias"":-214922.15967433577,""macro_fold_full_interval_95_coverage"":0.8207070707070708,""macro_fold_full_interval_95_mean_width"":3310576.344855694,""macro_fold_full_interval_95_winkler"":8858401.357516386,""macro_fold_full_mae"":1047787.0564090476,""macro_fold_full_mape"":41.13666775288242,""macro_fold_full_mase"":2.7024413751794047,""macro_fold_full_n"":11.727272727272727,""macro_fold_full_r2"":-0.7845997711706532,""macro_fold_full_rmse"":1216954.0396659141,""macro_fold_full_rmsse"":1.9808218580244925,""macro_fold_full_smape"":30.928703194074117,""macro_fold_full_wape"":33.58963367347992,""macro_fold_paired_bias"":-167250.7697692704,""macro_fold_paired_interval_95_coverage"":0.8030303030303029,""macro_fold_paired_interval_95_mean_width"":2894940.5030428697,""macro_fold_paired_interval_95_winkler"":10582644.843827154,""macro_fold_paired_mae"":1065844.565432635,""macro_fold_paired_mae_skill_vs_seasonal_naive"":-0.8554955486525327,""macro_fold_paired_mape"":42.654198676014715,""macro_fold_paired_mase"":2.81070855801012,""macro_fold_paired_n"":8.454545454545455,""macro_fold_paired_r2"":-1.0790593499991337,""macro_fold_paired_rmse"":1227515.324116958,""macro_fold_paired_rmse_skill_vs_seasonal_naive"":-0.8368682815088196,""macro_fold_paired_rmsse"":2.0664112647575865,""macro_fold_paired_seasonal_naive_bias"":-189340.5303030303,""macro_fold_paired_seasonal_naive_mae"":1002299.994949495,""macro_fold_paired_seasonal_naive_mape"":43.25025436973568,""macro_fold_paired_seasonal_naive_mase"":2.8347172357303942,""macro_fold_paired_seasonal_naive_n"":8.454545454545455,""macro_fold_paired_seasonal_naive_r2"":-2.127469929062232,""macro_fold_paired_seasonal_naive_rmse"":1192574.3515534832,""macro_fold_paired_seasonal_naive_rmsse"":2.1367038464762853,""macro_fold_paired_seasonal_naive_smape"":30.429605065824475,""macro_fold_paired_seasonal_naive_wape"":34.9295417365594,""macro_fold_paired_smape"":30.159367340410345,""macro_fold_paired_wape"":33.1084574132559,""macro_fold_target_publication_delay_months"":3.0,""pooled_full_bias"":-265797.19589101133,""pooled_full_interval_95_coverage"":0.8294573643410853,""pooled_full_interval_95_mean_width"":3328363.3899095817,""pooled_full_interval_95_winkler"":8094284.746631459,""pooled_full_mae"":1024527.5600381416,""pooled_full_mape"":38.46906159889707,""pooled_full_n"":129.0,""pooled_full_r2"":0.5514409359644015,""pooled_full_rmse"":1353405.9015885205,""pooled_full_smape"":30.044533582600828,""pooled_full_wape"":27.0345117979257,""pooled_paired_bias"":-293557.44850975997,""pooled_paired_interval_95_coverage"":0.8172043010752689,""pooled_paired_interval_95_mean_width"":2849771.939913118,""pooled_paired_interval_95_winkler"":9110733.611640828,""pooled_paired_mae"":1015451.7307673343,""pooled_paired_mae_skill_vs_seasonal_naive"":-0.11399246138434882,""pooled_paired_mape"":36.20153399068867,""pooled_paired_n"":93.0,""pooled_paired_r2"":0.5904940049291022,""pooled_paired_rmse"":1357328.008472623,""pooled_paired_rmse_skill_vs_seasonal_naive"":0.0690514454956197,""pooled_paired_seasonal_naive_bias"":-266153.9784946237,""pooled_paired_seasonal_naive_mae"":911542.7311827957,""pooled_paired_seasonal_naive_mape"":35.77257727246405,""pooled_paired_seasonal_naive_n"":93.0,""pooled_paired_seasonal_naive_r2"":0.5274922890522273,""pooled_paired_seasonal_naive_rmse"":1458005.3880584617,""pooled_paired_seasonal_naive_smape"":27.41977571659245,""pooled_paired_seasonal_naive_wape"":22.636054878197154,""pooled_paired_smape"":27.95308954193828,""pooled_paired_wape"":25.216394489794045,""run_id"":""run_20260811T161321Z_ebb0c846"",""runtime_seconds"":0.6898993994109333}",-0.11399246138434882,0.6898993994109333,"[{""path"":""results/runs/run_20260811T161321Z_ebb0c846/rolling_origin_fold_metrics.csv"",""sha256"":""be3441456a408edcb952a5e42c1e96662b871ca6342af57a3344d475dfc4b402""},{""path"":""results/runs/run_20260811T161321Z_ebb0c846/rolling_origin_leaderboard.csv"",""sha256"":""b5c4565b815b0a606a8382c68c866df53710769f27666668bdaf477745aee377""},{""path"":""results/runs/run_20260811T161321Z_ebb0c846/forecasts/rolling_origin_forecasts.csv"",""sha256"":""a3fe1a504c8b9254b3e972168c0b966a4f2daef7002bccc7e079832c8243dee8""}]",run_id=run_20260811T161321Z_ebb0c846; git_sha=7a5aa556a1f28b75d4fbb5f275bf6f48b6ba0a28; all outer folds retained; no random split or final-test tuning,
exp_20260811T161322Z_f6df822a,2026-08-11T16:13:22.202528+00:00,7a5aa556a1f28b75d4fbb5f275bf6f48b6ba0a28,"{""available"":true,""diff_sha256"":""e3b0c44298fc1c149afbf4c8996fb92427ae41e4649b934ca495991b7852b855"",""dirty"":false,""untracked_source_files"":[]}",run_20260811T161321Z_ebb0c846,af64bb4a373eba3bff2376c6f436e514249396db1d5c278111bb73f030c2b1cf,a7885fb0e1ed5de7d64ae180733effc0baebad1e4842ef6bca467466b5b538e5,departing_visitors_total_original_with_missing,2008-01..2024-12,"[""fixed_12m_2015"",""fixed_12m_2016"",""fixed_12m_2017"",""fixed_12m_2018"",""fixed_12m_2019"",""fixed_12m_2020"",""fixed_12m_2021"",""fixed_12m_2022"",""fixed_12m_2023"",""fixed_12m_2024"",""fixed_12m_2025""]",1..12,fixed_origin_12m_ex_ante,B0_target_history_calendar,"{""fourier_order"":2,""include_expanding_mean"":true,""include_rolling_median"":true,""include_rolling_std"":true,""rolling_windows"":[3,6,12,24],""seasonal_period"":12,""target_lags"":[1,2,3,6,12,13,18,24],""target_publication_delay_months"":3}",naive_last,"{""fold_notes"":[""""]}",20250811,"{""numpy"":""1.26.4"",""pandas"":""2.2.3"",""python"":""3.11.9"",""scikit-learn"":""1.5.2"",""scipy"":""1.13.1"",""statsmodels"":""0.14.4"",""xgboost"":""2.1.2""}",results/runs/run_20260811T161321Z_ebb0c846/rolling_origin_fold_metrics.csv,"{""folds"":11,""macro_fold_full_bias"":1788148.3636363635,""macro_fold_full_interval_95_coverage"":0.883838383838384,""macro_fold_full_interval_95_mean_width"":10790570.74446769,""macro_fold_full_interval_95_winkler"":12603837.972745014,""macro_fold_full_mae"":2340620.227272727,""macro_fold_full_mape"":106.43523772687513,""macro_fold_full_mase"":7.251436068378967,""macro_fold_full_n"":11.727272727272727,""macro_fold_full_r2"":-5.9979259095650965,""macro_fold_full_rmse"":2630040.035627849,""macro_fold_full_rmsse"":5.265017137405848,""macro_fold_full_smape"":56.847174830082615,""macro_fold_full_wape"":76.42498696990788,""macro_fold_paired_bias"":1609981.9595959596,""macro_fold_paired_interval_95_coverage"":0.8383838383838383,""macro_fold_paired_interval_95_mean_width"":9911453.882988237,""macro_fold_paired_interval_95_winkler"":12533212.280168444,""macro_fold_paired_mae"":2338181.0404040404,""macro_fold_paired_mae_skill_vs_seasonal_naive"":-4.489201535507443,""macro_fold_paired_mape"":105.4892714822854,""macro_fold_paired_mase"":7.1548554116611,""macro_fold_paired_n"":8.454545454545455,""macro_fold_paired_r2"":-5.298730814703298,""macro_fold_paired_rmse"":2629563.3341852594,""macro_fold_paired_rmse_skill_vs_seasonal_naive"":-4.56117763458495,""macro_fold_paired_rmsse"":5.18676017338535,""macro_fold_paired_seasonal_naive_bias"":-189340.5303030303,""macro_fold_paired_seasonal_naive_mae"":1002299.994949495,""macro_fold_paired_seasonal_naive_mape"":43.25025436973568,""macro_fold_paired_seasonal_naive_mase"":2.8347172357303942,""macro_fold_paired_seasonal_naive_n"":8.454545454545455,""macro_fold_paired_seasonal_naive_r2"":-2.127469929062232,""macro_fold_paired_seasonal_naive_rmse"":1192574.3515534832,""macro_fold_paired_seasonal_naive_rmsse"":2.1367038464762853,""macro_fold_paired_seasonal_naive_smape"":30.429605065824475,""macro_fold_paired_seasonal_naive_wape"":34.9295417365594,""macro_fold_paired_smape"":56.90319317163801,""macro_fold_paired_wape"":72.3172089692354,""macro_fold_target_publication_delay_months"":3.0,""pooled_full_bias"":1713842.6279069767,""pooled_full_interval_95_coverage"":0.8914728682170543,""pooled_full_interval_95_mean_width"":10785465.285473377,""pooled_full_interval_95_winkler"":12327679.702187635,""pooled_full_mae"":2279162.6744186045,""pooled_full_mape"":100.42941769869351,""pooled_full_n"":129.0,""pooled_full_r2"":-0.778786542232202,""pooled_full_rmse"":2695132.7721346943,""pooled_full_smape"":55.3923529045017,""pooled_full_wape"":60.14093970167849,""pooled_paired_bias"":1559168.569892473,""pooled_paired_interval_95_coverage"":0.8494623655913979,""pooled_paired_interval_95_mean_width"":9909149.643917186,""pooled_paired_interval_95_winkler"":12048350.28645632,""pooled_paired_mae"":2272648.376344086,""pooled_paired_mae_skill_vs_seasonal_naive"":-1.4931890723270347,""pooled_paired_mape"":97.14888410420436,""pooled_paired_n"":93.0,""pooled_paired_r2"":-0.5856257907683962,""pooled_paired_rmse"":2670884.017986146,""pooled_paired_rmse_skill_vs_seasonal_naive"":-0.8318752727949803,""pooled_paired_seasonal_naive_bias"":-266153.9784946237,""pooled_paired_seasonal_naive_mae"":911542.7311827957,""pooled_paired_seasonal_naive_mape"":35.77257727246405,""pooled_paired_seasonal_naive_n"":93.0,""pooled_paired_seasonal_naive_r2"":0.5274922890522273,""pooled_paired_seasonal_naive_rmse"":1458005.3880584617,""pooled_paired_seasonal_naive_smape"":27.41977571659245,""pooled_paired_seasonal_naive_wape"":22.636054878197154,""pooled_paired_smape"":54.3867671968668,""pooled_paired_wape"":56.43596466291621,""run_id"":""run_20260811T161321Z_ebb0c846"",""runtime_seconds"":0.015538600040599704}",-1.4931890723270347,0.015538600040599704,"[{""path"":""results/runs/run_20260811T161321Z_ebb0c846/rolling_origin_fold_metrics.csv"",""sha256"":""be3441456a408edcb952a5e42c1e96662b871ca6342af57a3344d475dfc4b402""},{""path"":""results/runs/run_20260811T161321Z_ebb0c846/rolling_origin_leaderboard.csv"",""sha256"":""b5c4565b815b0a606a8382c68c866df53710769f27666668bdaf477745aee377""},{""path"":""results/runs/run_20260811T161321Z_ebb0c846/forecasts/rolling_origin_forecasts.csv"",""sha256"":""a3fe1a504c8b9254b3e972168c0b966a4f2daef7002bccc7e079832c8243dee8""}]",run_id=run_20260811T161321Z_ebb0c846; git_sha=7a5aa556a1f28b75d4fbb5f275bf6f48b6ba0a28; all outer folds retained; no random split or final-test tuning,
exp_20260811T161322Z_f1aa5d69,2026-08-11T16:13:22.527627+00:00,7a5aa556a1f28b75d4fbb5f275bf6f48b6ba0a28,"{""available"":true,""diff_sha256"":""e3b0c44298fc1c149afbf4c8996fb92427ae41e4649b934ca495991b7852b855"",""dirty"":false,""untracked_source_files"":[]}",run_20260811T161321Z_ebb0c846,af64bb4a373eba3bff2376c6f436e514249396db1d5c278111bb73f030c2b1cf,a7885fb0e1ed5de7d64ae180733effc0baebad1e4842ef6bca467466b5b538e5,departing_visitors_total_original_with_missing,2008-01..2024-12,"[""fixed_12m_2015"",""fixed_12m_2016"",""fixed_12m_2017"",""fixed_12m_2018"",""fixed_12m_2019"",""fixed_12m_2020"",""fixed_12m_2021"",""fixed_12m_2022"",""fixed_12m_2023"",""fixed_12m_2024"",""fixed_12m_2025""]",1..12,fixed_origin_12m_ex_ante,B0_target_history_calendar,"{""fourier_order"":2,""include_expanding_mean"":true,""include_rolling_median"":true,""include_rolling_std"":true,""rolling_windows"":[3,6,12,24],""seasonal_period"":12,""target_lags"":[1,2,3,6,12,13,18,24],""target_publication_delay_months"":3}",same_month_historical_mean,"{""fold_notes"":[""""]}",20250811,"{""numpy"":""1.26.4"",""pandas"":""2.2.3"",""python"":""3.11.9"",""scikit-learn"":""1.5.2"",""scipy"":""1.13.1"",""statsmodels"":""0.14.4"",""xgboost"":""2.1.2""}",results/runs/run_20260811T161321Z_ebb0c846/rolling_origin_fold_metrics.csv,"{""folds"":11,""macro_fold_full_bias"":-652860.3784100544,""macro_fold_full_interval_95_coverage"":0.6414141414141414,""macro_fold_full_interval_95_mean_width"":2432071.2910040827,""macro_fold_full_interval_95_winkler"":12260202.0916457,""macro_fold_full_mae"":1172003.3734396459,""macro_fold_full_mape"":39.203753130294984,""macro_fold_full_mase"":2.882386353106879,""macro_fold_full_n"":11.727272727272727,""macro_fold_full_r2"":-0.38050348679478374,""macro_fold_full_rmse"":1303273.8881612448,""macro_fold_full_rmsse"":2.0220048224490315,""macro_fold_full_smape"":35.399214534613094,""macro_fold_full_wape"":33.588601366832634,""macro_fold_paired_bias"":-636684.6347870794,""macro_fold_paired_interval_95_coverage"":0.6313131313131314,""macro_fold_paired_interval_95_mean_width"":2432071.2910040827,""macro_fold_paired_interval_95_winkler"":13588841.583216103,""macro_fold_paired_mae"":1195208.7398764344,""macro_fold_paired_mae_skill_vs_seasonal_naive"":-2.227330979378014,""macro_fold_paired_mape"":40.146771298783506,""macro_fold_paired_mase"":3.01421572169194,""macro_fold_paired_n"":8.454545454545455,""macro_fold_paired_r2"":-0.602158798053778,""macro_fold_paired_rmse"":1315482.7318198597,""macro_fold_paired_rmse_skill_vs_seasonal_naive"":-1.9282312260388417,""macro_fold_paired_rmsse"":2.1131627053320043,""macro_fold_paired_seasonal_naive_bias"":-189340.5303030303,""macro_fold_paired_seasonal_naive_mae"":1002299.994949495,""macro_fold_paired_seasonal_naive_mape"":43.25025436973568,""macro_fold_paired_seasonal_naive_mase"":2.8347172357303942,""macro_fold_paired_seasonal_naive_n"":8.454545454545455,""macro_fold_paired_seasonal_naive_r2"":-2.127469929062232,""macro_fold_paired_seasonal_naive_rmse"":1192574.3515534832,""macro_fold_paired_seasonal_naive_rmsse"":2.1367038464762853,""macro_fold_paired_seasonal_naive_smape"":30.429605065824475,""macro_fold_paired_seasonal_naive_wape"":34.9295417365594,""macro_fold_paired_smape"":34.77064969165221,""macro_fold_paired_wape"":33.27002280758149,""macro_fold_target_publication_delay_months"":3.0,""pooled_full_bias"":-700478.7403149784,""pooled_full_interval_95_coverage"":0.6434108527131783,""pooled_full_interval_95_mean_width"":2437004.1659287354,""pooled_full_interval_95_winkler"":11729298.244668763,""pooled_full_mae"":1158398.3123959983,""pooled_full_mape"":37.161498835033626,""pooled_full_n"":129.0,""pooled_full_r2"":0.5061485492935477,""pooled_full_rmse"":1420091.782675032,""pooled_full_smape"":34.69007524534062,""pooled_full_wape"":30.566998941444737,""pooled_paired_bias"":-748981.7037945723,""pooled_paired_interval_95_coverage"":0.6236559139784946,""pooled_paired_interval_95_mean_width"":2422116.402343992,""pooled_paired_interval_95_winkler"":12794645.871945906,""pooled_paired_mae"":1183568.091098129,""pooled_paired_mae_skill_vs_seasonal_naive"":-0.2984230476637775,""pooled_paired_mape"":36.053872229407816,""pooled_paired_n"":93.0,""pooled_paired_r2"":0.530918562041585,""pooled_paired_rmse"":1452709.5872708685,""pooled_paired_rmse_skill_vs_seasonal_naive"":0.0036322230569019176,""pooled_paired_seasonal_naive_bias"":-266153.9784946237,""pooled_paired_seasonal_naive_mae"":911542.7311827957,""pooled_paired_seasonal_naive_mape"":35.77257727246405,""pooled_paired_seasonal_naive_n"":93.0,""pooled_paired_seasonal_naive_r2"":0.5274922890522273,""pooled_paired_seasonal_naive_rmse"":1458005.3880584617,""pooled_paired_seasonal_naive_smape"":27.41977571659245,""pooled_paired_seasonal_naive_wape"":22.636054878197154,""pooled_paired_smape"":33.47300948419756,""pooled_paired_wape"":29.391175362033263,""run_id"":""run_20260811T161321Z_ebb0c846"",""runtime_seconds"":0.023956899996846914}",-0.2984230476637775,0.023956899996846914,"[{""path"":""results/runs/run_20260811T161321Z_ebb0c846/rolling_origin_fold_metrics.csv"",""sha256"":""be3441456a408edcb952a5e42c1e96662b871ca6342af57a3344d475dfc4b402""},{""path"":""results/runs/run_20260811T161321Z_ebb0c846/rolling_origin_leaderboard.csv"",""sha256"":""b5c4565b815b0a606a8382c68c866df53710769f27666668bdaf477745aee377""},{""path"":""results/runs/run_20260811T161321Z_ebb0c846/forecasts/rolling_origin_forecasts.csv"",""sha256"":""a3fe1a504c8b9254b3e972168c0b966a4f2daef7002bccc7e079832c8243dee8""}]",run_id=run_20260811T161321Z_ebb0c846; git_sha=7a5aa556a1f28b75d4fbb5f275bf6f48b6ba0a28; all outer folds retained; no random split or final-test tuning,
exp_20260811T161322Z_094292a2,2026-08-11T16:13:22.900940+00:00,7a5aa556a1f28b75d4fbb5f275bf6f48b6ba0a28,"{""available"":true,""diff_sha256"":""e3b0c44298fc1c149afbf4c8996fb92427ae41e4649b934ca495991b7852b855"",""dirty"":false,""untracked_source_files"":[]}",run_20260811T161321Z_ebb0c846,af64bb4a373eba3bff2376c6f436e514249396db1d5c278111bb73f030c2b1cf,a7885fb0e1ed5de7d64ae180733effc0baebad1e4842ef6bca467466b5b538e5,departing_visitors_total_original_with_missing,2008-01..2024-12,"[""fixed_12m_2015"",""fixed_12m_2016"",""fixed_12m_2017"",""fixed_12m_2018"",""fixed_12m_2019"",""fixed_12m_2020"",""fixed_12m_2021"",""fixed_12m_2022"",""fixed_12m_2023"",""fixed_12m_2024"",""fixed_12m_2025""]",1..12,fixed_origin_12m_ex_ante,B0_target_history_calendar,"{""fourier_order"":2,""include_expanding_mean"":true,""include_rolling_median"":true,""include_rolling_std"":true,""rolling_windows"":[3,6,12,24],""seasonal_period"":12,""target_lags"":[1,2,3,6,12,13,18,24],""target_publication_delay_months"":3}",sarima_111_111_12,"{""fold_notes"":[""""]}",20250811,"{""numpy"":""1.26.4"",""pandas"":""2.2.3"",""python"":""3.11.9"",""scikit-learn"":""1.5.2"",""scipy"":""1.13.1"",""statsmodels"":""0.14.4"",""xgboost"":""2.1.2""}",results/runs/run_20260811T161321Z_ebb0c846/rolling_origin_fold_metrics.csv,"{""folds"":11,""macro_fold_full_bias"":140336.12298313642,""macro_fold_full_interval_95_coverage"":0.7702020202020201,""macro_fold_full_interval_95_mean_width"":4706312.2995805815,""macro_fold_full_interval_95_winkler"":19485497.420913488,""macro_fold_full_mae"":1369647.6164185153,""macro_fold_full_mape"":60.10829338318474,""macro_fold_full_mase"":4.0564809211001,""macro_fold_full_n"":11.727272727272727,""macro_fold_full_r2"":-3.081253032708231,""macro_fold_full_rmse"":1550893.904399928,""macro_fold_full_rmsse"":2.818990862402511,""macro_fold_full_smape"":52.88480398257473,""macro_fold_full_wape"":49.647339781941106,""macro_fold_paired_bias"":102947.4579666949,""macro_fold_paired_interval_95_coverage"":0.7626262626262627,""macro_fold_paired_interval_95_mean_width"":4146196.6370177898,""macro_fold_paired_interval_95_winkler"":20276663.770383652,""macro_fold_paired_mae"":1263897.1483206823,""macro_fold_paired_mae_skill_vs_seasonal_naive"":-0.5815308300428379,""macro_fold_paired_mape"":55.2943304979422,""macro_fold_paired_mase"":3.791285598353592,""macro_fold_paired_n"":8.454545454545455,""macro_fold_paired_r2"":-3.177449246571204,""macro_fold_paired_rmse"":1432745.3606267332,""macro_fold_paired_rmse_skill_vs_seasonal_naive"":-0.47164566348561704,""macro_fold_paired_rmsse"":2.667466373055517,""macro_fold_paired_seasonal_naive_bias"":-189340.5303030303,""macro_fold_paired_seasonal_naive_mae"":1002299.994949495,""macro_fold_paired_seasonal_naive_mape"":43.25025436973568,""macro_fold_paired_seasonal_naive_mase"":2.8347172357303942,""macro_fold_paired_seasonal_naive_n"":8.454545454545455,""macro_fold_paired_seasonal_naive_r2"":-2.127469929062232,""macro_fold_paired_seasonal_naive_rmse"":1192574.3515534832,""macro_fold_paired_seasonal_naive_rmsse"":2.1367038464762853,""macro_fold_paired_seasonal_naive_smape"":30.429605065824475,""macro_fold_paired_seasonal_naive_wape"":34.9295417365594,""macro_fold_paired_smape"":48.22608814687665,""macro_fold_paired_wape"":44.27045684729265,""macro_fold_target_publication_delay_months"":3.0,""pooled_full_bias"":61439.834544675316,""pooled_full_interval_95_coverage"":0.7829457364341085,""pooled_full_interval_95_mean_width"":4736987.732819918,""pooled_full_interval_95_winkler"":18065875.964033235,""pooled_full_mae"":1319339.967362272,""pooled_full_mape"":55.470486027367485,""pooled_full_n"":129.0,""pooled_full_r2"":0.16078575277000318,""pooled_full_rmse"":1851205.6690381684,""pooled_full_smape"":51.896974151481245,""pooled_full_wape"":34.81381400008644,""pooled_paired_bias"":63923.76419317602,""pooled_paired_interval_95_coverage"":0.7741935483870968,""pooled_paired_interval_95_mean_width"":4129838.861253974,""pooled_paired_interval_95_winkler"":18266749.23248933,""pooled_paired_mae"":1156575.4816911723,""pooled_paired_mae_skill_vs_seasonal_naive"":-0.2688110410253923,""pooled_paired_mape"":46.9200842723157,""pooled_paired_n"":93.0,""pooled_paired_r2"":0.34204726768679583,""pooled_paired_rmse"":1720489.498756521,""pooled_paired_rmse_skill_vs_seasonal_naive"":-0.18002958894932042,""pooled_paired_seasonal_naive_bias"":-266153.9784946237,""pooled_paired_seasonal_naive_mae"":911542.7311827957,""pooled_paired_seasonal_naive_mape"":35.77257727246405,""pooled_paired_seasonal_naive_n"":93.0,""pooled_paired_seasonal_naive_r2"":0.5274922890522273,""pooled_paired_seasonal_naive_rmse"":1458005.3880584617,""pooled_paired_seasonal_naive_smape"":27.41977571659245,""pooled_paired_seasonal_naive_wape"":22.636054878197154,""pooled_paired_smape"":43.50784718768429,""pooled_paired_wape"":28.720876354713244,""run_id"":""run_20260811T161321Z_ebb0c846"",""runtime_seconds"":1.5443520997650921}",-0.2688110410253923,1.5443520997650921,"[{""path"":""results/runs/run_20260811T161321Z_ebb0c846/rolling_origin_fold_metrics.csv"",""sha256"":""be3441456a408edcb952a5e42c1e96662b871ca6342af57a3344d475dfc4b402""},{""path"":""results/runs/run_20260811T161321Z_ebb0c846/rolling_origin_leaderboard.csv"",""sha256"":""b5c4565b815b0a606a8382c68c866df53710769f27666668bdaf477745aee377""},{""path"":""results/runs/run_20260811T161321Z_ebb0c846/forecasts/rolling_origin_forecasts.csv"",""sha256"":""a3fe1a504c8b9254b3e972168c0b966a4f2daef7002bccc7e079832c8243dee8""}]",run_id=run_20260811T161321Z_ebb0c846; git_sha=7a5aa556a1f28b75d4fbb5f275bf6f48b6ba0a28; all outer folds retained; no random split or final-test tuning,
exp_20260811T161323Z_3714f9ad,2026-08-11T16:13:23.396958+00:00,7a5aa556a1f28b75d4fbb5f275bf6f48b6ba0a28,"{""available"":true,""diff_sha256"":""e3b0c44298fc1c149afbf4c8996fb92427ae41e4649b934ca495991b7852b855"",""dirty"":false,""untracked_source_files"":[]}",run_20260811T161321Z_ebb0c846,af64bb4a373eba3bff2376c6f436e514249396db1d5c278111bb73f030c2b1cf,a7885fb0e1ed5de7d64ae180733effc0baebad1e4842ef6bca467466b5b538e5,departing_visitors_total_original_with_missing,2008-01..2024-12,"[""fixed_12m_2015"",""fixed_12m_2016"",""fixed_12m_2017"",""fixed_12m_2018"",""fixed_12m_2019"",""fixed_12m_2020"",""fixed_12m_2021"",""fixed_12m_2022"",""fixed_12m_2023"",""fixed_12m_2024"",""fixed_12m_2025""]",1..12,fixed_origin_12m_ex_ante,B0_target_history_calendar,"{""fourier_order"":2,""include_expanding_mean"":true,""include_rolling_median"":true,""include_rolling_std"":true,""rolling_windows"":[3,6,12,24],""seasonal_period"":12,""target_lags"":[1,2,3,6,12,13,18,24],""target_publication_delay_months"":3}",seasonal_moving_average_3,"{""fold_notes"":[""""]}",20250811,"{""numpy"":""1.26.4"",""pandas"":""2.2.3"",""python"":""3.11.9"",""scikit-learn"":""1.5.2"",""scipy"":""1.13.1"",""statsmodels"":""0.14.4"",""xgboost"":""2.1.2""}",results/runs/run_20260811T161321Z_ebb0c846/rolling_origin_fold_metrics.csv,"{""folds"":11,""macro_fold_full_bias"":-335289.7281144782,""macro_fold_full_interval_95_coverage"":0.7222222222222222,""macro_fold_full_interval_95_mean_width"":2670772.870443945,""macro_fold_full_interval_95_winkler"":12604882.167040616,""macro_fold_full_mae"":1055430.2971380472,""macro_fold_full_mape"":39.72281378008233,""macro_fold_full_mase"":2.7045545347167805,""macro_fold_full_n"":11.727272727272727,""macro_fold_full_r2"":-0.8839946939915667,""macro_fold_full_rmse"":1242814.0987231678,""macro_fold_full_rmsse"":2.026040942820872,""macro_fold_full_smape"":30.73811557858085,""macro_fold_full_wape"":33.04541595159415,""macro_fold_paired_bias"":-304009.30471380474,""macro_fold_paired_interval_95_coverage"":0.7070707070707071,""macro_fold_paired_interval_95_mean_width"":2670772.870443945,""macro_fold_paired_interval_95_winkler"":14958974.31438498,""macro_fold_paired_mae"":1089676.8097643098,""macro_fold_paired_mae_skill_vs_seasonal_naive"":-0.8534928966152692,""macro_fold_paired_mape"":41.94183850852213,""macro_fold_paired_mase"":2.8689828213611865,""macro_fold_paired_n"":8.454545454545455,""macro_fold_paired_r2"":-1.315847820376786,""macro_fold_paired_rmse"":1264510.4450185131,""macro_fold_paired_rmse_skill_vs_seasonal_naive"":-0.786835503039084,""macro_fold_paired_rmsse"":2.1397958419904057,""macro_fold_paired_seasonal_naive_bias"":-189340.5303030303,""macro_fold_paired_seasonal_naive_mae"":1002299.994949495,""macro_fold_paired_seasonal_naive_mape"":43.25025436973568,""macro_fold_paired_seasonal_naive_mase"":2.8347172357303942,""macro_fold_paired_seasonal_naive_n"":8.454545454545455,""macro_fold_paired_seasonal_naive_r2"":-2.127469929062232,""macro_fold_paired_seasonal_naive_rmse"":1192574.3515534832,""macro_fold_paired_seasonal_naive_rmsse"":2.1367038464762853,""macro_fold_paired_seasonal_naive_smape"":30.429605065824475,""macro_fold_paired_seasonal_naive_wape"":34.9295417365594,""macro_fold_paired_smape"":30.513732793880255,""macro_fold_paired_wape"":33.321871969874906,""macro_fold_target_publication_delay_months"":3.0,""pooled_full_bias"":-387699.2480620155,""pooled_full_interval_95_coverage"":0.7286821705426356,""pooled_full_interval_95_mean_width"":2682115.6330325934,""pooled_full_interval_95_winkler"":11740619.533201814,""pooled_full_mae"":1030677.5839793283,""pooled_full_mape"":37.02280475313621,""pooled_full_n"":129.0,""pooled_full_r2"":0.5357521692913576,""pooled_full_rmse"":1376870.7977296489,""pooled_full_smape"":29.83317675591852,""pooled_full_wape"":27.196794298934602,""pooled_paired_bias"":-425106.8064516129,""pooled_paired_interval_95_coverage"":0.7096774193548387,""pooled_paired_interval_95_mean_width"":2659085.84241707,""pooled_paired_interval_95_winkler"":13549080.818568807,""pooled_paired_mae"":1048745.6379928314,""pooled_paired_mae_skill_vs_seasonal_naive"":-0.1505172518155069,""pooled_paired_mape"":35.96345799387614,""pooled_paired_n"":93.0,""pooled_paired_r2"":0.5450326040762498,""pooled_paired_rmse"":1430687.6109154697,""pooled_paired_rmse_skill_vs_seasonal_naive"":0.018736403422602854,""pooled_paired_seasonal_naive_bias"":-266153.9784946237,""pooled_paired_seasonal_naive_mae"":911542.7311827957,""pooled_paired_seasonal_naive_mape"":35.77257727246405,""pooled_paired_seasonal_naive_n"":93.0,""pooled_paired_seasonal_naive_r2"":0.5274922890522273,""pooled_paired_seasonal_naive_rmse"":1458005.3880584617,""pooled_paired_seasonal_naive_smape"":27.41977571659245,""pooled_paired_seasonal_naive_wape"":22.636054878197154,""pooled_paired_smape"":28.552581966490134,""pooled_paired_wape"":26.043171650408386,""run_id"":""run_20260811T161321Z_ebb0c846"",""runtime_seconds"":0.31699499988462776}",-0.1505172518155069,0.31699499988462776,"[{""path"":""results/runs/run_20260811T161321Z_ebb0c846/rolling_origin_fold_metrics.csv"",""sha256"":""be3441456a408edcb952a5e42c1e96662b871ca6342af57a3344d475dfc4b402""},{""path"":""results/runs/run_20260811T161321Z_ebb0c846/rolling_origin_leaderboard.csv"",""sha256"":""b5c4565b815b0a606a8382c68c866df53710769f27666668bdaf477745aee377""},{""path"":""results/runs/run_20260811T161321Z_ebb0c846/forecasts/rolling_origin_forecasts.csv"",""sha256"":""a3fe1a504c8b9254b3e972168c0b966a4f2daef7002bccc7e079832c8243dee8""}]",run_id=run_20260811T161321Z_ebb0c846; git_sha=7a5aa556a1f28b75d4fbb5f275bf6f48b6ba0a28; all outer folds retained; no random split or final-test tuning,
exp_20260811T161324Z_97ec266c,2026-08-11T16:13:24.622495+00:00,7a5aa556a1f28b75d4fbb5f275bf6f48b6ba0a28,"{""available"":true,""diff_sha256"":""e3b0c44298fc1c149afbf4c8996fb92427ae41e4649b934ca495991b7852b855"",""dirty"":false,""untracked_source_files"":[]}",run_20260811T161321Z_ebb0c846,af64bb4a373eba3bff2376c6f436e514249396db1d5c278111bb73f030c2b1cf,a7885fb0e1ed5de7d64ae180733effc0baebad1e4842ef6bca467466b5b538e5,departing_visitors_total_original_with_missing,2008-01..2024-12,"[""fixed_12m_2015"",""fixed_12m_2016"",""fixed_12m_2017"",""fixed_12m_2018"",""fixed_12m_2019"",""fixed_12m_2020"",""fixed_12m_2021"",""fixed_12m_2022"",""fixed_12m_2023"",""fixed_12m_2024"",""fixed_12m_2025""]",1..12,fixed_origin_12m_ex_ante,B0_target_history_calendar,"{""fourier_order"":2,""include_expanding_mean"":true,""include_rolling_median"":true,""include_rolling_std"":true,""rolling_windows"":[3,6,12,24],""seasonal_period"":12,""target_lags"":[1,2,3,6,12,13,18,24],""target_publication_delay_months"":3}",seasonal_naive,"{""fold_notes"":[""""]}",20250811,"{""numpy"":""1.26.4"",""pandas"":""2.2.3"",""python"":""3.11.9"",""scikit-learn"":""1.5.2"",""scipy"":""1.13.1"",""statsmodels"":""0.14.4"",""xgboost"":""2.1.2""}",results/runs/run_20260811T161321Z_ebb0c846/rolling_origin_fold_metrics.csv,"{""folds"":11,""macro_fold_full_bias"":-189340.5303030303,""macro_fold_full_interval_95_coverage"":0.9040404040404041,""macro_fold_full_interval_95_mean_width"":5935048.876668795,""macro_fold_full_interval_95_winkler"":11840797.29554486,""macro_fold_full_mae"":1002299.994949495,""macro_fold_full_mape"":43.25025436973568,""macro_fold_full_mase"":2.8347172357303942,""macro_fold_full_n"":8.454545454545455,""macro_fold_full_r2"":-2.127469929062232,""macro_fold_full_rmse"":1192574.3515534832,""macro_fold_full_rmsse"":2.1367038464762853,""macro_fold_full_smape"":30.429605065824475,""macro_fold_full_wape"":34.9295417365594,""macro_fold_paired_bias"":-189340.5303030303,""macro_fold_paired_interval_95_coverage"":0.9040404040404041,""macro_fold_paired_interval_95_mean_width"":5935048.876668795,""macro_fold_paired_interval_95_winkler"":11840797.29554486,""macro_fold_paired_mae"":1002299.994949495,""macro_fold_paired_mae_skill_vs_seasonal_naive"":0.0,""macro_fold_paired_mape"":43.25025436973568,""macro_fold_paired_mase"":2.8347172357303942,""macro_fold_paired_n"":8.454545454545455,""macro_fold_paired_r2"":-2.127469929062232,""macro_fold_paired_rmse"":1192574.3515534832,""macro_fold_paired_rmse_skill_vs_seasonal_naive"":0.0,""macro_fold_paired_rmsse"":2.1367038464762853,""macro_fold_paired_seasonal_naive_bias"":-189340.5303030303,""macro_fold_paired_seasonal_naive_mae"":1002299.994949495,""macro_fold_paired_seasonal_naive_mape"":43.25025436973568,""macro_fold_paired_seasonal_naive_mase"":2.8347172357303942,""macro_fold_paired_seasonal_naive_n"":8.454545454545455,""macro_fold_paired_seasonal_naive_r2"":-2.127469929062232,""macro_fold_paired_seasonal_naive_rmse"":1192574.3515534832,""macro_fold_paired_seasonal_naive_rmsse"":2.1367038464762853,""macro_fold_paired_seasonal_naive_smape"":30.429605065824475,""macro_fold_paired_seasonal_naive_wape"":34.9295417365594,""macro_fold_paired_smape"":30.429605065824475,""macro_fold_paired_wape"":34.9295417365594,""macro_fold_target_publication_delay_months"":3.0,""pooled_full_bias"":-266153.9784946237,""pooled_full_interval_95_coverage"":0.9139784946236559,""pooled_full_interval_95_mean_width"":5925824.551183336,""pooled_full_interval_95_winkler"":10599378.51915626,""pooled_full_mae"":911542.7311827957,""pooled_full_mape"":35.77257727246405,""pooled_full_n"":93.0,""pooled_full_r2"":0.5274922890522273,""pooled_full_rmse"":1458005.3880584617,""pooled_full_smape"":27.41977571659245,""pooled_full_wape"":22.636054878197154,""pooled_paired_bias"":-266153.9784946237,""pooled_paired_interval_95_coverage"":0.9139784946236559,""pooled_paired_interval_95_mean_width"":5925824.551183336,""pooled_paired_interval_95_winkler"":10599378.51915626,""pooled_paired_mae"":911542.7311827957,""pooled_paired_mae_skill_vs_seasonal_naive"":0.0,""pooled_paired_mape"":35.77257727246405,""pooled_paired_n"":93.0,""pooled_paired_r2"":0.5274922890522273,""pooled_paired_rmse"":1458005.3880584617,""pooled_paired_rmse_skill_vs_seasonal_naive"":0.0,""pooled_paired_seasonal_naive_bias"":-266153.9784946237,""pooled_paired_seasonal_naive_mae"":911542.7311827957,""pooled_paired_seasonal_naive_mape"":35.77257727246405,""pooled_paired_seasonal_naive_n"":93.0,""pooled_paired_seasonal_naive_r2"":0.5274922890522273,""pooled_paired_seasonal_naive_rmse"":1458005.3880584617,""pooled_paired_seasonal_naive_smape"":27.41977571659245,""pooled_paired_seasonal_naive_wape"":22.636054878197154,""pooled_paired_smape"":27.41977571659245,""pooled_paired_wape"":22.636054878197154,""run_id"":""run_20260811T161321Z_ebb0c846"",""runtime_seconds"":0.04566179995890707}",0.0,0.04566179995890707,"[{""path"":""results/runs/run_20260811T161321Z_ebb0c846/rolling_origin_fold_metrics.csv"",""sha256"":""be3441456a408edcb952a5e42c1e96662b871ca6342af57a3344d475dfc4b402""},{""path"":""results/runs/run_20260811T161321Z_ebb0c846/rolling_origin_leaderboard.csv"",""sha256"":""b5c4565b815b0a606a8382c68c866df53710769f27666668bdaf477745aee377""},{""path"":""results/runs/run_20260811T161321Z_ebb0c846/forecasts/rolling_origin_forecasts.csv"",""sha256"":""a3fe1a504c8b9254b3e972168c0b966a4f2daef7002bccc7e079832c8243dee8""}]",run_id=run_20260811T161321Z_ebb0c846; git_sha=7a5aa556a1f28b75d4fbb5f275bf6f48b6ba0a28; all outer folds retained; no random split or final-test tuning,
exp_20260811T161325Z_f78ba13c,2026-08-11T16:13:25.159999+00:00,7a5aa556a1f28b75d4fbb5f275bf6f48b6ba0a28,"{""available"":true,""diff_sha256"":""e3b0c44298fc1c149afbf4c8996fb92427ae41e4649b934ca495991b7852b855"",""dirty"":false,""untracked_source_files"":[]}",run_20260811T161321Z_ebb0c846,af64bb4a373eba3bff2376c6f436e514249396db1d5c278111bb73f030c2b1cf,a7885fb0e1ed5de7d64ae180733effc0baebad1e4842ef6bca467466b5b538e5,departing_visitors_total_original_with_missing,2008-01..2024-12,"[""fixed_12m_2015"",""fixed_12m_2016"",""fixed_12m_2017"",""fixed_12m_2018"",""fixed_12m_2019"",""fixed_12m_2020"",""fixed_12m_2021"",""fixed_12m_2022"",""fixed_12m_2023"",""fixed_12m_2024"",""fixed_12m_2025""]",1..12,fixed_origin_12m_ex_ante,B0_target_history_calendar,"{""fourier_order"":2,""include_expanding_mean"":true,""include_rolling_median"":true,""include_rolling_std"":true,""rolling_windows"":[3,6,12,24],""seasonal_period"":12,""target_lags"":[1,2,3,6,12,13,18,24],""target_publication_delay_months"":3}",stl_arima_111,"{""fold_notes"":[""robust STL(12) + ARIMA(1,1,1) remainder; model-internal seasonal fill for missing training targets""]}",20250811,"{""numpy"":""1.26.4"",""pandas"":""2.2.3"",""python"":""3.11.9"",""scikit-learn"":""1.5.2"",""scipy"":""1.13.1"",""statsmodels"":""0.14.4"",""xgboost"":""2.1.2""}",results/runs/run_20260811T161321Z_ebb0c846/rolling_origin_fold_metrics.csv,"{""folds"":11,""macro_fold_full_bias"":35603.3928014797,""macro_fold_full_interval_95_coverage"":0.851010101010101,""macro_fold_full_interval_95_mean_width"":4015560.4481598753,""macro_fold_full_interval_95_winkler"":9022222.507489456,""macro_fold_full_mae"":1015326.6542082974,""macro_fold_full_mape"":42.774184705562,""macro_fold_full_mase"":2.801124964522364,""macro_fold_full_n"":11.727272727272727,""macro_fold_full_r2"":-1.0820332901801721,""macro_fold_full_rmse"":1208917.9991684987,""macro_fold_full_rmsse"":2.106242482478388,""macro_fold_full_smape"":30.429099265044115,""macro_fold_full_wape"":35.18521934193258,""macro_fold_paired_bias"":135840.26842245788,""macro_fold_paired_interval_95_coverage"":0.8434343434343435,""macro_fold_paired_interval_95_mean_width"":3513477.748082489,""macro_fold_paired_interval_95_winkler"":10328380.469229063,""macro_fold_paired_mae"":1036533.3977238312,""macro_fold_paired_mae_skill_vs_seasonal_naive"":-0.2527375003594937,""macro_fold_paired_mape"":44.444022487222355,""macro_fold_paired_mase"":2.9333745112471394,""macro_fold_paired_n"":8.454545454545455,""macro_fold_paired_r2"":-1.4294220694616795,""macro_fold_paired_rmse"":1214997.8687859066,""macro_fold_paired_rmse_skill_vs_seasonal_naive"":-0.3327397096818272,""macro_fold_paired_rmsse"":2.1943418023079917,""macro_fold_paired_seasonal_naive_bias"":-189340.5303030303,""macro_fold_paired_seasonal_naive_mae"":1002299.994949495,""macro_fold_paired_seasonal_naive_mape"":43.25025436973568,""macro_fold_paired_seasonal_naive_mase"":2.8347172357303942,""macro_fold_paired_seasonal_naive_n"":8.454545454545455,""macro_fold_paired_seasonal_naive_r2"":-2.127469929062232,""macro_fold_paired_seasonal_naive_rmse"":1192574.3515534832,""macro_fold_paired_seasonal_naive_rmsse"":2.1367038464762853,""macro_fold_paired_seasonal_naive_smape"":30.429605065824475,""macro_fold_paired_seasonal_naive_wape"":34.9295417365594,""macro_fold_paired_smape"":29.737951335427056,""macro_fold_paired_wape"":34.893951405486334,""macro_fold_target_publication_delay_months"":3.0,""pooled_full_bias"":-13018.095088578639,""pooled_full_interval_95_coverage"":0.8604651162790697,""pooled_full_interval_95_mean_width"":4041253.544345655,""pooled_full_interval_95_winkler"":8215013.026962305,""pooled_full_mae"":986648.9405159242,""pooled_full_mape"":39.90035471695684,""pooled_full_n"":129.0,""pooled_full_r2"":0.5210529880441009,""pooled_full_rmse"":1398498.4247850785,""pooled_full_smape"":29.44959427996293,""pooled_full_wape"":26.034997459507707,""pooled_paired_bias"":-1710.9443581139128,""pooled_paired_interval_95_coverage"":0.8602150537634409,""pooled_paired_interval_95_mean_width"":3488691.362830057,""pooled_paired_interval_95_winkler"":8683936.233377168,""pooled_paired_mae"":951181.3721123956,""pooled_paired_mae_skill_vs_seasonal_naive"":-0.04348522518320763,""pooled_paired_mape"":36.97321791339622,""pooled_paired_n"":93.0,""pooled_paired_r2"":0.5777416022190381,""pooled_paired_rmse"":1378300.22338494,""pooled_paired_rmse_skill_vs_seasonal_naive"":0.054667263458923365,""pooled_paired_seasonal_naive_bias"":-266153.9784946237,""pooled_paired_seasonal_naive_mae"":911542.7311827957,""pooled_paired_seasonal_naive_mape"":35.77257727246405,""pooled_paired_seasonal_naive_n"":93.0,""pooled_paired_seasonal_naive_r2"":0.5274922890522273,""pooled_paired_seasonal_naive_rmse"":1458005.3880584617,""pooled_paired_seasonal_naive_smape"":27.41977571659245,""pooled_paired_seasonal_naive_wape"":22.636054878197154,""pooled_paired_smape"":26.9763903308029,""pooled_paired_wape"":23.620388821835,""run_id"":""run_20260811T161321Z_ebb0c846"",""runtime_seconds"":0.6948152001714334}",-0.04348522518320763,0.6948152001714334,"[{""path"":""results/runs/run_20260811T161321Z_ebb0c846/rolling_origin_fold_metrics.csv"",""sha256"":""be3441456a408edcb952a5e42c1e96662b871ca6342af57a3344d475dfc4b402""},{""path"":""results/runs/run_20260811T161321Z_ebb0c846/rolling_origin_leaderboard.csv"",""sha256"":""b5c4565b815b0a606a8382c68c866df53710769f27666668bdaf477745aee377""},{""path"":""results/runs/run_20260811T161321Z_ebb0c846/forecasts/rolling_origin_forecasts.csv"",""sha256"":""a3fe1a504c8b9254b3e972168c0b966a4f2daef7002bccc7e079832c8243dee8""}]",run_id=run_20260811T161321Z_ebb0c846; git_sha=7a5aa556a1f28b75d4fbb5f275bf6f48b6ba0a28; all outer folds retained; no random split or final-test tuning,
exp_20260811T161325Z_15b8fa30,2026-08-11T16:13:25.894485+00:00,7a5aa556a1f28b75d4fbb5f275bf6f48b6ba0a28,"{""available"":true,""diff_sha256"":""e3b0c44298fc1c149afbf4c8996fb92427ae41e4649b934ca495991b7852b855"",""dirty"":false,""untracked_source_files"":[]}",run_20260811T161321Z_ebb0c846,af64bb4a373eba3bff2376c6f436e514249396db1d5c278111bb73f030c2b1cf,a7885fb0e1ed5de7d64ae180733effc0baebad1e4842ef6bca467466b5b538e5,departing_visitors_total_original_with_missing,2008-01..2024-12,"[""fixed_12m_2015"",""fixed_12m_2016"",""fixed_12m_2017"",""fixed_12m_2018"",""fixed_12m_2019"",""fixed_12m_2020"",""fixed_12m_2021"",""fixed_12m_2022"",""fixed_12m_2023"",""fixed_12m_2024"",""fixed_12m_2025""]",1..12,fixed_origin_12m_ex_ante,B0_target_history_calendar,"{""fourier_order"":2,""include_expanding_mean"":true,""include_rolling_median"":true,""include_rolling_std"":true,""rolling_windows"":[3,6,12,24],""seasonal_period"":12,""target_lags"":[1,2,3,6,12,13,18,24],""target_publication_delay_months"":3}",theta,"{""fold_notes"":[""model-internal seasonal fill for missing training targets""]}",20250811,"{""numpy"":""1.26.4"",""pandas"":""2.2.3"",""python"":""3.11.9"",""scikit-learn"":""1.5.2"",""scipy"":""1.13.1"",""statsmodels"":""0.14.4"",""xgboost"":""2.1.2""}",results/runs/run_20260811T161321Z_ebb0c846/rolling_origin_fold_metrics.csv,"{""folds"":11,""macro_fold_full_bias"":2288.2152079304,""macro_fold_full_interval_95_coverage"":0.9797979797979799,""macro_fold_full_interval_95_mean_width"":8585551.11776042,""macro_fold_full_interval_95_winkler"":9539774.526541093,""macro_fold_full_mae"":1036035.613284593,""macro_fold_full_mape"":43.84078565600323,""macro_fold_full_mase"":2.757511194270611,""macro_fold_full_n"":11.727272727272727,""macro_fold_full_r2"":-1.5210471223074427,""macro_fold_full_rmse"":1201721.7989481294,""macro_fold_full_rmsse"":2.021743105088447,""macro_fold_full_smape"":31.141079446384342,""macro_fold_full_wape"":36.24682354451082,""macro_fold_paired_bias"":50568.696166439935,""macro_fold_paired_interval_95_coverage"":0.9696969696969696,""macro_fold_paired_interval_95_mean_width"":7488254.520857841,""macro_fold_paired_interval_95_winkler"":8919589.63402885,""macro_fold_paired_mae"":1081790.0648521418,""macro_fold_paired_mae_skill_vs_seasonal_naive"":-0.35854483289337685,""macro_fold_paired_mape"":45.30663205503486,""macro_fold_paired_mase"":2.9299098255453813,""macro_fold_paired_n"":8.454545454545455,""macro_fold_paired_r2"":-1.9215858609947183,""macro_fold_paired_rmse"":1250548.9485511289,""macro_fold_paired_rmse_skill_vs_seasonal_naive"":-0.32014555757459007,""macro_fold_paired_rmsse"":2.154858702786839,""macro_fold_paired_seasonal_naive_bias"":-189340.5303030303,""macro_fold_paired_seasonal_naive_mae"":1002299.994949495,""macro_fold_paired_seasonal_naive_mape"":43.25025436973568,""macro_fold_paired_seasonal_naive_mase"":2.8347172357303942,""macro_fold_paired_seasonal_naive_n"":8.454545454545455,""macro_fold_paired_seasonal_naive_r2"":-2.127469929062232,""macro_fold_paired_seasonal_naive_rmse"":1192574.3515534832,""macro_fold_paired_seasonal_naive_rmsse"":2.1367038464762853,""macro_fold_paired_seasonal_naive_smape"":30.429605065824475,""macro_fold_paired_seasonal_naive_wape"":34.9295417365594,""macro_fold_paired_smape"":30.936288559891924,""macro_fold_paired_wape"":36.348055428331314,""macro_fold_target_publication_delay_months"":3.0,""pooled_full_bias"":-53541.32116379835,""pooled_full_interval_95_coverage"":0.9844961240310077,""pooled_full_interval_95_mean_width"":8596004.736189812,""pooled_full_interval_95_winkler"":9328315.724323818,""pooled_full_mae"":1000850.0792678546,""pooled_full_mape"":40.55860538963173,""pooled_full_n"":129.0,""pooled_full_r2"":0.4488559197780573,""pooled_full_rmse"":1500205.7337734832,""pooled_full_smape"":30.068531826108668,""pooled_full_wape"":26.409727108672783,""pooled_paired_bias"":-98249.73453888221,""pooled_paired_interval_95_coverage"":0.978494623655914,""pooled_paired_interval_95_mean_width"":7473265.954850807,""pooled_paired_interval_95_winkler"":8489052.164197974,""pooled_paired_mae"":992434.8532485386,""pooled_paired_mae_skill_vs_seasonal_naive"":-0.08874199672546257,""pooled_paired_mape"":37.703177152513035,""pooled_paired_n"":93.0,""pooled_paired_r2"":0.4858678652950734,""pooled_paired_rmse"":1520869.8605892037,""pooled_paired_rmse_skill_vs_seasonal_naive"":-0.043116762836147515,""pooled_paired_seasonal_naive_bias"":-266153.9784946237,""pooled_paired_seasonal_naive_mae"":911542.7311827957,""pooled_paired_seasonal_naive_mape"":35.77257727246405,""pooled_paired_seasonal_naive_n"":93.0,""pooled_paired_seasonal_naive_r2"":0.5274922890522273,""pooled_paired_seasonal_naive_rmse"":1458005.3880584617,""pooled_paired_seasonal_naive_smape"":27.41977571659245,""pooled_paired_seasonal_naive_wape"":22.636054878197154,""pooled_paired_smape"":28.242684424096716,""pooled_paired_wape"":24.644823586075518,""run_id"":""run_20260811T161321Z_ebb0c846"",""runtime_seconds"":0.3648176998831332}",-0.08874199672546257,0.3648176998831332,"[{""path"":""results/runs/run_20260811T161321Z_ebb0c846/rolling_origin_fold_metrics.csv"",""sha256"":""be3441456a408edcb952a5e42c1e96662b871ca6342af57a3344d475dfc4b402""},{""path"":""results/runs/run_20260811T161321Z_ebb0c846/rolling_origin_leaderboard.csv"",""sha256"":""b5c4565b815b0a606a8382c68c866df53710769f27666668bdaf477745aee377""},{""path"":""results/runs/run_20260811T161321Z_ebb0c846/forecasts/rolling_origin_forecasts.csv"",""sha256"":""a3fe1a504c8b9254b3e972168c0b966a4f2daef7002bccc7e079832c8243dee8""}]",run_id=run_20260811T161321Z_ebb0c846; git_sha=7a5aa556a1f28b75d4fbb5f275bf6f48b6ba0a28; all outer folds retained; no random split or final-test tuning,
exp_20260811T161326Z_9e898653,2026-08-11T16:13:26.827625+00:00,7a5aa556a1f28b75d4fbb5f275bf6f48b6ba0a28,"{""available"":true,""diff_sha256"":""e3b0c44298fc1c149afbf4c8996fb92427ae41e4649b934ca495991b7852b855"",""dirty"":false,""untracked_source_files"":[]}",run_20260811T161321Z_ebb0c846,af64bb4a373eba3bff2376c6f436e514249396db1d5c278111bb73f030c2b1cf,a7885fb0e1ed5de7d64ae180733effc0baebad1e4842ef6bca467466b5b538e5,departing_visitors_total_original_with_missing,2008-01..2025-11,"[""one_step_201501"",""one_step_201502"",""one_step_201503"",""one_step_201504"",""one_step_201505"",""one_step_201506"",""one_step_201507"",""one_step_201508"",""one_step_201509"",""one_step_201510"",""one_step_201511"",""one_step_201512"",""one_step_201601"",""one_step_201602"",""one_step_201603"",""one_step_201604"",""one_step_201605"",""one_step_201606"",""one_step_201607"",""one_step_201608"",""one_step_201609"",""one_step_201610"",""one_step_201611"",""one_step_201612"",""one_step_201701"",""one_step_201702"",""one_step_201703"",""one_step_201704"",""one_step_201705"",""one_step_201706"",""one_step_201707"",""one_step_201708"",""one_step_201709"",""one_step_201710"",""one_step_201711"",""one_step_201712"",""one_step_201801"",""one_step_201802"",""one_step_201803"",""one_step_201804"",""one_step_201805"",""one_step_201806"",""one_step_201807"",""one_step_201808"",""one_step_201809"",""one_step_201810"",""one_step_201811"",""one_step_201812"",""one_step_201901"",""one_step_201902"",""one_step_201903"",""one_step_201904"",""one_step_201905"",""one_step_201906"",""one_step_201907"",""one_step_201908"",""one_step_201909"",""one_step_201910"",""one_step_201911"",""one_step_201912"",""one_step_202001"",""one_step_202002"",""one_step_202003"",""one_step_202004"",""one_step_202005"",""one_step_202006"",""one_step_202007"",""one_step_202008"",""one_step_202009"",""one_step_202010"",""one_step_202011"",""one_step_202012"",""one_step_202101"",""one_step_202102"",""one_step_202103"",""one_step_202104"",""one_step_202105"",""one_step_202106"",""one_step_202107"",""one_step_202108"",""one_step_202109"",""one_step_202110"",""one_step_202111"",""one_step_202112"",""one_step_202201"",""one_step_202202"",""one_step_202203"",""one_step_202204"",""one_step_202205"",""one_step_202206"",""one_step_202207"",""one_step_202208"",""one_step_202209"",""one_step_202210"",""one_step_202211"",""one_step_202212"",""one_step_202301"",""one_step_202302"",""one_step_202303"",""one_step_202304"",""one_step_202305"",""one_step_202306"",""one_step_202307"",""one_step_202308"",""one_step_202309"",""one_step_202310"",""one_step_202311"",""one_step_202312"",""one_step_202401"",""one_step_202402"",""one_step_202403"",""one_step_202404"",""one_step_202405"",""one_step_202406"",""one_step_202407"",""one_step_202408"",""one_step_202409"",""one_step_202410"",""one_step_202411"",""one_step_202412"",""one_step_202501"",""one_step_202502"",""one_step_202503"",""one_step_202504"",""one_step_202505"",""one_step_202506"",""one_step_202507"",""one_step_202508"",""one_step_202509"",""one_step_202510"",""one_step_202511"",""one_step_202512""]",1,one_step_ex_ante,B0_target_history_calendar,"{""fourier_order"":2,""include_expanding_mean"":true,""include_rolling_median"":true,""include_rolling_std"":true,""rolling_windows"":[3,6,12,24],""seasonal_period"":12,""target_lags"":[1,2,3,6,12,13,18,24],""target_publication_delay_months"":3}",drift,"{""fold_notes"":[""""]}",20250811,"{""numpy"":""1.26.4"",""pandas"":""2.2.3"",""python"":""3.11.9"",""scikit-learn"":""1.5.2"",""scipy"":""1.13.1"",""statsmodels"":""0.14.4"",""xgboost"":""2.1.2""}",results/runs/run_20260811T161321Z_ebb0c846/rolling_origin_fold_metrics.csv,"{""folds"":132,""macro_fold_full_bias"":-22802.008618254844,""macro_fold_full_interval_95_coverage"":1.0,""macro_fold_full_interval_95_mean_width"":13408425.821892962,""macro_fold_full_interval_95_winkler"":13408425.821892962,""macro_fold_full_mae"":2449181.3624142916,""macro_fold_full_mape"":80.21394430225726,""macro_fold_full_mase"":6.881451438306858,""macro_fold_full_n"":0.9772727272727273,""macro_fold_full_r2"":NaN,""macro_fold_full_rmse"":2449181.3624142916,""macro_fold_full_rmsse"":4.381226688339997,""macro_fold_full_smape"":63.90202758381733,""macro_fold_full_wape"":80.21394430225726,""macro_fold_paired_bias"":-10881.86548424436,""macro_fold_paired_interval_95_coverage"":1.0,""macro_fold_paired_interval_95_mean_width"":13423632.736878991,""macro_fold_paired_interval_95_winkler"":13423632.736878991,""macro_fold_paired_mae"":2495032.156275425,""macro_fold_paired_mae_skill_vs_seasonal_naive"":-15.858012319790413,""macro_fold_paired_mape"":81.32879641269463,""macro_fold_paired_mase"":7.0206301358296725,""macro_fold_paired_n"":0.9545454545454546,""macro_fold_paired_r2"":NaN,""macro_fold_paired_rmse"":2495032.156275425,""macro_fold_paired_rmse_skill_vs_seasonal_naive"":-15.858012319790413,""macro_fold_paired_rmsse"":4.4731947606779014,""macro_fold_paired_seasonal_naive_bias"":-247604.14285714287,""macro_fold_paired_seasonal_naive_mae"":848683.3174603175,""macro_fold_paired_seasonal_naive_mape"":33.468346152806916,""macro_fold_paired_seasonal_naive_mase"":2.3375794055533863,""macro_fold_paired_seasonal_naive_n"":0.9545454545454546,""macro_fold_paired_seasonal_naive_r2"":NaN,""macro_fold_paired_seasonal_naive_rmse"":848683.3174603175,""macro_fold_paired_seasonal_naive_rmsse"":1.4453717836270505,""macro_fold_paired_seasonal_naive_smape"":26.491223289597873,""macro_fold_paired_seasonal_naive_wape"":33.46834615280691,""macro_fold_paired_smape"":64.37851992159686,""macro_fold_paired_wape"":81.32879641269463,""macro_fold_target_publication_delay_months"":3.0,""pooled_full_bias"":-22802.008618254866,""pooled_full_interval_95_coverage"":1.0,""pooled_full_interval_95_mean_width"":13408425.821892962,""pooled_full_interval_95_winkler"":13408425.82189296,""pooled_full_mae"":2449181.3624142916,""pooled_full_mape"":80.21394430225726,""pooled_full_n"":129.0,""pooled_full_r2"":-1.0711994928663247,""pooled_full_rmse"":2908233.0997505295,""pooled_full_smape"":63.90202758381734,""pooled_full_wape"":64.62727311599497,""pooled_paired_bias"":-10881.865484244345,""pooled_paired_interval_95_coverage"":1.0,""pooled_paired_interval_95_mean_width"":13423632.736878991,""pooled_paired_interval_95_winkler"":13423632.73687899,""pooled_paired_mae"":2495032.1562754246,""pooled_paired_mae_skill_vs_seasonal_naive"":-1.9398859444319014,""pooled_paired_mape"":81.32879641269463,""pooled_paired_n"":126.0,""pooled_paired_r2"":-1.144232094663768,""pooled_paired_rmse"":2940759.1898064525,""pooled_paired_rmse_skill_vs_seasonal_naive"":-1.1891854798707726,""pooled_paired_seasonal_naive_bias"":-247604.14285714287,""pooled_paired_seasonal_naive_mae"":848683.3174603175,""pooled_paired_seasonal_naive_mape"":33.468346152806916,""pooled_paired_seasonal_naive_n"":126.0,""pooled_paired_seasonal_naive_r2"":0.5525889825989496,""pooled_paired_seasonal_naive_rmse"":1343312.0294494394,""pooled_paired_seasonal_naive_smape"":26.491223289597873,""pooled_paired_seasonal_naive_wape"":22.057117399152446,""pooled_paired_smape"":64.37851992159688,""pooled_paired_wape"":64.84540941645261,""run_id"":""run_20260811T161321Z_ebb0c846"",""runtime_seconds"":0.17725170019548386}",-1.9398859444319014,0.17725170019548386,"[{""path"":""results/runs/run_20260811T161321Z_ebb0c846/rolling_origin_fold_metrics.csv"",""sha256"":""be3441456a408edcb952a5e42c1e96662b871ca6342af57a3344d475dfc4b402""},{""path"":""results/runs/run_20260811T161321Z_ebb0c846/rolling_origin_leaderboard.csv"",""sha256"":""b5c4565b815b0a606a8382c68c866df53710769f27666668bdaf477745aee377""},{""path"":""results/runs/run_20260811T161321Z_ebb0c846/forecasts/rolling_origin_forecasts.csv"",""sha256"":""a3fe1a504c8b9254b3e972168c0b966a4f2daef7002bccc7e079832c8243dee8""}]",run_id=run_20260811T161321Z_ebb0c846; git_sha=7a5aa556a1f28b75d4fbb5f275bf6f48b6ba0a28; all outer folds retained; no random split or final-test tuning,
exp_20260811T161327Z_c761fad1,2026-08-11T16:13:27.325071+00:00,7a5aa556a1f28b75d4fbb5f275bf6f48b6ba0a28,"{""available"":true,""diff_sha256"":""e3b0c44298fc1c149afbf4c8996fb92427ae41e4649b934ca495991b7852b855"",""dirty"":false,""untracked_source_files"":[]}",run_20260811T161321Z_ebb0c846,af64bb4a373eba3bff2376c6f436e514249396db1d5c278111bb73f030c2b1cf,a7885fb0e1ed5de7d64ae180733effc0baebad1e4842ef6bca467466b5b538e5,departing_visitors_total_original_with_missing,2008-01..2025-11,"[""one_step_201501"",""one_step_201502"",""one_step_201503"",""one_step_201504"",""one_step_201505"",""one_step_201506"",""one_step_201507"",""one_step_201508"",""one_step_201509"",""one_step_201510"",""one_step_201511"",""one_step_201512"",""one_step_201601"",""one_step_201602"",""one_step_201603"",""one_step_201604"",""one_step_201605"",""one_step_201606"",""one_step_201607"",""one_step_201608"",""one_step_201609"",""one_step_201610"",""one_step_201611"",""one_step_201612"",""one_step_201701"",""one_step_201702"",""one_step_201703"",""one_step_201704"",""one_step_201705"",""one_step_201706"",""one_step_201707"",""one_step_201708"",""one_step_201709"",""one_step_201710"",""one_step_201711"",""one_step_201712"",""one_step_201801"",""one_step_201802"",""one_step_201803"",""one_step_201804"",""one_step_201805"",""one_step_201806"",""one_step_201807"",""one_step_201808"",""one_step_201809"",""one_step_201810"",""one_step_201811"",""one_step_201812"",""one_step_201901"",""one_step_201902"",""one_step_201903"",""one_step_201904"",""one_step_201905"",""one_step_201906"",""one_step_201907"",""one_step_201908"",""one_step_201909"",""one_step_201910"",""one_step_201911"",""one_step_201912"",""one_step_202001"",""one_step_202002"",""one_step_202003"",""one_step_202004"",""one_step_202005"",""one_step_202006"",""one_step_202007"",""one_step_202008"",""one_step_202009"",""one_step_202010"",""one_step_202011"",""one_step_202012"",""one_step_202101"",""one_step_202102"",""one_step_202103"",""one_step_202104"",""one_step_202105"",""one_step_202106"",""one_step_202107"",""one_step_202108"",""one_step_202109"",""one_step_202110"",""one_step_202111"",""one_step_202112"",""one_step_202201"",""one_step_202202"",""one_step_202203"",""one_step_202204"",""one_step_202205"",""one_step_202206"",""one_step_202207"",""one_step_202208"",""one_step_202209"",""one_step_202210"",""one_step_202211"",""one_step_202212"",""one_step_202301"",""one_step_202302"",""one_step_202303"",""one_step_202304"",""one_step_202305"",""one_step_202306"",""one_step_202307"",""one_step_202308"",""one_step_202309"",""one_step_202310"",""one_step_202311"",""one_step_202312"",""one_step_202401"",""one_step_202402"",""one_step_202403"",""one_step_202404"",""one_step_202405"",""one_step_202406"",""one_step_202407"",""one_step_202408"",""one_step_202409"",""one_step_202410"",""one_step_202411"",""one_step_202412"",""one_step_202501"",""one_step_202502"",""one_step_202503"",""one_step_202504"",""one_step_202505"",""one_step_202506"",""one_step_202507"",""one_step_202508"",""one_step_202509"",""one_step_202510"",""one_step_202511"",""one_step_202512""]",1,one_step_ex_ante,B0_target_history_calendar,"{""fourier_order"":2,""include_expanding_mean"":true,""include_rolling_median"":true,""include_rolling_std"":true,""rolling_windows"":[3,6,12,24],""seasonal_period"":12,""target_lags"":[1,2,3,6,12,13,18,24],""target_publication_delay_months"":3}",naive_last,"{""fold_notes"":[""""]}",20250811,"{""numpy"":""1.26.4"",""pandas"":""2.2.3"",""python"":""3.11.9"",""scikit-learn"":""1.5.2"",""scipy"":""1.13.1"",""statsmodels"":""0.14.4"",""xgboost"":""2.1.2""}",results/runs/run_20260811T161321Z_ebb0c846/rolling_origin_fold_metrics.csv,"{""folds"":132,""macro_fold_full_bias"":-93638.51937984496,""macro_fold_full_interval_95_coverage"":0.7596899224806202,""macro_fold_full_interval_95_mean_width"":7199416.537798244,""macro_fold_full_interval_95_winkler"":15415945.48833552,""macro_fold_full_mae"":2424733.434108527,""macro_fold_full_mape"":78.4728241345929,""macro_fold_full_mase"":6.797672914187119,""macro_fold_full_n"":0.9772727272727273,""macro_fold_full_r2"":NaN,""macro_fold_full_rmse"":2424733.434108527,""macro_fold_full_rmsse"":4.324886043458757,""macro_fold_full_smape"":63.78317419031506,""macro_fold_full_wape"":78.4728241345929,""macro_fold_paired_bias"":-83611.37301587302,""macro_fold_paired_interval_95_coverage"":0.753968253968254,""macro_fold_paired_interval_95_mean_width"":7199789.320555326,""macro_fold_paired_interval_95_winkler"":15611949.912772061,""macro_fold_paired_mae"":2470208.5476190476,""macro_fold_paired_mae_skill_vs_seasonal_naive"":-15.574574488165934,""macro_fold_paired_mape"":79.56177384917952,""macro_fold_paired_mase"":6.9352672120960115,""macro_fold_paired_n"":0.9545454545454546,""macro_fold_paired_r2"":NaN,""macro_fold_paired_rmse"":2470208.5476190476,""macro_fold_paired_rmse_skill_vs_seasonal_naive"":-15.574574488165934,""macro_fold_paired_rmsse"":4.415717402324164,""macro_fold_paired_seasonal_naive_bias"":-247604.14285714287,""macro_fold_paired_seasonal_naive_mae"":848683.3174603175,""macro_fold_paired_seasonal_naive_mape"":33.468346152806916,""macro_fold_paired_seasonal_naive_mase"":2.3375794055533863,""macro_fold_paired_seasonal_naive_n"":0.9545454545454546,""macro_fold_paired_seasonal_naive_r2"":NaN,""macro_fold_paired_seasonal_naive_rmse"":848683.3174603175,""macro_fold_paired_seasonal_naive_rmsse"":1.4453717836270505,""macro_fold_paired_seasonal_naive_smape"":26.491223289597873,""macro_fold_paired_seasonal_naive_wape"":33.46834615280691,""macro_fold_paired_smape"":64.28007417786576,""macro_fold_paired_wape"":79.56177384917952,""macro_fold_target_publication_delay_months"":3.0,""pooled_full_bias"":-93638.51937984496,""pooled_full_interval_95_coverage"":0.7596899224806202,""pooled_full_interval_95_mean_width"":7199416.537798244,""pooled_full_interval_95_winkler"":15415945.48833552,""pooled_full_mae"":2424733.434108527,""pooled_full_mape"":78.47282413459291,""pooled_full_n"":129.0,""pooled_full_r2"":-1.0148690155200444,""pooled_full_rmse"":2868412.831870792,""pooled_full_smape"":63.78317419031506,""pooled_full_wape"":63.98215839971303,""pooled_paired_bias"":-83611.37301587302,""pooled_paired_interval_95_coverage"":0.753968253968254,""pooled_paired_interval_95_mean_width"":7199789.320555326,""pooled_paired_interval_95_winkler"":15611949.912772061,""pooled_paired_mae"":2470208.5476190476,""pooled_paired_mae_skill_vs_seasonal_naive"":-1.9106363902746901,""pooled_paired_mape"":79.56177384917952,""pooled_paired_n"":126.0,""pooled_paired_r2"":-1.0859039410976452,""pooled_paired_rmse"":2900485.636127707,""pooled_paired_rmse_skill_vs_seasonal_naive"":-1.1592046914941125,""pooled_paired_seasonal_naive_bias"":-247604.14285714287,""pooled_paired_seasonal_naive_mae"":848683.3174603175,""pooled_paired_seasonal_naive_mape"":33.468346152806916,""pooled_paired_seasonal_naive_n"":126.0,""pooled_paired_seasonal_naive_r2"":0.5525889825989496,""pooled_paired_seasonal_naive_rmse"":1343312.0294494394,""pooled_paired_seasonal_naive_smape"":26.491223289597873,""pooled_paired_seasonal_naive_wape"":22.057117399152446,""pooled_paired_smape"":64.28007417786574,""pooled_paired_wape"":64.20024856653414,""run_id"":""run_20260811T161321Z_ebb0c846"",""runtime_seconds"":0.16781779995653778}",-1.9106363902746901,0.16781779995653778,"[{""path"":""results/runs/run_20260811T161321Z_ebb0c846/rolling_origin_fold_metrics.csv"",""sha256"":""be3441456a408edcb952a5e42c1e96662b871ca6342af57a3344d475dfc4b402""},{""path"":""results/runs/run_20260811T161321Z_ebb0c846/rolling_origin_leaderboard.csv"",""sha256"":""b5c4565b815b0a606a8382c68c866df53710769f27666668bdaf477745aee377""},{""path"":""results/runs/run_20260811T161321Z_ebb0c846/forecasts/rolling_origin_forecasts.csv"",""sha256"":""a3fe1a504c8b9254b3e972168c0b966a4f2daef7002bccc7e079832c8243dee8""}]",run_id=run_20260811T161321Z_ebb0c846; git_sha=7a5aa556a1f28b75d4fbb5f275bf6f48b6ba0a28; all outer folds retained; no random split or final-test tuning,
exp_20260811T161328Z_4afce695,2026-08-11T16:13:28.428144+00:00,7a5aa556a1f28b75d4fbb5f275bf6f48b6ba0a28,"{""available"":true,""diff_sha256"":""e3b0c44298fc1c149afbf4c8996fb92427ae41e4649b934ca495991b7852b855"",""dirty"":false,""untracked_source_files"":[]}",run_20260811T161321Z_ebb0c846,af64bb4a373eba3bff2376c6f436e514249396db1d5c278111bb73f030c2b1cf,a7885fb0e1ed5de7d64ae180733effc0baebad1e4842ef6bca467466b5b538e5,departing_visitors_total_original_with_missing,2008-01..2025-11,"[""one_step_201501"",""one_step_201502"",""one_step_201503"",""one_step_201504"",""one_step_201505"",""one_step_201506"",""one_step_201507"",""one_step_201508"",""one_step_201509"",""one_step_201510"",""one_step_201511"",""one_step_201512"",""one_step_201601"",""one_step_201602"",""one_step_201603"",""one_step_201604"",""one_step_201605"",""one_step_201606"",""one_step_201607"",""one_step_201608"",""one_step_201609"",""one_step_201610"",""one_step_201611"",""one_step_201612"",""one_step_201701"",""one_step_201702"",""one_step_201703"",""one_step_201704"",""one_step_201705"",""one_step_201706"",""one_step_201707"",""one_step_201708"",""one_step_201709"",""one_step_201710"",""one_step_201711"",""one_step_201712"",""one_step_201801"",""one_step_201802"",""one_step_201803"",""one_step_201804"",""one_step_201805"",""one_step_201806"",""one_step_201807"",""one_step_201808"",""one_step_201809"",""one_step_201810"",""one_step_201811"",""one_step_201812"",""one_step_201901"",""one_step_201902"",""one_step_201903"",""one_step_201904"",""one_step_201905"",""one_step_201906"",""one_step_201907"",""one_step_201908"",""one_step_201909"",""one_step_201910"",""one_step_201911"",""one_step_201912"",""one_step_202001"",""one_step_202002"",""one_step_202003"",""one_step_202004"",""one_step_202005"",""one_step_202006"",""one_step_202007"",""one_step_202008"",""one_step_202009"",""one_step_202010"",""one_step_202011"",""one_step_202012"",""one_step_202101"",""one_step_202102"",""one_step_202103"",""one_step_202104"",""one_step_202105"",""one_step_202106"",""one_step_202107"",""one_step_202108"",""one_step_202109"",""one_step_202110"",""one_step_202111"",""one_step_202112"",""one_step_202201"",""one_step_202202"",""one_step_202203"",""one_step_202204"",""one_step_202205"",""one_step_202206"",""one_step_202207"",""one_step_202208"",""one_step_202209"",""one_step_202210"",""one_step_202211"",""one_step_202212"",""one_step_202301"",""one_step_202302"",""one_step_202303"",""one_step_202304"",""one_step_202305"",""one_step_202306"",""one_step_202307"",""one_step_202308"",""one_step_202309"",""one_step_202310"",""one_step_202311"",""one_step_202312"",""one_step_202401"",""one_step_202402"",""one_step_202403"",""one_step_202404"",""one_step_202405"",""one_step_202406"",""one_step_202407"",""one_step_202408"",""one_step_202409"",""one_step_202410"",""one_step_202411"",""one_step_202412"",""one_step_202501"",""one_step_202502"",""one_step_202503"",""one_step_202504"",""one_step_202505"",""one_step_202506"",""one_step_202507"",""one_step_202508"",""one_step_202509"",""one_step_202510"",""one_step_202511"",""one_step_202512""]",1,one_step_ex_ante,B0_target_history_calendar,"{""fourier_order"":2,""include_expanding_mean"":true,""include_rolling_median"":true,""include_rolling_std"":true,""rolling_windows"":[3,6,12,24],""seasonal_period"":12,""target_lags"":[1,2,3,6,12,13,18,24],""target_publication_delay_months"":3}",same_month_historical_mean,"{""fold_notes"":[""""]}",20250811,"{""numpy"":""1.26.4"",""pandas"":""2.2.3"",""python"":""3.11.9"",""scikit-learn"":""1.5.2"",""scipy"":""1.13.1"",""statsmodels"":""0.14.4"",""xgboost"":""2.1.2""}",results/runs/run_20260811T161321Z_ebb0c846/rolling_origin_fold_metrics.csv,"{""folds"":132,""macro_fold_full_bias"":-689168.2257990945,""macro_fold_full_interval_95_coverage"":0.6666666666666666,""macro_fold_full_interval_95_mean_width"":2496023.3632920976,""macro_fold_full_interval_95_winkler"":11241959.375502639,""macro_fold_full_mae"":1152276.1206510128,""macro_fold_full_mape"":37.098478814413674,""macro_fold_full_mase"":2.7717891470271465,""macro_fold_full_n"":0.9772727272727273,""macro_fold_full_r2"":NaN,""macro_fold_full_rmse"":1152276.1206510128,""macro_fold_full_rmsse"":1.7168229414464855,""macro_fold_full_smape"":34.4401613596487,""macro_fold_full_wape"":37.098478814413674,""macro_fold_paired_bias"":-749082.2153022477,""macro_fold_paired_interval_95_coverage"":0.6746031746031746,""macro_fold_paired_interval_95_mean_width"":2484299.4226632505,""macro_fold_paired_interval_95_winkler"":11012443.608289875,""macro_fold_paired_mae"":1136206.0441585765,""macro_fold_paired_mae_skill_vs_seasonal_naive"":-5.827250802080918,""macro_fold_paired_mape"":34.55719254755921,""macro_fold_paired_mase"":2.751225554586204,""macro_fold_paired_n"":0.9545454545454546,""macro_fold_paired_r2"":NaN,""macro_fold_paired_rmse"":1136206.0441585765,""macro_fold_paired_rmse_skill_vs_seasonal_naive"":-5.827250802080918,""macro_fold_paired_rmsse"":1.714540829140518,""macro_fold_paired_seasonal_naive_bias"":-247604.14285714287,""macro_fold_paired_seasonal_naive_mae"":848683.3174603175,""macro_fold_paired_seasonal_naive_mape"":33.468346152806916,""macro_fold_paired_seasonal_naive_mase"":2.3375794055533863,""macro_fold_paired_seasonal_naive_n"":0.9545454545454546,""macro_fold_paired_seasonal_naive_r2"":NaN,""macro_fold_paired_seasonal_naive_rmse"":848683.3174603175,""macro_fold_paired_seasonal_naive_rmsse"":1.4453717836270505,""macro_fold_paired_seasonal_naive_smape"":26.491223289597873,""macro_fold_paired_seasonal_naive_wape"":33.46834615280691,""macro_fold_paired_smape"":33.340362036615325,""macro_fold_paired_wape"":34.55719254755921,""macro_fold_target_publication_delay_months"":3.0,""pooled_full_bias"":-689168.2257990945,""pooled_full_interval_95_coverage"":0.6666666666666666,""pooled_full_interval_95_mean_width"":2496023.3632920976,""pooled_full_interval_95_winkler"":11241959.375502639,""pooled_full_mae"":1152276.1206510128,""pooled_full_mape"":37.098478814413674,""pooled_full_n"":129.0,""pooled_full_r2"":0.5130323020164345,""pooled_full_rmse"":1410159.7825359257,""pooled_full_smape"":34.4401613596487,""pooled_full_wape"":30.405450856830196,""pooled_paired_bias"":-749082.2153022474,""pooled_paired_interval_95_coverage"":0.6746031746031746,""pooled_paired_interval_95_mean_width"":2484299.4226632505,""pooled_paired_interval_95_winkler"":11012443.608289877,""pooled_paired_mae"":1136206.0441585765,""pooled_paired_mae_skill_vs_seasonal_naive"":-0.33878682517133707,""pooled_paired_mape"":34.557192547559204,""pooled_paired_n"":126.0,""pooled_paired_r2"":0.5163549676098401,""pooled_paired_rmse"":1396647.8992252457,""pooled_paired_rmse_skill_vs_seasonal_naive"":-0.03970475109767779,""pooled_paired_seasonal_naive_bias"":-247604.14285714287,""pooled_paired_seasonal_naive_mae"":848683.3174603175,""pooled_paired_seasonal_naive_mape"":33.468346152806916,""pooled_paired_seasonal_naive_n"":126.0,""pooled_paired_seasonal_naive_r2"":0.5525889825989496,""pooled_paired_seasonal_naive_rmse"":1343312.0294494394,""pooled_paired_seasonal_naive_smape"":26.491223289597873,""pooled_paired_seasonal_naive_wape"":22.057117399152446,""pooled_paired_smape"":33.34036203661532,""pooled_paired_wape"":29.529778175242765,""run_id"":""run_20260811T161321Z_ebb0c846"",""runtime_seconds"":0.25938900001347065}",-0.33878682517133707,0.25938900001347065,"[{""path"":""results/runs/run_20260811T161321Z_ebb0c846/rolling_origin_fold_metrics.csv"",""sha256"":""be3441456a408edcb952a5e42c1e96662b871ca6342af57a3344d475dfc4b402""},{""path"":""results/runs/run_20260811T161321Z_ebb0c846/rolling_origin_leaderboard.csv"",""sha256"":""b5c4565b815b0a606a8382c68c866df53710769f27666668bdaf477745aee377""},{""path"":""results/runs/run_20260811T161321Z_ebb0c846/forecasts/rolling_origin_forecasts.csv"",""sha256"":""a3fe1a504c8b9254b3e972168c0b966a4f2daef7002bccc7e079832c8243dee8""}]",run_id=run_20260811T161321Z_ebb0c846; git_sha=7a5aa556a1f28b75d4fbb5f275bf6f48b6ba0a28; all outer folds retained; no random split or final-test tuning,
exp_20260811T161328Z_0762eba4,2026-08-11T16:13:28.898911+00:00,7a5aa556a1f28b75d4fbb5f275bf6f48b6ba0a28,"{""available"":true,""diff_sha256"":""e3b0c44298fc1c149afbf4c8996fb92427ae41e4649b934ca495991b7852b855"",""dirty"":false,""untracked_source_files"":[]}",run_20260811T161321Z_ebb0c846,af64bb4a373eba3bff2376c6f436e514249396db1d5c278111bb73f030c2b1cf,a7885fb0e1ed5de7d64ae180733effc0baebad1e4842ef6bca467466b5b538e5,departing_visitors_total_original_with_missing,2008-01..2025-11,"[""one_step_201501"",""one_step_201502"",""one_step_201503"",""one_step_201504"",""one_step_201505"",""one_step_201506"",""one_step_201507"",""one_step_201508"",""one_step_201509"",""one_step_201510"",""one_step_201511"",""one_step_201512"",""one_step_201601"",""one_step_201602"",""one_step_201603"",""one_step_201604"",""one_step_201605"",""one_step_201606"",""one_step_201607"",""one_step_201608"",""one_step_201609"",""one_step_201610"",""one_step_201611"",""one_step_201612"",""one_step_201701"",""one_step_201702"",""one_step_201703"",""one_step_201704"",""one_step_201705"",""one_step_201706"",""one_step_201707"",""one_step_201708"",""one_step_201709"",""one_step_201710"",""one_step_201711"",""one_step_201712"",""one_step_201801"",""one_step_201802"",""one_step_201803"",""one_step_201804"",""one_step_201805"",""one_step_201806"",""one_step_201807"",""one_step_201808"",""one_step_201809"",""one_step_201810"",""one_step_201811"",""one_step_201812"",""one_step_201901"",""one_step_201902"",""one_step_201903"",""one_step_201904"",""one_step_201905"",""one_step_201906"",""one_step_201907"",""one_step_201908"",""one_step_201909"",""one_step_201910"",""one_step_201911"",""one_step_201912"",""one_step_202001"",""one_step_202002"",""one_step_202003"",""one_step_202004"",""one_step_202005"",""one_step_202006"",""one_step_202007"",""one_step_202008"",""one_step_202009"",""one_step_202010"",""one_step_202011"",""one_step_202012"",""one_step_202101"",""one_step_202102"",""one_step_202103"",""one_step_202104"",""one_step_202105"",""one_step_202106"",""one_step_202107"",""one_step_202108"",""one_step_202109"",""one_step_202110"",""one_step_202111"",""one_step_202112"",""one_step_202201"",""one_step_202202"",""one_step_202203"",""one_step_202204"",""one_step_202205"",""one_step_202206"",""one_step_202207"",""one_step_202208"",""one_step_202209"",""one_step_202210"",""one_step_202211"",""one_step_202212"",""one_step_202301"",""one_step_202302"",""one_step_202303"",""one_step_202304"",""one_step_202305"",""one_step_202306"",""one_step_202307"",""one_step_202308"",""one_step_202309"",""one_step_202310"",""one_step_202311"",""one_step_202312"",""one_step_202401"",""one_step_202402"",""one_step_202403"",""one_step_202404"",""one_step_202405"",""one_step_202406"",""one_step_202407"",""one_step_202408"",""one_step_202409"",""one_step_202410"",""one_step_202411"",""one_step_202412"",""one_step_202501"",""one_step_202502"",""one_step_202503"",""one_step_202504"",""one_step_202505"",""one_step_202506"",""one_step_202507"",""one_step_202508"",""one_step_202509"",""one_step_202510"",""one_step_202511"",""one_step_202512""]",1,one_step_ex_ante,B0_target_history_calendar,"{""fourier_order"":2,""include_expanding_mean"":true,""include_rolling_median"":true,""include_rolling_std"":true,""rolling_windows"":[3,6,12,24],""seasonal_period"":12,""target_lags"":[1,2,3,6,12,13,18,24],""target_publication_delay_months"":3}",seasonal_moving_average_3,"{""fold_notes"":[""""]}",20250811,"{""numpy"":""1.26.4"",""pandas"":""2.2.3"",""python"":""3.11.9"",""scikit-learn"":""1.5.2"",""scipy"":""1.13.1"",""statsmodels"":""0.14.4"",""xgboost"":""2.1.2""}",results/runs/run_20260811T161321Z_ebb0c846/rolling_origin_fold_metrics.csv,"{""folds"":132,""macro_fold_full_bias"":-347654.9173126615,""macro_fold_full_interval_95_coverage"":0.7364341085271318,""macro_fold_full_interval_95_mean_width"":2732226.379750065,""macro_fold_full_interval_95_winkler"":11742340.624422021,""macro_fold_full_mae"":1001734.9793281653,""macro_fold_full_mape"":36.83046851319508,""macro_fold_full_mase"":2.5202375009922795,""macro_fold_full_n"":0.9772727272727273,""macro_fold_full_r2"":NaN,""macro_fold_full_rmse"":1001734.9793281653,""macro_fold_full_rmsse"":1.5640148780268457,""macro_fold_full_smape"":28.989870782522768,""macro_fold_full_wape"":36.83046851319508,""macro_fold_paired_bias"":-410152.24338624335,""macro_fold_paired_interval_95_coverage"":0.746031746031746,""macro_fold_paired_interval_95_mean_width"":2710124.56929539,""macro_fold_paired_interval_95_winkler"":11447061.778929934,""macro_fold_paired_mae"":971365.9841269841,""macro_fold_paired_mae_skill_vs_seasonal_naive"":-2.253432968396179,""macro_fold_paired_mape"":33.46369590136418,""macro_fold_paired_mase"":2.4723175345756467,""macro_fold_paired_n"":0.9545454545454546,""macro_fold_paired_r2"":NaN,""macro_fold_paired_rmse"":971365.9841269841,""macro_fold_paired_rmse_skill_vs_seasonal_naive"":-2.253432968396179,""macro_fold_paired_rmsse"":1.5474555928405855,""macro_fold_paired_seasonal_naive_bias"":-247604.14285714287,""macro_fold_paired_seasonal_naive_mae"":848683.3174603175,""macro_fold_paired_seasonal_naive_mape"":33.468346152806916,""macro_fold_paired_seasonal_naive_mase"":2.3375794055533863,""macro_fold_paired_seasonal_naive_n"":0.9545454545454546,""macro_fold_paired_seasonal_naive_r2"":NaN,""macro_fold_paired_seasonal_naive_rmse"":848683.3174603175,""macro_fold_paired_seasonal_naive_rmsse"":1.4453717836270505,""macro_fold_paired_seasonal_naive_smape"":26.491223289597873,""macro_fold_paired_seasonal_naive_wape"":33.46834615280691,""macro_fold_paired_smape"":27.491663743511157,""macro_fold_paired_wape"":33.46369590136418,""macro_fold_target_publication_delay_months"":3.0,""pooled_full_bias"":-347654.9173126615,""pooled_full_interval_95_coverage"":0.7364341085271318,""pooled_full_interval_95_mean_width"":2732226.379750065,""pooled_full_interval_95_winkler"":11742340.624422021,""pooled_full_mae"":1001734.9793281654,""pooled_full_mape"":36.83046851319507,""pooled_full_n"":129.0,""pooled_full_r2"":0.5506908737132497,""pooled_full_rmse"":1354536.984142238,""pooled_full_smape"":28.989870782522768,""pooled_full_wape"":26.433077228331413,""pooled_paired_bias"":-410152.24338624335,""pooled_paired_interval_95_coverage"":0.746031746031746,""pooled_paired_interval_95_mean_width"":2710124.56929539,""pooled_paired_interval_95_winkler"":11447061.778929934,""pooled_paired_mae"":971365.9841269843,""pooled_paired_mae_skill_vs_seasonal_naive"":-0.1445564725294639,""pooled_paired_mape"":33.46369590136419,""pooled_paired_n"":126.0,""pooled_paired_r2"":0.5661375615184525,""pooled_paired_rmse"":1322816.4688461688,""pooled_paired_rmse_skill_vs_seasonal_naive"":0.0152574831118506,""pooled_paired_seasonal_naive_bias"":-247604.14285714287,""pooled_paired_seasonal_naive_mae"":848683.3174603175,""pooled_paired_seasonal_naive_mape"":33.468346152806916,""pooled_paired_seasonal_naive_n"":126.0,""pooled_paired_seasonal_naive_r2"":0.5525889825989496,""pooled_paired_seasonal_naive_rmse"":1343312.0294494394,""pooled_paired_seasonal_naive_smape"":26.491223289597873,""pooled_paired_seasonal_naive_wape"":22.057117399152446,""pooled_paired_smape"":27.491663743511165,""pooled_paired_wape"":25.24561648454219,""run_id"":""run_20260811T161321Z_ebb0c846"",""runtime_seconds"":3.131782600772567}",-0.1445564725294639,3.131782600772567,"[{""path"":""results/runs/run_20260811T161321Z_ebb0c846/rolling_origin_fold_metrics.csv"",""sha256"":""be3441456a408edcb952a5e42c1e96662b871ca6342af57a3344d475dfc4b402""},{""path"":""results/runs/run_20260811T161321Z_ebb0c846/rolling_origin_leaderboard.csv"",""sha256"":""b5c4565b815b0a606a8382c68c866df53710769f27666668bdaf477745aee377""},{""path"":""results/runs/run_20260811T161321Z_ebb0c846/forecasts/rolling_origin_forecasts.csv"",""sha256"":""a3fe1a504c8b9254b3e972168c0b966a4f2daef7002bccc7e079832c8243dee8""}]",run_id=run_20260811T161321Z_ebb0c846; git_sha=7a5aa556a1f28b75d4fbb5f275bf6f48b6ba0a28; all outer folds retained; no random split or final-test tuning,
exp_20260811T161329Z_de722b2b,2026-08-11T16:13:29.646325+00:00,7a5aa556a1f28b75d4fbb5f275bf6f48b6ba0a28,"{""available"":true,""diff_sha256"":""e3b0c44298fc1c149afbf4c8996fb92427ae41e4649b934ca495991b7852b855"",""dirty"":false,""untracked_source_files"":[]}",run_20260811T161321Z_ebb0c846,af64bb4a373eba3bff2376c6f436e514249396db1d5c278111bb73f030c2b1cf,a7885fb0e1ed5de7d64ae180733effc0baebad1e4842ef6bca467466b5b538e5,departing_visitors_total_original_with_missing,2008-01..2025-11,"[""one_step_201501"",""one_step_201502"",""one_step_201503"",""one_step_201504"",""one_step_201505"",""one_step_201506"",""one_step_201507"",""one_step_201508"",""one_step_201509"",""one_step_201510"",""one_step_201511"",""one_step_201512"",""one_step_201601"",""one_step_201602"",""one_step_201603"",""one_step_201604"",""one_step_201605"",""one_step_201606"",""one_step_201607"",""one_step_201608"",""one_step_201609"",""one_step_201610"",""one_step_201611"",""one_step_201612"",""one_step_201701"",""one_step_201702"",""one_step_201703"",""one_step_201704"",""one_step_201705"",""one_step_201706"",""one_step_201707"",""one_step_201708"",""one_step_201709"",""one_step_201710"",""one_step_201711"",""one_step_201712"",""one_step_201801"",""one_step_201802"",""one_step_201803"",""one_step_201804"",""one_step_201805"",""one_step_201806"",""one_step_201807"",""one_step_201808"",""one_step_201809"",""one_step_201810"",""one_step_201811"",""one_step_201812"",""one_step_201901"",""one_step_201902"",""one_step_201903"",""one_step_201904"",""one_step_201905"",""one_step_201906"",""one_step_201907"",""one_step_201908"",""one_step_201909"",""one_step_201910"",""one_step_201911"",""one_step_201912"",""one_step_202001"",""one_step_202002"",""one_step_202003"",""one_step_202004"",""one_step_202005"",""one_step_202006"",""one_step_202007"",""one_step_202008"",""one_step_202009"",""one_step_202010"",""one_step_202011"",""one_step_202012"",""one_step_202101"",""one_step_202102"",""one_step_202103"",""one_step_202104"",""one_step_202105"",""one_step_202106"",""one_step_202107"",""one_step_202108"",""one_step_202109"",""one_step_202110"",""one_step_202111"",""one_step_202112"",""one_step_202201"",""one_step_202202"",""one_step_202203"",""one_step_202204"",""one_step_202205"",""one_step_202206"",""one_step_202207"",""one_step_202208"",""one_step_202209"",""one_step_202210"",""one_step_202211"",""one_step_202212"",""one_step_202301"",""one_step_202302"",""one_step_202303"",""one_step_202304"",""one_step_202305"",""one_step_202306"",""one_step_202307"",""one_step_202308"",""one_step_202309"",""one_step_202310"",""one_step_202311"",""one_step_202312"",""one_step_202401"",""one_step_202402"",""one_step_202403"",""one_step_202404"",""one_step_202405"",""one_step_202406"",""one_step_202407"",""one_step_202408"",""one_step_202409"",""one_step_202410"",""one_step_202411"",""one_step_202412"",""one_step_202501"",""one_step_202502"",""one_step_202503"",""one_step_202504"",""one_step_202505"",""one_step_202506"",""one_step_202507"",""one_step_202508"",""one_step_202509"",""one_step_202510"",""one_step_202511"",""one_step_202512""]",1,one_step_ex_ante,B0_target_history_calendar,"{""fourier_order"":2,""include_expanding_mean"":true,""include_rolling_median"":true,""include_rolling_std"":true,""rolling_windows"":[3,6,12,24],""seasonal_period"":12,""target_lags"":[1,2,3,6,12,13,18,24],""target_publication_delay_months"":3}",seasonal_naive,"{""fold_notes"":[""""]}",20250811,"{""numpy"":""1.26.4"",""pandas"":""2.2.3"",""python"":""3.11.9"",""scikit-learn"":""1.5.2"",""scipy"":""1.13.1"",""statsmodels"":""0.14.4"",""xgboost"":""2.1.2""}",results/runs/run_20260811T161321Z_ebb0c846/rolling_origin_fold_metrics.csv,"{""folds"":132,""macro_fold_full_bias"":-247604.14285714287,""macro_fold_full_interval_95_coverage"":0.7936507936507936,""macro_fold_full_interval_95_mean_width"":2817951.9938627547,""macro_fold_full_interval_95_winkler"":12262056.41989007,""macro_fold_full_mae"":848683.3174603175,""macro_fold_full_mape"":33.468346152806916,""macro_fold_full_mase"":2.3375794055533863,""macro_fold_full_n"":0.9545454545454546,""macro_fold_full_r2"":NaN,""macro_fold_full_rmse"":848683.3174603175,""macro_fold_full_rmsse"":1.4453717836270505,""macro_fold_full_smape"":26.491223289597873,""macro_fold_full_wape"":33.46834615280691,""macro_fold_paired_bias"":-247604.14285714287,""macro_fold_paired_interval_95_coverage"":0.7936507936507936,""macro_fold_paired_interval_95_mean_width"":2817951.9938627547,""macro_fold_paired_interval_95_winkler"":12262056.41989007,""macro_fold_paired_mae"":848683.3174603175,""macro_fold_paired_mae_skill_vs_seasonal_naive"":0.0,""macro_fold_paired_mape"":33.468346152806916,""macro_fold_paired_mase"":2.3375794055533863,""macro_fold_paired_n"":0.9545454545454546,""macro_fold_paired_r2"":NaN,""macro_fold_paired_rmse"":848683.3174603175,""macro_fold_paired_rmse_skill_vs_seasonal_naive"":0.0,""macro_fold_paired_rmsse"":1.4453717836270505,""macro_fold_paired_seasonal_naive_bias"":-247604.14285714287,""macro_fold_paired_seasonal_naive_mae"":848683.3174603175,""macro_fold_paired_seasonal_naive_mape"":33.468346152806916,""macro_fold_paired_seasonal_naive_mase"":2.3375794055533863,""macro_fold_paired_seasonal_naive_n"":0.9545454545454546,""macro_fold_paired_seasonal_naive_r2"":NaN,""macro_fold_paired_seasonal_naive_rmse"":848683.3174603175,""macro_fold_paired_seasonal_naive_rmsse"":1.4453717836270505,""macro_fold_paired_seasonal_naive_smape"":26.491223289597873,""macro_fold_paired_seasonal_naive_wape"":33.46834615280691,""macro_fold_paired_smape"":26.491223289597873,""macro_fold_paired_wape"":33.46834615280691,""macro_fold_target_publication_delay_months"":3.0,""pooled_full_bias"":-247604.14285714287,""pooled_full_interval_95_coverage"":0.7936507936507936,""pooled_full_interval_95_mean_width"":2817951.9938627547,""pooled_full_interval_95_winkler"":12262056.41989007,""pooled_full_mae"":848683.3174603175,""pooled_full_mape"":33.468346152806916,""pooled_full_n"":126.0,""pooled_full_r2"":0.5525889825989496,""pooled_full_rmse"":1343312.0294494394,""pooled_full_smape"":26.491223289597873,""pooled_full_wape"":22.057117399152446,""pooled_paired_bias"":-247604.14285714287,""pooled_paired_interval_95_coverage"":0.7936507936507936,""pooled_paired_interval_95_mean_width"":2817951.9938627547,""pooled_paired_interval_95_winkler"":12262056.41989007,""pooled_paired_mae"":848683.3174603175,""pooled_paired_mae_skill_vs_seasonal_naive"":0.0,""pooled_paired_mape"":33.468346152806916,""pooled_paired_n"":126.0,""pooled_paired_r2"":0.5525889825989496,""pooled_paired_rmse"":1343312.0294494394,""pooled_paired_rmse_skill_vs_seasonal_naive"":0.0,""pooled_paired_seasonal_naive_bias"":-247604.14285714287,""pooled_paired_seasonal_naive_mae"":848683.3174603175,""pooled_paired_seasonal_naive_mape"":33.468346152806916,""pooled_paired_seasonal_naive_n"":126.0,""pooled_paired_seasonal_naive_r2"":0.5525889825989496,""pooled_paired_seasonal_naive_rmse"":1343312.0294494394,""pooled_paired_seasonal_naive_smape"":26.491223289597873,""pooled_paired_seasonal_naive_wape"":22.057117399152446,""pooled_paired_smape"":26.491223289597873,""pooled_paired_wape"":22.057117399152446,""run_id"":""run_20260811T161321Z_ebb0c846"",""runtime_seconds"":0.20962320023681968}",0.0,0.20962320023681968,"[{""path"":""results/runs/run_20260811T161321Z_ebb0c846/rolling_origin_fold_metrics.csv"",""sha256"":""be3441456a408edcb952a5e42c1e96662b871ca6342af57a3344d475dfc4b402""},{""path"":""results/runs/run_20260811T161321Z_ebb0c846/rolling_origin_leaderboard.csv"",""sha256"":""b5c4565b815b0a606a8382c68c866df53710769f27666668bdaf477745aee377""},{""path"":""results/runs/run_20260811T161321Z_ebb0c846/forecasts/rolling_origin_forecasts.csv"",""sha256"":""a3fe1a504c8b9254b3e972168c0b966a4f2daef7002bccc7e079832c8243dee8""}]",run_id=run_20260811T161321Z_ebb0c846; git_sha=7a5aa556a1f28b75d4fbb5f275bf6f48b6ba0a28; all outer folds retained; no random split or final-test tuning,
exp_20260811T161528Z_dd6d9334,2026-08-11T16:15:28.698749+00:00,874c3c08b750195a5678845670e6e544784b2d50,"{""available"":true,""diff_sha256"":""e3b0c44298fc1c149afbf4c8996fb92427ae41e4649b934ca495991b7852b855"",""dirty"":false,""untracked_source_files"":[]}",run_20260811T161528Z_d6188a84,af64bb4a373eba3bff2376c6f436e514249396db1d5c278111bb73f030c2b1cf,a7885fb0e1ed5de7d64ae180733effc0baebad1e4842ef6bca467466b5b538e5,departing_visitors_total_original_with_missing,2008-01..2024-12,"[""fixed_12m_2015"",""fixed_12m_2016"",""fixed_12m_2017"",""fixed_12m_2018"",""fixed_12m_2019"",""fixed_12m_2020"",""fixed_12m_2021"",""fixed_12m_2022"",""fixed_12m_2023"",""fixed_12m_2024"",""fixed_12m_2025""]",1..12,fixed_origin_12m_ex_ante,B0_target_history_calendar,"{""fourier_order"":2,""include_expanding_mean"":true,""include_rolling_median"":true,""include_rolling_std"":true,""rolling_windows"":[3,6,12,24],""seasonal_period"":12,""target_lags"":[1,2,3,6,12,13,18,24],""target_publication_delay_months"":3}",drift,"{""fold_notes"":[""""]}",20250811,"{""numpy"":""1.26.4"",""pandas"":""2.2.3"",""python"":""3.11.9"",""scikit-learn"":""1.5.2"",""scipy"":""1.13.1"",""statsmodels"":""0.14.4"",""xgboost"":""2.1.2""}",results/runs/run_20260811T161528Z_d6188a84/rolling_origin_fold_metrics.csv,"{""folds"":11,""macro_fold_full_bias"":2104526.4862417835,""macro_fold_full_interval_95_coverage"":1.0,""macro_fold_full_interval_95_mean_width"":21924259.925203245,""macro_fold_full_interval_95_winkler"":21924259.925203245,""macro_fold_full_mae"":2535324.728598569,""macro_fold_full_mape"":115.69822281251523,""macro_fold_full_mase"":7.990555809788041,""macro_fold_full_n"":11.727272727272727,""macro_fold_full_r2"":-7.253601789626418,""macro_fold_full_rmse"":2834758.416357718,""macro_fold_full_rmsse"":5.786338212610734,""macro_fold_full_smape"":59.47545299289921,""macro_fold_full_wape"":82.96706698860612,""macro_fold_paired_bias"":2104526.4862417835,""macro_fold_paired_interval_95_coverage"":1.0,""macro_fold_paired_interval_95_mean_width"":21924259.925203245,""macro_fold_paired_interval_95_winkler"":21924259.925203245,""macro_fold_paired_mae"":2535324.728598569,""macro_fold_paired_mae_skill_vs_seasonal_naive"":-4.113011030647605,""macro_fold_paired_mape"":115.69822281251523,""macro_fold_paired_mase"":7.990555809788041,""macro_fold_paired_n"":11.727272727272727,""macro_fold_paired_r2"":-7.253601789626418,""macro_fold_paired_rmse"":2834758.416357718,""macro_fold_paired_rmse_skill_vs_seasonal_naive"":-3.828945142329309,""macro_fold_paired_rmsse"":5.786338212610734,""macro_fold_paired_seasonal_naive_bias"":-161317.6287878788,""macro_fold_paired_seasonal_naive_mae"":993304.1338383838,""macro_fold_paired_seasonal_naive_mape"":42.23096293998277,""macro_fold_paired_seasonal_naive_mase"":2.7225891601690013,""macro_fold_paired_seasonal_naive_n"":11.727272727272727,""macro_fold_paired_seasonal_naive_r2"":-1.5894142697951255,""macro_fold_paired_seasonal_naive_rmse"":1197335.7019372177,""macro_fold_paired_seasonal_naive_rmsse"":2.0595948409468345,""macro_fold_paired_seasonal_naive_smape"":31.033470831327975,""macro_fold_paired_seasonal_naive_wape"":35.18988122179591,""macro_fold_paired_smape"":59.47545299289921,""macro_fold_paired_wape"":82.96706698860612,""macro_fold_target_publication_delay_months"":3.0,""pooled_full_bias"":2028327.495888603,""pooled_full_interval_95_coverage"":1.0,""pooled_full_interval_95_mean_width"":21881866.54679338,""pooled_full_interval_95_winkler"":21881866.546793375,""pooled_full_mae"":2469144.3020211267,""pooled_full_mape"":109.24706628675568,""pooled_full_n"":129.0,""pooled_full_r2"":-1.084947884152804,""pooled_full_rmse"":2917869.398548647,""pooled_full_smape"":58.00192102103627,""pooled_full_wape"":65.1540411087488,""pooled_paired_bias"":2028327.495888603,""pooled_paired_interval_95_coverage"":1.0,""pooled_paired_interval_95_mean_width"":21881866.54679338,""pooled_paired_interval_95_winkler"":21881866.546793375,""pooled_paired_mae"":2469144.3020211267,""pooled_paired_mae_skill_vs_seasonal_naive"":-1.579479330841869,""pooled_paired_mape"":109.24706628675568,""pooled_paired_n"":129.0,""pooled_paired_r2"":-1.084947884152804,""pooled_paired_rmse"":2917869.398548647,""pooled_paired_rmse_skill_vs_seasonal_naive"":-1.0146956803898517,""pooled_paired_seasonal_naive_bias"":-222128.19379844962,""pooled_paired_seasonal_naive_mae"":957225.8527131783,""pooled_paired_seasonal_naive_mape"":38.862647571911005,""pooled_paired_seasonal_naive_n"":129.0,""pooled_paired_seasonal_naive_r2"":0.48633935456232924,""pooled_paired_seasonal_naive_rmse"":1448292.8746757563,""pooled_paired_seasonal_naive_smape"":30.005784616910894,""pooled_paired_seasonal_naive_wape"":25.2586017378493,""pooled_paired_smape"":58.00192102103627,""pooled_paired_wape"":65.1540411087488,""run_id"":""run_20260811T161528Z_d6188a84"",""runtime_seconds"":0.01675099995918572}",-1.579479330841869,0.01675099995918572,"[{""path"":""results/runs/run_20260811T161528Z_d6188a84/rolling_origin_fold_metrics.csv"",""sha256"":""78c5d9a7bf44197196bef1560d6b099551fea00b610731d58f7d086b88888398""},{""path"":""results/runs/run_20260811T161528Z_d6188a84/rolling_origin_leaderboard.csv"",""sha256"":""bb6c4e3dd3a9abaf22a39271c8f29a7ef015d557207d04d094f6cb1e7aa15b17""},{""path"":""results/runs/run_20260811T161528Z_d6188a84/forecasts/rolling_origin_forecasts.csv"",""sha256"":""b54f7c007431054464965a06aac6196abc6ae4fbb66adfa33cef9d0e0cf209a1""}]",run_id=run_20260811T161528Z_d6188a84; git_sha=874c3c08b750195a5678845670e6e544784b2d50; all outer folds retained; no random split or final-test tuning,
exp_20260811T161528Z_1ccd1cbc,2026-08-11T16:15:28.977137+00:00,874c3c08b750195a5678845670e6e544784b2d50,"{""available"":true,""diff_sha256"":""e3b0c44298fc1c149afbf4c8996fb92427ae41e4649b934ca495991b7852b855"",""dirty"":false,""untracked_source_files"":[]}",run_20260811T161528Z_d6188a84,af64bb4a373eba3bff2376c6f436e514249396db1d5c278111bb73f030c2b1cf,a7885fb0e1ed5de7d64ae180733effc0baebad1e4842ef6bca467466b5b538e5,departing_visitors_total_original_with_missing,2008-01..2024-12,"[""fixed_12m_2015"",""fixed_12m_2016"",""fixed_12m_2017"",""fixed_12m_2018"",""fixed_12m_2019"",""fixed_12m_2020"",""fixed_12m_2021"",""fixed_12m_2022"",""fixed_12m_2023"",""fixed_12m_2024"",""fixed_12m_2025""]",1..12,fixed_origin_12m_ex_ante,B0_target_history_calendar,"{""fourier_order"":2,""include_expanding_mean"":true,""include_rolling_median"":true,""include_rolling_std"":true,""rolling_windows"":[3,6,12,24],""seasonal_period"":12,""target_lags"":[1,2,3,6,12,13,18,24],""target_publication_delay_months"":3}",dynamic_harmonic_arima_k2,"{""fold_notes"":[""""]}",20250811,"{""numpy"":""1.26.4"",""pandas"":""2.2.3"",""python"":""3.11.9"",""scikit-learn"":""1.5.2"",""scipy"":""1.13.1"",""statsmodels"":""0.14.4"",""xgboost"":""2.1.2""}",results/runs/run_20260811T161528Z_d6188a84/rolling_origin_fold_metrics.csv,"{""folds"":11,""macro_fold_full_bias"":96138.05265668673,""macro_fold_full_interval_95_coverage"":0.6767676767676768,""macro_fold_full_interval_95_mean_width"":3143352.0769099686,""macro_fold_full_interval_95_winkler"":15769016.7351141,""macro_fold_full_mae"":1133216.2887900923,""macro_fold_full_mape"":53.62810269429724,""macro_fold_full_mase"":3.377900269791807,""macro_fold_full_n"":11.727272727272727,""macro_fold_full_r2"":-2.3154906969839386,""macro_fold_full_rmse"":1266078.4828525723,""macro_fold_full_rmsse"":2.3837908140245987,""macro_fold_full_smape"":41.82524038501926,""macro_fold_full_wape"":42.38675439957287,""macro_fold_paired_bias"":96138.05265668673,""macro_fold_paired_interval_95_coverage"":0.6767676767676768,""macro_fold_paired_interval_95_mean_width"":3143352.0769099686,""macro_fold_paired_interval_95_winkler"":15769016.7351141,""macro_fold_paired_mae"":1133216.2887900923,""macro_fold_paired_mae_skill_vs_seasonal_naive"":-0.46829373466202856,""macro_fold_paired_mape"":53.62810269429724,""macro_fold_paired_mase"":3.377900269791807,""macro_fold_paired_n"":11.727272727272727,""macro_fold_paired_r2"":-2.3154906969839386,""macro_fold_paired_rmse"":1266078.4828525723,""macro_fold_paired_rmse_skill_vs_seasonal_naive"":-0.3435843416684728,""macro_fold_paired_rmsse"":2.3837908140245987,""macro_fold_paired_seasonal_naive_bias"":-161317.6287878788,""macro_fold_paired_seasonal_naive_mae"":993304.1338383838,""macro_fold_paired_seasonal_naive_mape"":42.23096293998277,""macro_fold_paired_seasonal_naive_mase"":2.7225891601690013,""macro_fold_paired_seasonal_naive_n"":11.727272727272727,""macro_fold_paired_seasonal_naive_r2"":-1.5894142697951255,""macro_fold_paired_seasonal_naive_rmse"":1197335.7019372177,""macro_fold_paired_seasonal_naive_rmsse"":2.0595948409468345,""macro_fold_paired_seasonal_naive_smape"":31.033470831327975,""macro_fold_paired_seasonal_naive_wape"":35.18988122179591,""macro_fold_paired_smape"":41.82524038501926,""macro_fold_paired_wape"":42.38675439957287,""macro_fold_target_publication_delay_months"":3.0,""pooled_full_bias"":18478.189293418298,""pooled_full_interval_95_coverage"":0.689922480620155,""pooled_full_interval_95_mean_width"":3159740.6040288853,""pooled_full_interval_95_winkler"":13996601.822048923,""pooled_full_mae"":1079674.5239415544,""pooled_full_mape"":48.936375230734754,""pooled_full_n"":129.0,""pooled_full_r2"":0.44872158293721587,""pooled_full_rmse"":1500388.5540441875,""pooled_full_smape"":40.54320524473706,""pooled_full_wape"":28.48969104777535,""pooled_paired_bias"":18478.189293418298,""pooled_paired_interval_95_coverage"":0.689922480620155,""pooled_paired_interval_95_mean_width"":3159740.6040288853,""pooled_paired_interval_95_winkler"":13996601.822048923,""pooled_paired_mae"":1079674.5239415544,""pooled_paired_mae_skill_vs_seasonal_naive"":-0.12792035534905932,""pooled_paired_mape"":48.936375230734754,""pooled_paired_n"":129.0,""pooled_paired_r2"":0.44872158293721587,""pooled_paired_rmse"":1500388.5540441875,""pooled_paired_rmse_skill_vs_seasonal_naive"":-0.03597040369344806,""pooled_paired_seasonal_naive_bias"":-222128.19379844962,""pooled_paired_seasonal_naive_mae"":957225.8527131783,""pooled_paired_seasonal_naive_mape"":38.862647571911005,""pooled_paired_seasonal_naive_n"":129.0,""pooled_paired_seasonal_naive_r2"":0.48633935456232924,""pooled_paired_seasonal_naive_rmse"":1448292.8746757563,""pooled_paired_seasonal_naive_smape"":30.005784616910894,""pooled_paired_seasonal_naive_wape"":25.2586017378493,""pooled_paired_smape"":40.54320524473706,""pooled_paired_wape"":28.48969104777535,""run_id"":""run_20260811T161528Z_d6188a84"",""runtime_seconds"":0.32138269988354295}",-0.12792035534905932,0.32138269988354295,"[{""path"":""results/runs/run_20260811T161528Z_d6188a84/rolling_origin_fold_metrics.csv"",""sha256"":""78c5d9a7bf44197196bef1560d6b099551fea00b610731d58f7d086b88888398""},{""path"":""results/runs/run_20260811T161528Z_d6188a84/rolling_origin_leaderboard.csv"",""sha256"":""bb6c4e3dd3a9abaf22a39271c8f29a7ef015d557207d04d094f6cb1e7aa15b17""},{""path"":""results/runs/run_20260811T161528Z_d6188a84/forecasts/rolling_origin_forecasts.csv"",""sha256"":""b54f7c007431054464965a06aac6196abc6ae4fbb66adfa33cef9d0e0cf209a1""}]",run_id=run_20260811T161528Z_d6188a84; git_sha=874c3c08b750195a5678845670e6e544784b2d50; all outer folds retained; no random split or final-test tuning,
exp_20260811T161529Z_998d633b,2026-08-11T16:15:29.255938+00:00,874c3c08b750195a5678845670e6e544784b2d50,"{""available"":true,""diff_sha256"":""e3b0c44298fc1c149afbf4c8996fb92427ae41e4649b934ca495991b7852b855"",""dirty"":false,""untracked_source_files"":[]}",run_20260811T161528Z_d6188a84,af64bb4a373eba3bff2376c6f436e514249396db1d5c278111bb73f030c2b1cf,a7885fb0e1ed5de7d64ae180733effc0baebad1e4842ef6bca467466b5b538e5,departing_visitors_total_original_with_missing,2008-01..2024-12,"[""fixed_12m_2015"",""fixed_12m_2016"",""fixed_12m_2017"",""fixed_12m_2018"",""fixed_12m_2019"",""fixed_12m_2020"",""fixed_12m_2021"",""fixed_12m_2022"",""fixed_12m_2023"",""fixed_12m_2024"",""fixed_12m_2025""]",1..12,fixed_origin_12m_ex_ante,B0_target_history_calendar,"{""fourier_order"":2,""include_expanding_mean"":true,""include_rolling_median"":true,""include_rolling_std"":true,""rolling_windows"":[3,6,12,24],""seasonal_period"":12,""target_lags"":[1,2,3,6,12,13,18,24],""target_publication_delay_months"":3}",ets_holt_winters,"{""fold_notes"":[""model-internal seasonal fill for missing training targets""]}",20250811,"{""numpy"":""1.26.4"",""pandas"":""2.2.3"",""python"":""3.11.9"",""scikit-learn"":""1.5.2"",""scipy"":""1.13.1"",""statsmodels"":""0.14.4"",""xgboost"":""2.1.2""}",results/runs/run_20260811T161528Z_d6188a84/rolling_origin_fold_metrics.csv,"{""folds"":11,""macro_fold_full_bias"":-214922.15967433577,""macro_fold_full_interval_95_coverage"":0.8207070707070708,""macro_fold_full_interval_95_mean_width"":3310576.344855694,""macro_fold_full_interval_95_winkler"":8858401.357516386,""macro_fold_full_mae"":1047787.0564090476,""macro_fold_full_mape"":41.13666775288242,""macro_fold_full_mase"":2.7024413751794047,""macro_fold_full_n"":11.727272727272727,""macro_fold_full_r2"":-0.7845997711706532,""macro_fold_full_rmse"":1216954.0396659141,""macro_fold_full_rmsse"":1.9808218580244925,""macro_fold_full_smape"":30.928703194074117,""macro_fold_full_wape"":33.58963367347992,""macro_fold_paired_bias"":-214922.15967433577,""macro_fold_paired_interval_95_coverage"":0.8207070707070708,""macro_fold_paired_interval_95_mean_width"":3310576.344855694,""macro_fold_paired_interval_95_winkler"":8858401.357516386,""macro_fold_paired_mae"":1047787.0564090476,""macro_fold_paired_mae_skill_vs_seasonal_naive"":-0.3443280708048105,""macro_fold_paired_mape"":41.13666775288242,""macro_fold_paired_mase"":2.7024413751794047,""macro_fold_paired_n"":11.727272727272727,""macro_fold_paired_r2"":-0.7845997711706532,""macro_fold_paired_rmse"":1216954.0396659141,""macro_fold_paired_rmse_skill_vs_seasonal_naive"":-0.2645242793444733,""macro_fold_paired_rmsse"":1.9808218580244925,""macro_fold_paired_seasonal_naive_bias"":-161317.6287878788,""macro_fold_paired_seasonal_naive_mae"":993304.1338383838,""macro_fold_paired_seasonal_naive_mape"":42.23096293998277,""macro_fold_paired_seasonal_naive_mase"":2.7225891601690013,""macro_fold_paired_seasonal_naive_n"":11.727272727272727,""macro_fold_paired_seasonal_naive_r2"":-1.5894142697951255,""macro_fold_paired_seasonal_naive_rmse"":1197335.7019372177,""macro_fold_paired_seasonal_naive_rmsse"":2.0595948409468345,""macro_fold_paired_seasonal_naive_smape"":31.033470831327975,""macro_fold_paired_seasonal_naive_wape"":35.18988122179591,""macro_fold_paired_smape"":30.928703194074117,""macro_fold_paired_wape"":33.58963367347992,""macro_fold_target_publication_delay_months"":3.0,""pooled_full_bias"":-265797.19589101133,""pooled_full_interval_95_coverage"":0.8294573643410853,""pooled_full_interval_95_mean_width"":3328363.3899095817,""pooled_full_interval_95_winkler"":8094284.746631459,""pooled_full_mae"":1024527.5600381416,""pooled_full_mape"":38.46906159889707,""pooled_full_n"":129.0,""pooled_full_r2"":0.5514409359644015,""pooled_full_rmse"":1353405.9015885205,""pooled_full_smape"":30.044533582600828,""pooled_full_wape"":27.0345117979257,""pooled_paired_bias"":-265797.19589101133,""pooled_paired_interval_95_coverage"":0.8294573643410853,""pooled_paired_interval_95_mean_width"":3328363.3899095817,""pooled_paired_interval_95_winkler"":8094284.746631459,""pooled_paired_mae"":1024527.5600381416,""pooled_paired_mae_skill_vs_seasonal_naive"":-0.07030911997853173,""pooled_paired_mape"":38.46906159889707,""pooled_paired_n"":129.0,""pooled_paired_r2"":0.5514409359644015,""pooled_paired_rmse"":1353405.9015885205,""pooled_paired_rmse_skill_vs_seasonal_naive"":0.06551642609474218,""pooled_paired_seasonal_naive_bias"":-222128.19379844962,""pooled_paired_seasonal_naive_mae"":957225.8527131783,""pooled_paired_seasonal_naive_mape"":38.862647571911005,""pooled_paired_seasonal_naive_n"":129.0,""pooled_paired_seasonal_naive_r2"":0.48633935456232924,""pooled_paired_seasonal_naive_rmse"":1448292.8746757563,""pooled_paired_seasonal_naive_smape"":30.005784616910894,""pooled_paired_seasonal_naive_wape"":25.2586017378493,""pooled_paired_smape"":30.044533582600828,""pooled_paired_wape"":27.0345117979257,""run_id"":""run_20260811T161528Z_d6188a84"",""runtime_seconds"":0.6671949999872595}",-0.07030911997853173,0.6671949999872595,"[{""path"":""results/runs/run_20260811T161528Z_d6188a84/rolling_origin_fold_metrics.csv"",""sha256"":""78c5d9a7bf44197196bef1560d6b099551fea00b610731d58f7d086b88888398""},{""path"":""results/runs/run_20260811T161528Z_d6188a84/rolling_origin_leaderboard.csv"",""sha256"":""bb6c4e3dd3a9abaf22a39271c8f29a7ef015d557207d04d094f6cb1e7aa15b17""},{""path"":""results/runs/run_20260811T161528Z_d6188a84/forecasts/rolling_origin_forecasts.csv"",""sha256"":""b54f7c007431054464965a06aac6196abc6ae4fbb66adfa33cef9d0e0cf209a1""}]",run_id=run_20260811T161528Z_d6188a84; git_sha=874c3c08b750195a5678845670e6e544784b2d50; all outer folds retained; no random split or final-test tuning,
exp_20260811T161529Z_10031ea4,2026-08-11T16:15:29.557671+00:00,874c3c08b750195a5678845670e6e544784b2d50,"{""available"":true,""diff_sha256"":""e3b0c44298fc1c149afbf4c8996fb92427ae41e4649b934ca495991b7852b855"",""dirty"":false,""untracked_source_files"":[]}",run_20260811T161528Z_d6188a84,af64bb4a373eba3bff2376c6f436e514249396db1d5c278111bb73f030c2b1cf,a7885fb0e1ed5de7d64ae180733effc0baebad1e4842ef6bca467466b5b538e5,departing_visitors_total_original_with_missing,2008-01..2024-12,"[""fixed_12m_2015"",""fixed_12m_2016"",""fixed_12m_2017"",""fixed_12m_2018"",""fixed_12m_2019"",""fixed_12m_2020"",""fixed_12m_2021"",""fixed_12m_2022"",""fixed_12m_2023"",""fixed_12m_2024"",""fixed_12m_2025""]",1..12,fixed_origin_12m_ex_ante,B0_target_history_calendar,"{""fourier_order"":2,""include_expanding_mean"":true,""include_rolling_median"":true,""include_rolling_std"":true,""rolling_windows"":[3,6,12,24],""seasonal_period"":12,""target_lags"":[1,2,3,6,12,13,18,24],""target_publication_delay_months"":3}",naive_last,"{""fold_notes"":[""""]}",20250811,"{""numpy"":""1.26.4"",""pandas"":""2.2.3"",""python"":""3.11.9"",""scikit-learn"":""1.5.2"",""scipy"":""1.13.1"",""statsmodels"":""0.14.4"",""xgboost"":""2.1.2""}",results/runs/run_20260811T161528Z_d6188a84/rolling_origin_fold_metrics.csv,"{""folds"":11,""macro_fold_full_bias"":1788148.3636363635,""macro_fold_full_interval_95_coverage"":0.883838383838384,""macro_fold_full_interval_95_mean_width"":10790570.74446769,""macro_fold_full_interval_95_winkler"":12603837.972745014,""macro_fold_full_mae"":2340620.227272727,""macro_fold_full_mape"":106.43523772687513,""macro_fold_full_mase"":7.251436068378967,""macro_fold_full_n"":11.727272727272727,""macro_fold_full_r2"":-5.9979259095650965,""macro_fold_full_rmse"":2630040.035627849,""macro_fold_full_rmsse"":5.265017137405848,""macro_fold_full_smape"":56.847174830082615,""macro_fold_full_wape"":76.42498696990788,""macro_fold_paired_bias"":1788148.3636363635,""macro_fold_paired_interval_95_coverage"":0.883838383838384,""macro_fold_paired_interval_95_mean_width"":10790570.74446769,""macro_fold_paired_interval_95_winkler"":12603837.972745014,""macro_fold_paired_mae"":2340620.227272727,""macro_fold_paired_mae_skill_vs_seasonal_naive"":-3.5774816671325325,""macro_fold_paired_mape"":106.43523772687513,""macro_fold_paired_mase"":7.251436068378967,""macro_fold_paired_n"":11.727272727272727,""macro_fold_paired_r2"":-5.9979259095650965,""macro_fold_paired_rmse"":2630040.035627849,""macro_fold_paired_rmse_skill_vs_seasonal_naive"":-3.378869634803334,""macro_fold_paired_rmsse"":5.265017137405848,""macro_fold_paired_seasonal_naive_bias"":-161317.6287878788,""macro_fold_paired_seasonal_naive_mae"":993304.1338383838,""macro_fold_paired_seasonal_naive_mape"":42.23096293998277,""macro_fold_paired_seasonal_naive_mase"":2.7225891601690013,""macro_fold_paired_seasonal_naive_n"":11.727272727272727,""macro_fold_paired_seasonal_naive_r2"":-1.5894142697951255,""macro_fold_paired_seasonal_naive_rmse"":1197335.7019372177,""macro_fold_paired_seasonal_naive_rmsse"":2.0595948409468345,""macro_fold_paired_seasonal_naive_smape"":31.033470831327975,""macro_fold_paired_seasonal_naive_wape"":35.18988122179591,""macro_fold_paired_smape"":56.847174830082615,""macro_fold_paired_wape"":76.42498696990788,""macro_fold_target_publication_delay_months"":3.0,""pooled_full_bias"":1713842.6279069767,""pooled_full_interval_95_coverage"":0.8914728682170543,""pooled_full_interval_95_mean_width"":10785465.285473377,""pooled_full_interval_95_winkler"":12327679.702187635,""pooled_full_mae"":2279162.6744186045,""pooled_full_mape"":100.42941769869351,""pooled_full_n"":129.0,""pooled_full_r2"":-0.778786542232202,""pooled_full_rmse"":2695132.7721346943,""pooled_full_smape"":55.3923529045017,""pooled_full_wape"":60.14093970167849,""pooled_paired_bias"":1713842.6279069767,""pooled_paired_interval_95_coverage"":0.8914728682170543,""pooled_paired_interval_95_mean_width"":10785465.285473377,""pooled_paired_interval_95_winkler"":12327679.702187635,""pooled_paired_mae"":2279162.6744186045,""pooled_paired_mae_skill_vs_seasonal_naive"":-1.3810082729781112,""pooled_paired_mape"":100.42941769869351,""pooled_paired_n"":129.0,""pooled_paired_r2"":-0.778786542232202,""pooled_paired_rmse"":2695132.7721346943,""pooled_paired_rmse_skill_vs_seasonal_naive"":-0.8609031496741157,""pooled_paired_seasonal_naive_bias"":-222128.19379844962,""pooled_paired_seasonal_naive_mae"":957225.8527131783,""pooled_paired_seasonal_naive_mape"":38.862647571911005,""pooled_paired_seasonal_naive_n"":129.0,""pooled_paired_seasonal_naive_r2"":0.48633935456232924,""pooled_paired_seasonal_naive_rmse"":1448292.8746757563,""pooled_paired_seasonal_naive_smape"":30.005784616910894,""pooled_paired_seasonal_naive_wape"":25.2586017378493,""pooled_paired_smape"":55.3923529045017,""pooled_paired_wape"":60.14093970167849,""run_id"":""run_20260811T161528Z_d6188a84"",""runtime_seconds"":0.014265400008298457}",-1.3810082729781112,0.014265400008298457,"[{""path"":""results/runs/run_20260811T161528Z_d6188a84/rolling_origin_fold_metrics.csv"",""sha256"":""78c5d9a7bf44197196bef1560d6b099551fea00b610731d58f7d086b88888398""},{""path"":""results/runs/run_20260811T161528Z_d6188a84/rolling_origin_leaderboard.csv"",""sha256"":""bb6c4e3dd3a9abaf22a39271c8f29a7ef015d557207d04d094f6cb1e7aa15b17""},{""path"":""results/runs/run_20260811T161528Z_d6188a84/forecasts/rolling_origin_forecasts.csv"",""sha256"":""b54f7c007431054464965a06aac6196abc6ae4fbb66adfa33cef9d0e0cf209a1""}]",run_id=run_20260811T161528Z_d6188a84; git_sha=874c3c08b750195a5678845670e6e544784b2d50; all outer folds retained; no random split or final-test tuning,
exp_20260811T161529Z_24571ae9,2026-08-11T16:15:29.899461+00:00,874c3c08b750195a5678845670e6e544784b2d50,"{""available"":true,""diff_sha256"":""e3b0c44298fc1c149afbf4c8996fb92427ae41e4649b934ca495991b7852b855"",""dirty"":false,""untracked_source_files"":[]}",run_20260811T161528Z_d6188a84,af64bb4a373eba3bff2376c6f436e514249396db1d5c278111bb73f030c2b1cf,a7885fb0e1ed5de7d64ae180733effc0baebad1e4842ef6bca467466b5b538e5,departing_visitors_total_original_with_missing,2008-01..2024-12,"[""fixed_12m_2015"",""fixed_12m_2016"",""fixed_12m_2017"",""fixed_12m_2018"",""fixed_12m_2019"",""fixed_12m_2020"",""fixed_12m_2021"",""fixed_12m_2022"",""fixed_12m_2023"",""fixed_12m_2024"",""fixed_12m_2025""]",1..12,fixed_origin_12m_ex_ante,B0_target_history_calendar,"{""fourier_order"":2,""include_expanding_mean"":true,""include_rolling_median"":true,""include_rolling_std"":true,""rolling_windows"":[3,6,12,24],""seasonal_period"":12,""target_lags"":[1,2,3,6,12,13,18,24],""target_publication_delay_months"":3}",same_month_historical_mean,"{""fold_notes"":[""""]}",20250811,"{""numpy"":""1.26.4"",""pandas"":""2.2.3"",""python"":""3.11.9"",""scikit-learn"":""1.5.2"",""scipy"":""1.13.1"",""statsmodels"":""0.14.4"",""xgboost"":""2.1.2""}",results/runs/run_20260811T161528Z_d6188a84/rolling_origin_fold_metrics.csv,"{""folds"":11,""macro_fold_full_bias"":-652860.3784100544,""macro_fold_full_interval_95_coverage"":0.6414141414141414,""macro_fold_full_interval_95_mean_width"":2432071.2910040827,""macro_fold_full_interval_95_winkler"":12260202.0916457,""macro_fold_full_mae"":1172003.3734396459,""macro_fold_full_mape"":39.203753130294984,""macro_fold_full_mase"":2.882386353106879,""macro_fold_full_n"":11.727272727272727,""macro_fold_full_r2"":-0.38050348679478374,""macro_fold_full_rmse"":1303273.8881612448,""macro_fold_full_rmsse"":2.0220048224490315,""macro_fold_full_smape"":35.399214534613094,""macro_fold_full_wape"":33.588601366832634,""macro_fold_paired_bias"":-652860.3784100544,""macro_fold_paired_interval_95_coverage"":0.6414141414141414,""macro_fold_paired_interval_95_mean_width"":2432071.2910040827,""macro_fold_paired_interval_95_winkler"":12260202.0916457,""macro_fold_paired_mae"":1172003.3734396459,""macro_fold_paired_mae_skill_vs_seasonal_naive"":-1.1789011491149124,""macro_fold_paired_mape"":39.203753130294984,""macro_fold_paired_mase"":2.882386353106879,""macro_fold_paired_n"":11.727272727272727,""macro_fold_paired_r2"":-0.38050348679478374,""macro_fold_paired_rmse"":1303273.8881612448,""macro_fold_paired_rmse_skill_vs_seasonal_naive"":-0.9026768450556553,""macro_fold_paired_rmsse"":2.0220048224490315,""macro_fold_paired_seasonal_naive_bias"":-161317.6287878788,""macro_fold_paired_seasonal_naive_mae"":993304.1338383838,""macro_fold_paired_seasonal_naive_mape"":42.23096293998277,""macro_fold_paired_seasonal_naive_mase"":2.7225891601690013,""macro_fold_paired_seasonal_naive_n"":11.727272727272727,""macro_fold_paired_seasonal_naive_r2"":-1.5894142697951255,""macro_fold_paired_seasonal_naive_rmse"":1197335.7019372177,""macro_fold_paired_seasonal_naive_rmsse"":2.0595948409468345,""macro_fold_paired_seasonal_naive_smape"":31.033470831327975,""macro_fold_paired_seasonal_naive_wape"":35.18988122179591,""macro_fold_paired_smape"":35.399214534613094,""macro_fold_paired_wape"":33.588601366832634,""macro_fold_target_publication_delay_months"":3.0,""pooled_full_bias"":-700478.7403149784,""pooled_full_interval_95_coverage"":0.6434108527131783,""pooled_full_interval_95_mean_width"":2437004.1659287354,""pooled_full_interval_95_winkler"":11729298.244668763,""pooled_full_mae"":1158398.3123959983,""pooled_full_mape"":37.161498835033626,""pooled_full_n"":129.0,""pooled_full_r2"":0.5061485492935477,""pooled_full_rmse"":1420091.782675032,""pooled_full_smape"":34.69007524534062,""pooled_full_wape"":30.566998941444737,""pooled_paired_bias"":-700478.7403149784,""pooled_paired_interval_95_coverage"":0.6434108527131783,""pooled_paired_interval_95_mean_width"":2437004.1659287354,""pooled_paired_interval_95_winkler"":11729298.244668763,""pooled_paired_mae"":1158398.3123959983,""pooled_paired_mae_skill_vs_seasonal_naive"":-0.21016195823860495,""pooled_paired_mape"":37.161498835033626,""pooled_paired_n"":129.0,""pooled_paired_r2"":0.5061485492935477,""pooled_paired_rmse"":1420091.782675032,""pooled_paired_rmse_skill_vs_seasonal_naive"":0.019471953838782752,""pooled_paired_seasonal_naive_bias"":-222128.19379844962,""pooled_paired_seasonal_naive_mae"":957225.8527131783,""pooled_paired_seasonal_naive_mape"":38.862647571911005,""pooled_paired_seasonal_naive_n"":129.0,""pooled_paired_seasonal_naive_r2"":0.48633935456232924,""pooled_paired_seasonal_naive_rmse"":1448292.8746757563,""pooled_paired_seasonal_naive_smape"":30.005784616910894,""pooled_paired_seasonal_naive_wape"":25.2586017378493,""pooled_paired_smape"":34.69007524534062,""pooled_paired_wape"":30.566998941444737,""run_id"":""run_20260811T161528Z_d6188a84"",""runtime_seconds"":0.02210880012717098}",-0.21016195823860495,0.02210880012717098,"[{""path"":""results/runs/run_20260811T161528Z_d6188a84/rolling_origin_fold_metrics.csv"",""sha256"":""78c5d9a7bf44197196bef1560d6b099551fea00b610731d58f7d086b88888398""},{""path"":""results/runs/run_20260811T161528Z_d6188a84/rolling_origin_leaderboard.csv"",""sha256"":""bb6c4e3dd3a9abaf22a39271c8f29a7ef015d557207d04d094f6cb1e7aa15b17""},{""path"":""results/runs/run_20260811T161528Z_d6188a84/forecasts/rolling_origin_forecasts.csv"",""sha256"":""b54f7c007431054464965a06aac6196abc6ae4fbb66adfa33cef9d0e0cf209a1""}]",run_id=run_20260811T161528Z_d6188a84; git_sha=874c3c08b750195a5678845670e6e544784b2d50; all outer folds retained; no random split or final-test tuning,
exp_20260811T161530Z_28c46637,2026-08-11T16:15:30.313899+00:00,874c3c08b750195a5678845670e6e544784b2d50,"{""available"":true,""diff_sha256"":""e3b0c44298fc1c149afbf4c8996fb92427ae41e4649b934ca495991b7852b855"",""dirty"":false,""untracked_source_files"":[]}",run_20260811T161528Z_d6188a84,af64bb4a373eba3bff2376c6f436e514249396db1d5c278111bb73f030c2b1cf,a7885fb0e1ed5de7d64ae180733effc0baebad1e4842ef6bca467466b5b538e5,departing_visitors_total_original_with_missing,2008-01..2024-12,"[""fixed_12m_2015"",""fixed_12m_2016"",""fixed_12m_2017"",""fixed_12m_2018"",""fixed_12m_2019"",""fixed_12m_2020"",""fixed_12m_2021"",""fixed_12m_2022"",""fixed_12m_2023"",""fixed_12m_2024"",""fixed_12m_2025""]",1..12,fixed_origin_12m_ex_ante,B0_target_history_calendar,"{""fourier_order"":2,""include_expanding_mean"":true,""include_rolling_median"":true,""include_rolling_std"":true,""rolling_windows"":[3,6,12,24],""seasonal_period"":12,""target_lags"":[1,2,3,6,12,13,18,24],""target_publication_delay_months"":3}",sarima_111_111_12,"{""fold_notes"":[""""]}",20250811,"{""numpy"":""1.26.4"",""pandas"":""2.2.3"",""python"":""3.11.9"",""scikit-learn"":""1.5.2"",""scipy"":""1.13.1"",""statsmodels"":""0.14.4"",""xgboost"":""2.1.2""}",results/runs/run_20260811T161528Z_d6188a84/rolling_origin_fold_metrics.csv,"{""folds"":11,""macro_fold_full_bias"":140336.12298313642,""macro_fold_full_interval_95_coverage"":0.7702020202020201,""macro_fold_full_interval_95_mean_width"":4706312.2995805815,""macro_fold_full_interval_95_winkler"":19485497.420913488,""macro_fold_full_mae"":1369647.6164185153,""macro_fold_full_mape"":60.10829338318474,""macro_fold_full_mase"":4.0564809211001,""macro_fold_full_n"":11.727272727272727,""macro_fold_full_r2"":-3.081253032708231,""macro_fold_full_rmse"":1550893.904399928,""macro_fold_full_rmsse"":2.818990862402511,""macro_fold_full_smape"":52.88480398257473,""macro_fold_full_wape"":49.647339781941106,""macro_fold_paired_bias"":140336.12298313642,""macro_fold_paired_interval_95_coverage"":0.7702020202020201,""macro_fold_paired_interval_95_mean_width"":4706312.2995805815,""macro_fold_paired_interval_95_winkler"":19485497.420913488,""macro_fold_paired_mae"":1369647.6164185153,""macro_fold_paired_mae_skill_vs_seasonal_naive"":-0.7474418841807342,""macro_fold_paired_mape"":60.10829338318474,""macro_fold_paired_mase"":4.0564809211001,""macro_fold_paired_n"":11.727272727272727,""macro_fold_paired_r2"":-3.081253032708231,""macro_fold_paired_rmse"":1550893.904399928,""macro_fold_paired_rmse_skill_vs_seasonal_naive"":-0.5854455881247596,""macro_fold_paired_rmsse"":2.818990862402511,""macro_fold_paired_seasonal_naive_bias"":-161317.6287878788,""macro_fold_paired_seasonal_naive_mae"":993304.1338383838,""macro_fold_paired_seasonal_naive_mape"":42.23096293998277,""macro_fold_paired_seasonal_naive_mase"":2.7225891601690013,""macro_fold_paired_seasonal_naive_n"":11.727272727272727,""macro_fold_paired_seasonal_naive_r2"":-1.5894142697951255,""macro_fold_paired_seasonal_naive_rmse"":1197335.7019372177,""macro_fold_paired_seasonal_naive_rmsse"":2.0595948409468345,""macro_fold_paired_seasonal_naive_smape"":31.033470831327975,""macro_fold_paired_seasonal_naive_wape"":35.18988122179591,""macro_fold_paired_smape"":52.88480398257473,""macro_fold_paired_wape"":49.647339781941106,""macro_fold_target_publication_delay_months"":3.0,""pooled_full_bias"":61439.834544675316,""pooled_full_interval_95_coverage"":0.7829457364341085,""pooled_full_interval_95_mean_width"":4736987.732819918,""pooled_full_interval_95_winkler"":18065875.964033235,""pooled_full_mae"":1319339.967362272,""pooled_full_mape"":55.470486027367485,""pooled_full_n"":129.0,""pooled_full_r2"":0.16078575277000318,""pooled_full_rmse"":1851205.6690381684,""pooled_full_smape"":51.896974151481245,""pooled_full_wape"":34.81381400008644,""pooled_paired_bias"":61439.834544675316,""pooled_paired_interval_95_coverage"":0.7829457364341085,""pooled_paired_interval_95_mean_width"":4736987.732819918,""pooled_paired_interval_95_winkler"":18065875.964033235,""pooled_paired_mae"":1319339.967362272,""pooled_paired_mae_skill_vs_seasonal_naive"":-0.378295376814898,""pooled_paired_mape"":55.470486027367485,""pooled_paired_n"":129.0,""pooled_paired_r2"":0.16078575277000318,""pooled_paired_rmse"":1851205.6690381684,""pooled_paired_rmse_skill_vs_seasonal_naive"":-0.27819842340425516,""pooled_paired_seasonal_naive_bias"":-222128.19379844962,""pooled_paired_seasonal_naive_mae"":957225.8527131783,""pooled_paired_seasonal_naive_mape"":38.862647571911005,""pooled_paired_seasonal_naive_n"":129.0,""pooled_paired_seasonal_naive_r2"":0.48633935456232924,""pooled_paired_seasonal_naive_rmse"":1448292.8746757563,""pooled_paired_seasonal_naive_smape"":30.005784616910894,""pooled_paired_seasonal_naive_wape"":25.2586017378493,""pooled_paired_smape"":51.896974151481245,""pooled_paired_wape"":34.81381400008644,""run_id"":""run_20260811T161528Z_d6188a84"",""runtime_seconds"":1.5382804999826476}",-0.378295376814898,1.5382804999826476,"[{""path"":""results/runs/run_20260811T161528Z_d6188a84/rolling_origin_fold_metrics.csv"",""sha256"":""78c5d9a7bf44197196bef1560d6b099551fea00b610731d58f7d086b88888398""},{""path"":""results/runs/run_20260811T161528Z_d6188a84/rolling_origin_leaderboard.csv"",""sha256"":""bb6c4e3dd3a9abaf22a39271c8f29a7ef015d557207d04d094f6cb1e7aa15b17""},{""path"":""results/runs/run_20260811T161528Z_d6188a84/forecasts/rolling_origin_forecasts.csv"",""sha256"":""b54f7c007431054464965a06aac6196abc6ae4fbb66adfa33cef9d0e0cf209a1""}]",run_id=run_20260811T161528Z_d6188a84; git_sha=874c3c08b750195a5678845670e6e544784b2d50; all outer folds retained; no random split or final-test tuning,
exp_20260811T161530Z_d114a32d,2026-08-11T16:15:30.833213+00:00,874c3c08b750195a5678845670e6e544784b2d50,"{""available"":true,""diff_sha256"":""e3b0c44298fc1c149afbf4c8996fb92427ae41e4649b934ca495991b7852b855"",""dirty"":false,""untracked_source_files"":[]}",run_20260811T161528Z_d6188a84,af64bb4a373eba3bff2376c6f436e514249396db1d5c278111bb73f030c2b1cf,a7885fb0e1ed5de7d64ae180733effc0baebad1e4842ef6bca467466b5b538e5,departing_visitors_total_original_with_missing,2008-01..2024-12,"[""fixed_12m_2015"",""fixed_12m_2016"",""fixed_12m_2017"",""fixed_12m_2018"",""fixed_12m_2019"",""fixed_12m_2020"",""fixed_12m_2021"",""fixed_12m_2022"",""fixed_12m_2023"",""fixed_12m_2024"",""fixed_12m_2025""]",1..12,fixed_origin_12m_ex_ante,B0_target_history_calendar,"{""fourier_order"":2,""include_expanding_mean"":true,""include_rolling_median"":true,""include_rolling_std"":true,""rolling_windows"":[3,6,12,24],""seasonal_period"":12,""target_lags"":[1,2,3,6,12,13,18,24],""target_publication_delay_months"":3}",seasonal_moving_average_3,"{""fold_notes"":[""""]}",20250811,"{""numpy"":""1.26.4"",""pandas"":""2.2.3"",""python"":""3.11.9"",""scikit-learn"":""1.5.2"",""scipy"":""1.13.1"",""statsmodels"":""0.14.4"",""xgboost"":""2.1.2""}",results/runs/run_20260811T161528Z_d6188a84/rolling_origin_fold_metrics.csv,"{""folds"":11,""macro_fold_full_bias"":-335289.7281144782,""macro_fold_full_interval_95_coverage"":0.7222222222222222,""macro_fold_full_interval_95_mean_width"":2670772.870443945,""macro_fold_full_interval_95_winkler"":12604882.167040616,""macro_fold_full_mae"":1055430.2971380472,""macro_fold_full_mape"":39.72281378008233,""macro_fold_full_mase"":2.7045545347167805,""macro_fold_full_n"":11.727272727272727,""macro_fold_full_r2"":-0.8839946939915667,""macro_fold_full_rmse"":1242814.0987231678,""macro_fold_full_rmsse"":2.026040942820872,""macro_fold_full_smape"":30.73811557858085,""macro_fold_full_wape"":33.04541595159415,""macro_fold_paired_bias"":-335289.7281144782,""macro_fold_paired_interval_95_coverage"":0.7222222222222222,""macro_fold_paired_interval_95_mean_width"":2670772.870443945,""macro_fold_paired_interval_95_winkler"":12604882.167040616,""macro_fold_paired_mae"":1055430.2971380472,""macro_fold_paired_mae_skill_vs_seasonal_naive"":-0.5024107882677356,""macro_fold_paired_mape"":39.72281378008233,""macro_fold_paired_mase"":2.7045545347167805,""macro_fold_paired_n"":11.727272727272727,""macro_fold_paired_r2"":-0.8839946939915667,""macro_fold_paired_rmse"":1242814.0987231678,""macro_fold_paired_rmse_skill_vs_seasonal_naive"":-0.4241450348998608,""macro_fold_paired_rmsse"":2.026040942820872,""macro_fold_paired_seasonal_naive_bias"":-161317.6287878788,""macro_fold_paired_seasonal_naive_mae"":993304.1338383838,""macro_fold_paired_seasonal_naive_mape"":42.23096293998277,""macro_fold_paired_seasonal_naive_mase"":2.7225891601690013,""macro_fold_paired_seasonal_naive_n"":11.727272727272727,""macro_fold_paired_seasonal_naive_r2"":-1.5894142697951255,""macro_fold_paired_seasonal_naive_rmse"":1197335.7019372177,""macro_fold_paired_seasonal_naive_rmsse"":2.0595948409468345,""macro_fold_paired_seasonal_naive_smape"":31.033470831327975,""macro_fold_paired_seasonal_naive_wape"":35.18988122179591,""macro_fold_paired_smape"":30.73811557858085,""macro_fold_paired_wape"":33.04541595159415,""macro_fold_target_publication_delay_months"":3.0,""pooled_full_bias"":-387699.2480620155,""pooled_full_interval_95_coverage"":0.7286821705426356,""pooled_full_interval_95_mean_width"":2682115.6330325934,""pooled_full_interval_95_winkler"":11740619.533201814,""pooled_full_mae"":1030677.5839793283,""pooled_full_mape"":37.02280475313621,""pooled_full_n"":129.0,""pooled_full_r2"":0.5357521692913576,""pooled_full_rmse"":1376870.7977296489,""pooled_full_smape"":29.83317675591852,""pooled_full_wape"":27.196794298934602,""pooled_paired_bias"":-387699.2480620155,""pooled_paired_interval_95_coverage"":0.7286821705426356,""pooled_paired_interval_95_mean_width"":2682115.6330325934,""pooled_paired_interval_95_winkler"":11740619.533201814,""pooled_paired_mae"":1030677.5839793283,""pooled_paired_mae_skill_vs_seasonal_naive"":-0.07673396101657426,""pooled_paired_mape"":37.02280475313621,""pooled_paired_n"":129.0,""pooled_paired_r2"":0.5357521692913576,""pooled_paired_rmse"":1376870.7977296489,""pooled_paired_rmse_skill_vs_seasonal_naive"":0.04931466431615039,""pooled_paired_seasonal_naive_bias"":-222128.19379844962,""pooled_paired_seasonal_naive_mae"":957225.8527131783,""pooled_paired_seasonal_naive_mape"":38.862647571911005,""pooled_paired_seasonal_naive_n"":129.0,""pooled_paired_seasonal_naive_r2"":0.48633935456232924,""pooled_paired_seasonal_naive_rmse"":1448292.8746757563,""pooled_paired_seasonal_naive_smape"":30.005784616910894,""pooled_paired_seasonal_naive_wape"":25.2586017378493,""pooled_paired_smape"":29.83317675591852,""pooled_paired_wape"":27.196794298934602,""run_id"":""run_20260811T161528Z_d6188a84"",""runtime_seconds"":0.2746870998525992}",-0.07673396101657426,0.2746870998525992,"[{""path"":""results/runs/run_20260811T161528Z_d6188a84/rolling_origin_fold_metrics.csv"",""sha256"":""78c5d9a7bf44197196bef1560d6b099551fea00b610731d58f7d086b88888398""},{""path"":""results/runs/run_20260811T161528Z_d6188a84/rolling_origin_leaderboard.csv"",""sha256"":""bb6c4e3dd3a9abaf22a39271c8f29a7ef015d557207d04d094f6cb1e7aa15b17""},{""path"":""results/runs/run_20260811T161528Z_d6188a84/forecasts/rolling_origin_forecasts.csv"",""sha256"":""b54f7c007431054464965a06aac6196abc6ae4fbb66adfa33cef9d0e0cf209a1""}]",run_id=run_20260811T161528Z_d6188a84; git_sha=874c3c08b750195a5678845670e6e544784b2d50; all outer folds retained; no random split or final-test tuning,
exp_20260811T161532Z_bcc677db,2026-08-11T16:15:32.101157+00:00,874c3c08b750195a5678845670e6e544784b2d50,"{""available"":true,""diff_sha256"":""e3b0c44298fc1c149afbf4c8996fb92427ae41e4649b934ca495991b7852b855"",""dirty"":false,""untracked_source_files"":[]}",run_20260811T161528Z_d6188a84,af64bb4a373eba3bff2376c6f436e514249396db1d5c278111bb73f030c2b1cf,a7885fb0e1ed5de7d64ae180733effc0baebad1e4842ef6bca467466b5b538e5,departing_visitors_total_original_with_missing,2008-01..2024-12,"[""fixed_12m_2015"",""fixed_12m_2016"",""fixed_12m_2017"",""fixed_12m_2018"",""fixed_12m_2019"",""fixed_12m_2020"",""fixed_12m_2021"",""fixed_12m_2022"",""fixed_12m_2023"",""fixed_12m_2024"",""fixed_12m_2025""]",1..12,fixed_origin_12m_ex_ante,B0_target_history_calendar,"{""fourier_order"":2,""include_expanding_mean"":true,""include_rolling_median"":true,""include_rolling_std"":true,""rolling_windows"":[3,6,12,24],""seasonal_period"":12,""target_lags"":[1,2,3,6,12,13,18,24],""target_publication_delay_months"":3}",seasonal_naive,"{""fold_notes"":[""release-aware recursive seasonal fill for 3 unavailable training reference months; raw target unchanged"",""release-aware recursive seasonal fill for 6 unavailable training reference months; raw target unchanged""]}",20250811,"{""numpy"":""1.26.4"",""pandas"":""2.2.3"",""python"":""3.11.9"",""scikit-learn"":""1.5.2"",""scipy"":""1.13.1"",""statsmodels"":""0.14.4"",""xgboost"":""2.1.2""}",results/runs/run_20260811T161528Z_d6188a84/rolling_origin_fold_metrics.csv,"{""folds"":11,""macro_fold_full_bias"":-161317.6287878788,""macro_fold_full_interval_95_coverage"":0.9318181818181818,""macro_fold_full_interval_95_mean_width"":6781399.565774348,""macro_fold_full_interval_95_winkler"":10831850.843448447,""macro_fold_full_mae"":993304.1338383838,""macro_fold_full_mape"":42.23096293998277,""macro_fold_full_mase"":2.7225891601690013,""macro_fold_full_n"":11.727272727272727,""macro_fold_full_r2"":-1.5894142697951255,""macro_fold_full_rmse"":1197335.7019372177,""macro_fold_full_rmsse"":2.0595948409468345,""macro_fold_full_smape"":31.033470831327975,""macro_fold_full_wape"":35.18988122179591,""macro_fold_paired_bias"":-161317.6287878788,""macro_fold_paired_interval_95_coverage"":0.9318181818181818,""macro_fold_paired_interval_95_mean_width"":6781399.565774348,""macro_fold_paired_interval_95_winkler"":10831850.843448447,""macro_fold_paired_mae"":993304.1338383838,""macro_fold_paired_mae_skill_vs_seasonal_naive"":0.0,""macro_fold_paired_mape"":42.23096293998277,""macro_fold_paired_mase"":2.7225891601690013,""macro_fold_paired_n"":11.727272727272727,""macro_fold_paired_r2"":-1.5894142697951255,""macro_fold_paired_rmse"":1197335.7019372177,""macro_fold_paired_rmse_skill_vs_seasonal_naive"":0.0,""macro_fold_paired_rmsse"":2.0595948409468345,""macro_fold_paired_seasonal_naive_bias"":-161317.6287878788,""macro_fold_paired_seasonal_naive_mae"":993304.1338383838,""macro_fold_paired_seasonal_naive_mape"":42.23096293998277,""macro_fold_paired_seasonal_naive_mase"":2.7225891601690013,""macro_fold_paired_seasonal_naive_n"":11.727272727272727,""macro_fold_paired_seasonal_naive_r2"":-1.5894142697951255,""macro_fold_paired_seasonal_naive_rmse"":1197335.7019372177,""macro_fold_paired_seasonal_naive_rmsse"":2.0595948409468345,""macro_fold_paired_seasonal_naive_smape"":31.033470831327975,""macro_fold_paired_seasonal_naive_wape"":35.18988122179591,""macro_fold_paired_smape"":31.033470831327975,""macro_fold_paired_wape"":35.18988122179591,""macro_fold_target_publication_delay_months"":3.0,""pooled_full_bias"":-222128.19379844962,""pooled_full_interval_95_coverage"":0.937984496124031,""pooled_full_interval_95_mean_width"":6822056.465892816,""pooled_full_interval_95_winkler"":10191362.81489655,""pooled_full_mae"":957225.8527131783,""pooled_full_mape"":38.862647571911005,""pooled_full_n"":129.0,""pooled_full_r2"":0.48633935456232924,""pooled_full_rmse"":1448292.8746757563,""pooled_full_smape"":30.005784616910894,""pooled_full_wape"":25.2586017378493,""pooled_paired_bias"":-222128.19379844962,""pooled_paired_interval_95_coverage"":0.937984496124031,""pooled_paired_interval_95_mean_width"":6822056.465892816,""pooled_paired_interval_95_winkler"":10191362.81489655,""pooled_paired_mae"":957225.8527131783,""pooled_paired_mae_skill_vs_seasonal_naive"":0.0,""pooled_paired_mape"":38.862647571911005,""pooled_paired_n"":129.0,""pooled_paired_r2"":0.48633935456232924,""pooled_paired_rmse"":1448292.8746757563,""pooled_paired_rmse_skill_vs_seasonal_naive"":0.0,""pooled_paired_seasonal_naive_bias"":-222128.19379844962,""pooled_paired_seasonal_naive_mae"":957225.8527131783,""pooled_paired_seasonal_naive_mape"":38.862647571911005,""pooled_paired_seasonal_naive_n"":129.0,""pooled_paired_seasonal_naive_r2"":0.48633935456232924,""pooled_paired_seasonal_naive_rmse"":1448292.8746757563,""pooled_paired_seasonal_naive_smape"":30.005784616910894,""pooled_paired_seasonal_naive_wape"":25.2586017378493,""pooled_paired_smape"":30.005784616910894,""pooled_paired_wape"":25.2586017378493,""run_id"":""run_20260811T161528Z_d6188a84"",""runtime_seconds"":0.04654530028346926}",0.0,0.04654530028346926,"[{""path"":""results/runs/run_20260811T161528Z_d6188a84/rolling_origin_fold_metrics.csv"",""sha256"":""78c5d9a7bf44197196bef1560d6b099551fea00b610731d58f7d086b88888398""},{""path"":""results/runs/run_20260811T161528Z_d6188a84/rolling_origin_leaderboard.csv"",""sha256"":""bb6c4e3dd3a9abaf22a39271c8f29a7ef015d557207d04d094f6cb1e7aa15b17""},{""path"":""results/runs/run_20260811T161528Z_d6188a84/forecasts/rolling_origin_forecasts.csv"",""sha256"":""b54f7c007431054464965a06aac6196abc6ae4fbb66adfa33cef9d0e0cf209a1""}]",run_id=run_20260811T161528Z_d6188a84; git_sha=874c3c08b750195a5678845670e6e544784b2d50; all outer folds retained; no random split or final-test tuning,
exp_20260811T161532Z_75c1f5d6,2026-08-11T16:15:32.502412+00:00,874c3c08b750195a5678845670e6e544784b2d50,"{""available"":true,""diff_sha256"":""e3b0c44298fc1c149afbf4c8996fb92427ae41e4649b934ca495991b7852b855"",""dirty"":false,""untracked_source_files"":[]}",run_20260811T161528Z_d6188a84,af64bb4a373eba3bff2376c6f436e514249396db1d5c278111bb73f030c2b1cf,a7885fb0e1ed5de7d64ae180733effc0baebad1e4842ef6bca467466b5b538e5,departing_visitors_total_original_with_missing,2008-01..2024-12,"[""fixed_12m_2015"",""fixed_12m_2016"",""fixed_12m_2017"",""fixed_12m_2018"",""fixed_12m_2019"",""fixed_12m_2020"",""fixed_12m_2021"",""fixed_12m_2022"",""fixed_12m_2023"",""fixed_12m_2024"",""fixed_12m_2025""]",1..12,fixed_origin_12m_ex_ante,B0_target_history_calendar,"{""fourier_order"":2,""include_expanding_mean"":true,""include_rolling_median"":true,""include_rolling_std"":true,""rolling_windows"":[3,6,12,24],""seasonal_period"":12,""target_lags"":[1,2,3,6,12,13,18,24],""target_publication_delay_months"":3}",stl_arima_111,"{""fold_notes"":[""robust STL(12) + ARIMA(1,1,1) remainder; model-internal seasonal fill for missing training targets""]}",20250811,"{""numpy"":""1.26.4"",""pandas"":""2.2.3"",""python"":""3.11.9"",""scikit-learn"":""1.5.2"",""scipy"":""1.13.1"",""statsmodels"":""0.14.4"",""xgboost"":""2.1.2""}",results/runs/run_20260811T161528Z_d6188a84/rolling_origin_fold_metrics.csv,"{""folds"":11,""macro_fold_full_bias"":35603.3928014797,""macro_fold_full_interval_95_coverage"":0.851010101010101,""macro_fold_full_interval_95_mean_width"":4015560.4481598753,""macro_fold_full_interval_95_winkler"":9022222.507489456,""macro_fold_full_mae"":1015326.6542082974,""macro_fold_full_mape"":42.774184705562,""macro_fold_full_mase"":2.801124964522364,""macro_fold_full_n"":11.727272727272727,""macro_fold_full_r2"":-1.0820332901801721,""macro_fold_full_rmse"":1208917.9991684987,""macro_fold_full_rmsse"":2.106242482478388,""macro_fold_full_smape"":30.429099265044115,""macro_fold_full_wape"":35.18521934193258,""macro_fold_paired_bias"":35603.3928014797,""macro_fold_paired_interval_95_coverage"":0.851010101010101,""macro_fold_paired_interval_95_mean_width"":4015560.4481598753,""macro_fold_paired_interval_95_winkler"":9022222.507489456,""macro_fold_paired_mae"":1015326.6542082974,""macro_fold_paired_mae_skill_vs_seasonal_naive"":-0.10322156698671807,""macro_fold_paired_mape"":42.774184705562,""macro_fold_paired_mase"":2.801124964522364,""macro_fold_paired_n"":11.727272727272727,""macro_fold_paired_r2"":-1.0820332901801721,""macro_fold_paired_rmse"":1208917.9991684987,""macro_fold_paired_rmse_skill_vs_seasonal_naive"":-0.1319879751092128,""macro_fold_paired_rmsse"":2.106242482478388,""macro_fold_paired_seasonal_naive_bias"":-161317.6287878788,""macro_fold_paired_seasonal_naive_mae"":993304.1338383838,""macro_fold_paired_seasonal_naive_mape"":42.23096293998277,""macro_fold_paired_seasonal_naive_mase"":2.7225891601690013,""macro_fold_paired_seasonal_naive_n"":11.727272727272727,""macro_fold_paired_seasonal_naive_r2"":-1.5894142697951255,""macro_fold_paired_seasonal_naive_rmse"":1197335.7019372177,""macro_fold_paired_seasonal_naive_rmsse"":2.0595948409468345,""macro_fold_paired_seasonal_naive_smape"":31.033470831327975,""macro_fold_paired_seasonal_naive_wape"":35.18988122179591,""macro_fold_paired_smape"":30.429099265044115,""macro_fold_paired_wape"":35.18521934193258,""macro_fold_target_publication_delay_months"":3.0,""pooled_full_bias"":-13018.095088578639,""pooled_full_interval_95_coverage"":0.8604651162790697,""pooled_full_interval_95_mean_width"":4041253.544345655,""pooled_full_interval_95_winkler"":8215013.026962305,""pooled_full_mae"":986648.9405159242,""pooled_full_mape"":39.90035471695684,""pooled_full_n"":129.0,""pooled_full_r2"":0.5210529880441009,""pooled_full_rmse"":1398498.4247850785,""pooled_full_smape"":29.44959427996293,""pooled_full_wape"":26.034997459507707,""pooled_paired_bias"":-13018.095088578639,""pooled_paired_interval_95_coverage"":0.8604651162790697,""pooled_paired_interval_95_mean_width"":4041253.544345655,""pooled_paired_interval_95_winkler"":8215013.026962305,""pooled_paired_mae"":986648.9405159242,""pooled_paired_mae_skill_vs_seasonal_naive"":-0.0307378741593205,""pooled_paired_mape"":39.90035471695684,""pooled_paired_n"":129.0,""pooled_paired_r2"":0.5210529880441009,""pooled_paired_rmse"":1398498.4247850785,""pooled_paired_rmse_skill_vs_seasonal_naive"":0.03438147819502724,""pooled_paired_seasonal_naive_bias"":-222128.19379844962,""pooled_paired_seasonal_naive_mae"":957225.8527131783,""pooled_paired_seasonal_naive_mape"":38.862647571911005,""pooled_paired_seasonal_naive_n"":129.0,""pooled_paired_seasonal_naive_r2"":0.48633935456232924,""pooled_paired_seasonal_naive_rmse"":1448292.8746757563,""pooled_paired_seasonal_naive_smape"":30.005784616910894,""pooled_paired_seasonal_naive_wape"":25.2586017378493,""pooled_paired_smape"":29.44959427996293,""pooled_paired_wape"":26.034997459507707,""run_id"":""run_20260811T161528Z_d6188a84"",""runtime_seconds"":0.8436202998273075}",-0.0307378741593205,0.8436202998273075,"[{""path"":""results/runs/run_20260811T161528Z_d6188a84/rolling_origin_fold_metrics.csv"",""sha256"":""78c5d9a7bf44197196bef1560d6b099551fea00b610731d58f7d086b88888398""},{""path"":""results/runs/run_20260811T161528Z_d6188a84/rolling_origin_leaderboard.csv"",""sha256"":""bb6c4e3dd3a9abaf22a39271c8f29a7ef015d557207d04d094f6cb1e7aa15b17""},{""path"":""results/runs/run_20260811T161528Z_d6188a84/forecasts/rolling_origin_forecasts.csv"",""sha256"":""b54f7c007431054464965a06aac6196abc6ae4fbb66adfa33cef9d0e0cf209a1""}]",run_id=run_20260811T161528Z_d6188a84; git_sha=874c3c08b750195a5678845670e6e544784b2d50; all outer folds retained; no random split or final-test tuning,
exp_20260811T161533Z_0d28fd7f,2026-08-11T16:15:33.160094+00:00,874c3c08b750195a5678845670e6e544784b2d50,"{""available"":true,""diff_sha256"":""e3b0c44298fc1c149afbf4c8996fb92427ae41e4649b934ca495991b7852b855"",""dirty"":false,""untracked_source_files"":[]}",run_20260811T161528Z_d6188a84,af64bb4a373eba3bff2376c6f436e514249396db1d5c278111bb73f030c2b1cf,a7885fb0e1ed5de7d64ae180733effc0baebad1e4842ef6bca467466b5b538e5,departing_visitors_total_original_with_missing,2008-01..2024-12,"[""fixed_12m_2015"",""fixed_12m_2016"",""fixed_12m_2017"",""fixed_12m_2018"",""fixed_12m_2019"",""fixed_12m_2020"",""fixed_12m_2021"",""fixed_12m_2022"",""fixed_12m_2023"",""fixed_12m_2024"",""fixed_12m_2025""]",1..12,fixed_origin_12m_ex_ante,B0_target_history_calendar,"{""fourier_order"":2,""include_expanding_mean"":true,""include_rolling_median"":true,""include_rolling_std"":true,""rolling_windows"":[3,6,12,24],""seasonal_period"":12,""target_lags"":[1,2,3,6,12,13,18,24],""target_publication_delay_months"":3}",theta,"{""fold_notes"":[""model-internal seasonal fill for missing training targets""]}",20250811,"{""numpy"":""1.26.4"",""pandas"":""2.2.3"",""python"":""3.11.9"",""scikit-learn"":""1.5.2"",""scipy"":""1.13.1"",""statsmodels"":""0.14.4"",""xgboost"":""2.1.2""}",results/runs/run_20260811T161528Z_d6188a84/rolling_origin_fold_metrics.csv,"{""folds"":11,""macro_fold_full_bias"":2288.2152079304,""macro_fold_full_interval_95_coverage"":0.9797979797979799,""macro_fold_full_interval_95_mean_width"":8585551.11776042,""macro_fold_full_interval_95_winkler"":9539774.526541093,""macro_fold_full_mae"":1036035.613284593,""macro_fold_full_mape"":43.84078565600323,""macro_fold_full_mase"":2.757511194270611,""macro_fold_full_n"":11.727272727272727,""macro_fold_full_r2"":-1.5210471223074427,""macro_fold_full_rmse"":1201721.7989481294,""macro_fold_full_rmsse"":2.021743105088447,""macro_fold_full_smape"":31.141079446384342,""macro_fold_full_wape"":36.24682354451082,""macro_fold_paired_bias"":2288.2152079304,""macro_fold_paired_interval_95_coverage"":0.9797979797979799,""macro_fold_paired_interval_95_mean_width"":8585551.11776042,""macro_fold_paired_interval_95_winkler"":9539774.526541093,""macro_fold_paired_mae"":1036035.613284593,""macro_fold_paired_mae_skill_vs_seasonal_naive"":-0.10492852963374653,""macro_fold_paired_mape"":43.84078565600323,""macro_fold_paired_mase"":2.757511194270611,""macro_fold_paired_n"":11.727272727272727,""macro_fold_paired_r2"":-1.5210471223074427,""macro_fold_paired_rmse"":1201721.7989481294,""macro_fold_paired_rmse_skill_vs_seasonal_naive"":-0.05275004872545282,""macro_fold_paired_rmsse"":2.021743105088447,""macro_fold_paired_seasonal_naive_bias"":-161317.6287878788,""macro_fold_paired_seasonal_naive_mae"":993304.1338383838,""macro_fold_paired_seasonal_naive_mape"":42.23096293998277,""macro_fold_paired_seasonal_naive_mase"":2.7225891601690013,""macro_fold_paired_seasonal_naive_n"":11.727272727272727,""macro_fold_paired_seasonal_naive_r2"":-1.5894142697951255,""macro_fold_paired_seasonal_naive_rmse"":1197335.7019372177,""macro_fold_paired_seasonal_naive_rmsse"":2.0595948409468345,""macro_fold_paired_seasonal_naive_smape"":31.033470831327975,""macro_fold_paired_seasonal_naive_wape"":35.18988122179591,""macro_fold_paired_smape"":31.141079446384342,""macro_fold_paired_wape"":36.24682354451082,""macro_fold_target_publication_delay_months"":3.0,""pooled_full_bias"":-53541.32116379835,""pooled_full_interval_95_coverage"":0.9844961240310077,""pooled_full_interval_95_mean_width"":8596004.736189812,""pooled_full_interval_95_winkler"":9328315.724323818,""pooled_full_mae"":1000850.0792678546,""pooled_full_mape"":40.55860538963173,""pooled_full_n"":129.0,""pooled_full_r2"":0.4488559197780573,""pooled_full_rmse"":1500205.7337734832,""pooled_full_smape"":30.068531826108668,""pooled_full_wape"":26.409727108672783,""pooled_paired_bias"":-53541.32116379835,""pooled_paired_interval_95_coverage"":0.9844961240310077,""pooled_paired_interval_95_mean_width"":8596004.736189812,""pooled_paired_interval_95_winkler"":9328315.724323818,""pooled_paired_mae"":1000850.0792678546,""pooled_paired_mae_skill_vs_seasonal_naive"":-0.04557359836346575,""pooled_paired_mape"":40.55860538963173,""pooled_paired_n"":129.0,""pooled_paired_r2"":0.4488559197780573,""pooled_paired_rmse"":1500205.7337734832,""pooled_paired_rmse_skill_vs_seasonal_naive"":-0.03584417213220714,""pooled_paired_seasonal_naive_bias"":-222128.19379844962,""pooled_paired_seasonal_naive_mae"":957225.8527131783,""pooled_paired_seasonal_naive_mape"":38.862647571911005,""pooled_paired_seasonal_naive_n"":129.0,""pooled_paired_seasonal_naive_r2"":0.48633935456232924,""pooled_paired_seasonal_naive_rmse"":1448292.8746757563,""pooled_paired_seasonal_naive_smape"":30.005784616910894,""pooled_paired_seasonal_naive_wape"":25.2586017378493,""pooled_paired_smape"":30.068531826108668,""pooled_paired_wape"":26.409727108672783,""run_id"":""run_20260811T161528Z_d6188a84"",""runtime_seconds"":0.34446570044383407}",-0.04557359836346575,0.34446570044383407,"[{""path"":""results/runs/run_20260811T161528Z_d6188a84/rolling_origin_fold_metrics.csv"",""sha256"":""78c5d9a7bf44197196bef1560d6b099551fea00b610731d58f7d086b88888398""},{""path"":""results/runs/run_20260811T161528Z_d6188a84/rolling_origin_leaderboard.csv"",""sha256"":""bb6c4e3dd3a9abaf22a39271c8f29a7ef015d557207d04d094f6cb1e7aa15b17""},{""path"":""results/runs/run_20260811T161528Z_d6188a84/forecasts/rolling_origin_forecasts.csv"",""sha256"":""b54f7c007431054464965a06aac6196abc6ae4fbb66adfa33cef9d0e0cf209a1""}]",run_id=run_20260811T161528Z_d6188a84; git_sha=874c3c08b750195a5678845670e6e544784b2d50; all outer folds retained; no random split or final-test tuning,
exp_20260811T161534Z_a70ee0fc,2026-08-11T16:15:34.604253+00:00,874c3c08b750195a5678845670e6e544784b2d50,"{""available"":true,""diff_sha256"":""e3b0c44298fc1c149afbf4c8996fb92427ae41e4649b934ca495991b7852b855"",""dirty"":false,""untracked_source_files"":[]}",run_20260811T161528Z_d6188a84,af64bb4a373eba3bff2376c6f436e514249396db1d5c278111bb73f030c2b1cf,a7885fb0e1ed5de7d64ae180733effc0baebad1e4842ef6bca467466b5b538e5,departing_visitors_total_original_with_missing,2008-01..2025-11,"[""one_step_201501"",""one_step_201502"",""one_step_201503"",""one_step_201504"",""one_step_201505"",""one_step_201506"",""one_step_201507"",""one_step_201508"",""one_step_201509"",""one_step_201510"",""one_step_201511"",""one_step_201512"",""one_step_201601"",""one_step_201602"",""one_step_201603"",""one_step_201604"",""one_step_201605"",""one_step_201606"",""one_step_201607"",""one_step_201608"",""one_step_201609"",""one_step_201610"",""one_step_201611"",""one_step_201612"",""one_step_201701"",""one_step_201702"",""one_step_201703"",""one_step_201704"",""one_step_201705"",""one_step_201706"",""one_step_201707"",""one_step_201708"",""one_step_201709"",""one_step_201710"",""one_step_201711"",""one_step_201712"",""one_step_201801"",""one_step_201802"",""one_step_201803"",""one_step_201804"",""one_step_201805"",""one_step_201806"",""one_step_201807"",""one_step_201808"",""one_step_201809"",""one_step_201810"",""one_step_201811"",""one_step_201812"",""one_step_201901"",""one_step_201902"",""one_step_201903"",""one_step_201904"",""one_step_201905"",""one_step_201906"",""one_step_201907"",""one_step_201908"",""one_step_201909"",""one_step_201910"",""one_step_201911"",""one_step_201912"",""one_step_202001"",""one_step_202002"",""one_step_202003"",""one_step_202004"",""one_step_202005"",""one_step_202006"",""one_step_202007"",""one_step_202008"",""one_step_202009"",""one_step_202010"",""one_step_202011"",""one_step_202012"",""one_step_202101"",""one_step_202102"",""one_step_202103"",""one_step_202104"",""one_step_202105"",""one_step_202106"",""one_step_202107"",""one_step_202108"",""one_step_202109"",""one_step_202110"",""one_step_202111"",""one_step_202112"",""one_step_202201"",""one_step_202202"",""one_step_202203"",""one_step_202204"",""one_step_202205"",""one_step_202206"",""one_step_202207"",""one_step_202208"",""one_step_202209"",""one_step_202210"",""one_step_202211"",""one_step_202212"",""one_step_202301"",""one_step_202302"",""one_step_202303"",""one_step_202304"",""one_step_202305"",""one_step_202306"",""one_step_202307"",""one_step_202308"",""one_step_202309"",""one_step_202310"",""one_step_202311"",""one_step_202312"",""one_step_202401"",""one_step_202402"",""one_step_202403"",""one_step_202404"",""one_step_202405"",""one_step_202406"",""one_step_202407"",""one_step_202408"",""one_step_202409"",""one_step_202410"",""one_step_202411"",""one_step_202412"",""one_step_202501"",""one_step_202502"",""one_step_202503"",""one_step_202504"",""one_step_202505"",""one_step_202506"",""one_step_202507"",""one_step_202508"",""one_step_202509"",""one_step_202510"",""one_step_202511"",""one_step_202512""]",1,one_step_ex_ante,B0_target_history_calendar,"{""fourier_order"":2,""include_expanding_mean"":true,""include_rolling_median"":true,""include_rolling_std"":true,""rolling_windows"":[3,6,12,24],""seasonal_period"":12,""target_lags"":[1,2,3,6,12,13,18,24],""target_publication_delay_months"":3}",drift,"{""fold_notes"":[""""]}",20250811,"{""numpy"":""1.26.4"",""pandas"":""2.2.3"",""python"":""3.11.9"",""scikit-learn"":""1.5.2"",""scipy"":""1.13.1"",""statsmodels"":""0.14.4"",""xgboost"":""2.1.2""}",results/runs/run_20260811T161528Z_d6188a84/rolling_origin_fold_metrics.csv,"{""folds"":132,""macro_fold_full_bias"":-22802.008618254844,""macro_fold_full_interval_95_coverage"":1.0,""macro_fold_full_interval_95_mean_width"":13408425.821892962,""macro_fold_full_interval_95_winkler"":13408425.821892962,""macro_fold_full_mae"":2449181.3624142916,""macro_fold_full_mape"":80.21394430225726,""macro_fold_full_mase"":6.881451438306858,""macro_fold_full_n"":0.9772727272727273,""macro_fold_full_r2"":NaN,""macro_fold_full_rmse"":2449181.3624142916,""macro_fold_full_rmsse"":4.381226688339997,""macro_fold_full_smape"":63.90202758381733,""macro_fold_full_wape"":80.21394430225726,""macro_fold_paired_bias"":-22802.008618254844,""macro_fold_paired_interval_95_coverage"":1.0,""macro_fold_paired_interval_95_mean_width"":13408425.821892962,""macro_fold_paired_interval_95_winkler"":13408425.821892962,""macro_fold_paired_mae"":2449181.3624142916,""macro_fold_paired_mae_skill_vs_seasonal_naive"":-15.46988032457996,""macro_fold_paired_mape"":80.21394430225726,""macro_fold_paired_mase"":6.881451438306858,""macro_fold_paired_n"":0.9772727272727273,""macro_fold_paired_r2"":NaN,""macro_fold_paired_rmse"":2449181.3624142916,""macro_fold_paired_rmse_skill_vs_seasonal_naive"":-15.46988032457996,""macro_fold_paired_rmsse"":4.381226688339997,""macro_fold_paired_seasonal_naive_bias"":-174434.0,""macro_fold_paired_seasonal_naive_mae"":896358.4031007752,""macro_fold_paired_seasonal_naive_mape"":37.898343396956136,""macro_fold_paired_seasonal_naive_mase"":2.4173723953828947,""macro_fold_paired_seasonal_naive_n"":0.9772727272727273,""macro_fold_paired_seasonal_naive_r2"":NaN,""macro_fold_paired_seasonal_naive_rmse"":896358.4031007752,""macro_fold_paired_seasonal_naive_rmsse"":1.4786427004696798,""macro_fold_paired_seasonal_naive_smape"":28.288824993194282,""macro_fold_paired_seasonal_naive_wape"":37.898343396956136,""macro_fold_paired_smape"":63.90202758381733,""macro_fold_paired_wape"":80.21394430225726,""macro_fold_target_publication_delay_months"":3.0,""pooled_full_bias"":-22802.008618254866,""pooled_full_interval_95_coverage"":1.0,""pooled_full_interval_95_mean_width"":13408425.821892962,""pooled_full_interval_95_winkler"":13408425.82189296,""pooled_full_mae"":2449181.3624142916,""pooled_full_mape"":80.21394430225726,""pooled_full_n"":129.0,""pooled_full_r2"":-1.0711994928663247,""pooled_full_rmse"":2908233.0997505295,""pooled_full_smape"":63.90202758381734,""pooled_full_wape"":64.62727311599497,""pooled_paired_bias"":-22802.008618254866,""pooled_paired_interval_95_coverage"":1.0,""pooled_paired_interval_95_mean_width"":13408425.821892962,""pooled_paired_interval_95_winkler"":13408425.82189296,""pooled_paired_mae"":2449181.3624142916,""pooled_paired_mae_skill_vs_seasonal_naive"":-1.7323683851702971,""pooled_paired_mape"":80.21394430225726,""pooled_paired_n"":129.0,""pooled_paired_r2"":-1.0711994928663247,""pooled_paired_rmse"":2908233.0997505295,""pooled_paired_rmse_skill_vs_seasonal_naive"":-1.0742498011569812,""pooled_paired_seasonal_naive_bias"":-174434.0,""pooled_paired_seasonal_naive_mae"":896358.4031007752,""pooled_paired_seasonal_naive_mape"":37.89834339695614,""pooled_paired_seasonal_naive_n"":129.0,""pooled_paired_seasonal_naive_r2"":0.5186069490364134,""pooled_paired_seasonal_naive_rmse"":1402065.0252097729,""pooled_paired_seasonal_naive_smape"":28.288824993194286,""pooled_paired_seasonal_naive_wape"":23.652474339387812,""pooled_paired_smape"":63.90202758381734,""pooled_paired_wape"":64.62727311599497,""run_id"":""run_20260811T161528Z_d6188a84"",""runtime_seconds"":0.18153969990089536}",-1.7323683851702971,0.18153969990089536,"[{""path"":""results/runs/run_20260811T161528Z_d6188a84/rolling_origin_fold_metrics.csv"",""sha256"":""78c5d9a7bf44197196bef1560d6b099551fea00b610731d58f7d086b88888398""},{""path"":""results/runs/run_20260811T161528Z_d6188a84/rolling_origin_leaderboard.csv"",""sha256"":""bb6c4e3dd3a9abaf22a39271c8f29a7ef015d557207d04d094f6cb1e7aa15b17""},{""path"":""results/runs/run_20260811T161528Z_d6188a84/forecasts/rolling_origin_forecasts.csv"",""sha256"":""b54f7c007431054464965a06aac6196abc6ae4fbb66adfa33cef9d0e0cf209a1""}]",run_id=run_20260811T161528Z_d6188a84; git_sha=874c3c08b750195a5678845670e6e544784b2d50; all outer folds retained; no random split or final-test tuning,
exp_20260811T161535Z_724cfdd1,2026-08-11T16:15:35.029233+00:00,874c3c08b750195a5678845670e6e544784b2d50,"{""available"":true,""diff_sha256"":""e3b0c44298fc1c149afbf4c8996fb92427ae41e4649b934ca495991b7852b855"",""dirty"":false,""untracked_source_files"":[]}",run_20260811T161528Z_d6188a84,af64bb4a373eba3bff2376c6f436e514249396db1d5c278111bb73f030c2b1cf,a7885fb0e1ed5de7d64ae180733effc0baebad1e4842ef6bca467466b5b538e5,departing_visitors_total_original_with_missing,2008-01..2025-11,"[""one_step_201501"",""one_step_201502"",""one_step_201503"",""one_step_201504"",""one_step_201505"",""one_step_201506"",""one_step_201507"",""one_step_201508"",""one_step_201509"",""one_step_201510"",""one_step_201511"",""one_step_201512"",""one_step_201601"",""one_step_201602"",""one_step_201603"",""one_step_201604"",""one_step_201605"",""one_step_201606"",""one_step_201607"",""one_step_201608"",""one_step_201609"",""one_step_201610"",""one_step_201611"",""one_step_201612"",""one_step_201701"",""one_step_201702"",""one_step_201703"",""one_step_201704"",""one_step_201705"",""one_step_201706"",""one_step_201707"",""one_step_201708"",""one_step_201709"",""one_step_201710"",""one_step_201711"",""one_step_201712"",""one_step_201801"",""one_step_201802"",""one_step_201803"",""one_step_201804"",""one_step_201805"",""one_step_201806"",""one_step_201807"",""one_step_201808"",""one_step_201809"",""one_step_201810"",""one_step_201811"",""one_step_201812"",""one_step_201901"",""one_step_201902"",""one_step_201903"",""one_step_201904"",""one_step_201905"",""one_step_201906"",""one_step_201907"",""one_step_201908"",""one_step_201909"",""one_step_201910"",""one_step_201911"",""one_step_201912"",""one_step_202001"",""one_step_202002"",""one_step_202003"",""one_step_202004"",""one_step_202005"",""one_step_202006"",""one_step_202007"",""one_step_202008"",""one_step_202009"",""one_step_202010"",""one_step_202011"",""one_step_202012"",""one_step_202101"",""one_step_202102"",""one_step_202103"",""one_step_202104"",""one_step_202105"",""one_step_202106"",""one_step_202107"",""one_step_202108"",""one_step_202109"",""one_step_202110"",""one_step_202111"",""one_step_202112"",""one_step_202201"",""one_step_202202"",""one_step_202203"",""one_step_202204"",""one_step_202205"",""one_step_202206"",""one_step_202207"",""one_step_202208"",""one_step_202209"",""one_step_202210"",""one_step_202211"",""one_step_202212"",""one_step_202301"",""one_step_202302"",""one_step_202303"",""one_step_202304"",""one_step_202305"",""one_step_202306"",""one_step_202307"",""one_step_202308"",""one_step_202309"",""one_step_202310"",""one_step_202311"",""one_step_202312"",""one_step_202401"",""one_step_202402"",""one_step_202403"",""one_step_202404"",""one_step_202405"",""one_step_202406"",""one_step_202407"",""one_step_202408"",""one_step_202409"",""one_step_202410"",""one_step_202411"",""one_step_202412"",""one_step_202501"",""one_step_202502"",""one_step_202503"",""one_step_202504"",""one_step_202505"",""one_step_202506"",""one_step_202507"",""one_step_202508"",""one_step_202509"",""one_step_202510"",""one_step_202511"",""one_step_202512""]",1,one_step_ex_ante,B0_target_history_calendar,"{""fourier_order"":2,""include_expanding_mean"":true,""include_rolling_median"":true,""include_rolling_std"":true,""rolling_windows"":[3,6,12,24],""seasonal_period"":12,""target_lags"":[1,2,3,6,12,13,18,24],""target_publication_delay_months"":3}",naive_last,"{""fold_notes"":[""""]}",20250811,"{""numpy"":""1.26.4"",""pandas"":""2.2.3"",""python"":""3.11.9"",""scikit-learn"":""1.5.2"",""scipy"":""1.13.1"",""statsmodels"":""0.14.4"",""xgboost"":""2.1.2""}",results/runs/run_20260811T161528Z_d6188a84/rolling_origin_fold_metrics.csv,"{""folds"":132,""macro_fold_full_bias"":-93638.51937984496,""macro_fold_full_interval_95_coverage"":0.7596899224806202,""macro_fold_full_interval_95_mean_width"":7199416.537798244,""macro_fold_full_interval_95_winkler"":15415945.48833552,""macro_fold_full_mae"":2424733.434108527,""macro_fold_full_mape"":78.4728241345929,""macro_fold_full_mase"":6.797672914187119,""macro_fold_full_n"":0.9772727272727273,""macro_fold_full_r2"":NaN,""macro_fold_full_rmse"":2424733.434108527,""macro_fold_full_rmsse"":4.324886043458757,""macro_fold_full_smape"":63.78317419031506,""macro_fold_full_wape"":78.4728241345929,""macro_fold_paired_bias"":-93638.51937984496,""macro_fold_paired_interval_95_coverage"":0.7596899224806202,""macro_fold_paired_interval_95_mean_width"":7199416.537798244,""macro_fold_paired_interval_95_winkler"":15415945.48833552,""macro_fold_paired_mae"":2424733.434108527,""macro_fold_paired_mae_skill_vs_seasonal_naive"":-15.192965722236162,""macro_fold_paired_mape"":78.4728241345929,""macro_fold_paired_mase"":6.797672914187119,""macro_fold_paired_n"":0.9772727272727273,""macro_fold_paired_r2"":NaN,""macro_fold_paired_rmse"":2424733.434108527,""macro_fold_paired_rmse_skill_vs_seasonal_naive"":-15.192965722236162,""macro_fold_paired_rmsse"":4.324886043458757,""macro_fold_paired_seasonal_naive_bias"":-174434.0,""macro_fold_paired_seasonal_naive_mae"":896358.4031007752,""macro_fold_paired_seasonal_naive_mape"":37.898343396956136,""macro_fold_paired_seasonal_naive_mase"":2.4173723953828947,""macro_fold_paired_seasonal_naive_n"":0.9772727272727273,""macro_fold_paired_seasonal_naive_r2"":NaN,""macro_fold_paired_seasonal_naive_rmse"":896358.4031007752,""macro_fold_paired_seasonal_naive_rmsse"":1.4786427004696798,""macro_fold_paired_seasonal_naive_smape"":28.288824993194282,""macro_fold_paired_seasonal_naive_wape"":37.898343396956136,""macro_fold_paired_smape"":63.78317419031506,""macro_fold_paired_wape"":78.4728241345929,""macro_fold_target_publication_delay_months"":3.0,""pooled_full_bias"":-93638.51937984496,""pooled_full_interval_95_coverage"":0.7596899224806202,""pooled_full_interval_95_mean_width"":7199416.537798244,""pooled_full_interval_95_winkler"":15415945.48833552,""pooled_full_mae"":2424733.434108527,""pooled_full_mape"":78.47282413459291,""pooled_full_n"":129.0,""pooled_full_r2"":-1.0148690155200444,""pooled_full_rmse"":2868412.831870792,""pooled_full_smape"":63.78317419031506,""pooled_full_wape"":63.98215839971303,""pooled_paired_bias"":-93638.51937984496,""pooled_paired_interval_95_coverage"":0.7596899224806202,""pooled_paired_interval_95_mean_width"":7199416.537798244,""pooled_paired_interval_95_winkler"":15415945.48833552,""pooled_paired_mae"":2424733.434108527,""pooled_paired_mae_skill_vs_seasonal_naive"":-1.7050936608845744,""pooled_paired_mape"":78.47282413459291,""pooled_paired_n"":129.0,""pooled_paired_r2"":-1.0148690155200444,""pooled_paired_rmse"":2868412.831870792,""pooled_paired_rmse_skill_vs_seasonal_naive"":-1.0458486448883697,""pooled_paired_seasonal_naive_bias"":-174434.0,""pooled_paired_seasonal_naive_mae"":896358.4031007752,""pooled_paired_seasonal_naive_mape"":37.89834339695614,""pooled_paired_seasonal_naive_n"":129.0,""pooled_paired_seasonal_naive_r2"":0.5186069490364134,""pooled_paired_seasonal_naive_rmse"":1402065.0252097729,""pooled_paired_seasonal_naive_smape"":28.288824993194286,""pooled_paired_seasonal_naive_wape"":23.652474339387812,""pooled_paired_smape"":63.78317419031506,""pooled_paired_wape"":63.98215839971303,""run_id"":""run_20260811T161528Z_d6188a84"",""runtime_seconds"":0.17422960000112653}",-1.7050936608845744,0.17422960000112653,"[{""path"":""results/runs/run_20260811T161528Z_d6188a84/rolling_origin_fold_metrics.csv"",""sha256"":""78c5d9a7bf44197196bef1560d6b099551fea00b610731d58f7d086b88888398""},{""path"":""results/runs/run_20260811T161528Z_d6188a84/rolling_origin_leaderboard.csv"",""sha256"":""bb6c4e3dd3a9abaf22a39271c8f29a7ef015d557207d04d094f6cb1e7aa15b17""},{""path"":""results/runs/run_20260811T161528Z_d6188a84/forecasts/rolling_origin_forecasts.csv"",""sha256"":""b54f7c007431054464965a06aac6196abc6ae4fbb66adfa33cef9d0e0cf209a1""}]",run_id=run_20260811T161528Z_d6188a84; git_sha=874c3c08b750195a5678845670e6e544784b2d50; all outer folds retained; no random split or final-test tuning,
exp_20260811T161536Z_1e538100,2026-08-11T16:15:36.114838+00:00,874c3c08b750195a5678845670e6e544784b2d50,"{""available"":true,""diff_sha256"":""e3b0c44298fc1c149afbf4c8996fb92427ae41e4649b934ca495991b7852b855"",""dirty"":false,""untracked_source_files"":[]}",run_20260811T161528Z_d6188a84,af64bb4a373eba3bff2376c6f436e514249396db1d5c278111bb73f030c2b1cf,a7885fb0e1ed5de7d64ae180733effc0baebad1e4842ef6bca467466b5b538e5,departing_visitors_total_original_with_missing,2008-01..2025-11,"[""one_step_201501"",""one_step_201502"",""one_step_201503"",""one_step_201504"",""one_step_201505"",""one_step_201506"",""one_step_201507"",""one_step_201508"",""one_step_201509"",""one_step_201510"",""one_step_201511"",""one_step_201512"",""one_step_201601"",""one_step_201602"",""one_step_201603"",""one_step_201604"",""one_step_201605"",""one_step_201606"",""one_step_201607"",""one_step_201608"",""one_step_201609"",""one_step_201610"",""one_step_201611"",""one_step_201612"",""one_step_201701"",""one_step_201702"",""one_step_201703"",""one_step_201704"",""one_step_201705"",""one_step_201706"",""one_step_201707"",""one_step_201708"",""one_step_201709"",""one_step_201710"",""one_step_201711"",""one_step_201712"",""one_step_201801"",""one_step_201802"",""one_step_201803"",""one_step_201804"",""one_step_201805"",""one_step_201806"",""one_step_201807"",""one_step_201808"",""one_step_201809"",""one_step_201810"",""one_step_201811"",""one_step_201812"",""one_step_201901"",""one_step_201902"",""one_step_201903"",""one_step_201904"",""one_step_201905"",""one_step_201906"",""one_step_201907"",""one_step_201908"",""one_step_201909"",""one_step_201910"",""one_step_201911"",""one_step_201912"",""one_step_202001"",""one_step_202002"",""one_step_202003"",""one_step_202004"",""one_step_202005"",""one_step_202006"",""one_step_202007"",""one_step_202008"",""one_step_202009"",""one_step_202010"",""one_step_202011"",""one_step_202012"",""one_step_202101"",""one_step_202102"",""one_step_202103"",""one_step_202104"",""one_step_202105"",""one_step_202106"",""one_step_202107"",""one_step_202108"",""one_step_202109"",""one_step_202110"",""one_step_202111"",""one_step_202112"",""one_step_202201"",""one_step_202202"",""one_step_202203"",""one_step_202204"",""one_step_202205"",""one_step_202206"",""one_step_202207"",""one_step_202208"",""one_step_202209"",""one_step_202210"",""one_step_202211"",""one_step_202212"",""one_step_202301"",""one_step_202302"",""one_step_202303"",""one_step_202304"",""one_step_202305"",""one_step_202306"",""one_step_202307"",""one_step_202308"",""one_step_202309"",""one_step_202310"",""one_step_202311"",""one_step_202312"",""one_step_202401"",""one_step_202402"",""one_step_202403"",""one_step_202404"",""one_step_202405"",""one_step_202406"",""one_step_202407"",""one_step_202408"",""one_step_202409"",""one_step_202410"",""one_step_202411"",""one_step_202412"",""one_step_202501"",""one_step_202502"",""one_step_202503"",""one_step_202504"",""one_step_202505"",""one_step_202506"",""one_step_202507"",""one_step_202508"",""one_step_202509"",""one_step_202510"",""one_step_202511"",""one_step_202512""]",1,one_step_ex_ante,B0_target_history_calendar,"{""fourier_order"":2,""include_expanding_mean"":true,""include_rolling_median"":true,""include_rolling_std"":true,""rolling_windows"":[3,6,12,24],""seasonal_period"":12,""target_lags"":[1,2,3,6,12,13,18,24],""target_publication_delay_months"":3}",same_month_historical_mean,"{""fold_notes"":[""""]}",20250811,"{""numpy"":""1.26.4"",""pandas"":""2.2.3"",""python"":""3.11.9"",""scikit-learn"":""1.5.2"",""scipy"":""1.13.1"",""statsmodels"":""0.14.4"",""xgboost"":""2.1.2""}",results/runs/run_20260811T161528Z_d6188a84/rolling_origin_fold_metrics.csv,"{""folds"":132,""macro_fold_full_bias"":-689168.2257990945,""macro_fold_full_interval_95_coverage"":0.6666666666666666,""macro_fold_full_interval_95_mean_width"":2496023.3632920976,""macro_fold_full_interval_95_winkler"":11241959.375502639,""macro_fold_full_mae"":1152276.1206510128,""macro_fold_full_mape"":37.098478814413674,""macro_fold_full_mase"":2.7717891470271465,""macro_fold_full_n"":0.9772727272727273,""macro_fold_full_r2"":NaN,""macro_fold_full_rmse"":1152276.1206510128,""macro_fold_full_rmsse"":1.7168229414464855,""macro_fold_full_smape"":34.4401613596487,""macro_fold_full_wape"":37.098478814413674,""macro_fold_paired_bias"":-689168.2257990945,""macro_fold_paired_interval_95_coverage"":0.6666666666666666,""macro_fold_paired_interval_95_mean_width"":2496023.3632920976,""macro_fold_paired_interval_95_winkler"":11241959.375502639,""macro_fold_paired_mae"":1152276.1206510128,""macro_fold_paired_mae_skill_vs_seasonal_naive"":-5.682947019902087,""macro_fold_paired_mape"":37.098478814413674,""macro_fold_paired_mase"":2.7717891470271465,""macro_fold_paired_n"":0.9772727272727273,""macro_fold_paired_r2"":NaN,""macro_fold_paired_rmse"":1152276.1206510128,""macro_fold_paired_rmse_skill_vs_seasonal_naive"":-5.682947019902087,""macro_fold_paired_rmsse"":1.7168229414464855,""macro_fold_paired_seasonal_naive_bias"":-174434.0,""macro_fold_paired_seasonal_naive_mae"":896358.4031007752,""macro_fold_paired_seasonal_naive_mape"":37.898343396956136,""macro_fold_paired_seasonal_naive_mase"":2.4173723953828947,""macro_fold_paired_seasonal_naive_n"":0.9772727272727273,""macro_fold_paired_seasonal_naive_r2"":NaN,""macro_fold_paired_seasonal_naive_rmse"":896358.4031007752,""macro_fold_paired_seasonal_naive_rmsse"":1.4786427004696798,""macro_fold_paired_seasonal_naive_smape"":28.288824993194282,""macro_fold_paired_seasonal_naive_wape"":37.898343396956136,""macro_fold_paired_smape"":34.4401613596487,""macro_fold_paired_wape"":37.098478814413674,""macro_fold_target_publication_delay_months"":3.0,""pooled_full_bias"":-689168.2257990945,""pooled_full_interval_95_coverage"":0.6666666666666666,""pooled_full_interval_95_mean_width"":2496023.3632920976,""pooled_full_interval_95_winkler"":11241959.375502639,""pooled_full_mae"":1152276.1206510128,""pooled_full_mape"":37.098478814413674,""pooled_full_n"":129.0,""pooled_full_r2"":0.5130323020164345,""pooled_full_rmse"":1410159.7825359257,""pooled_full_smape"":34.4401613596487,""pooled_full_wape"":30.405450856830196,""pooled_paired_bias"":-689168.2257990945,""pooled_paired_interval_95_coverage"":0.6666666666666666,""pooled_paired_interval_95_mean_width"":2496023.3632920976,""pooled_paired_interval_95_winkler"":11241959.375502639,""pooled_paired_mae"":1152276.1206510128,""pooled_paired_mae_skill_vs_seasonal_naive"":-0.28550824833564414,""pooled_paired_mape"":37.098478814413674,""pooled_paired_n"":129.0,""pooled_paired_r2"":0.5130323020164345,""pooled_paired_rmse"":1410159.7825359257,""pooled_paired_rmse_skill_vs_seasonal_naive"":-0.00577345357070147,""pooled_paired_seasonal_naive_bias"":-174434.0,""pooled_paired_seasonal_naive_mae"":896358.4031007752,""pooled_paired_seasonal_naive_mape"":37.89834339695614,""pooled_paired_seasonal_naive_n"":129.0,""pooled_paired_seasonal_naive_r2"":0.5186069490364134,""pooled_paired_seasonal_naive_rmse"":1402065.0252097729,""pooled_paired_seasonal_naive_smape"":28.288824993194286,""pooled_paired_seasonal_naive_wape"":23.652474339387812,""pooled_paired_smape"":34.4401613596487,""pooled_paired_wape"":30.405450856830196,""run_id"":""run_20260811T161528Z_d6188a84"",""runtime_seconds"":0.2678192997118458}",-0.28550824833564414,0.2678192997118458,"[{""path"":""results/runs/run_20260811T161528Z_d6188a84/rolling_origin_fold_metrics.csv"",""sha256"":""78c5d9a7bf44197196bef1560d6b099551fea00b610731d58f7d086b88888398""},{""path"":""results/runs/run_20260811T161528Z_d6188a84/rolling_origin_leaderboard.csv"",""sha256"":""bb6c4e3dd3a9abaf22a39271c8f29a7ef015d557207d04d094f6cb1e7aa15b17""},{""path"":""results/runs/run_20260811T161528Z_d6188a84/forecasts/rolling_origin_forecasts.csv"",""sha256"":""b54f7c007431054464965a06aac6196abc6ae4fbb66adfa33cef9d0e0cf209a1""}]",run_id=run_20260811T161528Z_d6188a84; git_sha=874c3c08b750195a5678845670e6e544784b2d50; all outer folds retained; no random split or final-test tuning,
exp_20260811T161537Z_b290101e,2026-08-11T16:15:37.014224+00:00,874c3c08b750195a5678845670e6e544784b2d50,"{""available"":true,""diff_sha256"":""e3b0c44298fc1c149afbf4c8996fb92427ae41e4649b934ca495991b7852b855"",""dirty"":false,""untracked_source_files"":[]}",run_20260811T161528Z_d6188a84,af64bb4a373eba3bff2376c6f436e514249396db1d5c278111bb73f030c2b1cf,a7885fb0e1ed5de7d64ae180733effc0baebad1e4842ef6bca467466b5b538e5,departing_visitors_total_original_with_missing,2008-01..2025-11,"[""one_step_201501"",""one_step_201502"",""one_step_201503"",""one_step_201504"",""one_step_201505"",""one_step_201506"",""one_step_201507"",""one_step_201508"",""one_step_201509"",""one_step_201510"",""one_step_201511"",""one_step_201512"",""one_step_201601"",""one_step_201602"",""one_step_201603"",""one_step_201604"",""one_step_201605"",""one_step_201606"",""one_step_201607"",""one_step_201608"",""one_step_201609"",""one_step_201610"",""one_step_201611"",""one_step_201612"",""one_step_201701"",""one_step_201702"",""one_step_201703"",""one_step_201704"",""one_step_201705"",""one_step_201706"",""one_step_201707"",""one_step_201708"",""one_step_201709"",""one_step_201710"",""one_step_201711"",""one_step_201712"",""one_step_201801"",""one_step_201802"",""one_step_201803"",""one_step_201804"",""one_step_201805"",""one_step_201806"",""one_step_201807"",""one_step_201808"",""one_step_201809"",""one_step_201810"",""one_step_201811"",""one_step_201812"",""one_step_201901"",""one_step_201902"",""one_step_201903"",""one_step_201904"",""one_step_201905"",""one_step_201906"",""one_step_201907"",""one_step_201908"",""one_step_201909"",""one_step_201910"",""one_step_201911"",""one_step_201912"",""one_step_202001"",""one_step_202002"",""one_step_202003"",""one_step_202004"",""one_step_202005"",""one_step_202006"",""one_step_202007"",""one_step_202008"",""one_step_202009"",""one_step_202010"",""one_step_202011"",""one_step_202012"",""one_step_202101"",""one_step_202102"",""one_step_202103"",""one_step_202104"",""one_step_202105"",""one_step_202106"",""one_step_202107"",""one_step_202108"",""one_step_202109"",""one_step_202110"",""one_step_202111"",""one_step_202112"",""one_step_202201"",""one_step_202202"",""one_step_202203"",""one_step_202204"",""one_step_202205"",""one_step_202206"",""one_step_202207"",""one_step_202208"",""one_step_202209"",""one_step_202210"",""one_step_202211"",""one_step_202212"",""one_step_202301"",""one_step_202302"",""one_step_202303"",""one_step_202304"",""one_step_202305"",""one_step_202306"",""one_step_202307"",""one_step_202308"",""one_step_202309"",""one_step_202310"",""one_step_202311"",""one_step_202312"",""one_step_202401"",""one_step_202402"",""one_step_202403"",""one_step_202404"",""one_step_202405"",""one_step_202406"",""one_step_202407"",""one_step_202408"",""one_step_202409"",""one_step_202410"",""one_step_202411"",""one_step_202412"",""one_step_202501"",""one_step_202502"",""one_step_202503"",""one_step_202504"",""one_step_202505"",""one_step_202506"",""one_step_202507"",""one_step_202508"",""one_step_202509"",""one_step_202510"",""one_step_202511"",""one_step_202512""]",1,one_step_ex_ante,B0_target_history_calendar,"{""fourier_order"":2,""include_expanding_mean"":true,""include_rolling_median"":true,""include_rolling_std"":true,""rolling_windows"":[3,6,12,24],""seasonal_period"":12,""target_lags"":[1,2,3,6,12,13,18,24],""target_publication_delay_months"":3}",seasonal_moving_average_3,"{""fold_notes"":[""""]}",20250811,"{""numpy"":""1.26.4"",""pandas"":""2.2.3"",""python"":""3.11.9"",""scikit-learn"":""1.5.2"",""scipy"":""1.13.1"",""statsmodels"":""0.14.4"",""xgboost"":""2.1.2""}",results/runs/run_20260811T161528Z_d6188a84/rolling_origin_fold_metrics.csv,"{""folds"":132,""macro_fold_full_bias"":-347654.9173126615,""macro_fold_full_interval_95_coverage"":0.7364341085271318,""macro_fold_full_interval_95_mean_width"":2732226.379750065,""macro_fold_full_interval_95_winkler"":11742340.624422021,""macro_fold_full_mae"":1001734.9793281653,""macro_fold_full_mape"":36.83046851319508,""macro_fold_full_mase"":2.5202375009922795,""macro_fold_full_n"":0.9772727272727273,""macro_fold_full_r2"":NaN,""macro_fold_full_rmse"":1001734.9793281653,""macro_fold_full_rmsse"":1.5640148780268457,""macro_fold_full_smape"":28.989870782522768,""macro_fold_full_wape"":36.83046851319508,""macro_fold_paired_bias"":-347654.9173126615,""macro_fold_paired_interval_95_coverage"":0.7364341085271318,""macro_fold_paired_interval_95_mean_width"":2732226.379750065,""macro_fold_paired_interval_95_winkler"":11742340.624422021,""macro_fold_paired_mae"":1001734.9793281653,""macro_fold_paired_mae_skill_vs_seasonal_naive"":-2.196047865374965,""macro_fold_paired_mape"":36.83046851319508,""macro_fold_paired_mase"":2.5202375009922795,""macro_fold_paired_n"":0.9772727272727273,""macro_fold_paired_r2"":NaN,""macro_fold_paired_rmse"":1001734.9793281653,""macro_fold_paired_rmse_skill_vs_seasonal_naive"":-2.196047865374965,""macro_fold_paired_rmsse"":1.5640148780268457,""macro_fold_paired_seasonal_naive_bias"":-174434.0,""macro_fold_paired_seasonal_naive_mae"":896358.4031007752,""macro_fold_paired_seasonal_naive_mape"":37.898343396956136,""macro_fold_paired_seasonal_naive_mase"":2.4173723953828947,""macro_fold_paired_seasonal_naive_n"":0.9772727272727273,""macro_fold_paired_seasonal_naive_r2"":NaN,""macro_fold_paired_seasonal_naive_rmse"":896358.4031007752,""macro_fold_paired_seasonal_naive_rmsse"":1.4786427004696798,""macro_fold_paired_seasonal_naive_smape"":28.288824993194282,""macro_fold_paired_seasonal_naive_wape"":37.898343396956136,""macro_fold_paired_smape"":28.989870782522768,""macro_fold_paired_wape"":36.83046851319508,""macro_fold_target_publication_delay_months"":3.0,""pooled_full_bias"":-347654.9173126615,""pooled_full_interval_95_coverage"":0.7364341085271318,""pooled_full_interval_95_mean_width"":2732226.379750065,""pooled_full_interval_95_winkler"":11742340.624422021,""pooled_full_mae"":1001734.9793281654,""pooled_full_mape"":36.83046851319507,""pooled_full_n"":129.0,""pooled_full_r2"":0.5506908737132497,""pooled_full_rmse"":1354536.984142238,""pooled_full_smape"":28.989870782522768,""pooled_full_wape"":26.433077228331413,""pooled_paired_bias"":-347654.9173126615,""pooled_paired_interval_95_coverage"":0.7364341085271318,""pooled_paired_interval_95_mean_width"":2732226.379750065,""pooled_paired_interval_95_winkler"":11742340.624422021,""pooled_paired_mae"":1001734.9793281654,""pooled_paired_mae_skill_vs_seasonal_naive"":-0.11756076125672577,""pooled_paired_mape"":36.83046851319507,""pooled_paired_n"":129.0,""pooled_paired_r2"":0.5506908737132497,""pooled_paired_rmse"":1354536.984142238,""pooled_paired_rmse_skill_vs_seasonal_naive"":0.033898599717530065,""pooled_paired_seasonal_naive_bias"":-174434.0,""pooled_paired_seasonal_naive_mae"":896358.4031007752,""pooled_paired_seasonal_naive_mape"":37.89834339695614,""pooled_paired_seasonal_naive_n"":129.0,""pooled_paired_seasonal_naive_r2"":0.5186069490364134,""pooled_paired_seasonal_naive_rmse"":1402065.0252097729,""pooled_paired_seasonal_naive_smape"":28.288824993194286,""pooled_paired_seasonal_naive_wape"":23.652474339387812,""pooled_paired_smape"":28.989870782522768,""pooled_paired_wape"":26.433077228331413,""run_id"":""run_20260811T161528Z_d6188a84"",""runtime_seconds"":3.1386131000472233}",-0.11756076125672577,3.1386131000472233,"[{""path"":""results/runs/run_20260811T161528Z_d6188a84/rolling_origin_fold_metrics.csv"",""sha256"":""78c5d9a7bf44197196bef1560d6b099551fea00b610731d58f7d086b88888398""},{""path"":""results/runs/run_20260811T161528Z_d6188a84/rolling_origin_leaderboard.csv"",""sha256"":""bb6c4e3dd3a9abaf22a39271c8f29a7ef015d557207d04d094f6cb1e7aa15b17""},{""path"":""results/runs/run_20260811T161528Z_d6188a84/forecasts/rolling_origin_forecasts.csv"",""sha256"":""b54f7c007431054464965a06aac6196abc6ae4fbb66adfa33cef9d0e0cf209a1""}]",run_id=run_20260811T161528Z_d6188a84; git_sha=874c3c08b750195a5678845670e6e544784b2d50; all outer folds retained; no random split or final-test tuning,
exp_20260811T161537Z_250a7f33,2026-08-11T16:15:37.523346+00:00,874c3c08b750195a5678845670e6e544784b2d50,"{""available"":true,""diff_sha256"":""e3b0c44298fc1c149afbf4c8996fb92427ae41e4649b934ca495991b7852b855"",""dirty"":false,""untracked_source_files"":[]}",run_20260811T161528Z_d6188a84,af64bb4a373eba3bff2376c6f436e514249396db1d5c278111bb73f030c2b1cf,a7885fb0e1ed5de7d64ae180733effc0baebad1e4842ef6bca467466b5b538e5,departing_visitors_total_original_with_missing,2008-01..2025-11,"[""one_step_201501"",""one_step_201502"",""one_step_201503"",""one_step_201504"",""one_step_201505"",""one_step_201506"",""one_step_201507"",""one_step_201508"",""one_step_201509"",""one_step_201510"",""one_step_201511"",""one_step_201512"",""one_step_201601"",""one_step_201602"",""one_step_201603"",""one_step_201604"",""one_step_201605"",""one_step_201606"",""one_step_201607"",""one_step_201608"",""one_step_201609"",""one_step_201610"",""one_step_201611"",""one_step_201612"",""one_step_201701"",""one_step_201702"",""one_step_201703"",""one_step_201704"",""one_step_201705"",""one_step_201706"",""one_step_201707"",""one_step_201708"",""one_step_201709"",""one_step_201710"",""one_step_201711"",""one_step_201712"",""one_step_201801"",""one_step_201802"",""one_step_201803"",""one_step_201804"",""one_step_201805"",""one_step_201806"",""one_step_201807"",""one_step_201808"",""one_step_201809"",""one_step_201810"",""one_step_201811"",""one_step_201812"",""one_step_201901"",""one_step_201902"",""one_step_201903"",""one_step_201904"",""one_step_201905"",""one_step_201906"",""one_step_201907"",""one_step_201908"",""one_step_201909"",""one_step_201910"",""one_step_201911"",""one_step_201912"",""one_step_202001"",""one_step_202002"",""one_step_202003"",""one_step_202004"",""one_step_202005"",""one_step_202006"",""one_step_202007"",""one_step_202008"",""one_step_202009"",""one_step_202010"",""one_step_202011"",""one_step_202012"",""one_step_202101"",""one_step_202102"",""one_step_202103"",""one_step_202104"",""one_step_202105"",""one_step_202106"",""one_step_202107"",""one_step_202108"",""one_step_202109"",""one_step_202110"",""one_step_202111"",""one_step_202112"",""one_step_202201"",""one_step_202202"",""one_step_202203"",""one_step_202204"",""one_step_202205"",""one_step_202206"",""one_step_202207"",""one_step_202208"",""one_step_202209"",""one_step_202210"",""one_step_202211"",""one_step_202212"",""one_step_202301"",""one_step_202302"",""one_step_202303"",""one_step_202304"",""one_step_202305"",""one_step_202306"",""one_step_202307"",""one_step_202308"",""one_step_202309"",""one_step_202310"",""one_step_202311"",""one_step_202312"",""one_step_202401"",""one_step_202402"",""one_step_202403"",""one_step_202404"",""one_step_202405"",""one_step_202406"",""one_step_202407"",""one_step_202408"",""one_step_202409"",""one_step_202410"",""one_step_202411"",""one_step_202412"",""one_step_202501"",""one_step_202502"",""one_step_202503"",""one_step_202504"",""one_step_202505"",""one_step_202506"",""one_step_202507"",""one_step_202508"",""one_step_202509"",""one_step_202510"",""one_step_202511"",""one_step_202512""]",1,one_step_ex_ante,B0_target_history_calendar,"{""fourier_order"":2,""include_expanding_mean"":true,""include_rolling_median"":true,""include_rolling_std"":true,""rolling_windows"":[3,6,12,24],""seasonal_period"":12,""target_lags"":[1,2,3,6,12,13,18,24],""target_publication_delay_months"":3}",seasonal_naive,"{""fold_notes"":[""release-aware recursive seasonal fill for 3 unavailable training reference months; raw target unchanged"",""release-aware recursive seasonal fill for 4 unavailable training reference months; raw target unchanged"",""release-aware recursive seasonal fill for 5 unavailable training reference months; raw target unchanged"",""release-aware recursive seasonal fill for 6 unavailable training reference months; raw target unchanged""]}",20250811,"{""numpy"":""1.26.4"",""pandas"":""2.2.3"",""python"":""3.11.9"",""scikit-learn"":""1.5.2"",""scipy"":""1.13.1"",""statsmodels"":""0.14.4"",""xgboost"":""2.1.2""}",results/runs/run_20260811T161528Z_d6188a84/rolling_origin_fold_metrics.csv,"{""folds"":132,""macro_fold_full_bias"":-174434.0,""macro_fold_full_interval_95_coverage"":0.7751937984496124,""macro_fold_full_interval_95_mean_width"":2844516.1284956387,""macro_fold_full_interval_95_winkler"":12923508.459463354,""macro_fold_full_mae"":896358.4031007752,""macro_fold_full_mape"":37.898343396956136,""macro_fold_full_mase"":2.4173723953828947,""macro_fold_full_n"":0.9772727272727273,""macro_fold_full_r2"":NaN,""macro_fold_full_rmse"":896358.4031007752,""macro_fold_full_rmsse"":1.4786427004696798,""macro_fold_full_smape"":28.288824993194282,""macro_fold_full_wape"":37.898343396956136,""macro_fold_paired_bias"":-174434.0,""macro_fold_paired_interval_95_coverage"":0.7751937984496124,""macro_fold_paired_interval_95_mean_width"":2844516.1284956387,""macro_fold_paired_interval_95_winkler"":12923508.459463354,""macro_fold_paired_mae"":896358.4031007752,""macro_fold_paired_mae_skill_vs_seasonal_naive"":0.0,""macro_fold_paired_mape"":37.898343396956136,""macro_fold_paired_mase"":2.4173723953828947,""macro_fold_paired_n"":0.9772727272727273,""macro_fold_paired_r2"":NaN,""macro_fold_paired_rmse"":896358.4031007752,""macro_fold_paired_rmse_skill_vs_seasonal_naive"":0.0,""macro_fold_paired_rmsse"":1.4786427004696798,""macro_fold_paired_seasonal_naive_bias"":-174434.0,""macro_fold_paired_seasonal_naive_mae"":896358.4031007752,""macro_fold_paired_seasonal_naive_mape"":37.898343396956136,""macro_fold_paired_seasonal_naive_mase"":2.4173723953828947,""macro_fold_paired_seasonal_naive_n"":0.9772727272727273,""macro_fold_paired_seasonal_naive_r2"":NaN,""macro_fold_paired_seasonal_naive_rmse"":896358.4031007752,""macro_fold_paired_seasonal_naive_rmsse"":1.4786427004696798,""macro_fold_paired_seasonal_naive_smape"":28.288824993194282,""macro_fold_paired_seasonal_naive_wape"":37.898343396956136,""macro_fold_paired_smape"":28.288824993194282,""macro_fold_paired_wape"":37.898343396956136,""macro_fold_target_publication_delay_months"":3.0,""pooled_full_bias"":-174434.0,""pooled_full_interval_95_coverage"":0.7751937984496124,""pooled_full_interval_95_mean_width"":2844516.1284956387,""pooled_full_interval_95_winkler"":12923508.459463354,""pooled_full_mae"":896358.4031007752,""pooled_full_mape"":37.89834339695614,""pooled_full_n"":129.0,""pooled_full_r2"":0.5186069490364134,""pooled_full_rmse"":1402065.0252097729,""pooled_full_smape"":28.288824993194286,""pooled_full_wape"":23.652474339387812,""pooled_paired_bias"":-174434.0,""pooled_paired_interval_95_coverage"":0.7751937984496124,""pooled_paired_interval_95_mean_width"":2844516.1284956387,""pooled_paired_interval_95_winkler"":12923508.459463354,""pooled_paired_mae"":896358.4031007752,""pooled_paired_mae_skill_vs_seasonal_naive"":0.0,""pooled_paired_mape"":37.89834339695614,""pooled_paired_n"":129.0,""pooled_paired_r2"":0.5186069490364134,""pooled_paired_rmse"":1402065.0252097729,""pooled_paired_rmse_skill_vs_seasonal_naive"":0.0,""pooled_paired_seasonal_naive_bias"":-174434.0,""pooled_paired_seasonal_naive_mae"":896358.4031007752,""pooled_paired_seasonal_naive_mape"":37.89834339695614,""pooled_paired_seasonal_naive_n"":129.0,""pooled_paired_seasonal_naive_r2"":0.5186069490364134,""pooled_paired_seasonal_naive_rmse"":1402065.0252097729,""pooled_paired_seasonal_naive_smape"":28.288824993194286,""pooled_paired_seasonal_naive_wape"":23.652474339387812,""pooled_paired_smape"":28.288824993194286,""pooled_paired_wape"":23.652474339387812,""run_id"":""run_20260811T161528Z_d6188a84"",""runtime_seconds"":0.26205559982918203}",0.0,0.26205559982918203,"[{""path"":""results/runs/run_20260811T161528Z_d6188a84/rolling_origin_fold_metrics.csv"",""sha256"":""78c5d9a7bf44197196bef1560d6b099551fea00b610731d58f7d086b88888398""},{""path"":""results/runs/run_20260811T161528Z_d6188a84/rolling_origin_leaderboard.csv"",""sha256"":""bb6c4e3dd3a9abaf22a39271c8f29a7ef015d557207d04d094f6cb1e7aa15b17""},{""path"":""results/runs/run_20260811T161528Z_d6188a84/forecasts/rolling_origin_forecasts.csv"",""sha256"":""b54f7c007431054464965a06aac6196abc6ae4fbb66adfa33cef9d0e0cf209a1""}]",run_id=run_20260811T161528Z_d6188a84; git_sha=874c3c08b750195a5678845670e6e544784b2d50; all outer folds retained; no random split or final-test tuning,
exp_20260811T162732Z_8d8e7c3a,2026-08-11T16:27:32.555639+00:00,eed5a07e6d48d3c4497f8d4cb104953170a079cc,"{""available"":true,""diff_sha256"":""e3b0c44298fc1c149afbf4c8996fb92427ae41e4649b934ca495991b7852b855"",""dirty"":false,""untracked_source_files"":[]}",run_20260811T162732Z_6bbfe89e,af64bb4a373eba3bff2376c6f436e514249396db1d5c278111bb73f030c2b1cf,a7885fb0e1ed5de7d64ae180733effc0baebad1e4842ef6bca467466b5b538e5,departing_visitors_total_original_with_missing,2008-01..2024-12,"[""fixed_12m_2015"",""fixed_12m_2016"",""fixed_12m_2017"",""fixed_12m_2018"",""fixed_12m_2019"",""fixed_12m_2020"",""fixed_12m_2021"",""fixed_12m_2022"",""fixed_12m_2023"",""fixed_12m_2024"",""fixed_12m_2025""]",1..12,fixed_origin_12m_ex_ante,B0_univariate_target_history,"{""calendar_index"":""model_internal"",""target_history"":true}",drift,"{""configuration"":{""rule"":""last available level plus calendar-month drift""},""fold_notes"":[""""]}",,"{""numpy"":""1.26.4"",""pandas"":""2.2.3"",""python"":""3.11.9"",""scikit-learn"":""1.5.2"",""scipy"":""1.13.1"",""statsmodels"":""0.14.4"",""xgboost"":""2.1.2""}",results/runs/run_20260811T162732Z_6bbfe89e/rolling_origin_fold_metrics.csv,"{""folds"":11,""macro_fold_full_bias"":2104526.4862417835,""macro_fold_full_interval_95_coverage"":1.0,""macro_fold_full_interval_95_mean_width"":21924259.925203245,""macro_fold_full_interval_95_winkler"":21924259.925203245,""macro_fold_full_mae"":2535324.728598569,""macro_fold_full_mape"":115.69822281251523,""macro_fold_full_mase"":7.990555809788041,""macro_fold_full_n"":11.727272727272727,""macro_fold_full_r2"":-7.253601789626418,""macro_fold_full_rmse"":2834758.416357718,""macro_fold_full_rmsse"":5.786338212610734,""macro_fold_full_smape"":59.47545299289921,""macro_fold_full_wape"":82.96706698860612,""macro_fold_paired_bias"":2104526.4862417835,""macro_fold_paired_interval_95_coverage"":1.0,""macro_fold_paired_interval_95_mean_width"":21924259.925203245,""macro_fold_paired_interval_95_winkler"":21924259.925203245,""macro_fold_paired_mae"":2535324.728598569,""macro_fold_paired_mae_skill_vs_seasonal_naive"":-4.113011030647605,""macro_fold_paired_mape"":115.69822281251523,""macro_fold_paired_mase"":7.990555809788041,""macro_fold_paired_n"":11.727272727272727,""macro_fold_paired_r2"":-7.253601789626418,""macro_fold_paired_rmse"":2834758.416357718,""macro_fold_paired_rmse_skill_vs_seasonal_naive"":-3.828945142329309,""macro_fold_paired_rmsse"":5.786338212610734,""macro_fold_paired_seasonal_naive_bias"":-161317.6287878788,""macro_fold_paired_seasonal_naive_mae"":993304.1338383838,""macro_fold_paired_seasonal_naive_mape"":42.23096293998277,""macro_fold_paired_seasonal_naive_mase"":2.7225891601690013,""macro_fold_paired_seasonal_naive_n"":11.727272727272727,""macro_fold_paired_seasonal_naive_r2"":-1.5894142697951255,""macro_fold_paired_seasonal_naive_rmse"":1197335.7019372177,""macro_fold_paired_seasonal_naive_rmsse"":2.0595948409468345,""macro_fold_paired_seasonal_naive_smape"":31.033470831327975,""macro_fold_paired_seasonal_naive_wape"":35.18988122179591,""macro_fold_paired_smape"":59.47545299289921,""macro_fold_paired_wape"":82.96706698860612,""macro_fold_target_publication_delay_months"":3.0,""pooled_full_bias"":2028327.495888603,""pooled_full_interval_95_coverage"":1.0,""pooled_full_interval_95_mean_width"":21881866.54679338,""pooled_full_interval_95_winkler"":21881866.546793375,""pooled_full_mae"":2469144.3020211267,""pooled_full_mape"":109.24706628675568,""pooled_full_n"":129.0,""pooled_full_r2"":-1.084947884152804,""pooled_full_rmse"":2917869.398548647,""pooled_full_smape"":58.00192102103627,""pooled_full_wape"":65.1540411087488,""pooled_paired_bias"":2028327.495888603,""pooled_paired_interval_95_coverage"":1.0,""pooled_paired_interval_95_mean_width"":21881866.54679338,""pooled_paired_interval_95_winkler"":21881866.546793375,""pooled_paired_mae"":2469144.3020211267,""pooled_paired_mae_skill_vs_seasonal_naive"":-1.579479330841869,""pooled_paired_mape"":109.24706628675568,""pooled_paired_n"":129.0,""pooled_paired_r2"":-1.084947884152804,""pooled_paired_rmse"":2917869.398548647,""pooled_paired_rmse_skill_vs_seasonal_naive"":-1.0146956803898517,""pooled_paired_seasonal_naive_bias"":-222128.19379844962,""pooled_paired_seasonal_naive_mae"":957225.8527131783,""pooled_paired_seasonal_naive_mape"":38.862647571911005,""pooled_paired_seasonal_naive_n"":129.0,""pooled_paired_seasonal_naive_r2"":0.48633935456232924,""pooled_paired_seasonal_naive_rmse"":1448292.8746757563,""pooled_paired_seasonal_naive_smape"":30.005784616910894,""pooled_paired_seasonal_naive_wape"":25.2586017378493,""pooled_paired_smape"":58.00192102103627,""pooled_paired_wape"":65.1540411087488,""run_id"":""run_20260811T162732Z_6bbfe89e"",""runtime_seconds"":0.015940299723297358}",-1.579479330841869,0.015940299723297358,"[{""path"":""results/runs/run_20260811T162732Z_6bbfe89e/rolling_origin_fold_metrics.csv"",""sha256"":""ae9f920f02fe94f402a381aa6f7aa23737405d3a77349329aab025314c4ef0a5""},{""path"":""results/runs/run_20260811T162732Z_6bbfe89e/rolling_origin_leaderboard.csv"",""sha256"":""104b31ae5b8cc0619d5fc256f53bce349ce24c8bab4c4b9596558611088725ae""},{""path"":""results/runs/run_20260811T162732Z_6bbfe89e/forecasts/rolling_origin_forecasts.csv"",""sha256"":""648670d1c5943f0a6748e956fa7bf804bf6ec0e29453f912655818baccbea802""}]",run_id=run_20260811T162732Z_6bbfe89e; git_sha=eed5a07e6d48d3c4497f8d4cb104953170a079cc; all outer folds retained; no random split or final-test tuning,
exp_20260811T162732Z_d91dbe6f,2026-08-11T16:27:32.846438+00:00,eed5a07e6d48d3c4497f8d4cb104953170a079cc,"{""available"":true,""diff_sha256"":""e3b0c44298fc1c149afbf4c8996fb92427ae41e4649b934ca495991b7852b855"",""dirty"":false,""untracked_source_files"":[]}",run_20260811T162732Z_6bbfe89e,af64bb4a373eba3bff2376c6f436e514249396db1d5c278111bb73f030c2b1cf,a7885fb0e1ed5de7d64ae180733effc0baebad1e4842ef6bca467466b5b538e5,departing_visitors_total_original_with_missing,2008-01..2024-12,"[""fixed_12m_2015"",""fixed_12m_2016"",""fixed_12m_2017"",""fixed_12m_2018"",""fixed_12m_2019"",""fixed_12m_2020"",""fixed_12m_2021"",""fixed_12m_2022"",""fixed_12m_2023"",""fixed_12m_2024"",""fixed_12m_2025""]",1..12,fixed_origin_12m_ex_ante,B0_univariate_target_history,"{""calendar_index"":""model_internal"",""target_history"":true}",dynamic_harmonic_arima_k2,"{""configuration"":{""arima_order"":[1,1,1],""fourier_order"":2,""seasonal_period"":12},""fold_notes"":[""""]}",,"{""numpy"":""1.26.4"",""pandas"":""2.2.3"",""python"":""3.11.9"",""scikit-learn"":""1.5.2"",""scipy"":""1.13.1"",""statsmodels"":""0.14.4"",""xgboost"":""2.1.2""}",results/runs/run_20260811T162732Z_6bbfe89e/rolling_origin_fold_metrics.csv,"{""folds"":11,""macro_fold_full_bias"":96138.05265668673,""macro_fold_full_interval_95_coverage"":0.6767676767676768,""macro_fold_full_interval_95_mean_width"":3143352.0769099686,""macro_fold_full_interval_95_winkler"":15769016.7351141,""macro_fold_full_mae"":1133216.2887900923,""macro_fold_full_mape"":53.62810269429724,""macro_fold_full_mase"":3.377900269791807,""macro_fold_full_n"":11.727272727272727,""macro_fold_full_r2"":-2.3154906969839386,""macro_fold_full_rmse"":1266078.4828525723,""macro_fold_full_rmsse"":2.3837908140245987,""macro_fold_full_smape"":41.82524038501926,""macro_fold_full_wape"":42.38675439957287,""macro_fold_paired_bias"":96138.05265668673,""macro_fold_paired_interval_95_coverage"":0.6767676767676768,""macro_fold_paired_interval_95_mean_width"":3143352.0769099686,""macro_fold_paired_interval_95_winkler"":15769016.7351141,""macro_fold_paired_mae"":1133216.2887900923,""macro_fold_paired_mae_skill_vs_seasonal_naive"":-0.46829373466202856,""macro_fold_paired_mape"":53.62810269429724,""macro_fold_paired_mase"":3.377900269791807,""macro_fold_paired_n"":11.727272727272727,""macro_fold_paired_r2"":-2.3154906969839386,""macro_fold_paired_rmse"":1266078.4828525723,""macro_fold_paired_rmse_skill_vs_seasonal_naive"":-0.3435843416684728,""macro_fold_paired_rmsse"":2.3837908140245987,""macro_fold_paired_seasonal_naive_bias"":-161317.6287878788,""macro_fold_paired_seasonal_naive_mae"":993304.1338383838,""macro_fold_paired_seasonal_naive_mape"":42.23096293998277,""macro_fold_paired_seasonal_naive_mase"":2.7225891601690013,""macro_fold_paired_seasonal_naive_n"":11.727272727272727,""macro_fold_paired_seasonal_naive_r2"":-1.5894142697951255,""macro_fold_paired_seasonal_naive_rmse"":1197335.7019372177,""macro_fold_paired_seasonal_naive_rmsse"":2.0595948409468345,""macro_fold_paired_seasonal_naive_smape"":31.033470831327975,""macro_fold_paired_seasonal_naive_wape"":35.18988122179591,""macro_fold_paired_smape"":41.82524038501926,""macro_fold_paired_wape"":42.38675439957287,""macro_fold_target_publication_delay_months"":3.0,""pooled_full_bias"":18478.189293418298,""pooled_full_interval_95_coverage"":0.689922480620155,""pooled_full_interval_95_mean_width"":3159740.6040288853,""pooled_full_interval_95_winkler"":13996601.822048923,""pooled_full_mae"":1079674.5239415544,""pooled_full_mape"":48.936375230734754,""pooled_full_n"":129.0,""pooled_full_r2"":0.44872158293721587,""pooled_full_rmse"":1500388.5540441875,""pooled_full_smape"":40.54320524473706,""pooled_full_wape"":28.48969104777535,""pooled_paired_bias"":18478.189293418298,""pooled_paired_interval_95_coverage"":0.689922480620155,""pooled_paired_interval_95_mean_width"":3159740.6040288853,""pooled_paired_interval_95_winkler"":13996601.822048923,""pooled_paired_mae"":1079674.5239415544,""pooled_paired_mae_skill_vs_seasonal_naive"":-0.12792035534905932,""pooled_paired_mape"":48.936375230734754,""pooled_paired_n"":129.0,""pooled_paired_r2"":0.44872158293721587,""pooled_paired_rmse"":1500388.5540441875,""pooled_paired_rmse_skill_vs_seasonal_naive"":-0.03597040369344806,""pooled_paired_seasonal_naive_bias"":-222128.19379844962,""pooled_paired_seasonal_naive_mae"":957225.8527131783,""pooled_paired_seasonal_naive_mape"":38.862647571911005,""pooled_paired_seasonal_naive_n"":129.0,""pooled_paired_seasonal_naive_r2"":0.48633935456232924,""pooled_paired_seasonal_naive_rmse"":1448292.8746757563,""pooled_paired_seasonal_naive_smape"":30.005784616910894,""pooled_paired_seasonal_naive_wape"":25.2586017378493,""pooled_paired_smape"":40.54320524473706,""pooled_paired_wape"":28.48969104777535,""run_id"":""run_20260811T162732Z_6bbfe89e"",""runtime_seconds"":0.3187476999592036}",-0.12792035534905932,0.3187476999592036,"[{""path"":""results/runs/run_20260811T162732Z_6bbfe89e/rolling_origin_fold_metrics.csv"",""sha256"":""ae9f920f02fe94f402a381aa6f7aa23737405d3a77349329aab025314c4ef0a5""},{""path"":""results/runs/run_20260811T162732Z_6bbfe89e/rolling_origin_leaderboard.csv"",""sha256"":""104b31ae5b8cc0619d5fc256f53bce349ce24c8bab4c4b9596558611088725ae""},{""path"":""results/runs/run_20260811T162732Z_6bbfe89e/forecasts/rolling_origin_forecasts.csv"",""sha256"":""648670d1c5943f0a6748e956fa7bf804bf6ec0e29453f912655818baccbea802""}]",run_id=run_20260811T162732Z_6bbfe89e; git_sha=eed5a07e6d48d3c4497f8d4cb104953170a079cc; all outer folds retained; no random split or final-test tuning,
exp_20260811T162733Z_0cbfbdab,2026-08-11T16:27:33.141047+00:00,eed5a07e6d48d3c4497f8d4cb104953170a079cc,"{""available"":true,""diff_sha256"":""e3b0c44298fc1c149afbf4c8996fb92427ae41e4649b934ca495991b7852b855"",""dirty"":false,""untracked_source_files"":[]}",run_20260811T162732Z_6bbfe89e,af64bb4a373eba3bff2376c6f436e514249396db1d5c278111bb73f030c2b1cf,a7885fb0e1ed5de7d64ae180733effc0baebad1e4842ef6bca467466b5b538e5,departing_visitors_total_original_with_missing,2008-01..2024-12,"[""fixed_12m_2015"",""fixed_12m_2016"",""fixed_12m_2017"",""fixed_12m_2018"",""fixed_12m_2019"",""fixed_12m_2020"",""fixed_12m_2021"",""fixed_12m_2022"",""fixed_12m_2023"",""fixed_12m_2024"",""fixed_12m_2025""]",1..12,fixed_origin_12m_ex_ante,B0_univariate_target_history,"{""calendar_index"":""model_internal"",""target_history"":true}",ets_holt_winters,"{""configuration"":{""seasonal"":""additive"",""seasonal_period"":12,""trend"":""additive_damped""},""fold_notes"":[""model-internal seasonal fill for missing training targets""]}",,"{""numpy"":""1.26.4"",""pandas"":""2.2.3"",""python"":""3.11.9"",""scikit-learn"":""1.5.2"",""scipy"":""1.13.1"",""statsmodels"":""0.14.4"",""xgboost"":""2.1.2""}",results/runs/run_20260811T162732Z_6bbfe89e/rolling_origin_fold_metrics.csv,"{""folds"":11,""macro_fold_full_bias"":-214922.15967433577,""macro_fold_full_interval_95_coverage"":0.8207070707070708,""macro_fold_full_interval_95_mean_width"":3310576.344855694,""macro_fold_full_interval_95_winkler"":8858401.357516386,""macro_fold_full_mae"":1047787.0564090476,""macro_fold_full_mape"":41.13666775288242,""macro_fold_full_mase"":2.7024413751794047,""macro_fold_full_n"":11.727272727272727,""macro_fold_full_r2"":-0.7845997711706532,""macro_fold_full_rmse"":1216954.0396659141,""macro_fold_full_rmsse"":1.9808218580244925,""macro_fold_full_smape"":30.928703194074117,""macro_fold_full_wape"":33.58963367347992,""macro_fold_paired_bias"":-214922.15967433577,""macro_fold_paired_interval_95_coverage"":0.8207070707070708,""macro_fold_paired_interval_95_mean_width"":3310576.344855694,""macro_fold_paired_interval_95_winkler"":8858401.357516386,""macro_fold_paired_mae"":1047787.0564090476,""macro_fold_paired_mae_skill_vs_seasonal_naive"":-0.3443280708048105,""macro_fold_paired_mape"":41.13666775288242,""macro_fold_paired_mase"":2.7024413751794047,""macro_fold_paired_n"":11.727272727272727,""macro_fold_paired_r2"":-0.7845997711706532,""macro_fold_paired_rmse"":1216954.0396659141,""macro_fold_paired_rmse_skill_vs_seasonal_naive"":-0.2645242793444733,""macro_fold_paired_rmsse"":1.9808218580244925,""macro_fold_paired_seasonal_naive_bias"":-161317.6287878788,""macro_fold_paired_seasonal_naive_mae"":993304.1338383838,""macro_fold_paired_seasonal_naive_mape"":42.23096293998277,""macro_fold_paired_seasonal_naive_mase"":2.7225891601690013,""macro_fold_paired_seasonal_naive_n"":11.727272727272727,""macro_fold_paired_seasonal_naive_r2"":-1.5894142697951255,""macro_fold_paired_seasonal_naive_rmse"":1197335.7019372177,""macro_fold_paired_seasonal_naive_rmsse"":2.0595948409468345,""macro_fold_paired_seasonal_naive_smape"":31.033470831327975,""macro_fold_paired_seasonal_naive_wape"":35.18988122179591,""macro_fold_paired_smape"":30.928703194074117,""macro_fold_paired_wape"":33.58963367347992,""macro_fold_target_publication_delay_months"":3.0,""pooled_full_bias"":-265797.19589101133,""pooled_full_interval_95_coverage"":0.8294573643410853,""pooled_full_interval_95_mean_width"":3328363.3899095817,""pooled_full_interval_95_winkler"":8094284.746631459,""pooled_full_mae"":1024527.5600381416,""pooled_full_mape"":38.46906159889707,""pooled_full_n"":129.0,""pooled_full_r2"":0.5514409359644015,""pooled_full_rmse"":1353405.9015885205,""pooled_full_smape"":30.044533582600828,""pooled_full_wape"":27.0345117979257,""pooled_paired_bias"":-265797.19589101133,""pooled_paired_interval_95_coverage"":0.8294573643410853,""pooled_paired_interval_95_mean_width"":3328363.3899095817,""pooled_paired_interval_95_winkler"":8094284.746631459,""pooled_paired_mae"":1024527.5600381416,""pooled_paired_mae_skill_vs_seasonal_naive"":-0.07030911997853173,""pooled_paired_mape"":38.46906159889707,""pooled_paired_n"":129.0,""pooled_paired_r2"":0.5514409359644015,""pooled_paired_rmse"":1353405.9015885205,""pooled_paired_rmse_skill_vs_seasonal_naive"":0.06551642609474218,""pooled_paired_seasonal_naive_bias"":-222128.19379844962,""pooled_paired_seasonal_naive_mae"":957225.8527131783,""pooled_paired_seasonal_naive_mape"":38.862647571911005,""pooled_paired_seasonal_naive_n"":129.0,""pooled_paired_seasonal_naive_r2"":0.48633935456232924,""pooled_paired_seasonal_naive_rmse"":1448292.8746757563,""pooled_paired_seasonal_naive_smape"":30.005784616910894,""pooled_paired_seasonal_naive_wape"":25.2586017378493,""pooled_paired_smape"":30.044533582600828,""pooled_paired_wape"":27.0345117979257,""run_id"":""run_20260811T162732Z_6bbfe89e"",""runtime_seconds"":0.6740135998697951}",-0.07030911997853173,0.6740135998697951,"[{""path"":""results/runs/run_20260811T162732Z_6bbfe89e/rolling_origin_fold_metrics.csv"",""sha256"":""ae9f920f02fe94f402a381aa6f7aa23737405d3a77349329aab025314c4ef0a5""},{""path"":""results/runs/run_20260811T162732Z_6bbfe89e/rolling_origin_leaderboard.csv"",""sha256"":""104b31ae5b8cc0619d5fc256f53bce349ce24c8bab4c4b9596558611088725ae""},{""path"":""results/runs/run_20260811T162732Z_6bbfe89e/forecasts/rolling_origin_forecasts.csv"",""sha256"":""648670d1c5943f0a6748e956fa7bf804bf6ec0e29453f912655818baccbea802""}]",run_id=run_20260811T162732Z_6bbfe89e; git_sha=eed5a07e6d48d3c4497f8d4cb104953170a079cc; all outer folds retained; no random split or final-test tuning,
exp_20260811T162733Z_9723c133,2026-08-11T16:27:33.426891+00:00,eed5a07e6d48d3c4497f8d4cb104953170a079cc,"{""available"":true,""diff_sha256"":""e3b0c44298fc1c149afbf4c8996fb92427ae41e4649b934ca495991b7852b855"",""dirty"":false,""untracked_source_files"":[]}",run_20260811T162732Z_6bbfe89e,af64bb4a373eba3bff2376c6f436e514249396db1d5c278111bb73f030c2b1cf,a7885fb0e1ed5de7d64ae180733effc0baebad1e4842ef6bca467466b5b538e5,departing_visitors_total_original_with_missing,2008-01..2024-12,"[""fixed_12m_2015"",""fixed_12m_2016"",""fixed_12m_2017"",""fixed_12m_2018"",""fixed_12m_2019"",""fixed_12m_2020"",""fixed_12m_2021"",""fixed_12m_2022"",""fixed_12m_2023"",""fixed_12m_2024"",""fixed_12m_2025""]",1..12,fixed_origin_12m_ex_ante,B0_target_history_calendar,"{""fourier_order"":2,""include_expanding_mean"":true,""include_rolling_median"":true,""include_rolling_std"":true,""rolling_windows"":[3,6,12,24],""seasonal_period"":12,""target_lags"":[1,2,3,6,12,13,18,24],""target_publication_delay_months"":3}",extra_trees_recursive_b0,"{""candidate_grid"":{""model__max_depth"":[5,9],""model__min_samples_leaf"":[2,4,8]},""fold_notes"":[""nested recursive validation MAE=1.23422e+06; origins=('inner_fixed_2020', 'inner_fixed_2021', 'inner_fixed_2022'); parameters={'model__max_depth': 5, 'model__min_samples_leaf': 8}"",""nested recursive validation MAE=1.24729e+06; origins=('inner_fixed_2018', 'inner_fixed_2019', 'inner_fixed_2020'); parameters={'model__max_depth': 5, 'model__min_samples_leaf': 8}"",""nested recursive validation MAE=1.28006e+06; origins=('inner_fixed_2021', 'inner_fixed_2022', 'inner_fixed_2023'); parameters={'model__max_depth': 5, 'model__min_samples_leaf': 8}"",""nested recursive validation MAE=1.32416e+06; origins=('inner_fixed_2019', 'inner_fixed_2020', 'inner_fixed_2021'); parameters={'model__max_depth': 9, 'model__min_samples_leaf': 8}"",""nested recursive validation MAE=1.6916e+06; origins=('inner_fixed_2022', 'inner_fixed_2023', 'inner_fixed_2024'); parameters={'model__max_depth': 5, 'model__min_samples_leaf': 8}"",""nested recursive validation MAE=466512; origins=('inner_fixed_2015', 'inner_fixed_2016', 'inner_fixed_2017'); parameters={'model__max_depth': 9, 'model__min_samples_leaf': 8}"",""nested recursive validation MAE=512533; origins=('inner_fixed_2013', 'inner_fixed_2014', 'inner_fixed_2015'); parameters={'model__max_depth': 9, 'model__min_samples_leaf': 2}"",""nested recursive validation MAE=514165; origins=('inner_fixed_2013', 'inner_fixed_2014'); parameters={'model__max_depth': 5, 'model__min_samples_leaf': 2}"",""nested recursive validation MAE=530810; origins=('inner_fixed_2016', 'inner_fixed_2017', 'inner_fixed_2018'); parameters={'model__max_depth': 5, 'model__min_samples_leaf': 8}"",""nested recursive validation MAE=540217; origins=('inner_fixed_2014', 'inner_fixed_2015', 'inner_fixed_2016'); parameters={'model__max_depth': 9, 'model__min_samples_leaf': 2}"",""nested recursive validation MAE=778010; origins=('inner_fixed_2017', 'inner_fixed_2018', 'inner_fixed_2019'); parameters={'model__max_depth': 5, 'model__min_samples_leaf': 8}""]}",20250811,"{""numpy"":""1.26.4"",""pandas"":""2.2.3"",""python"":""3.11.9"",""scikit-learn"":""1.5.2"",""scipy"":""1.13.1"",""statsmodels"":""0.14.4"",""xgboost"":""2.1.2""}",results/runs/run_20260811T162732Z_6bbfe89e/rolling_origin_fold_metrics.csv,"{""folds"":11,""macro_fold_full_bias"":-691874.5319893479,""macro_fold_full_interval_95_coverage"":NaN,""macro_fold_full_interval_95_mean_width"":NaN,""macro_fold_full_interval_95_winkler"":NaN,""macro_fold_full_mae"":1205629.3008956423,""macro_fold_full_mape"":39.82438369394743,""macro_fold_full_mase"":2.9635207442503297,""macro_fold_full_n"":11.727272727272727,""macro_fold_full_r2"":-0.400036900265683,""macro_fold_full_rmse"":1365237.4817490152,""macro_fold_full_rmsse"":2.121876005626353,""macro_fold_full_smape"":35.95186183602381,""macro_fold_full_wape"":34.27933816364652,""macro_fold_paired_bias"":-691874.5319893479,""macro_fold_paired_interval_95_coverage"":NaN,""macro_fold_paired_interval_95_mean_width"":NaN,""macro_fold_paired_interval_95_winkler"":NaN,""macro_fold_paired_mae"":1205629.3008956423,""macro_fold_paired_mae_skill_vs_seasonal_naive"":-1.2077041507539092,""macro_fold_paired_mape"":39.82438369394743,""macro_fold_paired_mase"":2.9635207442503297,""macro_fold_paired_n"":11.727272727272727,""macro_fold_paired_r2"":-0.400036900265683,""macro_fold_paired_rmse"":1365237.4817490152,""macro_fold_paired_rmse_skill_vs_seasonal_naive"":-0.9855133712504611,""macro_fold_paired_rmsse"":2.121876005626353,""macro_fold_paired_seasonal_naive_bias"":-161317.6287878788,""macro_fold_paired_seasonal_naive_mae"":993304.1338383838,""macro_fold_paired_seasonal_naive_mape"":42.23096293998277,""macro_fold_paired_seasonal_naive_mase"":2.7225891601690013,""macro_fold_paired_seasonal_naive_n"":11.727272727272727,""macro_fold_paired_seasonal_naive_r2"":-1.5894142697951255,""macro_fold_paired_seasonal_naive_rmse"":1197335.7019372177,""macro_fold_paired_seasonal_naive_rmsse"":2.0595948409468345,""macro_fold_paired_seasonal_naive_smape"":31.033470831327975,""macro_fold_paired_seasonal_naive_wape"":35.18988122179591,""macro_fold_paired_smape"":35.95186183602381,""macro_fold_paired_wape"":34.27933816364652,""macro_fold_target_publication_delay_months"":3.0,""pooled_full_bias"":-742014.5280948462,""pooled_full_interval_95_coverage"":NaN,""pooled_full_interval_95_mean_width"":NaN,""pooled_full_interval_95_winkler"":NaN,""pooled_full_mae"":1194032.2005254915,""pooled_full_mape"":37.83596798244706,""pooled_full_n"":129.0,""pooled_full_r2"":0.4664529742130069,""pooled_full_rmse"":1476061.9976069226,""pooled_full_smape"":35.319587116519536,""pooled_full_wape"":31.50728088857644,""pooled_paired_bias"":-742014.5280948462,""pooled_paired_interval_95_coverage"":NaN,""pooled_paired_interval_95_mean_width"":NaN,""pooled_paired_interval_95_winkler"":NaN,""pooled_paired_mae"":1194032.2005254915,""pooled_paired_mae_skill_vs_seasonal_naive"":-0.24738816564670185,""pooled_paired_mape"":37.83596798244706,""pooled_paired_n"":129.0,""pooled_paired_r2"":0.4664529742130069,""pooled_paired_rmse"":1476061.9976069226,""pooled_paired_rmse_skill_vs_seasonal_naive"":-0.019173692984841395,""pooled_paired_seasonal_naive_bias"":-222128.19379844962,""pooled_paired_seasonal_naive_mae"":957225.8527131783,""pooled_paired_seasonal_naive_mape"":38.862647571911005,""pooled_paired_seasonal_naive_n"":129.0,""pooled_paired_seasonal_naive_r2"":0.48633935456232924,""pooled_paired_seasonal_naive_rmse"":1448292.8746757563,""pooled_paired_seasonal_naive_smape"":30.005784616910894,""pooled_paired_seasonal_naive_wape"":25.2586017378493,""pooled_paired_smape"":35.319587116519536,""pooled_paired_wape"":31.50728088857644,""run_id"":""run_20260811T162732Z_6bbfe89e"",""runtime_seconds"":114.84569910017308}",-0.24738816564670185,114.84569910017308,"[{""path"":""results/runs/run_20260811T162732Z_6bbfe89e/rolling_origin_fold_metrics.csv"",""sha256"":""ae9f920f02fe94f402a381aa6f7aa23737405d3a77349329aab025314c4ef0a5""},{""path"":""results/runs/run_20260811T162732Z_6bbfe89e/rolling_origin_leaderboard.csv"",""sha256"":""104b31ae5b8cc0619d5fc256f53bce349ce24c8bab4c4b9596558611088725ae""},{""path"":""results/runs/run_20260811T162732Z_6bbfe89e/forecasts/rolling_origin_forecasts.csv"",""sha256"":""648670d1c5943f0a6748e956fa7bf804bf6ec0e29453f912655818baccbea802""}]",run_id=run_20260811T162732Z_6bbfe89e; git_sha=eed5a07e6d48d3c4497f8d4cb104953170a079cc; all outer folds retained; no random split or final-test tuning,
exp_20260811T162733Z_93f260dd,2026-08-11T16:27:33.840686+00:00,eed5a07e6d48d3c4497f8d4cb104953170a079cc,"{""available"":true,""diff_sha256"":""e3b0c44298fc1c149afbf4c8996fb92427ae41e4649b934ca495991b7852b855"",""dirty"":false,""untracked_source_files"":[]}",run_20260811T162732Z_6bbfe89e,af64bb4a373eba3bff2376c6f436e514249396db1d5c278111bb73f030c2b1cf,a7885fb0e1ed5de7d64ae180733effc0baebad1e4842ef6bca467466b5b538e5,departing_visitors_total_original_with_missing,2008-01..2024-12,"[""fixed_12m_2015"",""fixed_12m_2016"",""fixed_12m_2017"",""fixed_12m_2018"",""fixed_12m_2019"",""fixed_12m_2020"",""fixed_12m_2021"",""fixed_12m_2022"",""fixed_12m_2023"",""fixed_12m_2024"",""fixed_12m_2025""]",1..12,fixed_origin_12m_ex_ante,B0_target_history_calendar,"{""fourier_order"":2,""include_expanding_mean"":true,""include_rolling_median"":true,""include_rolling_std"":true,""rolling_windows"":[3,6,12,24],""seasonal_period"":12,""target_lags"":[1,2,3,6,12,13,18,24],""target_publication_delay_months"":3}",hist_gradient_boosting_recursive_b0,"{""candidate_grid"":{""model__l2_regularization"":[1.0,10.0],""model__learning_rate"":[0.03,0.07],""model__max_iter"":[200],""model__max_leaf_nodes"":[7,15]},""fold_notes"":[""nested recursive validation MAE=1.2718e+06; origins=('inner_fixed_2018', 'inner_fixed_2019', 'inner_fixed_2020'); parameters={'model__l2_regularization': 1.0, 'model__learning_rate': 0.03, 'model__max_iter': 200, 'model__max_leaf_nodes': 7}"",""nested recursive validation MAE=1.32444e+06; origins=('inner_fixed_2019', 'inner_fixed_2020', 'inner_fixed_2021'); parameters={'model__l2_regularization': 10.0, 'model__learning_rate': 0.07, 'model__max_iter': 200, 'model__max_leaf_nodes': 7}"",""nested recursive validation MAE=1.37851e+06; origins=('inner_fixed_2020', 'inner_fixed_2021', 'inner_fixed_2022'); parameters={'model__l2_regularization': 10.0, 'model__learning_rate': 0.03, 'model__max_iter': 200, 'model__max_leaf_nodes': 7}"",""nested recursive validation MAE=1.76837e+06; origins=('inner_fixed_2021', 'inner_fixed_2022', 'inner_fixed_2023'); parameters={'model__l2_regularization': 10.0, 'model__learning_rate': 0.03, 'model__max_iter': 200, 'model__max_leaf_nodes': 7}"",""nested recursive validation MAE=2.34072e+06; origins=('inner_fixed_2022', 'inner_fixed_2023', 'inner_fixed_2024'); parameters={'model__l2_regularization': 10.0, 'model__learning_rate': 0.03, 'model__max_iter': 200, 'model__max_leaf_nodes': 15}"",""nested recursive validation MAE=450200; origins=('inner_fixed_2015', 'inner_fixed_2016', 'inner_fixed_2017'); parameters={'model__l2_regularization': 10.0, 'model__learning_rate': 0.07, 'model__max_iter': 200, 'model__max_leaf_nodes': 7}"",""nested recursive validation MAE=471332; origins=('inner_fixed_2014', 'inner_fixed_2015', 'inner_fixed_2016'); parameters={'model__l2_regularization': 1.0, 'model__learning_rate': 0.07, 'model__max_iter': 200, 'model__max_leaf_nodes': 7}"",""nested recursive validation MAE=519890; origins=('inner_fixed_2016', 'inner_fixed_2017', 'inner_fixed_2018'); parameters={'model__l2_regularization': 1.0, 'model__learning_rate': 0.03, 'model__max_iter': 200, 'model__max_leaf_nodes': 7}"",""nested recursive validation MAE=568059; origins=('inner_fixed_2013', 'inner_fixed_2014', 'inner_fixed_2015'); parameters={'model__l2_regularization': 10.0, 'model__learning_rate': 0.07, 'model__max_iter': 200, 'model__max_leaf_nodes': 7}"",""nested recursive validation MAE=624346; origins=('inner_fixed_2013', 'inner_fixed_2014'); parameters={'model__l2_regularization': 10.0, 'model__learning_rate': 0.07, 'model__max_iter': 200, 'model__max_leaf_nodes': 7}"",""nested recursive validation MAE=893042; origins=('inner_fixed_2017', 'inner_fixed_2018', 'inner_fixed_2019'); parameters={'model__l2_regularization': 10.0, 'model__learning_rate': 0.07, 'model__max_iter': 200, 'model__max_leaf_nodes': 7}""]}",20250811,"{""numpy"":""1.26.4"",""pandas"":""2.2.3"",""python"":""3.11.9"",""scikit-learn"":""1.5.2"",""scipy"":""1.13.1"",""statsmodels"":""0.14.4"",""xgboost"":""2.1.2""}",results/runs/run_20260811T162732Z_6bbfe89e/rolling_origin_fold_metrics.csv,"{""folds"":11,""macro_fold_full_bias"":-880385.3324762449,""macro_fold_full_interval_95_coverage"":NaN,""macro_fold_full_interval_95_mean_width"":NaN,""macro_fold_full_interval_95_winkler"":NaN,""macro_fold_full_mae"":1365226.04730656,""macro_fold_full_mape"":40.910114491548136,""macro_fold_full_mase"":3.1978842728082744,""macro_fold_full_n"":11.727272727272727,""macro_fold_full_r2"":-0.7227821148024011,""macro_fold_full_rmse"":1626267.1537622274,""macro_fold_full_rmsse"":2.394319318093893,""macro_fold_full_smape"":39.36764672595471,""macro_fold_full_wape"":37.456915265011396,""macro_fold_paired_bias"":-880385.3324762449,""macro_fold_paired_interval_95_coverage"":NaN,""macro_fold_paired_interval_95_mean_width"":NaN,""macro_fold_paired_interval_95_winkler"":NaN,""macro_fold_paired_mae"":1365226.04730656,""macro_fold_paired_mae_skill_vs_seasonal_naive"":-1.3832157310008906,""macro_fold_paired_mape"":40.910114491548136,""macro_fold_paired_mase"":3.1978842728082744,""macro_fold_paired_n"":11.727272727272727,""macro_fold_paired_r2"":-0.7227821148024011,""macro_fold_paired_rmse"":1626267.1537622274,""macro_fold_paired_rmse_skill_vs_seasonal_naive"":-1.3772033140414606,""macro_fold_paired_rmsse"":2.394319318093893,""macro_fold_paired_seasonal_naive_bias"":-161317.6287878788,""macro_fold_paired_seasonal_naive_mae"":993304.1338383838,""macro_fold_paired_seasonal_naive_mape"":42.23096293998277,""macro_fold_paired_seasonal_naive_mase"":2.7225891601690013,""macro_fold_paired_seasonal_naive_n"":11.727272727272727,""macro_fold_paired_seasonal_naive_r2"":-1.5894142697951255,""macro_fold_paired_seasonal_naive_rmse"":1197335.7019372177,""macro_fold_paired_seasonal_naive_rmsse"":2.0595948409468345,""macro_fold_paired_seasonal_naive_smape"":31.033470831327975,""macro_fold_paired_seasonal_naive_wape"":35.18988122179591,""macro_fold_paired_smape"":39.36764672595471,""macro_fold_paired_wape"":37.456915265011396,""macro_fold_target_publication_delay_months"":3.0,""pooled_full_bias"":-940552.4892910776,""pooled_full_interval_95_coverage"":NaN,""pooled_full_interval_95_mean_width"":NaN,""pooled_full_interval_95_winkler"":NaN,""pooled_full_mae"":1356009.6292800982,""pooled_full_mape"":38.761642457510455,""pooled_full_n"":129.0,""pooled_full_r2"":0.181696166877652,""pooled_full_rmse"":1827997.2591323562,""pooled_full_smape"":38.801465856690236,""pooled_full_wape"":35.781427216568886,""pooled_paired_bias"":-940552.4892910776,""pooled_paired_interval_95_coverage"":NaN,""pooled_paired_interval_95_mean_width"":NaN,""pooled_paired_interval_95_winkler"":NaN,""pooled_paired_mae"":1356009.6292800982,""pooled_paired_mae_skill_vs_seasonal_naive"":-0.41660364211497214,""pooled_paired_mape"":38.761642457510455,""pooled_paired_n"":129.0,""pooled_paired_r2"":0.181696166877652,""pooled_paired_rmse"":1827997.2591323562,""pooled_paired_rmse_skill_vs_seasonal_naive"":-0.26217375718402813,""pooled_paired_seasonal_naive_bias"":-222128.19379844962,""pooled_paired_seasonal_naive_mae"":957225.8527131783,""pooled_paired_seasonal_naive_mape"":38.862647571911005,""pooled_paired_seasonal_naive_n"":129.0,""pooled_paired_seasonal_naive_r2"":0.48633935456232924,""pooled_paired_seasonal_naive_rmse"":1448292.8746757563,""pooled_paired_seasonal_naive_smape"":30.005784616910894,""pooled_paired_seasonal_naive_wape"":25.2586017378493,""pooled_paired_smape"":38.801465856690236,""pooled_paired_wape"":35.781427216568886,""run_id"":""run_20260811T162732Z_6bbfe89e"",""runtime_seconds"":151.58212410006672}",-0.41660364211497214,151.58212410006672,"[{""path"":""results/runs/run_20260811T162732Z_6bbfe89e/rolling_origin_fold_metrics.csv"",""sha256"":""ae9f920f02fe94f402a381aa6f7aa23737405d3a77349329aab025314c4ef0a5""},{""path"":""results/runs/run_20260811T162732Z_6bbfe89e/rolling_origin_leaderboard.csv"",""sha256"":""104b31ae5b8cc0619d5fc256f53bce349ce24c8bab4c4b9596558611088725ae""},{""path"":""results/runs/run_20260811T162732Z_6bbfe89e/forecasts/rolling_origin_forecasts.csv"",""sha256"":""648670d1c5943f0a6748e956fa7bf804bf6ec0e29453f912655818baccbea802""}]",run_id=run_20260811T162732Z_6bbfe89e; git_sha=eed5a07e6d48d3c4497f8d4cb104953170a079cc; all outer folds retained; no random split or final-test tuning,
exp_20260811T162734Z_17a5aa84,2026-08-11T16:27:34.223576+00:00,eed5a07e6d48d3c4497f8d4cb104953170a079cc,"{""available"":true,""diff_sha256"":""e3b0c44298fc1c149afbf4c8996fb92427ae41e4649b934ca495991b7852b855"",""dirty"":false,""untracked_source_files"":[]}",run_20260811T162732Z_6bbfe89e,af64bb4a373eba3bff2376c6f436e514249396db1d5c278111bb73f030c2b1cf,a7885fb0e1ed5de7d64ae180733effc0baebad1e4842ef6bca467466b5b538e5,departing_visitors_total_original_with_missing,2008-01..2024-12,"[""fixed_12m_2015"",""fixed_12m_2016"",""fixed_12m_2017"",""fixed_12m_2018"",""fixed_12m_2019"",""fixed_12m_2020"",""fixed_12m_2021"",""fixed_12m_2022"",""fixed_12m_2023"",""fixed_12m_2024"",""fixed_12m_2025""]",1..12,fixed_origin_12m_ex_ante,B0_univariate_target_history,"{""calendar_index"":""model_internal"",""target_history"":true}",naive_last,"{""configuration"":{""rule"":""last available observed target""},""fold_notes"":[""""]}",,"{""numpy"":""1.26.4"",""pandas"":""2.2.3"",""python"":""3.11.9"",""scikit-learn"":""1.5.2"",""scipy"":""1.13.1"",""statsmodels"":""0.14.4"",""xgboost"":""2.1.2""}",results/runs/run_20260811T162732Z_6bbfe89e/rolling_origin_fold_metrics.csv,"{""folds"":11,""macro_fold_full_bias"":1788148.3636363635,""macro_fold_full_interval_95_coverage"":0.883838383838384,""macro_fold_full_interval_95_mean_width"":10790570.74446769,""macro_fold_full_interval_95_winkler"":12603837.972745014,""macro_fold_full_mae"":2340620.227272727,""macro_fold_full_mape"":106.43523772687513,""macro_fold_full_mase"":7.251436068378967,""macro_fold_full_n"":11.727272727272727,""macro_fold_full_r2"":-5.9979259095650965,""macro_fold_full_rmse"":2630040.035627849,""macro_fold_full_rmsse"":5.265017137405848,""macro_fold_full_smape"":56.847174830082615,""macro_fold_full_wape"":76.42498696990788,""macro_fold_paired_bias"":1788148.3636363635,""macro_fold_paired_interval_95_coverage"":0.883838383838384,""macro_fold_paired_interval_95_mean_width"":10790570.74446769,""macro_fold_paired_interval_95_winkler"":12603837.972745014,""macro_fold_paired_mae"":2340620.227272727,""macro_fold_paired_mae_skill_vs_seasonal_naive"":-3.5774816671325325,""macro_fold_paired_mape"":106.43523772687513,""macro_fold_paired_mase"":7.251436068378967,""macro_fold_paired_n"":11.727272727272727,""macro_fold_paired_r2"":-5.9979259095650965,""macro_fold_paired_rmse"":2630040.035627849,""macro_fold_paired_rmse_skill_vs_seasonal_naive"":-3.378869634803334,""macro_fold_paired_rmsse"":5.265017137405848,""macro_fold_paired_seasonal_naive_bias"":-161317.6287878788,""macro_fold_paired_seasonal_naive_mae"":993304.1338383838,""macro_fold_paired_seasonal_naive_mape"":42.23096293998277,""macro_fold_paired_seasonal_naive_mase"":2.7225891601690013,""macro_fold_paired_seasonal_naive_n"":11.727272727272727,""macro_fold_paired_seasonal_naive_r2"":-1.5894142697951255,""macro_fold_paired_seasonal_naive_rmse"":1197335.7019372177,""macro_fold_paired_seasonal_naive_rmsse"":2.0595948409468345,""macro_fold_paired_seasonal_naive_smape"":31.033470831327975,""macro_fold_paired_seasonal_naive_wape"":35.18988122179591,""macro_fold_paired_smape"":56.847174830082615,""macro_fold_paired_wape"":76.42498696990788,""macro_fold_target_publication_delay_months"":3.0,""pooled_full_bias"":1713842.6279069767,""pooled_full_interval_95_coverage"":0.8914728682170543,""pooled_full_interval_95_mean_width"":10785465.285473377,""pooled_full_interval_95_winkler"":12327679.702187635,""pooled_full_mae"":2279162.6744186045,""pooled_full_mape"":100.42941769869351,""pooled_full_n"":129.0,""pooled_full_r2"":-0.778786542232202,""pooled_full_rmse"":2695132.7721346943,""pooled_full_smape"":55.3923529045017,""pooled_full_wape"":60.14093970167849,""pooled_paired_bias"":1713842.6279069767,""pooled_paired_interval_95_coverage"":0.8914728682170543,""pooled_paired_interval_95_mean_width"":10785465.285473377,""pooled_paired_interval_95_winkler"":12327679.702187635,""pooled_paired_mae"":2279162.6744186045,""pooled_paired_mae_skill_vs_seasonal_naive"":-1.3810082729781112,""pooled_paired_mape"":100.42941769869351,""pooled_paired_n"":129.0,""pooled_paired_r2"":-0.778786542232202,""pooled_paired_rmse"":2695132.7721346943,""pooled_paired_rmse_skill_vs_seasonal_naive"":-0.8609031496741157,""pooled_paired_seasonal_naive_bias"":-222128.19379844962,""pooled_paired_seasonal_naive_mae"":957225.8527131783,""pooled_paired_seasonal_naive_mape"":38.862647571911005,""pooled_paired_seasonal_naive_n"":129.0,""pooled_paired_seasonal_naive_r2"":0.48633935456232924,""pooled_paired_seasonal_naive_rmse"":1448292.8746757563,""pooled_paired_seasonal_naive_smape"":30.005784616910894,""pooled_paired_seasonal_naive_wape"":25.2586017378493,""pooled_paired_smape"":55.3923529045017,""pooled_paired_wape"":60.14093970167849,""run_id"":""run_20260811T162732Z_6bbfe89e"",""runtime_seconds"":0.015095900045707822}",-1.3810082729781112,0.015095900045707822,"[{""path"":""results/runs/run_20260811T162732Z_6bbfe89e/rolling_origin_fold_metrics.csv"",""sha256"":""ae9f920f02fe94f402a381aa6f7aa23737405d3a77349329aab025314c4ef0a5""},{""path"":""results/runs/run_20260811T162732Z_6bbfe89e/rolling_origin_leaderboard.csv"",""sha256"":""104b31ae5b8cc0619d5fc256f53bce349ce24c8bab4c4b9596558611088725ae""},{""path"":""results/runs/run_20260811T162732Z_6bbfe89e/forecasts/rolling_origin_forecasts.csv"",""sha256"":""648670d1c5943f0a6748e956fa7bf804bf6ec0e29453f912655818baccbea802""}]",run_id=run_20260811T162732Z_6bbfe89e; git_sha=eed5a07e6d48d3c4497f8d4cb104953170a079cc; all outer folds retained; no random split or final-test tuning,
exp_20260811T162734Z_8c63417d,2026-08-11T16:27:34.705740+00:00,eed5a07e6d48d3c4497f8d4cb104953170a079cc,"{""available"":true,""diff_sha256"":""e3b0c44298fc1c149afbf4c8996fb92427ae41e4649b934ca495991b7852b855"",""dirty"":false,""untracked_source_files"":[]}",run_20260811T162732Z_6bbfe89e,af64bb4a373eba3bff2376c6f436e514249396db1d5c278111bb73f030c2b1cf,a7885fb0e1ed5de7d64ae180733effc0baebad1e4842ef6bca467466b5b538e5,departing_visitors_total_original_with_missing,2008-01..2024-12,"[""fixed_12m_2015"",""fixed_12m_2016"",""fixed_12m_2017"",""fixed_12m_2018"",""fixed_12m_2019"",""fixed_12m_2020"",""fixed_12m_2021"",""fixed_12m_2022"",""fixed_12m_2023"",""fixed_12m_2024"",""fixed_12m_2025""]",1..12,fixed_origin_12m_ex_ante,B0_target_history_calendar,"{""fourier_order"":2,""include_expanding_mean"":true,""include_rolling_median"":true,""include_rolling_std"":true,""rolling_windows"":[3,6,12,24],""seasonal_period"":12,""target_lags"":[1,2,3,6,12,13,18,24],""target_publication_delay_months"":3}",ridge_recursive_b0,"{""candidate_grid"":{""model__alpha"":[0.1,1.0,10.0,100.0]},""fold_notes"":[""nested recursive validation MAE=1.14419e+06; origins=('inner_fixed_2019', 'inner_fixed_2020', 'inner_fixed_2021'); parameters={'model__alpha': 0.1}"",""nested recursive validation MAE=2.0878e+06; origins=('inner_fixed_2022', 'inner_fixed_2023', 'inner_fixed_2024'); parameters={'model__alpha': 1.0}"",""nested recursive validation MAE=2.35803e+06; origins=('inner_fixed_2020', 'inner_fixed_2021', 'inner_fixed_2022'); parameters={'model__alpha': 100.0}"",""nested recursive validation MAE=2.53469e+06; origins=('inner_fixed_2021', 'inner_fixed_2022', 'inner_fixed_2023'); parameters={'model__alpha': 100.0}"",""nested recursive validation MAE=347438; origins=('inner_fixed_2013', 'inner_fixed_2014', 'inner_fixed_2015'); parameters={'model__alpha': 0.1}"",""nested recursive validation MAE=368195; origins=('inner_fixed_2013', 'inner_fixed_2014'); parameters={'model__alpha': 0.1}"",""nested recursive validation MAE=643601; origins=('inner_fixed_2014', 'inner_fixed_2015', 'inner_fixed_2016'); parameters={'model__alpha': 1.0}"",""nested recursive validation MAE=672468; origins=('inner_fixed_2017', 'inner_fixed_2018', 'inner_fixed_2019'); parameters={'model__alpha': 1.0}"",""nested recursive validation MAE=706617; origins=('inner_fixed_2015', 'inner_fixed_2016', 'inner_fixed_2017'); parameters={'model__alpha': 1.0}"",""nested recursive validation MAE=773528; origins=('inner_fixed_2016', 'inner_fixed_2017', 'inner_fixed_2018'); parameters={'model__alpha': 10.0}"",""nested recursive validation MAE=973831; origins=('inner_fixed_2018', 'inner_fixed_2019', 'inner_fixed_2020'); parameters={'model__alpha': 0.1}""]}",20250811,"{""numpy"":""1.26.4"",""pandas"":""2.2.3"",""python"":""3.11.9"",""scikit-learn"":""1.5.2"",""scipy"":""1.13.1"",""statsmodels"":""0.14.4"",""xgboost"":""2.1.2""}",results/runs/run_20260811T162732Z_6bbfe89e/rolling_origin_fold_metrics.csv,"{""folds"":11,""macro_fold_full_bias"":-63713.684949631715,""macro_fold_full_interval_95_coverage"":NaN,""macro_fold_full_interval_95_mean_width"":NaN,""macro_fold_full_interval_95_winkler"":NaN,""macro_fold_full_mae"":1759312.9009075202,""macro_fold_full_mape"":53.88491559697429,""macro_fold_full_mase"":4.2042936779108055,""macro_fold_full_n"":11.727272727272727,""macro_fold_full_r2"":-3.423808861303408,""macro_fold_full_rmse"":2544148.0332411546,""macro_fold_full_rmsse"":3.4628828155213296,""macro_fold_full_smape"":45.07177047586031,""macro_fold_full_wape"":50.784651568697136,""macro_fold_paired_bias"":-63713.684949631715,""macro_fold_paired_interval_95_coverage"":NaN,""macro_fold_paired_interval_95_mean_width"":NaN,""macro_fold_paired_interval_95_winkler"":NaN,""macro_fold_paired_mae"":1759312.9009075202,""macro_fold_paired_mae_skill_vs_seasonal_naive"":-1.6540218653800927,""macro_fold_paired_mape"":53.88491559697429,""macro_fold_paired_mase"":4.2042936779108055,""macro_fold_paired_n"":11.727272727272727,""macro_fold_paired_r2"":-3.423808861303408,""macro_fold_paired_rmse"":2544148.0332411546,""macro_fold_paired_rmse_skill_vs_seasonal_naive"":-1.7395883963777188,""macro_fold_paired_rmsse"":3.4628828155213296,""macro_fold_paired_seasonal_naive_bias"":-161317.6287878788,""macro_fold_paired_seasonal_naive_mae"":993304.1338383838,""macro_fold_paired_seasonal_naive_mape"":42.23096293998277,""macro_fold_paired_seasonal_naive_mase"":2.7225891601690013,""macro_fold_paired_seasonal_naive_n"":11.727272727272727,""macro_fold_paired_seasonal_naive_r2"":-1.5894142697951255,""macro_fold_paired_seasonal_naive_rmse"":1197335.7019372177,""macro_fold_paired_seasonal_naive_rmsse"":2.0595948409468345,""macro_fold_paired_seasonal_naive_smape"":31.033470831327975,""macro_fold_paired_seasonal_naive_wape"":35.18988122179591,""macro_fold_paired_smape"":45.07177047586031,""macro_fold_paired_wape"":50.784651568697136,""macro_fold_target_publication_delay_months"":3.0,""pooled_full_bias"":-95862.7503913172,""pooled_full_interval_95_coverage"":NaN,""pooled_full_interval_95_mean_width"":NaN,""pooled_full_interval_95_winkler"":NaN,""pooled_full_mae"":1766040.2759109498,""pooled_full_mape"":52.54321465105676,""pooled_full_n"":129.0,""pooled_full_r2"":-1.7689507665851454,""pooled_full_rmse"":3362605.0771938907,""pooled_full_smape"":44.763863547829594,""pooled_full_wape"":46.60102718266465,""pooled_paired_bias"":-95862.7503913172,""pooled_paired_interval_95_coverage"":NaN,""pooled_paired_interval_95_mean_width"":NaN,""pooled_paired_interval_95_winkler"":NaN,""pooled_paired_mae"":1766040.2759109498,""pooled_paired_mae_skill_vs_seasonal_naive"":-0.8449567266755837,""pooled_paired_mape"":52.54321465105676,""pooled_paired_n"":129.0,""pooled_paired_r2"":-1.7689507665851454,""pooled_paired_rmse"":3362605.0771938907,""pooled_paired_rmse_skill_vs_seasonal_naive"":-1.3217714703917953,""pooled_paired_seasonal_naive_bias"":-222128.19379844962,""pooled_paired_seasonal_naive_mae"":957225.8527131783,""pooled_paired_seasonal_naive_mape"":38.862647571911005,""pooled_paired_seasonal_naive_n"":129.0,""pooled_paired_seasonal_naive_r2"":0.48633935456232924,""pooled_paired_seasonal_naive_rmse"":1448292.8746757563,""pooled_paired_seasonal_naive_smape"":30.005784616910894,""pooled_paired_seasonal_naive_wape"":25.2586017378493,""pooled_paired_smape"":44.763863547829594,""pooled_paired_wape"":46.60102718266465,""run_id"":""run_20260811T162732Z_6bbfe89e"",""runtime_seconds"":46.55927269998938}",-0.8449567266755837,46.55927269998938,"[{""path"":""results/runs/run_20260811T162732Z_6bbfe89e/rolling_origin_fold_metrics.csv"",""sha256"":""ae9f920f02fe94f402a381aa6f7aa23737405d3a77349329aab025314c4ef0a5""},{""path"":""results/runs/run_20260811T162732Z_6bbfe89e/rolling_origin_leaderboard.csv"",""sha256"":""104b31ae5b8cc0619d5fc256f53bce349ce24c8bab4c4b9596558611088725ae""},{""path"":""results/runs/run_20260811T162732Z_6bbfe89e/forecasts/rolling_origin_forecasts.csv"",""sha256"":""648670d1c5943f0a6748e956fa7bf804bf6ec0e29453f912655818baccbea802""}]",run_id=run_20260811T162732Z_6bbfe89e; git_sha=eed5a07e6d48d3c4497f8d4cb104953170a079cc; all outer folds retained; no random split or final-test tuning,
exp_20260811T162735Z_5b01f156,2026-08-11T16:27:35.976432+00:00,eed5a07e6d48d3c4497f8d4cb104953170a079cc,"{""available"":true,""diff_sha256"":""e3b0c44298fc1c149afbf4c8996fb92427ae41e4649b934ca495991b7852b855"",""dirty"":false,""untracked_source_files"":[]}",run_20260811T162732Z_6bbfe89e,af64bb4a373eba3bff2376c6f436e514249396db1d5c278111bb73f030c2b1cf,a7885fb0e1ed5de7d64ae180733effc0baebad1e4842ef6bca467466b5b538e5,departing_visitors_total_original_with_missing,2008-01..2024-12,"[""fixed_12m_2015"",""fixed_12m_2016"",""fixed_12m_2017"",""fixed_12m_2018"",""fixed_12m_2019"",""fixed_12m_2020"",""fixed_12m_2021"",""fixed_12m_2022"",""fixed_12m_2023"",""fixed_12m_2024"",""fixed_12m_2025""]",1..12,fixed_origin_12m_ex_ante,B0_univariate_target_history,"{""calendar_index"":""model_internal"",""target_history"":true}",same_month_historical_mean,"{""configuration"":{""calendar_month_climatology"":true},""fold_notes"":[""""]}",,"{""numpy"":""1.26.4"",""pandas"":""2.2.3"",""python"":""3.11.9"",""scikit-learn"":""1.5.2"",""scipy"":""1.13.1"",""statsmodels"":""0.14.4"",""xgboost"":""2.1.2""}",results/runs/run_20260811T162732Z_6bbfe89e/rolling_origin_fold_metrics.csv,"{""folds"":11,""macro_fold_full_bias"":-652860.3784100544,""macro_fold_full_interval_95_coverage"":0.6414141414141414,""macro_fold_full_interval_95_mean_width"":2432071.2910040827,""macro_fold_full_interval_95_winkler"":12260202.0916457,""macro_fold_full_mae"":1172003.3734396459,""macro_fold_full_mape"":39.203753130294984,""macro_fold_full_mase"":2.882386353106879,""macro_fold_full_n"":11.727272727272727,""macro_fold_full_r2"":-0.38050348679478374,""macro_fold_full_rmse"":1303273.8881612448,""macro_fold_full_rmsse"":2.0220048224490315,""macro_fold_full_smape"":35.399214534613094,""macro_fold_full_wape"":33.588601366832634,""macro_fold_paired_bias"":-652860.3784100544,""macro_fold_paired_interval_95_coverage"":0.6414141414141414,""macro_fold_paired_interval_95_mean_width"":2432071.2910040827,""macro_fold_paired_interval_95_winkler"":12260202.0916457,""macro_fold_paired_mae"":1172003.3734396459,""macro_fold_paired_mae_skill_vs_seasonal_naive"":-1.1789011491149124,""macro_fold_paired_mape"":39.203753130294984,""macro_fold_paired_mase"":2.882386353106879,""macro_fold_paired_n"":11.727272727272727,""macro_fold_paired_r2"":-0.38050348679478374,""macro_fold_paired_rmse"":1303273.8881612448,""macro_fold_paired_rmse_skill_vs_seasonal_naive"":-0.9026768450556553,""macro_fold_paired_rmsse"":2.0220048224490315,""macro_fold_paired_seasonal_naive_bias"":-161317.6287878788,""macro_fold_paired_seasonal_naive_mae"":993304.1338383838,""macro_fold_paired_seasonal_naive_mape"":42.23096293998277,""macro_fold_paired_seasonal_naive_mase"":2.7225891601690013,""macro_fold_paired_seasonal_naive_n"":11.727272727272727,""macro_fold_paired_seasonal_naive_r2"":-1.5894142697951255,""macro_fold_paired_seasonal_naive_rmse"":1197335.7019372177,""macro_fold_paired_seasonal_naive_rmsse"":2.0595948409468345,""macro_fold_paired_seasonal_naive_smape"":31.033470831327975,""macro_fold_paired_seasonal_naive_wape"":35.18988122179591,""macro_fold_paired_smape"":35.399214534613094,""macro_fold_paired_wape"":33.588601366832634,""macro_fold_target_publication_delay_months"":3.0,""pooled_full_bias"":-700478.7403149784,""pooled_full_interval_95_coverage"":0.6434108527131783,""pooled_full_interval_95_mean_width"":2437004.1659287354,""pooled_full_interval_95_winkler"":11729298.244668763,""pooled_full_mae"":1158398.3123959983,""pooled_full_mape"":37.161498835033626,""pooled_full_n"":129.0,""pooled_full_r2"":0.5061485492935477,""pooled_full_rmse"":1420091.782675032,""pooled_full_smape"":34.69007524534062,""pooled_full_wape"":30.566998941444737,""pooled_paired_bias"":-700478.7403149784,""pooled_paired_interval_95_coverage"":0.6434108527131783,""pooled_paired_interval_95_mean_width"":2437004.1659287354,""pooled_paired_interval_95_winkler"":11729298.244668763,""pooled_paired_mae"":1158398.3123959983,""pooled_paired_mae_skill_vs_seasonal_naive"":-0.21016195823860495,""pooled_paired_mape"":37.161498835033626,""pooled_paired_n"":129.0,""pooled_paired_r2"":0.5061485492935477,""pooled_paired_rmse"":1420091.782675032,""pooled_paired_rmse_skill_vs_seasonal_naive"":0.019471953838782752,""pooled_paired_seasonal_naive_bias"":-222128.19379844962,""pooled_paired_seasonal_naive_mae"":957225.8527131783,""pooled_paired_seasonal_naive_mape"":38.862647571911005,""pooled_paired_seasonal_naive_n"":129.0,""pooled_paired_seasonal_naive_r2"":0.48633935456232924,""pooled_paired_seasonal_naive_rmse"":1448292.8746757563,""pooled_paired_seasonal_naive_smape"":30.005784616910894,""pooled_paired_seasonal_naive_wape"":25.2586017378493,""pooled_paired_smape"":34.69007524534062,""pooled_paired_wape"":30.566998941444737,""run_id"":""run_20260811T162732Z_6bbfe89e"",""runtime_seconds"":0.022609499981626868}",-0.21016195823860495,0.022609499981626868,"[{""path"":""results/runs/run_20260811T162732Z_6bbfe89e/rolling_origin_fold_metrics.csv"",""sha256"":""ae9f920f02fe94f402a381aa6f7aa23737405d3a77349329aab025314c4ef0a5""},{""path"":""results/runs/run_20260811T162732Z_6bbfe89e/rolling_origin_leaderboard.csv"",""sha256"":""104b31ae5b8cc0619d5fc256f53bce349ce24c8bab4c4b9596558611088725ae""},{""path"":""results/runs/run_20260811T162732Z_6bbfe89e/forecasts/rolling_origin_forecasts.csv"",""sha256"":""648670d1c5943f0a6748e956fa7bf804bf6ec0e29453f912655818baccbea802""}]",run_id=run_20260811T162732Z_6bbfe89e; git_sha=eed5a07e6d48d3c4497f8d4cb104953170a079cc; all outer folds retained; no random split or final-test tuning,
exp_20260811T162736Z_a7ed2174,2026-08-11T16:27:36.612493+00:00,eed5a07e6d48d3c4497f8d4cb104953170a079cc,"{""available"":true,""diff_sha256"":""e3b0c44298fc1c149afbf4c8996fb92427ae41e4649b934ca495991b7852b855"",""dirty"":false,""untracked_source_files"":[]}",run_20260811T162732Z_6bbfe89e,af64bb4a373eba3bff2376c6f436e514249396db1d5c278111bb73f030c2b1cf,a7885fb0e1ed5de7d64ae180733effc0baebad1e4842ef6bca467466b5b538e5,departing_visitors_total_original_with_missing,2008-01..2024-12,"[""fixed_12m_2015"",""fixed_12m_2016"",""fixed_12m_2017"",""fixed_12m_2018"",""fixed_12m_2019"",""fixed_12m_2020"",""fixed_12m_2021"",""fixed_12m_2022"",""fixed_12m_2023"",""fixed_12m_2024"",""fixed_12m_2025""]",1..12,fixed_origin_12m_ex_ante,B0_univariate_target_history,"{""calendar_index"":""model_internal"",""target_history"":true}",sarima_111_111_12,"{""configuration"":{""order"":[1,1,1],""seasonal_order"":[1,1,1,12],""trend"":""constant""},""fold_notes"":[""""]}",,"{""numpy"":""1.26.4"",""pandas"":""2.2.3"",""python"":""3.11.9"",""scikit-learn"":""1.5.2"",""scipy"":""1.13.1"",""statsmodels"":""0.14.4"",""xgboost"":""2.1.2""}",results/runs/run_20260811T162732Z_6bbfe89e/rolling_origin_fold_metrics.csv,"{""folds"":11,""macro_fold_full_bias"":140336.12298313642,""macro_fold_full_interval_95_coverage"":0.7702020202020201,""macro_fold_full_interval_95_mean_width"":4706312.2995805815,""macro_fold_full_interval_95_winkler"":19485497.420913488,""macro_fold_full_mae"":1369647.6164185153,""macro_fold_full_mape"":60.10829338318474,""macro_fold_full_mase"":4.0564809211001,""macro_fold_full_n"":11.727272727272727,""macro_fold_full_r2"":-3.081253032708231,""macro_fold_full_rmse"":1550893.904399928,""macro_fold_full_rmsse"":2.818990862402511,""macro_fold_full_smape"":52.88480398257473,""macro_fold_full_wape"":49.647339781941106,""macro_fold_paired_bias"":140336.12298313642,""macro_fold_paired_interval_95_coverage"":0.7702020202020201,""macro_fold_paired_interval_95_mean_width"":4706312.2995805815,""macro_fold_paired_interval_95_winkler"":19485497.420913488,""macro_fold_paired_mae"":1369647.6164185153,""macro_fold_paired_mae_skill_vs_seasonal_naive"":-0.7474418841807342,""macro_fold_paired_mape"":60.10829338318474,""macro_fold_paired_mase"":4.0564809211001,""macro_fold_paired_n"":11.727272727272727,""macro_fold_paired_r2"":-3.081253032708231,""macro_fold_paired_rmse"":1550893.904399928,""macro_fold_paired_rmse_skill_vs_seasonal_naive"":-0.5854455881247596,""macro_fold_paired_rmsse"":2.818990862402511,""macro_fold_paired_seasonal_naive_bias"":-161317.6287878788,""macro_fold_paired_seasonal_naive_mae"":993304.1338383838,""macro_fold_paired_seasonal_naive_mape"":42.23096293998277,""macro_fold_paired_seasonal_naive_mase"":2.7225891601690013,""macro_fold_paired_seasonal_naive_n"":11.727272727272727,""macro_fold_paired_seasonal_naive_r2"":-1.5894142697951255,""macro_fold_paired_seasonal_naive_rmse"":1197335.7019372177,""macro_fold_paired_seasonal_naive_rmsse"":2.0595948409468345,""macro_fold_paired_seasonal_naive_smape"":31.033470831327975,""macro_fold_paired_seasonal_naive_wape"":35.18988122179591,""macro_fold_paired_smape"":52.88480398257473,""macro_fold_paired_wape"":49.647339781941106,""macro_fold_target_publication_delay_months"":3.0,""pooled_full_bias"":61439.834544675316,""pooled_full_interval_95_coverage"":0.7829457364341085,""pooled_full_interval_95_mean_width"":4736987.732819918,""pooled_full_interval_95_winkler"":18065875.964033235,""pooled_full_mae"":1319339.967362272,""pooled_full_mape"":55.470486027367485,""pooled_full_n"":129.0,""pooled_full_r2"":0.16078575277000318,""pooled_full_rmse"":1851205.6690381684,""pooled_full_smape"":51.896974151481245,""pooled_full_wape"":34.81381400008644,""pooled_paired_bias"":61439.834544675316,""pooled_paired_interval_95_coverage"":0.7829457364341085,""pooled_paired_interval_95_mean_width"":4736987.732819918,""pooled_paired_interval_95_winkler"":18065875.964033235,""pooled_paired_mae"":1319339.967362272,""pooled_paired_mae_skill_vs_seasonal_naive"":-0.378295376814898,""pooled_paired_mape"":55.470486027367485,""pooled_paired_n"":129.0,""pooled_paired_r2"":0.16078575277000318,""pooled_paired_rmse"":1851205.6690381684,""pooled_paired_rmse_skill_vs_seasonal_naive"":-0.27819842340425516,""pooled_paired_seasonal_naive_bias"":-222128.19379844962,""pooled_paired_seasonal_naive_mae"":957225.8527131783,""pooled_paired_seasonal_naive_mape"":38.862647571911005,""pooled_paired_seasonal_naive_n"":129.0,""pooled_paired_seasonal_naive_r2"":0.48633935456232924,""pooled_paired_seasonal_naive_rmse"":1448292.8746757563,""pooled_paired_seasonal_naive_smape"":30.005784616910894,""pooled_paired_seasonal_naive_wape"":25.2586017378493,""pooled_paired_smape"":51.896974151481245,""pooled_paired_wape"":34.81381400008644,""run_id"":""run_20260811T162732Z_6bbfe89e"",""runtime_seconds"":1.5036126001505181}",-0.378295376814898,1.5036126001505181,"[{""path"":""results/runs/run_20260811T162732Z_6bbfe89e/rolling_origin_fold_metrics.csv"",""sha256"":""ae9f920f02fe94f402a381aa6f7aa23737405d3a77349329aab025314c4ef0a5""},{""path"":""results/runs/run_20260811T162732Z_6bbfe89e/rolling_origin_leaderboard.csv"",""sha256"":""104b31ae5b8cc0619d5fc256f53bce349ce24c8bab4c4b9596558611088725ae""},{""path"":""results/runs/run_20260811T162732Z_6bbfe89e/forecasts/rolling_origin_forecasts.csv"",""sha256"":""648670d1c5943f0a6748e956fa7bf804bf6ec0e29453f912655818baccbea802""}]",run_id=run_20260811T162732Z_6bbfe89e; git_sha=eed5a07e6d48d3c4497f8d4cb104953170a079cc; all outer folds retained; no random split or final-test tuning,
exp_20260811T162737Z_7308e6f1,2026-08-11T16:27:37.052316+00:00,eed5a07e6d48d3c4497f8d4cb104953170a079cc,"{""available"":true,""diff_sha256"":""e3b0c44298fc1c149afbf4c8996fb92427ae41e4649b934ca495991b7852b855"",""dirty"":false,""untracked_source_files"":[]}",run_20260811T162732Z_6bbfe89e,af64bb4a373eba3bff2376c6f436e514249396db1d5c278111bb73f030c2b1cf,a7885fb0e1ed5de7d64ae180733effc0baebad1e4842ef6bca467466b5b538e5,departing_visitors_total_original_with_missing,2008-01..2024-12,"[""fixed_12m_2015"",""fixed_12m_2016"",""fixed_12m_2017"",""fixed_12m_2018"",""fixed_12m_2019"",""fixed_12m_2020"",""fixed_12m_2021"",""fixed_12m_2022"",""fixed_12m_2023"",""fixed_12m_2024"",""fixed_12m_2025""]",1..12,fixed_origin_12m_ex_ante,B0_univariate_target_history,"{""calendar_index"":""model_internal"",""target_history"":true}",seasonal_moving_average_3,"{""configuration"":{""prior_seasons"":3,""seasonal_period"":12},""fold_notes"":[""""]}",,"{""numpy"":""1.26.4"",""pandas"":""2.2.3"",""python"":""3.11.9"",""scikit-learn"":""1.5.2"",""scipy"":""1.13.1"",""statsmodels"":""0.14.4"",""xgboost"":""2.1.2""}",results/runs/run_20260811T162732Z_6bbfe89e/rolling_origin_fold_metrics.csv,"{""folds"":11,""macro_fold_full_bias"":-335289.7281144782,""macro_fold_full_interval_95_coverage"":0.7222222222222222,""macro_fold_full_interval_95_mean_width"":2670772.870443945,""macro_fold_full_interval_95_winkler"":12604882.167040616,""macro_fold_full_mae"":1055430.2971380472,""macro_fold_full_mape"":39.72281378008233,""macro_fold_full_mase"":2.7045545347167805,""macro_fold_full_n"":11.727272727272727,""macro_fold_full_r2"":-0.8839946939915667,""macro_fold_full_rmse"":1242814.0987231678,""macro_fold_full_rmsse"":2.026040942820872,""macro_fold_full_smape"":30.73811557858085,""macro_fold_full_wape"":33.04541595159415,""macro_fold_paired_bias"":-335289.7281144782,""macro_fold_paired_interval_95_coverage"":0.7222222222222222,""macro_fold_paired_interval_95_mean_width"":2670772.870443945,""macro_fold_paired_interval_95_winkler"":12604882.167040616,""macro_fold_paired_mae"":1055430.2971380472,""macro_fold_paired_mae_skill_vs_seasonal_naive"":-0.5024107882677356,""macro_fold_paired_mape"":39.72281378008233,""macro_fold_paired_mase"":2.7045545347167805,""macro_fold_paired_n"":11.727272727272727,""macro_fold_paired_r2"":-0.8839946939915667,""macro_fold_paired_rmse"":1242814.0987231678,""macro_fold_paired_rmse_skill_vs_seasonal_naive"":-0.4241450348998608,""macro_fold_paired_rmsse"":2.026040942820872,""macro_fold_paired_seasonal_naive_bias"":-161317.6287878788,""macro_fold_paired_seasonal_naive_mae"":993304.1338383838,""macro_fold_paired_seasonal_naive_mape"":42.23096293998277,""macro_fold_paired_seasonal_naive_mase"":2.7225891601690013,""macro_fold_paired_seasonal_naive_n"":11.727272727272727,""macro_fold_paired_seasonal_naive_r2"":-1.5894142697951255,""macro_fold_paired_seasonal_naive_rmse"":1197335.7019372177,""macro_fold_paired_seasonal_naive_rmsse"":2.0595948409468345,""macro_fold_paired_seasonal_naive_smape"":31.033470831327975,""macro_fold_paired_seasonal_naive_wape"":35.18988122179591,""macro_fold_paired_smape"":30.73811557858085,""macro_fold_paired_wape"":33.04541595159415,""macro_fold_target_publication_delay_months"":3.0,""pooled_full_bias"":-387699.2480620155,""pooled_full_interval_95_coverage"":0.7286821705426356,""pooled_full_interval_95_mean_width"":2682115.6330325934,""pooled_full_interval_95_winkler"":11740619.533201814,""pooled_full_mae"":1030677.5839793283,""pooled_full_mape"":37.02280475313621,""pooled_full_n"":129.0,""pooled_full_r2"":0.5357521692913576,""pooled_full_rmse"":1376870.7977296489,""pooled_full_smape"":29.83317675591852,""pooled_full_wape"":27.196794298934602,""pooled_paired_bias"":-387699.2480620155,""pooled_paired_interval_95_coverage"":0.7286821705426356,""pooled_paired_interval_95_mean_width"":2682115.6330325934,""pooled_paired_interval_95_winkler"":11740619.533201814,""pooled_paired_mae"":1030677.5839793283,""pooled_paired_mae_skill_vs_seasonal_naive"":-0.07673396101657426,""pooled_paired_mape"":37.02280475313621,""pooled_paired_n"":129.0,""pooled_paired_r2"":0.5357521692913576,""pooled_paired_rmse"":1376870.7977296489,""pooled_paired_rmse_skill_vs_seasonal_naive"":0.04931466431615039,""pooled_paired_seasonal_naive_bias"":-222128.19379844962,""pooled_paired_seasonal_naive_mae"":957225.8527131783,""pooled_paired_seasonal_naive_mape"":38.862647571911005,""pooled_paired_seasonal_naive_n"":129.0,""pooled_paired_seasonal_naive_r2"":0.48633935456232924,""pooled_paired_seasonal_naive_rmse"":1448292.8746757563,""pooled_paired_seasonal_naive_smape"":30.005784616910894,""pooled_paired_seasonal_naive_wape"":25.2586017378493,""pooled_paired_smape"":29.83317675591852,""pooled_paired_wape"":27.196794298934602,""run_id"":""run_20260811T162732Z_6bbfe89e"",""runtime_seconds"":0.2685889999847859}",-0.07673396101657426,0.2685889999847859,"[{""path"":""results/runs/run_20260811T162732Z_6bbfe89e/rolling_origin_fold_metrics.csv"",""sha256"":""ae9f920f02fe94f402a381aa6f7aa23737405d3a77349329aab025314c4ef0a5""},{""path"":""results/runs/run_20260811T162732Z_6bbfe89e/rolling_origin_leaderboard.csv"",""sha256"":""104b31ae5b8cc0619d5fc256f53bce349ce24c8bab4c4b9596558611088725ae""},{""path"":""results/runs/run_20260811T162732Z_6bbfe89e/forecasts/rolling_origin_forecasts.csv"",""sha256"":""648670d1c5943f0a6748e956fa7bf804bf6ec0e29453f912655818baccbea802""}]",run_id=run_20260811T162732Z_6bbfe89e; git_sha=eed5a07e6d48d3c4497f8d4cb104953170a079cc; all outer folds retained; no random split or final-test tuning,
exp_20260811T162738Z_18d167cf,2026-08-11T16:27:38.295041+00:00,eed5a07e6d48d3c4497f8d4cb104953170a079cc,"{""available"":true,""diff_sha256"":""e3b0c44298fc1c149afbf4c8996fb92427ae41e4649b934ca495991b7852b855"",""dirty"":false,""untracked_source_files"":[]}",run_20260811T162732Z_6bbfe89e,af64bb4a373eba3bff2376c6f436e514249396db1d5c278111bb73f030c2b1cf,a7885fb0e1ed5de7d64ae180733effc0baebad1e4842ef6bca467466b5b538e5,departing_visitors_total_original_with_missing,2008-01..2024-12,"[""fixed_12m_2015"",""fixed_12m_2016"",""fixed_12m_2017"",""fixed_12m_2018"",""fixed_12m_2019"",""fixed_12m_2020"",""fixed_12m_2021"",""fixed_12m_2022"",""fixed_12m_2023"",""fixed_12m_2024"",""fixed_12m_2025""]",1..12,fixed_origin_12m_ex_ante,B0_univariate_target_history,"{""calendar_index"":""model_internal"",""target_history"":true}",seasonal_naive,"{""configuration"":{""seasonal_period"":12,""unavailable_reference_policy"":""recursive preceding-season projection""},""fold_notes"":[""release-aware recursive seasonal fill for 3 unavailable training reference months; raw target unchanged"",""release-aware recursive seasonal fill for 6 unavailable training reference months; raw target unchanged""]}",,"{""numpy"":""1.26.4"",""pandas"":""2.2.3"",""python"":""3.11.9"",""scikit-learn"":""1.5.2"",""scipy"":""1.13.1"",""statsmodels"":""0.14.4"",""xgboost"":""2.1.2""}",results/runs/run_20260811T162732Z_6bbfe89e/rolling_origin_fold_metrics.csv,"{""folds"":11,""macro_fold_full_bias"":-161317.6287878788,""macro_fold_full_interval_95_coverage"":0.9318181818181818,""macro_fold_full_interval_95_mean_width"":6781399.565774348,""macro_fold_full_interval_95_winkler"":10831850.843448447,""macro_fold_full_mae"":993304.1338383838,""macro_fold_full_mape"":42.23096293998277,""macro_fold_full_mase"":2.7225891601690013,""macro_fold_full_n"":11.727272727272727,""macro_fold_full_r2"":-1.5894142697951255,""macro_fold_full_rmse"":1197335.7019372177,""macro_fold_full_rmsse"":2.0595948409468345,""macro_fold_full_smape"":31.033470831327975,""macro_fold_full_wape"":35.18988122179591,""macro_fold_paired_bias"":-161317.6287878788,""macro_fold_paired_interval_95_coverage"":0.9318181818181818,""macro_fold_paired_interval_95_mean_width"":6781399.565774348,""macro_fold_paired_interval_95_winkler"":10831850.843448447,""macro_fold_paired_mae"":993304.1338383838,""macro_fold_paired_mae_skill_vs_seasonal_naive"":0.0,""macro_fold_paired_mape"":42.23096293998277,""macro_fold_paired_mase"":2.7225891601690013,""macro_fold_paired_n"":11.727272727272727,""macro_fold_paired_r2"":-1.5894142697951255,""macro_fold_paired_rmse"":1197335.7019372177,""macro_fold_paired_rmse_skill_vs_seasonal_naive"":0.0,""macro_fold_paired_rmsse"":2.0595948409468345,""macro_fold_paired_seasonal_naive_bias"":-161317.6287878788,""macro_fold_paired_seasonal_naive_mae"":993304.1338383838,""macro_fold_paired_seasonal_naive_mape"":42.23096293998277,""macro_fold_paired_seasonal_naive_mase"":2.7225891601690013,""macro_fold_paired_seasonal_naive_n"":11.727272727272727,""macro_fold_paired_seasonal_naive_r2"":-1.5894142697951255,""macro_fold_paired_seasonal_naive_rmse"":1197335.7019372177,""macro_fold_paired_seasonal_naive_rmsse"":2.0595948409468345,""macro_fold_paired_seasonal_naive_smape"":31.033470831327975,""macro_fold_paired_seasonal_naive_wape"":35.18988122179591,""macro_fold_paired_smape"":31.033470831327975,""macro_fold_paired_wape"":35.18988122179591,""macro_fold_target_publication_delay_months"":3.0,""pooled_full_bias"":-222128.19379844962,""pooled_full_interval_95_coverage"":0.937984496124031,""pooled_full_interval_95_mean_width"":6822056.465892816,""pooled_full_interval_95_winkler"":10191362.81489655,""pooled_full_mae"":957225.8527131783,""pooled_full_mape"":38.862647571911005,""pooled_full_n"":129.0,""pooled_full_r2"":0.48633935456232924,""pooled_full_rmse"":1448292.8746757563,""pooled_full_smape"":30.005784616910894,""pooled_full_wape"":25.2586017378493,""pooled_paired_bias"":-222128.19379844962,""pooled_paired_interval_95_coverage"":0.937984496124031,""pooled_paired_interval_95_mean_width"":6822056.465892816,""pooled_paired_interval_95_winkler"":10191362.81489655,""pooled_paired_mae"":957225.8527131783,""pooled_paired_mae_skill_vs_seasonal_naive"":0.0,""pooled_paired_mape"":38.862647571911005,""pooled_paired_n"":129.0,""pooled_paired_r2"":0.48633935456232924,""pooled_paired_rmse"":1448292.8746757563,""pooled_paired_rmse_skill_vs_seasonal_naive"":0.0,""pooled_paired_seasonal_naive_bias"":-222128.19379844962,""pooled_paired_seasonal_naive_mae"":957225.8527131783,""pooled_paired_seasonal_naive_mape"":38.862647571911005,""pooled_paired_seasonal_naive_n"":129.0,""pooled_paired_seasonal_naive_r2"":0.48633935456232924,""pooled_paired_seasonal_naive_rmse"":1448292.8746757563,""pooled_paired_seasonal_naive_smape"":30.005784616910894,""pooled_paired_seasonal_naive_wape"":25.2586017378493,""pooled_paired_smape"":30.005784616910894,""pooled_paired_wape"":25.2586017378493,""run_id"":""run_20260811T162732Z_6bbfe89e"",""runtime_seconds"":0.04623920004814863}",0.0,0.04623920004814863,"[{""path"":""results/runs/run_20260811T162732Z_6bbfe89e/rolling_origin_fold_metrics.csv"",""sha256"":""ae9f920f02fe94f402a381aa6f7aa23737405d3a77349329aab025314c4ef0a5""},{""path"":""results/runs/run_20260811T162732Z_6bbfe89e/rolling_origin_leaderboard.csv"",""sha256"":""104b31ae5b8cc0619d5fc256f53bce349ce24c8bab4c4b9596558611088725ae""},{""path"":""results/runs/run_20260811T162732Z_6bbfe89e/forecasts/rolling_origin_forecasts.csv"",""sha256"":""648670d1c5943f0a6748e956fa7bf804bf6ec0e29453f912655818baccbea802""}]",run_id=run_20260811T162732Z_6bbfe89e; git_sha=eed5a07e6d48d3c4497f8d4cb104953170a079cc; all outer folds retained; no random split or final-test tuning,
exp_20260811T162738Z_a9d8184e,2026-08-11T16:27:38.728667+00:00,eed5a07e6d48d3c4497f8d4cb104953170a079cc,"{""available"":true,""diff_sha256"":""e3b0c44298fc1c149afbf4c8996fb92427ae41e4649b934ca495991b7852b855"",""dirty"":false,""untracked_source_files"":[]}",run_20260811T162732Z_6bbfe89e,af64bb4a373eba3bff2376c6f436e514249396db1d5c278111bb73f030c2b1cf,a7885fb0e1ed5de7d64ae180733effc0baebad1e4842ef6bca467466b5b538e5,departing_visitors_total_original_with_missing,2008-01..2024-12,"[""fixed_12m_2015"",""fixed_12m_2016"",""fixed_12m_2017"",""fixed_12m_2018"",""fixed_12m_2019"",""fixed_12m_2020"",""fixed_12m_2021"",""fixed_12m_2022"",""fixed_12m_2023"",""fixed_12m_2024"",""fixed_12m_2025""]",1..12,fixed_origin_12m_ex_ante,B0_univariate_target_history,"{""calendar_index"":""model_internal"",""target_history"":true}",stl_arima_111,"{""configuration"":{""decomposition"":""robust_STL"",""remainder_order"":[1,1,1],""seasonal_period"":12},""fold_notes"":[""robust STL(12) + ARIMA(1,1,1) remainder; model-internal seasonal fill for missing training targets""]}",,"{""numpy"":""1.26.4"",""pandas"":""2.2.3"",""python"":""3.11.9"",""scikit-learn"":""1.5.2"",""scipy"":""1.13.1"",""statsmodels"":""0.14.4"",""xgboost"":""2.1.2""}",results/runs/run_20260811T162732Z_6bbfe89e/rolling_origin_fold_metrics.csv,"{""folds"":11,""macro_fold_full_bias"":35603.3928014797,""macro_fold_full_interval_95_coverage"":0.851010101010101,""macro_fold_full_interval_95_mean_width"":4015560.4481598753,""macro_fold_full_interval_95_winkler"":9022222.507489456,""macro_fold_full_mae"":1015326.6542082974,""macro_fold_full_mape"":42.774184705562,""macro_fold_full_mase"":2.801124964522364,""macro_fold_full_n"":11.727272727272727,""macro_fold_full_r2"":-1.0820332901801721,""macro_fold_full_rmse"":1208917.9991684987,""macro_fold_full_rmsse"":2.106242482478388,""macro_fold_full_smape"":30.429099265044115,""macro_fold_full_wape"":35.18521934193258,""macro_fold_paired_bias"":35603.3928014797,""macro_fold_paired_interval_95_coverage"":0.851010101010101,""macro_fold_paired_interval_95_mean_width"":4015560.4481598753,""macro_fold_paired_interval_95_winkler"":9022222.507489456,""macro_fold_paired_mae"":1015326.6542082974,""macro_fold_paired_mae_skill_vs_seasonal_naive"":-0.10322156698671807,""macro_fold_paired_mape"":42.774184705562,""macro_fold_paired_mase"":2.801124964522364,""macro_fold_paired_n"":11.727272727272727,""macro_fold_paired_r2"":-1.0820332901801721,""macro_fold_paired_rmse"":1208917.9991684987,""macro_fold_paired_rmse_skill_vs_seasonal_naive"":-0.1319879751092128,""macro_fold_paired_rmsse"":2.106242482478388,""macro_fold_paired_seasonal_naive_bias"":-161317.6287878788,""macro_fold_paired_seasonal_naive_mae"":993304.1338383838,""macro_fold_paired_seasonal_naive_mape"":42.23096293998277,""macro_fold_paired_seasonal_naive_mase"":2.7225891601690013,""macro_fold_paired_seasonal_naive_n"":11.727272727272727,""macro_fold_paired_seasonal_naive_r2"":-1.5894142697951255,""macro_fold_paired_seasonal_naive_rmse"":1197335.7019372177,""macro_fold_paired_seasonal_naive_rmsse"":2.0595948409468345,""macro_fold_paired_seasonal_naive_smape"":31.033470831327975,""macro_fold_paired_seasonal_naive_wape"":35.18988122179591,""macro_fold_paired_smape"":30.429099265044115,""macro_fold_paired_wape"":35.18521934193258,""macro_fold_target_publication_delay_months"":3.0,""pooled_full_bias"":-13018.095088578639,""pooled_full_interval_95_coverage"":0.8604651162790697,""pooled_full_interval_95_mean_width"":4041253.544345655,""pooled_full_interval_95_winkler"":8215013.026962305,""pooled_full_mae"":986648.9405159242,""pooled_full_mape"":39.90035471695684,""pooled_full_n"":129.0,""pooled_full_r2"":0.5210529880441009,""pooled_full_rmse"":1398498.4247850785,""pooled_full_smape"":29.44959427996293,""pooled_full_wape"":26.034997459507707,""pooled_paired_bias"":-13018.095088578639,""pooled_paired_interval_95_coverage"":0.8604651162790697,""pooled_paired_interval_95_mean_width"":4041253.544345655,""pooled_paired_interval_95_winkler"":8215013.026962305,""pooled_paired_mae"":986648.9405159242,""pooled_paired_mae_skill_vs_seasonal_naive"":-0.0307378741593205,""pooled_paired_mape"":39.90035471695684,""pooled_paired_n"":129.0,""pooled_paired_r2"":0.5210529880441009,""pooled_paired_rmse"":1398498.4247850785,""pooled_paired_rmse_skill_vs_seasonal_naive"":0.03438147819502724,""pooled_paired_seasonal_naive_bias"":-222128.19379844962,""pooled_paired_seasonal_naive_mae"":957225.8527131783,""pooled_paired_seasonal_naive_mape"":38.862647571911005,""pooled_paired_seasonal_naive_n"":129.0,""pooled_paired_seasonal_naive_r2"":0.48633935456232924,""pooled_paired_seasonal_naive_rmse"":1448292.8746757563,""pooled_paired_seasonal_naive_smape"":30.005784616910894,""pooled_paired_seasonal_naive_wape"":25.2586017378493,""pooled_paired_smape"":29.44959427996293,""pooled_paired_wape"":26.034997459507707,""run_id"":""run_20260811T162732Z_6bbfe89e"",""runtime_seconds"":0.5913763998541981}",-0.0307378741593205,0.5913763998541981,"[{""path"":""results/runs/run_20260811T162732Z_6bbfe89e/rolling_origin_fold_metrics.csv"",""sha256"":""ae9f920f02fe94f402a381aa6f7aa23737405d3a77349329aab025314c4ef0a5""},{""path"":""results/runs/run_20260811T162732Z_6bbfe89e/rolling_origin_leaderboard.csv"",""sha256"":""104b31ae5b8cc0619d5fc256f53bce349ce24c8bab4c4b9596558611088725ae""},{""path"":""results/runs/run_20260811T162732Z_6bbfe89e/forecasts/rolling_origin_forecasts.csv"",""sha256"":""648670d1c5943f0a6748e956fa7bf804bf6ec0e29453f912655818baccbea802""}]",run_id=run_20260811T162732Z_6bbfe89e; git_sha=eed5a07e6d48d3c4497f8d4cb104953170a079cc; all outer folds retained; no random split or final-test tuning,
exp_20260811T162739Z_b2c91eca,2026-08-11T16:27:39.155476+00:00,eed5a07e6d48d3c4497f8d4cb104953170a079cc,"{""available"":true,""diff_sha256"":""e3b0c44298fc1c149afbf4c8996fb92427ae41e4649b934ca495991b7852b855"",""dirty"":false,""untracked_source_files"":[]}",run_20260811T162732Z_6bbfe89e,af64bb4a373eba3bff2376c6f436e514249396db1d5c278111bb73f030c2b1cf,a7885fb0e1ed5de7d64ae180733effc0baebad1e4842ef6bca467466b5b538e5,departing_visitors_total_original_with_missing,2008-01..2024-12,"[""fixed_12m_2015"",""fixed_12m_2016"",""fixed_12m_2017"",""fixed_12m_2018"",""fixed_12m_2019"",""fixed_12m_2020"",""fixed_12m_2021"",""fixed_12m_2022"",""fixed_12m_2023"",""fixed_12m_2024"",""fixed_12m_2025""]",1..12,fixed_origin_12m_ex_ante,B0_univariate_target_history,"{""calendar_index"":""model_internal"",""target_history"":true}",theta,"{""configuration"":{""deseasonalize"":true,""seasonal_period"":12},""fold_notes"":[""model-internal seasonal fill for missing training targets""]}",,"{""numpy"":""1.26.4"",""pandas"":""2.2.3"",""python"":""3.11.9"",""scikit-learn"":""1.5.2"",""scipy"":""1.13.1"",""statsmodels"":""0.14.4"",""xgboost"":""2.1.2""}",results/runs/run_20260811T162732Z_6bbfe89e/rolling_origin_fold_metrics.csv,"{""folds"":11,""macro_fold_full_bias"":2288.2152079304,""macro_fold_full_interval_95_coverage"":0.9797979797979799,""macro_fold_full_interval_95_mean_width"":8585551.11776042,""macro_fold_full_interval_95_winkler"":9539774.526541093,""macro_fold_full_mae"":1036035.613284593,""macro_fold_full_mape"":43.84078565600323,""macro_fold_full_mase"":2.757511194270611,""macro_fold_full_n"":11.727272727272727,""macro_fold_full_r2"":-1.5210471223074427,""macro_fold_full_rmse"":1201721.7989481294,""macro_fold_full_rmsse"":2.021743105088447,""macro_fold_full_smape"":31.141079446384342,""macro_fold_full_wape"":36.24682354451082,""macro_fold_paired_bias"":2288.2152079304,""macro_fold_paired_interval_95_coverage"":0.9797979797979799,""macro_fold_paired_interval_95_mean_width"":8585551.11776042,""macro_fold_paired_interval_95_winkler"":9539774.526541093,""macro_fold_paired_mae"":1036035.613284593,""macro_fold_paired_mae_skill_vs_seasonal_naive"":-0.10492852963374653,""macro_fold_paired_mape"":43.84078565600323,""macro_fold_paired_mase"":2.757511194270611,""macro_fold_paired_n"":11.727272727272727,""macro_fold_paired_r2"":-1.5210471223074427,""macro_fold_paired_rmse"":1201721.7989481294,""macro_fold_paired_rmse_skill_vs_seasonal_naive"":-0.05275004872545282,""macro_fold_paired_rmsse"":2.021743105088447,""macro_fold_paired_seasonal_naive_bias"":-161317.6287878788,""macro_fold_paired_seasonal_naive_mae"":993304.1338383838,""macro_fold_paired_seasonal_naive_mape"":42.23096293998277,""macro_fold_paired_seasonal_naive_mase"":2.7225891601690013,""macro_fold_paired_seasonal_naive_n"":11.727272727272727,""macro_fold_paired_seasonal_naive_r2"":-1.5894142697951255,""macro_fold_paired_seasonal_naive_rmse"":1197335.7019372177,""macro_fold_paired_seasonal_naive_rmsse"":2.0595948409468345,""macro_fold_paired_seasonal_naive_smape"":31.033470831327975,""macro_fold_paired_seasonal_naive_wape"":35.18988122179591,""macro_fold_paired_smape"":31.141079446384342,""macro_fold_paired_wape"":36.24682354451082,""macro_fold_target_publication_delay_months"":3.0,""pooled_full_bias"":-53541.32116379835,""pooled_full_interval_95_coverage"":0.9844961240310077,""pooled_full_interval_95_mean_width"":8596004.736189812,""pooled_full_interval_95_winkler"":9328315.724323818,""pooled_full_mae"":1000850.0792678546,""pooled_full_mape"":40.55860538963173,""pooled_full_n"":129.0,""pooled_full_r2"":0.4488559197780573,""pooled_full_rmse"":1500205.7337734832,""pooled_full_smape"":30.068531826108668,""pooled_full_wape"":26.409727108672783,""pooled_paired_bias"":-53541.32116379835,""pooled_paired_interval_95_coverage"":0.9844961240310077,""pooled_paired_interval_95_mean_width"":8596004.736189812,""pooled_paired_interval_95_winkler"":9328315.724323818,""pooled_paired_mae"":1000850.0792678546,""pooled_paired_mae_skill_vs_seasonal_naive"":-0.04557359836346575,""pooled_paired_mape"":40.55860538963173,""pooled_paired_n"":129.0,""pooled_paired_r2"":0.4488559197780573,""pooled_paired_rmse"":1500205.7337734832,""pooled_paired_rmse_skill_vs_seasonal_naive"":-0.03584417213220714,""pooled_paired_seasonal_naive_bias"":-222128.19379844962,""pooled_paired_seasonal_naive_mae"":957225.8527131783,""pooled_paired_seasonal_naive_mape"":38.862647571911005,""pooled_paired_seasonal_naive_n"":129.0,""pooled_paired_seasonal_naive_r2"":0.48633935456232924,""pooled_paired_seasonal_naive_rmse"":1448292.8746757563,""pooled_paired_seasonal_naive_smape"":30.005784616910894,""pooled_paired_seasonal_naive_wape"":25.2586017378493,""pooled_paired_smape"":30.068531826108668,""pooled_paired_wape"":26.409727108672783,""run_id"":""run_20260811T162732Z_6bbfe89e"",""runtime_seconds"":0.31416789977811277}",-0.04557359836346575,0.31416789977811277,"[{""path"":""results/runs/run_20260811T162732Z_6bbfe89e/rolling_origin_fold_metrics.csv"",""sha256"":""ae9f920f02fe94f402a381aa6f7aa23737405d3a77349329aab025314c4ef0a5""},{""path"":""results/runs/run_20260811T162732Z_6bbfe89e/rolling_origin_leaderboard.csv"",""sha256"":""104b31ae5b8cc0619d5fc256f53bce349ce24c8bab4c4b9596558611088725ae""},{""path"":""results/runs/run_20260811T162732Z_6bbfe89e/forecasts/rolling_origin_forecasts.csv"",""sha256"":""648670d1c5943f0a6748e956fa7bf804bf6ec0e29453f912655818baccbea802""}]",run_id=run_20260811T162732Z_6bbfe89e; git_sha=eed5a07e6d48d3c4497f8d4cb104953170a079cc; all outer folds retained; no random split or final-test tuning,
exp_20260811T162740Z_e1f2e623,2026-08-11T16:27:40.358896+00:00,eed5a07e6d48d3c4497f8d4cb104953170a079cc,"{""available"":true,""diff_sha256"":""e3b0c44298fc1c149afbf4c8996fb92427ae41e4649b934ca495991b7852b855"",""dirty"":false,""untracked_source_files"":[]}",run_20260811T162732Z_6bbfe89e,af64bb4a373eba3bff2376c6f436e514249396db1d5c278111bb73f030c2b1cf,a7885fb0e1ed5de7d64ae180733effc0baebad1e4842ef6bca467466b5b538e5,departing_visitors_total_original_with_missing,2008-01..2024-12,"[""fixed_12m_2015"",""fixed_12m_2016"",""fixed_12m_2017"",""fixed_12m_2018"",""fixed_12m_2019"",""fixed_12m_2020"",""fixed_12m_2021"",""fixed_12m_2022"",""fixed_12m_2023"",""fixed_12m_2024"",""fixed_12m_2025""]",1..12,fixed_origin_12m_ex_ante,B0_target_history_calendar,"{""fourier_order"":2,""include_expanding_mean"":true,""include_rolling_median"":true,""include_rolling_std"":true,""rolling_windows"":[3,6,12,24],""seasonal_period"":12,""target_lags"":[1,2,3,6,12,13,18,24],""target_publication_delay_months"":3}",xgboost_recursive_b0,"{""candidate_grid"":{""model__colsample_bytree"":[0.8],""model__learning_rate"":[0.02,0.05],""model__max_depth"":[2,3],""model__min_child_weight"":[3,8],""model__reg_lambda"":[10.0,30.0],""model__subsample"":[0.8]},""fold_notes"":[""nested recursive validation MAE=1.20943e+06; origins=('inner_fixed_2018', 'inner_fixed_2019', 'inner_fixed_2020'); parameters={'model__colsample_bytree': 0.8, 'model__learning_rate': 0.05, 'model__max_depth': 2, 'model__min_child_weight': 3, 'model__reg_lambda': 10.0, 'model__subsample': 0.8}"",""nested recursive validation MAE=1.22347e+06; origins=('inner_fixed_2019', 'inner_fixed_2020', 'inner_fixed_2021'); parameters={'model__colsample_bytree': 0.8, 'model__learning_rate': 0.05, 'model__max_depth': 2, 'model__min_child_weight': 3, 'model__reg_lambda': 10.0, 'model__subsample': 0.8}"",""nested recursive validation MAE=1.33135e+06; origins=('inner_fixed_2020', 'inner_fixed_2021', 'inner_fixed_2022'); parameters={'model__colsample_bytree': 0.8, 'model__learning_rate': 0.05, 'model__max_depth': 3, 'model__min_child_weight': 3, 'model__reg_lambda': 10.0, 'model__subsample': 0.8}"",""nested recursive validation MAE=1.54692e+06; origins=('inner_fixed_2021', 'inner_fixed_2022', 'inner_fixed_2023'); parameters={'model__colsample_bytree': 0.8, 'model__learning_rate': 0.05, 'model__max_depth': 3, 'model__min_child_weight': 3, 'model__reg_lambda': 30.0, 'model__subsample': 0.8}"",""nested recursive validation MAE=2.21232e+06; origins=('inner_fixed_2022', 'inner_fixed_2023', 'inner_fixed_2024'); parameters={'model__colsample_bytree': 0.8, 'model__learning_rate': 0.02, 'model__max_depth': 3, 'model__min_child_weight': 3, 'model__reg_lambda': 10.0, 'model__subsample': 0.8}"",""nested recursive validation MAE=419817; origins=('inner_fixed_2013', 'inner_fixed_2014'); parameters={'model__colsample_bytree': 0.8, 'model__learning_rate': 0.05, 'model__max_depth': 3, 'model__min_child_weight': 3, 'model__reg_lambda': 10.0, 'model__subsample': 0.8}"",""nested recursive validation MAE=435499; origins=('inner_fixed_2013', 'inner_fixed_2014', 'inner_fixed_2015'); parameters={'model__colsample_bytree': 0.8, 'model__learning_rate': 0.05, 'model__max_depth': 3, 'model__min_child_weight': 3, 'model__reg_lambda': 10.0, 'model__subsample': 0.8}"",""nested recursive validation MAE=459457; origins=('inner_fixed_2015', 'inner_fixed_2016', 'inner_fixed_2017'); parameters={'model__colsample_bytree': 0.8, 'model__learning_rate': 0.02, 'model__max_depth': 2, 'model__min_child_weight': 3, 'model__reg_lambda': 30.0, 'model__subsample': 0.8}"",""nested recursive validation MAE=488096; origins=('inner_fixed_2014', 'inner_fixed_2015', 'inner_fixed_2016'); parameters={'model__colsample_bytree': 0.8, 'model__learning_rate': 0.05, 'model__max_depth': 3, 'model__min_child_weight': 3, 'model__reg_lambda': 10.0, 'model__subsample': 0.8}"",""nested recursive validation MAE=613948; origins=('inner_fixed_2016', 'inner_fixed_2017', 'inner_fixed_2018'); parameters={'model__colsample_bytree': 0.8, 'model__learning_rate': 0.02, 'model__max_depth': 2, 'model__min_child_weight': 3, 'model__reg_lambda': 30.0, 'model__subsample': 0.8}"",""nested recursive validation MAE=905270; origins=('inner_fixed_2017', 'inner_fixed_2018', 'inner_fixed_2019'); parameters={'model__colsample_bytree': 0.8, 'model__learning_rate': 0.05, 'model__max_depth': 2, 'model__min_child_weight': 8, 'model__reg_lambda': 30.0, 'model__subsample': 0.8}""]}",20250811,"{""numpy"":""1.26.4"",""pandas"":""2.2.3"",""python"":""3.11.9"",""scikit-learn"":""1.5.2"",""scipy"":""1.13.1"",""statsmodels"":""0.14.4"",""xgboost"":""2.1.2""}",results/runs/run_20260811T162732Z_6bbfe89e/rolling_origin_fold_metrics.csv,"{""folds"":11,""macro_fold_full_bias"":-948069.9000946969,""macro_fold_full_interval_95_coverage"":NaN,""macro_fold_full_interval_95_mean_width"":NaN,""macro_fold_full_interval_95_winkler"":NaN,""macro_fold_full_mae"":1396131.3290719697,""macro_fold_full_mape"":39.97878044427611,""macro_fold_full_mase"":3.32876194869998,""macro_fold_full_n"":11.727272727272727,""macro_fold_full_r2"":-0.8909103000639828,""macro_fold_full_rmse"":1698171.293693768,""macro_fold_full_rmsse"":2.5101462763012528,""macro_fold_full_smape"":39.0754092297688,""macro_fold_full_wape"":38.823392151848864,""macro_fold_paired_bias"":-948069.9000946969,""macro_fold_paired_interval_95_coverage"":NaN,""macro_fold_paired_interval_95_mean_width"":NaN,""macro_fold_paired_interval_95_winkler"":NaN,""macro_fold_paired_mae"":1396131.3290719697,""macro_fold_paired_mae_skill_vs_seasonal_naive"":-1.4125888310041241,""macro_fold_paired_mape"":39.97878044427611,""macro_fold_paired_mase"":3.32876194869998,""macro_fold_paired_n"":11.727272727272727,""macro_fold_paired_r2"":-0.8909103000639828,""macro_fold_paired_rmse"":1698171.293693768,""macro_fold_paired_rmse_skill_vs_seasonal_naive"":-1.4411761583574458,""macro_fold_paired_rmsse"":2.5101462763012528,""macro_fold_paired_seasonal_naive_bias"":-161317.6287878788,""macro_fold_paired_seasonal_naive_mae"":993304.1338383838,""macro_fold_paired_seasonal_naive_mape"":42.23096293998277,""macro_fold_paired_seasonal_naive_mase"":2.7225891601690013,""macro_fold_paired_seasonal_naive_n"":11.727272727272727,""macro_fold_paired_seasonal_naive_r2"":-1.5894142697951255,""macro_fold_paired_seasonal_naive_rmse"":1197335.7019372177,""macro_fold_paired_seasonal_naive_rmsse"":2.0595948409468345,""macro_fold_paired_seasonal_naive_smape"":31.033470831327975,""macro_fold_paired_seasonal_naive_wape"":35.18988122179591,""macro_fold_paired_smape"":39.0754092297688,""macro_fold_paired_wape"":38.823392151848864,""macro_fold_target_publication_delay_months"":3.0,""pooled_full_bias"":-1012777.8706395349,""pooled_full_interval_95_coverage"":NaN,""pooled_full_interval_95_mean_width"":NaN,""pooled_full_interval_95_winkler"":NaN,""pooled_full_mae"":1384344.5537790698,""pooled_full_mape"":37.52291849916087,""pooled_full_n"":129.0,""pooled_full_r2"":0.12904056625079674,""pooled_full_rmse"":1885893.7066511877,""pooled_full_smape"":38.40112431547018,""pooled_full_wape"":36.529109251234956,""pooled_paired_bias"":-1012777.8706395349,""pooled_paired_interval_95_coverage"":NaN,""pooled_paired_interval_95_mean_width"":NaN,""pooled_paired_interval_95_winkler"":NaN,""pooled_paired_mae"":1384344.5537790698,""pooled_paired_mae_skill_vs_seasonal_naive"":-0.44620472781346066,""pooled_paired_mape"":37.52291849916087,""pooled_paired_n"":129.0,""pooled_paired_r2"":0.12904056625079674,""pooled_paired_rmse"":1885893.7066511877,""pooled_paired_rmse_skill_vs_seasonal_naive"":-0.3021494061229857,""pooled_paired_seasonal_naive_bias"":-222128.19379844962,""pooled_paired_seasonal_naive_mae"":957225.8527131783,""pooled_paired_seasonal_naive_mape"":38.862647571911005,""pooled_paired_seasonal_naive_n"":129.0,""pooled_paired_seasonal_naive_r2"":0.48633935456232924,""pooled_paired_seasonal_naive_rmse"":1448292.8746757563,""pooled_paired_seasonal_naive_smape"":30.005784616910894,""pooled_paired_seasonal_naive_wape"":25.2586017378493,""pooled_paired_smape"":38.40112431547018,""pooled_paired_wape"":36.529109251234956,""run_id"":""run_20260811T162732Z_6bbfe89e"",""runtime_seconds"":212.54433949966915}",-0.44620472781346066,212.54433949966915,"[{""path"":""results/runs/run_20260811T162732Z_6bbfe89e/rolling_origin_fold_metrics.csv"",""sha256"":""ae9f920f02fe94f402a381aa6f7aa23737405d3a77349329aab025314c4ef0a5""},{""path"":""results/runs/run_20260811T162732Z_6bbfe89e/rolling_origin_leaderboard.csv"",""sha256"":""104b31ae5b8cc0619d5fc256f53bce349ce24c8bab4c4b9596558611088725ae""},{""path"":""results/runs/run_20260811T162732Z_6bbfe89e/forecasts/rolling_origin_forecasts.csv"",""sha256"":""648670d1c5943f0a6748e956fa7bf804bf6ec0e29453f912655818baccbea802""}]",run_id=run_20260811T162732Z_6bbfe89e; git_sha=eed5a07e6d48d3c4497f8d4cb104953170a079cc; all outer folds retained; no random split or final-test tuning,
exp_20260811T162741Z_d7b4fb78,2026-08-11T16:27:41.012994+00:00,eed5a07e6d48d3c4497f8d4cb104953170a079cc,"{""available"":true,""diff_sha256"":""e3b0c44298fc1c149afbf4c8996fb92427ae41e4649b934ca495991b7852b855"",""dirty"":false,""untracked_source_files"":[]}",run_20260811T162732Z_6bbfe89e,af64bb4a373eba3bff2376c6f436e514249396db1d5c278111bb73f030c2b1cf,a7885fb0e1ed5de7d64ae180733effc0baebad1e4842ef6bca467466b5b538e5,departing_visitors_total_original_with_missing,2008-01..2025-11,"[""one_step_201501"",""one_step_201502"",""one_step_201503"",""one_step_201504"",""one_step_201505"",""one_step_201506"",""one_step_201507"",""one_step_201508"",""one_step_201509"",""one_step_201510"",""one_step_201511"",""one_step_201512"",""one_step_201601"",""one_step_201602"",""one_step_201603"",""one_step_201604"",""one_step_201605"",""one_step_201606"",""one_step_201607"",""one_step_201608"",""one_step_201609"",""one_step_201610"",""one_step_201611"",""one_step_201612"",""one_step_201701"",""one_step_201702"",""one_step_201703"",""one_step_201704"",""one_step_201705"",""one_step_201706"",""one_step_201707"",""one_step_201708"",""one_step_201709"",""one_step_201710"",""one_step_201711"",""one_step_201712"",""one_step_201801"",""one_step_201802"",""one_step_201803"",""one_step_201804"",""one_step_201805"",""one_step_201806"",""one_step_201807"",""one_step_201808"",""one_step_201809"",""one_step_201810"",""one_step_201811"",""one_step_201812"",""one_step_201901"",""one_step_201902"",""one_step_201903"",""one_step_201904"",""one_step_201905"",""one_step_201906"",""one_step_201907"",""one_step_201908"",""one_step_201909"",""one_step_201910"",""one_step_201911"",""one_step_201912"",""one_step_202001"",""one_step_202002"",""one_step_202003"",""one_step_202004"",""one_step_202005"",""one_step_202006"",""one_step_202007"",""one_step_202008"",""one_step_202009"",""one_step_202010"",""one_step_202011"",""one_step_202012"",""one_step_202101"",""one_step_202102"",""one_step_202103"",""one_step_202104"",""one_step_202105"",""one_step_202106"",""one_step_202107"",""one_step_202108"",""one_step_202109"",""one_step_202110"",""one_step_202111"",""one_step_202112"",""one_step_202201"",""one_step_202202"",""one_step_202203"",""one_step_202204"",""one_step_202205"",""one_step_202206"",""one_step_202207"",""one_step_202208"",""one_step_202209"",""one_step_202210"",""one_step_202211"",""one_step_202212"",""one_step_202301"",""one_step_202302"",""one_step_202303"",""one_step_202304"",""one_step_202305"",""one_step_202306"",""one_step_202307"",""one_step_202308"",""one_step_202309"",""one_step_202310"",""one_step_202311"",""one_step_202312"",""one_step_202401"",""one_step_202402"",""one_step_202403"",""one_step_202404"",""one_step_202405"",""one_step_202406"",""one_step_202407"",""one_step_202408"",""one_step_202409"",""one_step_202410"",""one_step_202411"",""one_step_202412"",""one_step_202501"",""one_step_202502"",""one_step_202503"",""one_step_202504"",""one_step_202505"",""one_step_202506"",""one_step_202507"",""one_step_202508"",""one_step_202509"",""one_step_202510"",""one_step_202511"",""one_step_202512""]",1,one_step_ex_ante,B0_univariate_target_history,"{""calendar_index"":""model_internal"",""target_history"":true}",drift,"{""configuration"":{""rule"":""last available level plus calendar-month drift""},""fold_notes"":[""""]}",,"{""numpy"":""1.26.4"",""pandas"":""2.2.3"",""python"":""3.11.9"",""scikit-learn"":""1.5.2"",""scipy"":""1.13.1"",""statsmodels"":""0.14.4"",""xgboost"":""2.1.2""}",results/runs/run_20260811T162732Z_6bbfe89e/rolling_origin_fold_metrics.csv,"{""folds"":132,""macro_fold_full_bias"":-22802.008618254844,""macro_fold_full_interval_95_coverage"":1.0,""macro_fold_full_interval_95_mean_width"":13408425.821892962,""macro_fold_full_interval_95_winkler"":13408425.821892962,""macro_fold_full_mae"":2449181.3624142916,""macro_fold_full_mape"":80.21394430225726,""macro_fold_full_mase"":6.881451438306858,""macro_fold_full_n"":0.9772727272727273,""macro_fold_full_r2"":NaN,""macro_fold_full_rmse"":2449181.3624142916,""macro_fold_full_rmsse"":4.381226688339997,""macro_fold_full_smape"":63.90202758381733,""macro_fold_full_wape"":80.21394430225726,""macro_fold_paired_bias"":-22802.008618254844,""macro_fold_paired_interval_95_coverage"":1.0,""macro_fold_paired_interval_95_mean_width"":13408425.821892962,""macro_fold_paired_interval_95_winkler"":13408425.821892962,""macro_fold_paired_mae"":2449181.3624142916,""macro_fold_paired_mae_skill_vs_seasonal_naive"":-15.46988032457996,""macro_fold_paired_mape"":80.21394430225726,""macro_fold_paired_mase"":6.881451438306858,""macro_fold_paired_n"":0.9772727272727273,""macro_fold_paired_r2"":NaN,""macro_fold_paired_rmse"":2449181.3624142916,""macro_fold_paired_rmse_skill_vs_seasonal_naive"":-15.46988032457996,""macro_fold_paired_rmsse"":4.381226688339997,""macro_fold_paired_seasonal_naive_bias"":-174434.0,""macro_fold_paired_seasonal_naive_mae"":896358.4031007752,""macro_fold_paired_seasonal_naive_mape"":37.898343396956136,""macro_fold_paired_seasonal_naive_mase"":2.4173723953828947,""macro_fold_paired_seasonal_naive_n"":0.9772727272727273,""macro_fold_paired_seasonal_naive_r2"":NaN,""macro_fold_paired_seasonal_naive_rmse"":896358.4031007752,""macro_fold_paired_seasonal_naive_rmsse"":1.4786427004696798,""macro_fold_paired_seasonal_naive_smape"":28.288824993194282,""macro_fold_paired_seasonal_naive_wape"":37.898343396956136,""macro_fold_paired_smape"":63.90202758381733,""macro_fold_paired_wape"":80.21394430225726,""macro_fold_target_publication_delay_months"":3.0,""pooled_full_bias"":-22802.008618254866,""pooled_full_interval_95_coverage"":1.0,""pooled_full_interval_95_mean_width"":13408425.821892962,""pooled_full_interval_95_winkler"":13408425.82189296,""pooled_full_mae"":2449181.3624142916,""pooled_full_mape"":80.21394430225726,""pooled_full_n"":129.0,""pooled_full_r2"":-1.0711994928663247,""pooled_full_rmse"":2908233.0997505295,""pooled_full_smape"":63.90202758381734,""pooled_full_wape"":64.62727311599497,""pooled_paired_bias"":-22802.008618254866,""pooled_paired_interval_95_coverage"":1.0,""pooled_paired_interval_95_mean_width"":13408425.821892962,""pooled_paired_interval_95_winkler"":13408425.82189296,""pooled_paired_mae"":2449181.3624142916,""pooled_paired_mae_skill_vs_seasonal_naive"":-1.7323683851702971,""pooled_paired_mape"":80.21394430225726,""pooled_paired_n"":129.0,""pooled_paired_r2"":-1.0711994928663247,""pooled_paired_rmse"":2908233.0997505295,""pooled_paired_rmse_skill_vs_seasonal_naive"":-1.0742498011569812,""pooled_paired_seasonal_naive_bias"":-174434.0,""pooled_paired_seasonal_naive_mae"":896358.4031007752,""pooled_paired_seasonal_naive_mape"":37.89834339695614,""pooled_paired_seasonal_naive_n"":129.0,""pooled_paired_seasonal_naive_r2"":0.5186069490364134,""pooled_paired_seasonal_naive_rmse"":1402065.0252097729,""pooled_paired_seasonal_naive_smape"":28.288824993194286,""pooled_paired_seasonal_naive_wape"":23.652474339387812,""pooled_paired_smape"":63.90202758381734,""pooled_paired_wape"":64.62727311599497,""run_id"":""run_20260811T162732Z_6bbfe89e"",""runtime_seconds"":0.1803235998377204}",-1.7323683851702971,0.1803235998377204,"[{""path"":""results/runs/run_20260811T162732Z_6bbfe89e/rolling_origin_fold_metrics.csv"",""sha256"":""ae9f920f02fe94f402a381aa6f7aa23737405d3a77349329aab025314c4ef0a5""},{""path"":""results/runs/run_20260811T162732Z_6bbfe89e/rolling_origin_leaderboard.csv"",""sha256"":""104b31ae5b8cc0619d5fc256f53bce349ce24c8bab4c4b9596558611088725ae""},{""path"":""results/runs/run_20260811T162732Z_6bbfe89e/forecasts/rolling_origin_forecasts.csv"",""sha256"":""648670d1c5943f0a6748e956fa7bf804bf6ec0e29453f912655818baccbea802""}]",run_id=run_20260811T162732Z_6bbfe89e; git_sha=eed5a07e6d48d3c4497f8d4cb104953170a079cc; all outer folds retained; no random split or final-test tuning,
exp_20260811T162741Z_9373e359,2026-08-11T16:27:41.484332+00:00,eed5a07e6d48d3c4497f8d4cb104953170a079cc,"{""available"":true,""diff_sha256"":""e3b0c44298fc1c149afbf4c8996fb92427ae41e4649b934ca495991b7852b855"",""dirty"":false,""untracked_source_files"":[]}",run_20260811T162732Z_6bbfe89e,af64bb4a373eba3bff2376c6f436e514249396db1d5c278111bb73f030c2b1cf,a7885fb0e1ed5de7d64ae180733effc0baebad1e4842ef6bca467466b5b538e5,departing_visitors_total_original_with_missing,2008-01..2025-11,"[""one_step_201501"",""one_step_201502"",""one_step_201503"",""one_step_201504"",""one_step_201505"",""one_step_201506"",""one_step_201507"",""one_step_201508"",""one_step_201509"",""one_step_201510"",""one_step_201511"",""one_step_201512"",""one_step_201601"",""one_step_201602"",""one_step_201603"",""one_step_201604"",""one_step_201605"",""one_step_201606"",""one_step_201607"",""one_step_201608"",""one_step_201609"",""one_step_201610"",""one_step_201611"",""one_step_201612"",""one_step_201701"",""one_step_201702"",""one_step_201703"",""one_step_201704"",""one_step_201705"",""one_step_201706"",""one_step_201707"",""one_step_201708"",""one_step_201709"",""one_step_201710"",""one_step_201711"",""one_step_201712"",""one_step_201801"",""one_step_201802"",""one_step_201803"",""one_step_201804"",""one_step_201805"",""one_step_201806"",""one_step_201807"",""one_step_201808"",""one_step_201809"",""one_step_201810"",""one_step_201811"",""one_step_201812"",""one_step_201901"",""one_step_201902"",""one_step_201903"",""one_step_201904"",""one_step_201905"",""one_step_201906"",""one_step_201907"",""one_step_201908"",""one_step_201909"",""one_step_201910"",""one_step_201911"",""one_step_201912"",""one_step_202001"",""one_step_202002"",""one_step_202003"",""one_step_202004"",""one_step_202005"",""one_step_202006"",""one_step_202007"",""one_step_202008"",""one_step_202009"",""one_step_202010"",""one_step_202011"",""one_step_202012"",""one_step_202101"",""one_step_202102"",""one_step_202103"",""one_step_202104"",""one_step_202105"",""one_step_202106"",""one_step_202107"",""one_step_202108"",""one_step_202109"",""one_step_202110"",""one_step_202111"",""one_step_202112"",""one_step_202201"",""one_step_202202"",""one_step_202203"",""one_step_202204"",""one_step_202205"",""one_step_202206"",""one_step_202207"",""one_step_202208"",""one_step_202209"",""one_step_202210"",""one_step_202211"",""one_step_202212"",""one_step_202301"",""one_step_202302"",""one_step_202303"",""one_step_202304"",""one_step_202305"",""one_step_202306"",""one_step_202307"",""one_step_202308"",""one_step_202309"",""one_step_202310"",""one_step_202311"",""one_step_202312"",""one_step_202401"",""one_step_202402"",""one_step_202403"",""one_step_202404"",""one_step_202405"",""one_step_202406"",""one_step_202407"",""one_step_202408"",""one_step_202409"",""one_step_202410"",""one_step_202411"",""one_step_202412"",""one_step_202501"",""one_step_202502"",""one_step_202503"",""one_step_202504"",""one_step_202505"",""one_step_202506"",""one_step_202507"",""one_step_202508"",""one_step_202509"",""one_step_202510"",""one_step_202511"",""one_step_202512""]",1,one_step_ex_ante,B0_target_history_calendar,"{""fourier_order"":2,""include_expanding_mean"":true,""include_rolling_median"":true,""include_rolling_std"":true,""rolling_windows"":[3,6,12,24],""seasonal_period"":12,""target_lags"":[1,2,3,6,12,13,18,24],""target_publication_delay_months"":3}",hist_gradient_boosting_recursive_b0,"{""candidate_grid"":{""model__l2_regularization"":[1.0,10.0],""model__learning_rate"":[0.03,0.07],""model__max_iter"":[200],""model__max_leaf_nodes"":[7,15]},""fold_notes"":[""pre-specified first grid configuration; no tuning; parameters={'model__learning_rate': 0.03, 'model__max_leaf_nodes': 7, 'model__l2_regularization': 1.0, 'model__max_iter': 200}""]}",20250811,"{""numpy"":""1.26.4"",""pandas"":""2.2.3"",""python"":""3.11.9"",""scikit-learn"":""1.5.2"",""scipy"":""1.13.1"",""statsmodels"":""0.14.4"",""xgboost"":""2.1.2""}",results/runs/run_20260811T162732Z_6bbfe89e/rolling_origin_fold_metrics.csv,"{""folds"":132,""macro_fold_full_bias"":-330051.4416928457,""macro_fold_full_interval_95_coverage"":NaN,""macro_fold_full_interval_95_mean_width"":NaN,""macro_fold_full_interval_95_winkler"":NaN,""macro_fold_full_mae"":917922.8613285596,""macro_fold_full_mape"":31.965555987191003,""macro_fold_full_mase"":2.3667922477364796,""macro_fold_full_n"":0.9772727272727273,""macro_fold_full_r2"":NaN,""macro_fold_full_rmse"":917922.8613285596,""macro_fold_full_rmsse"":1.4766193993075143,""macro_fold_full_smape"":25.194860024405383,""macro_fold_full_wape"":31.965555987191003,""macro_fold_paired_bias"":-330051.4416928457,""macro_fold_paired_interval_95_coverage"":NaN,""macro_fold_paired_interval_95_mean_width"":NaN,""macro_fold_paired_interval_95_winkler"":NaN,""macro_fold_paired_mae"":917922.8613285596,""macro_fold_paired_mae_skill_vs_seasonal_naive"":-3.395346452224676,""macro_fold_paired_mape"":31.965555987191003,""macro_fold_paired_mase"":2.3667922477364796,""macro_fold_paired_n"":0.9772727272727273,""macro_fold_paired_r2"":NaN,""macro_fold_paired_rmse"":917922.8613285596,""macro_fold_paired_rmse_skill_vs_seasonal_naive"":-3.395346452224676,""macro_fold_paired_rmsse"":1.4766193993075143,""macro_fold_paired_seasonal_naive_bias"":-174434.0,""macro_fold_paired_seasonal_naive_mae"":896358.4031007752,""macro_fold_paired_seasonal_naive_mape"":37.898343396956136,""macro_fold_paired_seasonal_naive_mase"":2.4173723953828947,""macro_fold_paired_seasonal_naive_n"":0.9772727272727273,""macro_fold_paired_seasonal_naive_r2"":NaN,""macro_fold_paired_seasonal_naive_rmse"":896358.4031007752,""macro_fold_paired_seasonal_naive_rmsse"":1.4786427004696798,""macro_fold_paired_seasonal_naive_smape"":28.288824993194282,""macro_fold_paired_seasonal_naive_wape"":37.898343396956136,""macro_fold_paired_smape"":25.194860024405383,""macro_fold_paired_wape"":31.965555987191003,""macro_fold_target_publication_delay_months"":3.0,""pooled_full_bias"":-330051.4416928457,""pooled_full_interval_95_coverage"":NaN,""pooled_full_interval_95_mean_width"":NaN,""pooled_full_interval_95_winkler"":NaN,""pooled_full_mae"":917922.8613285595,""pooled_full_mape"":31.965555987191003,""pooled_full_n"":129.0,""pooled_full_r2"":0.6186099389601236,""pooled_full_rmse"":1247966.5161779993,""pooled_full_smape"":25.194860024405383,""pooled_full_wape"":24.221502077746752,""pooled_paired_bias"":-330051.4416928457,""pooled_paired_interval_95_coverage"":NaN,""pooled_paired_interval_95_mean_width"":NaN,""pooled_paired_interval_95_winkler"":NaN,""pooled_paired_mae"":917922.8613285595,""pooled_paired_mae_skill_vs_seasonal_naive"":-0.024057852476404795,""pooled_paired_mape"":31.965555987191003,""pooled_paired_n"":129.0,""pooled_paired_r2"":0.6186099389601236,""pooled_paired_rmse"":1247966.5161779993,""pooled_paired_rmse_skill_vs_seasonal_naive"":0.10990824695075596,""pooled_paired_seasonal_naive_bias"":-174434.0,""pooled_paired_seasonal_naive_mae"":896358.4031007752,""pooled_paired_seasonal_naive_mape"":37.89834339695614,""pooled_paired_seasonal_naive_n"":129.0,""pooled_paired_seasonal_naive_r2"":0.5186069490364134,""pooled_paired_seasonal_naive_rmse"":1402065.0252097729,""pooled_paired_seasonal_naive_smape"":28.288824993194286,""pooled_paired_seasonal_naive_wape"":23.652474339387812,""pooled_paired_smape"":25.194860024405383,""pooled_paired_wape"":24.221502077746752,""run_id"":""run_20260811T162732Z_6bbfe89e"",""runtime_seconds"":18.185835699783638}",-0.024057852476404795,18.185835699783638,"[{""path"":""results/runs/run_20260811T162732Z_6bbfe89e/rolling_origin_fold_metrics.csv"",""sha256"":""ae9f920f02fe94f402a381aa6f7aa23737405d3a77349329aab025314c4ef0a5""},{""path"":""results/runs/run_20260811T162732Z_6bbfe89e/rolling_origin_leaderboard.csv"",""sha256"":""104b31ae5b8cc0619d5fc256f53bce349ce24c8bab4c4b9596558611088725ae""},{""path"":""results/runs/run_20260811T162732Z_6bbfe89e/forecasts/rolling_origin_forecasts.csv"",""sha256"":""648670d1c5943f0a6748e956fa7bf804bf6ec0e29453f912655818baccbea802""}]",run_id=run_20260811T162732Z_6bbfe89e; git_sha=eed5a07e6d48d3c4497f8d4cb104953170a079cc; all outer folds retained; no random split or final-test tuning,
exp_20260811T162742Z_f4ab3f6e,2026-08-11T16:27:42.821426+00:00,eed5a07e6d48d3c4497f8d4cb104953170a079cc,"{""available"":true,""diff_sha256"":""e3b0c44298fc1c149afbf4c8996fb92427ae41e4649b934ca495991b7852b855"",""dirty"":false,""untracked_source_files"":[]}",run_20260811T162732Z_6bbfe89e,af64bb4a373eba3bff2376c6f436e514249396db1d5c278111bb73f030c2b1cf,a7885fb0e1ed5de7d64ae180733effc0baebad1e4842ef6bca467466b5b538e5,departing_visitors_total_original_with_missing,2008-01..2025-11,"[""one_step_201501"",""one_step_201502"",""one_step_201503"",""one_step_201504"",""one_step_201505"",""one_step_201506"",""one_step_201507"",""one_step_201508"",""one_step_201509"",""one_step_201510"",""one_step_201511"",""one_step_201512"",""one_step_201601"",""one_step_201602"",""one_step_201603"",""one_step_201604"",""one_step_201605"",""one_step_201606"",""one_step_201607"",""one_step_201608"",""one_step_201609"",""one_step_201610"",""one_step_201611"",""one_step_201612"",""one_step_201701"",""one_step_201702"",""one_step_201703"",""one_step_201704"",""one_step_201705"",""one_step_201706"",""one_step_201707"",""one_step_201708"",""one_step_201709"",""one_step_201710"",""one_step_201711"",""one_step_201712"",""one_step_201801"",""one_step_201802"",""one_step_201803"",""one_step_201804"",""one_step_201805"",""one_step_201806"",""one_step_201807"",""one_step_201808"",""one_step_201809"",""one_step_201810"",""one_step_201811"",""one_step_201812"",""one_step_201901"",""one_step_201902"",""one_step_201903"",""one_step_201904"",""one_step_201905"",""one_step_201906"",""one_step_201907"",""one_step_201908"",""one_step_201909"",""one_step_201910"",""one_step_201911"",""one_step_201912"",""one_step_202001"",""one_step_202002"",""one_step_202003"",""one_step_202004"",""one_step_202005"",""one_step_202006"",""one_step_202007"",""one_step_202008"",""one_step_202009"",""one_step_202010"",""one_step_202011"",""one_step_202012"",""one_step_202101"",""one_step_202102"",""one_step_202103"",""one_step_202104"",""one_step_202105"",""one_step_202106"",""one_step_202107"",""one_step_202108"",""one_step_202109"",""one_step_202110"",""one_step_202111"",""one_step_202112"",""one_step_202201"",""one_step_202202"",""one_step_202203"",""one_step_202204"",""one_step_202205"",""one_step_202206"",""one_step_202207"",""one_step_202208"",""one_step_202209"",""one_step_202210"",""one_step_202211"",""one_step_202212"",""one_step_202301"",""one_step_202302"",""one_step_202303"",""one_step_202304"",""one_step_202305"",""one_step_202306"",""one_step_202307"",""one_step_202308"",""one_step_202309"",""one_step_202310"",""one_step_202311"",""one_step_202312"",""one_step_202401"",""one_step_202402"",""one_step_202403"",""one_step_202404"",""one_step_202405"",""one_step_202406"",""one_step_202407"",""one_step_202408"",""one_step_202409"",""one_step_202410"",""one_step_202411"",""one_step_202412"",""one_step_202501"",""one_step_202502"",""one_step_202503"",""one_step_202504"",""one_step_202505"",""one_step_202506"",""one_step_202507"",""one_step_202508"",""one_step_202509"",""one_step_202510"",""one_step_202511"",""one_step_202512""]",1,one_step_ex_ante,B0_univariate_target_history,"{""calendar_index"":""model_internal"",""target_history"":true}",naive_last,"{""configuration"":{""rule"":""last available observed target""},""fold_notes"":[""""]}",,"{""numpy"":""1.26.4"",""pandas"":""2.2.3"",""python"":""3.11.9"",""scikit-learn"":""1.5.2"",""scipy"":""1.13.1"",""statsmodels"":""0.14.4"",""xgboost"":""2.1.2""}",results/runs/run_20260811T162732Z_6bbfe89e/rolling_origin_fold_metrics.csv,"{""folds"":132,""macro_fold_full_bias"":-93638.51937984496,""macro_fold_full_interval_95_coverage"":0.7596899224806202,""macro_fold_full_interval_95_mean_width"":7199416.537798244,""macro_fold_full_interval_95_winkler"":15415945.48833552,""macro_fold_full_mae"":2424733.434108527,""macro_fold_full_mape"":78.4728241345929,""macro_fold_full_mase"":6.797672914187119,""macro_fold_full_n"":0.9772727272727273,""macro_fold_full_r2"":NaN,""macro_fold_full_rmse"":2424733.434108527,""macro_fold_full_rmsse"":4.324886043458757,""macro_fold_full_smape"":63.78317419031506,""macro_fold_full_wape"":78.4728241345929,""macro_fold_paired_bias"":-93638.51937984496,""macro_fold_paired_interval_95_coverage"":0.7596899224806202,""macro_fold_paired_interval_95_mean_width"":7199416.537798244,""macro_fold_paired_interval_95_winkler"":15415945.48833552,""macro_fold_paired_mae"":2424733.434108527,""macro_fold_paired_mae_skill_vs_seasonal_naive"":-15.192965722236162,""macro_fold_paired_mape"":78.4728241345929,""macro_fold_paired_mase"":6.797672914187119,""macro_fold_paired_n"":0.9772727272727273,""macro_fold_paired_r2"":NaN,""macro_fold_paired_rmse"":2424733.434108527,""macro_fold_paired_rmse_skill_vs_seasonal_naive"":-15.192965722236162,""macro_fold_paired_rmsse"":4.324886043458757,""macro_fold_paired_seasonal_naive_bias"":-174434.0,""macro_fold_paired_seasonal_naive_mae"":896358.4031007752,""macro_fold_paired_seasonal_naive_mape"":37.898343396956136,""macro_fold_paired_seasonal_naive_mase"":2.4173723953828947,""macro_fold_paired_seasonal_naive_n"":0.9772727272727273,""macro_fold_paired_seasonal_naive_r2"":NaN,""macro_fold_paired_seasonal_naive_rmse"":896358.4031007752,""macro_fold_paired_seasonal_naive_rmsse"":1.4786427004696798,""macro_fold_paired_seasonal_naive_smape"":28.288824993194282,""macro_fold_paired_seasonal_naive_wape"":37.898343396956136,""macro_fold_paired_smape"":63.78317419031506,""macro_fold_paired_wape"":78.4728241345929,""macro_fold_target_publication_delay_months"":3.0,""pooled_full_bias"":-93638.51937984496,""pooled_full_interval_95_coverage"":0.7596899224806202,""pooled_full_interval_95_mean_width"":7199416.537798244,""pooled_full_interval_95_winkler"":15415945.48833552,""pooled_full_mae"":2424733.434108527,""pooled_full_mape"":78.47282413459291,""pooled_full_n"":129.0,""pooled_full_r2"":-1.0148690155200444,""pooled_full_rmse"":2868412.831870792,""pooled_full_smape"":63.78317419031506,""pooled_full_wape"":63.98215839971303,""pooled_paired_bias"":-93638.51937984496,""pooled_paired_interval_95_coverage"":0.7596899224806202,""pooled_paired_interval_95_mean_width"":7199416.537798244,""pooled_paired_interval_95_winkler"":15415945.48833552,""pooled_paired_mae"":2424733.434108527,""pooled_paired_mae_skill_vs_seasonal_naive"":-1.7050936608845744,""pooled_paired_mape"":78.47282413459291,""pooled_paired_n"":129.0,""pooled_paired_r2"":-1.0148690155200444,""pooled_paired_rmse"":2868412.831870792,""pooled_paired_rmse_skill_vs_seasonal_naive"":-1.0458486448883697,""pooled_paired_seasonal_naive_bias"":-174434.0,""pooled_paired_seasonal_naive_mae"":896358.4031007752,""pooled_paired_seasonal_naive_mape"":37.89834339695614,""pooled_paired_seasonal_naive_n"":129.0,""pooled_paired_seasonal_naive_r2"":0.5186069490364134,""pooled_paired_seasonal_naive_rmse"":1402065.0252097729,""pooled_paired_seasonal_naive_smape"":28.288824993194286,""pooled_paired_seasonal_naive_wape"":23.652474339387812,""pooled_paired_smape"":63.78317419031506,""pooled_paired_wape"":63.98215839971303,""run_id"":""run_20260811T162732Z_6bbfe89e"",""runtime_seconds"":0.17169769981410354}",-1.7050936608845744,0.17169769981410354,"[{""path"":""results/runs/run_20260811T162732Z_6bbfe89e/rolling_origin_fold_metrics.csv"",""sha256"":""ae9f920f02fe94f402a381aa6f7aa23737405d3a77349329aab025314c4ef0a5""},{""path"":""results/runs/run_20260811T162732Z_6bbfe89e/rolling_origin_leaderboard.csv"",""sha256"":""104b31ae5b8cc0619d5fc256f53bce349ce24c8bab4c4b9596558611088725ae""},{""path"":""results/runs/run_20260811T162732Z_6bbfe89e/forecasts/rolling_origin_forecasts.csv"",""sha256"":""648670d1c5943f0a6748e956fa7bf804bf6ec0e29453f912655818baccbea802""}]",run_id=run_20260811T162732Z_6bbfe89e; git_sha=eed5a07e6d48d3c4497f8d4cb104953170a079cc; all outer folds retained; no random split or final-test tuning,
exp_20260811T162743Z_b6243989,2026-08-11T16:27:43.912430+00:00,eed5a07e6d48d3c4497f8d4cb104953170a079cc,"{""available"":true,""diff_sha256"":""e3b0c44298fc1c149afbf4c8996fb92427ae41e4649b934ca495991b7852b855"",""dirty"":false,""untracked_source_files"":[]}",run_20260811T162732Z_6bbfe89e,af64bb4a373eba3bff2376c6f436e514249396db1d5c278111bb73f030c2b1cf,a7885fb0e1ed5de7d64ae180733effc0baebad1e4842ef6bca467466b5b538e5,departing_visitors_total_original_with_missing,2008-01..2025-11,"[""one_step_201501"",""one_step_201502"",""one_step_201503"",""one_step_201504"",""one_step_201505"",""one_step_201506"",""one_step_201507"",""one_step_201508"",""one_step_201509"",""one_step_201510"",""one_step_201511"",""one_step_201512"",""one_step_201601"",""one_step_201602"",""one_step_201603"",""one_step_201604"",""one_step_201605"",""one_step_201606"",""one_step_201607"",""one_step_201608"",""one_step_201609"",""one_step_201610"",""one_step_201611"",""one_step_201612"",""one_step_201701"",""one_step_201702"",""one_step_201703"",""one_step_201704"",""one_step_201705"",""one_step_201706"",""one_step_201707"",""one_step_201708"",""one_step_201709"",""one_step_201710"",""one_step_201711"",""one_step_201712"",""one_step_201801"",""one_step_201802"",""one_step_201803"",""one_step_201804"",""one_step_201805"",""one_step_201806"",""one_step_201807"",""one_step_201808"",""one_step_201809"",""one_step_201810"",""one_step_201811"",""one_step_201812"",""one_step_201901"",""one_step_201902"",""one_step_201903"",""one_step_201904"",""one_step_201905"",""one_step_201906"",""one_step_201907"",""one_step_201908"",""one_step_201909"",""one_step_201910"",""one_step_201911"",""one_step_201912"",""one_step_202001"",""one_step_202002"",""one_step_202003"",""one_step_202004"",""one_step_202005"",""one_step_202006"",""one_step_202007"",""one_step_202008"",""one_step_202009"",""one_step_202010"",""one_step_202011"",""one_step_202012"",""one_step_202101"",""one_step_202102"",""one_step_202103"",""one_step_202104"",""one_step_202105"",""one_step_202106"",""one_step_202107"",""one_step_202108"",""one_step_202109"",""one_step_202110"",""one_step_202111"",""one_step_202112"",""one_step_202201"",""one_step_202202"",""one_step_202203"",""one_step_202204"",""one_step_202205"",""one_step_202206"",""one_step_202207"",""one_step_202208"",""one_step_202209"",""one_step_202210"",""one_step_202211"",""one_step_202212"",""one_step_202301"",""one_step_202302"",""one_step_202303"",""one_step_202304"",""one_step_202305"",""one_step_202306"",""one_step_202307"",""one_step_202308"",""one_step_202309"",""one_step_202310"",""one_step_202311"",""one_step_202312"",""one_step_202401"",""one_step_202402"",""one_step_202403"",""one_step_202404"",""one_step_202405"",""one_step_202406"",""one_step_202407"",""one_step_202408"",""one_step_202409"",""one_step_202410"",""one_step_202411"",""one_step_202412"",""one_step_202501"",""one_step_202502"",""one_step_202503"",""one_step_202504"",""one_step_202505"",""one_step_202506"",""one_step_202507"",""one_step_202508"",""one_step_202509"",""one_step_202510"",""one_step_202511"",""one_step_202512""]",1,one_step_ex_ante,B0_target_history_calendar,"{""fourier_order"":2,""include_expanding_mean"":true,""include_rolling_median"":true,""include_rolling_std"":true,""rolling_windows"":[3,6,12,24],""seasonal_period"":12,""target_lags"":[1,2,3,6,12,13,18,24],""target_publication_delay_months"":3}",ridge_recursive_b0,"{""candidate_grid"":{""model__alpha"":[0.1,1.0,10.0,100.0]},""fold_notes"":[""pre-specified first grid configuration; no tuning; parameters={'model__alpha': 0.1}""]}",20250811,"{""numpy"":""1.26.4"",""pandas"":""2.2.3"",""python"":""3.11.9"",""scikit-learn"":""1.5.2"",""scipy"":""1.13.1"",""statsmodels"":""0.14.4"",""xgboost"":""2.1.2""}",results/runs/run_20260811T162732Z_6bbfe89e/rolling_origin_fold_metrics.csv,"{""folds"":132,""macro_fold_full_bias"":65336.49302893965,""macro_fold_full_interval_95_coverage"":NaN,""macro_fold_full_interval_95_mean_width"":NaN,""macro_fold_full_interval_95_winkler"":NaN,""macro_fold_full_mae"":825882.3074640855,""macro_fold_full_mape"":33.00546586715715,""macro_fold_full_mase"":2.2590904358861645,""macro_fold_full_n"":0.9772727272727273,""macro_fold_full_r2"":NaN,""macro_fold_full_rmse"":825882.3074640855,""macro_fold_full_rmsse"":1.4001939859935926,""macro_fold_full_smape"":28.822298790496486,""macro_fold_full_wape"":33.00546586715715,""macro_fold_paired_bias"":65336.49302893965,""macro_fold_paired_interval_95_coverage"":NaN,""macro_fold_paired_interval_95_mean_width"":NaN,""macro_fold_paired_interval_95_winkler"":NaN,""macro_fold_paired_mae"":825882.3074640855,""macro_fold_paired_mae_skill_vs_seasonal_naive"":-1.9052135354620987,""macro_fold_paired_mape"":33.00546586715715,""macro_fold_paired_mase"":2.2590904358861645,""macro_fold_paired_n"":0.9772727272727273,""macro_fold_paired_r2"":NaN,""macro_fold_paired_rmse"":825882.3074640855,""macro_fold_paired_rmse_skill_vs_seasonal_naive"":-1.9052135354620987,""macro_fold_paired_rmsse"":1.4001939859935926,""macro_fold_paired_seasonal_naive_bias"":-174434.0,""macro_fold_paired_seasonal_naive_mae"":896358.4031007752,""macro_fold_paired_seasonal_naive_mape"":37.898343396956136,""macro_fold_paired_seasonal_naive_mase"":2.4173723953828947,""macro_fold_paired_seasonal_naive_n"":0.9772727272727273,""macro_fold_paired_seasonal_naive_r2"":NaN,""macro_fold_paired_seasonal_naive_rmse"":896358.4031007752,""macro_fold_paired_seasonal_naive_rmsse"":1.4786427004696798,""macro_fold_paired_seasonal_naive_smape"":28.288824993194282,""macro_fold_paired_seasonal_naive_wape"":37.898343396956136,""macro_fold_paired_smape"":28.822298790496486,""macro_fold_paired_wape"":33.00546586715715,""macro_fold_target_publication_delay_months"":3.0,""pooled_full_bias"":65336.493028939665,""pooled_full_interval_95_coverage"":NaN,""pooled_full_interval_95_mean_width"":NaN,""pooled_full_interval_95_winkler"":NaN,""pooled_full_mae"":825882.3074640855,""pooled_full_mape"":33.00546586715715,""pooled_full_n"":129.0,""pooled_full_r2"":0.5655995007420854,""pooled_full_rmse"":1331874.8106804236,""pooled_full_smape"":28.822298790496482,""pooled_full_wape"":21.792800755896415,""pooled_paired_bias"":65336.493028939665,""pooled_paired_interval_95_coverage"":NaN,""pooled_paired_interval_95_mean_width"":NaN,""pooled_paired_interval_95_winkler"":NaN,""pooled_paired_mae"":825882.3074640855,""pooled_paired_mae_skill_vs_seasonal_naive"":0.07862490650267961,""pooled_paired_mape"":33.00546586715715,""pooled_paired_n"":129.0,""pooled_paired_r2"":0.5655995007420854,""pooled_paired_rmse"":1331874.8106804236,""pooled_paired_rmse_skill_vs_seasonal_naive"":0.05006202513242752,""pooled_paired_seasonal_naive_bias"":-174434.0,""pooled_paired_seasonal_naive_mae"":896358.4031007752,""pooled_paired_seasonal_naive_mape"":37.89834339695614,""pooled_paired_seasonal_naive_n"":129.0,""pooled_paired_seasonal_naive_r2"":0.5186069490364134,""pooled_paired_seasonal_naive_rmse"":1402065.0252097729,""pooled_paired_seasonal_naive_smape"":28.288824993194286,""pooled_paired_seasonal_naive_wape"":23.652474339387812,""pooled_paired_smape"":28.822298790496482,""pooled_paired_wape"":21.792800755896415,""run_id"":""run_20260811T162732Z_6bbfe89e"",""runtime_seconds"":6.145712399855256}",0.07862490650267961,6.145712399855256,"[{""path"":""results/runs/run_20260811T162732Z_6bbfe89e/rolling_origin_fold_metrics.csv"",""sha256"":""ae9f920f02fe94f402a381aa6f7aa23737405d3a77349329aab025314c4ef0a5""},{""path"":""results/runs/run_20260811T162732Z_6bbfe89e/rolling_origin_leaderboard.csv"",""sha256"":""104b31ae5b8cc0619d5fc256f53bce349ce24c8bab4c4b9596558611088725ae""},{""path"":""results/runs/run_20260811T162732Z_6bbfe89e/forecasts/rolling_origin_forecasts.csv"",""sha256"":""648670d1c5943f0a6748e956fa7bf804bf6ec0e29453f912655818baccbea802""}]",run_id=run_20260811T162732Z_6bbfe89e; git_sha=eed5a07e6d48d3c4497f8d4cb104953170a079cc; all outer folds retained; no random split or final-test tuning,
exp_20260811T162744Z_c78b1e15,2026-08-11T16:27:44.346494+00:00,eed5a07e6d48d3c4497f8d4cb104953170a079cc,"{""available"":true,""diff_sha256"":""e3b0c44298fc1c149afbf4c8996fb92427ae41e4649b934ca495991b7852b855"",""dirty"":false,""untracked_source_files"":[]}",run_20260811T162732Z_6bbfe89e,af64bb4a373eba3bff2376c6f436e514249396db1d5c278111bb73f030c2b1cf,a7885fb0e1ed5de7d64ae180733effc0baebad1e4842ef6bca467466b5b538e5,departing_visitors_total_original_with_missing,2008-01..2025-11,"[""one_step_201501"",""one_step_201502"",""one_step_201503"",""one_step_201504"",""one_step_201505"",""one_step_201506"",""one_step_201507"",""one_step_201508"",""one_step_201509"",""one_step_201510"",""one_step_201511"",""one_step_201512"",""one_step_201601"",""one_step_201602"",""one_step_201603"",""one_step_201604"",""one_step_201605"",""one_step_201606"",""one_step_201607"",""one_step_201608"",""one_step_201609"",""one_step_201610"",""one_step_201611"",""one_step_201612"",""one_step_201701"",""one_step_201702"",""one_step_201703"",""one_step_201704"",""one_step_201705"",""one_step_201706"",""one_step_201707"",""one_step_201708"",""one_step_201709"",""one_step_201710"",""one_step_201711"",""one_step_201712"",""one_step_201801"",""one_step_201802"",""one_step_201803"",""one_step_201804"",""one_step_201805"",""one_step_201806"",""one_step_201807"",""one_step_201808"",""one_step_201809"",""one_step_201810"",""one_step_201811"",""one_step_201812"",""one_step_201901"",""one_step_201902"",""one_step_201903"",""one_step_201904"",""one_step_201905"",""one_step_201906"",""one_step_201907"",""one_step_201908"",""one_step_201909"",""one_step_201910"",""one_step_201911"",""one_step_201912"",""one_step_202001"",""one_step_202002"",""one_step_202003"",""one_step_202004"",""one_step_202005"",""one_step_202006"",""one_step_202007"",""one_step_202008"",""one_step_202009"",""one_step_202010"",""one_step_202011"",""one_step_202012"",""one_step_202101"",""one_step_202102"",""one_step_202103"",""one_step_202104"",""one_step_202105"",""one_step_202106"",""one_step_202107"",""one_step_202108"",""one_step_202109"",""one_step_202110"",""one_step_202111"",""one_step_202112"",""one_step_202201"",""one_step_202202"",""one_step_202203"",""one_step_202204"",""one_step_202205"",""one_step_202206"",""one_step_202207"",""one_step_202208"",""one_step_202209"",""one_step_202210"",""one_step_202211"",""one_step_202212"",""one_step_202301"",""one_step_202302"",""one_step_202303"",""one_step_202304"",""one_step_202305"",""one_step_202306"",""one_step_202307"",""one_step_202308"",""one_step_202309"",""one_step_202310"",""one_step_202311"",""one_step_202312"",""one_step_202401"",""one_step_202402"",""one_step_202403"",""one_step_202404"",""one_step_202405"",""one_step_202406"",""one_step_202407"",""one_step_202408"",""one_step_202409"",""one_step_202410"",""one_step_202411"",""one_step_202412"",""one_step_202501"",""one_step_202502"",""one_step_202503"",""one_step_202504"",""one_step_202505"",""one_step_202506"",""one_step_202507"",""one_step_202508"",""one_step_202509"",""one_step_202510"",""one_step_202511"",""one_step_202512""]",1,one_step_ex_ante,B0_univariate_target_history,"{""calendar_index"":""model_internal"",""target_history"":true}",same_month_historical_mean,"{""configuration"":{""calendar_month_climatology"":true},""fold_notes"":[""""]}",,"{""numpy"":""1.26.4"",""pandas"":""2.2.3"",""python"":""3.11.9"",""scikit-learn"":""1.5.2"",""scipy"":""1.13.1"",""statsmodels"":""0.14.4"",""xgboost"":""2.1.2""}",results/runs/run_20260811T162732Z_6bbfe89e/rolling_origin_fold_metrics.csv,"{""folds"":132,""macro_fold_full_bias"":-689168.2257990945,""macro_fold_full_interval_95_coverage"":0.6666666666666666,""macro_fold_full_interval_95_mean_width"":2496023.3632920976,""macro_fold_full_interval_95_winkler"":11241959.375502639,""macro_fold_full_mae"":1152276.1206510128,""macro_fold_full_mape"":37.098478814413674,""macro_fold_full_mase"":2.7717891470271465,""macro_fold_full_n"":0.9772727272727273,""macro_fold_full_r2"":NaN,""macro_fold_full_rmse"":1152276.1206510128,""macro_fold_full_rmsse"":1.7168229414464855,""macro_fold_full_smape"":34.4401613596487,""macro_fold_full_wape"":37.098478814413674,""macro_fold_paired_bias"":-689168.2257990945,""macro_fold_paired_interval_95_coverage"":0.6666666666666666,""macro_fold_paired_interval_95_mean_width"":2496023.3632920976,""macro_fold_paired_interval_95_winkler"":11241959.375502639,""macro_fold_paired_mae"":1152276.1206510128,""macro_fold_paired_mae_skill_vs_seasonal_naive"":-5.682947019902087,""macro_fold_paired_mape"":37.098478814413674,""macro_fold_paired_mase"":2.7717891470271465,""macro_fold_paired_n"":0.9772727272727273,""macro_fold_paired_r2"":NaN,""macro_fold_paired_rmse"":1152276.1206510128,""macro_fold_paired_rmse_skill_vs_seasonal_naive"":-5.682947019902087,""macro_fold_paired_rmsse"":1.7168229414464855,""macro_fold_paired_seasonal_naive_bias"":-174434.0,""macro_fold_paired_seasonal_naive_mae"":896358.4031007752,""macro_fold_paired_seasonal_naive_mape"":37.898343396956136,""macro_fold_paired_seasonal_naive_mase"":2.4173723953828947,""macro_fold_paired_seasonal_naive_n"":0.9772727272727273,""macro_fold_paired_seasonal_naive_r2"":NaN,""macro_fold_paired_seasonal_naive_rmse"":896358.4031007752,""macro_fold_paired_seasonal_naive_rmsse"":1.4786427004696798,""macro_fold_paired_seasonal_naive_smape"":28.288824993194282,""macro_fold_paired_seasonal_naive_wape"":37.898343396956136,""macro_fold_paired_smape"":34.4401613596487,""macro_fold_paired_wape"":37.098478814413674,""macro_fold_target_publication_delay_months"":3.0,""pooled_full_bias"":-689168.2257990945,""pooled_full_interval_95_coverage"":0.6666666666666666,""pooled_full_interval_95_mean_width"":2496023.3632920976,""pooled_full_interval_95_winkler"":11241959.375502639,""pooled_full_mae"":1152276.1206510128,""pooled_full_mape"":37.098478814413674,""pooled_full_n"":129.0,""pooled_full_r2"":0.5130323020164345,""pooled_full_rmse"":1410159.7825359257,""pooled_full_smape"":34.4401613596487,""pooled_full_wape"":30.405450856830196,""pooled_paired_bias"":-689168.2257990945,""pooled_paired_interval_95_coverage"":0.6666666666666666,""pooled_paired_interval_95_mean_width"":2496023.3632920976,""pooled_paired_interval_95_winkler"":11241959.375502639,""pooled_paired_mae"":1152276.1206510128,""pooled_paired_mae_skill_vs_seasonal_naive"":-0.28550824833564414,""pooled_paired_mape"":37.098478814413674,""pooled_paired_n"":129.0,""pooled_paired_r2"":0.5130323020164345,""pooled_paired_rmse"":1410159.7825359257,""pooled_paired_rmse_skill_vs_seasonal_naive"":-0.00577345357070147,""pooled_paired_seasonal_naive_bias"":-174434.0,""pooled_paired_seasonal_naive_mae"":896358.4031007752,""pooled_paired_seasonal_naive_mape"":37.89834339695614,""pooled_paired_seasonal_naive_n"":129.0,""pooled_paired_seasonal_naive_r2"":0.5186069490364134,""pooled_paired_seasonal_naive_rmse"":1402065.0252097729,""pooled_paired_seasonal_naive_smape"":28.288824993194286,""pooled_paired_seasonal_naive_wape"":23.652474339387812,""pooled_paired_smape"":34.4401613596487,""pooled_paired_wape"":30.405450856830196,""run_id"":""run_20260811T162732Z_6bbfe89e"",""runtime_seconds"":0.2640941994031891}",-0.28550824833564414,0.2640941994031891,"[{""path"":""results/runs/run_20260811T162732Z_6bbfe89e/rolling_origin_fold_metrics.csv"",""sha256"":""ae9f920f02fe94f402a381aa6f7aa23737405d3a77349329aab025314c4ef0a5""},{""path"":""results/runs/run_20260811T162732Z_6bbfe89e/rolling_origin_leaderboard.csv"",""sha256"":""104b31ae5b8cc0619d5fc256f53bce349ce24c8bab4c4b9596558611088725ae""},{""path"":""results/runs/run_20260811T162732Z_6bbfe89e/forecasts/rolling_origin_forecasts.csv"",""sha256"":""648670d1c5943f0a6748e956fa7bf804bf6ec0e29453f912655818baccbea802""}]",run_id=run_20260811T162732Z_6bbfe89e; git_sha=eed5a07e6d48d3c4497f8d4cb104953170a079cc; all outer folds retained; no random split or final-test tuning,
exp_20260811T162744Z_c0f942c2,2026-08-11T16:27:44.937744+00:00,eed5a07e6d48d3c4497f8d4cb104953170a079cc,"{""available"":true,""diff_sha256"":""e3b0c44298fc1c149afbf4c8996fb92427ae41e4649b934ca495991b7852b855"",""dirty"":false,""untracked_source_files"":[]}",run_20260811T162732Z_6bbfe89e,af64bb4a373eba3bff2376c6f436e514249396db1d5c278111bb73f030c2b1cf,a7885fb0e1ed5de7d64ae180733effc0baebad1e4842ef6bca467466b5b538e5,departing_visitors_total_original_with_missing,2008-01..2025-11,"[""one_step_201501"",""one_step_201502"",""one_step_201503"",""one_step_201504"",""one_step_201505"",""one_step_201506"",""one_step_201507"",""one_step_201508"",""one_step_201509"",""one_step_201510"",""one_step_201511"",""one_step_201512"",""one_step_201601"",""one_step_201602"",""one_step_201603"",""one_step_201604"",""one_step_201605"",""one_step_201606"",""one_step_201607"",""one_step_201608"",""one_step_201609"",""one_step_201610"",""one_step_201611"",""one_step_201612"",""one_step_201701"",""one_step_201702"",""one_step_201703"",""one_step_201704"",""one_step_201705"",""one_step_201706"",""one_step_201707"",""one_step_201708"",""one_step_201709"",""one_step_201710"",""one_step_201711"",""one_step_201712"",""one_step_201801"",""one_step_201802"",""one_step_201803"",""one_step_201804"",""one_step_201805"",""one_step_201806"",""one_step_201807"",""one_step_201808"",""one_step_201809"",""one_step_201810"",""one_step_201811"",""one_step_201812"",""one_step_201901"",""one_step_201902"",""one_step_201903"",""one_step_201904"",""one_step_201905"",""one_step_201906"",""one_step_201907"",""one_step_201908"",""one_step_201909"",""one_step_201910"",""one_step_201911"",""one_step_201912"",""one_step_202001"",""one_step_202002"",""one_step_202003"",""one_step_202004"",""one_step_202005"",""one_step_202006"",""one_step_202007"",""one_step_202008"",""one_step_202009"",""one_step_202010"",""one_step_202011"",""one_step_202012"",""one_step_202101"",""one_step_202102"",""one_step_202103"",""one_step_202104"",""one_step_202105"",""one_step_202106"",""one_step_202107"",""one_step_202108"",""one_step_202109"",""one_step_202110"",""one_step_202111"",""one_step_202112"",""one_step_202201"",""one_step_202202"",""one_step_202203"",""one_step_202204"",""one_step_202205"",""one_step_202206"",""one_step_202207"",""one_step_202208"",""one_step_202209"",""one_step_202210"",""one_step_202211"",""one_step_202212"",""one_step_202301"",""one_step_202302"",""one_step_202303"",""one_step_202304"",""one_step_202305"",""one_step_202306"",""one_step_202307"",""one_step_202308"",""one_step_202309"",""one_step_202310"",""one_step_202311"",""one_step_202312"",""one_step_202401"",""one_step_202402"",""one_step_202403"",""one_step_202404"",""one_step_202405"",""one_step_202406"",""one_step_202407"",""one_step_202408"",""one_step_202409"",""one_step_202410"",""one_step_202411"",""one_step_202412"",""one_step_202501"",""one_step_202502"",""one_step_202503"",""one_step_202504"",""one_step_202505"",""one_step_202506"",""one_step_202507"",""one_step_202508"",""one_step_202509"",""one_step_202510"",""one_step_202511"",""one_step_202512""]",1,one_step_ex_ante,B0_univariate_target_history,"{""calendar_index"":""model_internal"",""target_history"":true}",seasonal_moving_average_3,"{""configuration"":{""prior_seasons"":3,""seasonal_period"":12},""fold_notes"":[""""]}",,"{""numpy"":""1.26.4"",""pandas"":""2.2.3"",""python"":""3.11.9"",""scikit-learn"":""1.5.2"",""scipy"":""1.13.1"",""statsmodels"":""0.14.4"",""xgboost"":""2.1.2""}",results/runs/run_20260811T162732Z_6bbfe89e/rolling_origin_fold_metrics.csv,"{""folds"":132,""macro_fold_full_bias"":-347654.9173126615,""macro_fold_full_interval_95_coverage"":0.7364341085271318,""macro_fold_full_interval_95_mean_width"":2732226.379750065,""macro_fold_full_interval_95_winkler"":11742340.624422021,""macro_fold_full_mae"":1001734.9793281653,""macro_fold_full_mape"":36.83046851319508,""macro_fold_full_mase"":2.5202375009922795,""macro_fold_full_n"":0.9772727272727273,""macro_fold_full_r2"":NaN,""macro_fold_full_rmse"":1001734.9793281653,""macro_fold_full_rmsse"":1.5640148780268457,""macro_fold_full_smape"":28.989870782522768,""macro_fold_full_wape"":36.83046851319508,""macro_fold_paired_bias"":-347654.9173126615,""macro_fold_paired_interval_95_coverage"":0.7364341085271318,""macro_fold_paired_interval_95_mean_width"":2732226.379750065,""macro_fold_paired_interval_95_winkler"":11742340.624422021,""macro_fold_paired_mae"":1001734.9793281653,""macro_fold_paired_mae_skill_vs_seasonal_naive"":-2.196047865374965,""macro_fold_paired_mape"":36.83046851319508,""macro_fold_paired_mase"":2.5202375009922795,""macro_fold_paired_n"":0.9772727272727273,""macro_fold_paired_r2"":NaN,""macro_fold_paired_rmse"":1001734.9793281653,""macro_fold_paired_rmse_skill_vs_seasonal_naive"":-2.196047865374965,""macro_fold_paired_rmsse"":1.5640148780268457,""macro_fold_paired_seasonal_naive_bias"":-174434.0,""macro_fold_paired_seasonal_naive_mae"":896358.4031007752,""macro_fold_paired_seasonal_naive_mape"":37.898343396956136,""macro_fold_paired_seasonal_naive_mase"":2.4173723953828947,""macro_fold_paired_seasonal_naive_n"":0.9772727272727273,""macro_fold_paired_seasonal_naive_r2"":NaN,""macro_fold_paired_seasonal_naive_rmse"":896358.4031007752,""macro_fold_paired_seasonal_naive_rmsse"":1.4786427004696798,""macro_fold_paired_seasonal_naive_smape"":28.288824993194282,""macro_fold_paired_seasonal_naive_wape"":37.898343396956136,""macro_fold_paired_smape"":28.989870782522768,""macro_fold_paired_wape"":36.83046851319508,""macro_fold_target_publication_delay_months"":3.0,""pooled_full_bias"":-347654.9173126615,""pooled_full_interval_95_coverage"":0.7364341085271318,""pooled_full_interval_95_mean_width"":2732226.379750065,""pooled_full_interval_95_winkler"":11742340.624422021,""pooled_full_mae"":1001734.9793281654,""pooled_full_mape"":36.83046851319507,""pooled_full_n"":129.0,""pooled_full_r2"":0.5506908737132497,""pooled_full_rmse"":1354536.984142238,""pooled_full_smape"":28.989870782522768,""pooled_full_wape"":26.433077228331413,""pooled_paired_bias"":-347654.9173126615,""pooled_paired_interval_95_coverage"":0.7364341085271318,""pooled_paired_interval_95_mean_width"":2732226.379750065,""pooled_paired_interval_95_winkler"":11742340.624422021,""pooled_paired_mae"":1001734.9793281654,""pooled_paired_mae_skill_vs_seasonal_naive"":-0.11756076125672577,""pooled_paired_mape"":36.83046851319507,""pooled_paired_n"":129.0,""pooled_paired_r2"":0.5506908737132497,""pooled_paired_rmse"":1354536.984142238,""pooled_paired_rmse_skill_vs_seasonal_naive"":0.033898599717530065,""pooled_paired_seasonal_naive_bias"":-174434.0,""pooled_paired_seasonal_naive_mae"":896358.4031007752,""pooled_paired_seasonal_naive_mape"":37.89834339695614,""pooled_paired_seasonal_naive_n"":129.0,""pooled_paired_seasonal_naive_r2"":0.5186069490364134,""pooled_paired_seasonal_naive_rmse"":1402065.0252097729,""pooled_paired_seasonal_naive_smape"":28.288824993194286,""pooled_paired_seasonal_naive_wape"":23.652474339387812,""pooled_paired_smape"":28.989870782522768,""pooled_paired_wape"":26.433077228331413,""run_id"":""run_20260811T162732Z_6bbfe89e"",""runtime_seconds"":3.2255556994350627}",-0.11756076125672577,3.2255556994350627,"[{""path"":""results/runs/run_20260811T162732Z_6bbfe89e/rolling_origin_fold_metrics.csv"",""sha256"":""ae9f920f02fe94f402a381aa6f7aa23737405d3a77349329aab025314c4ef0a5""},{""path"":""results/runs/run_20260811T162732Z_6bbfe89e/rolling_origin_leaderboard.csv"",""sha256"":""104b31ae5b8cc0619d5fc256f53bce349ce24c8bab4c4b9596558611088725ae""},{""path"":""results/runs/run_20260811T162732Z_6bbfe89e/forecasts/rolling_origin_forecasts.csv"",""sha256"":""648670d1c5943f0a6748e956fa7bf804bf6ec0e29453f912655818baccbea802""}]",run_id=run_20260811T162732Z_6bbfe89e; git_sha=eed5a07e6d48d3c4497f8d4cb104953170a079cc; all outer folds retained; no random split or final-test tuning,
exp_20260811T162745Z_d7204c80,2026-08-11T16:27:45.338977+00:00,eed5a07e6d48d3c4497f8d4cb104953170a079cc,"{""available"":true,""diff_sha256"":""e3b0c44298fc1c149afbf4c8996fb92427ae41e4649b934ca495991b7852b855"",""dirty"":false,""untracked_source_files"":[]}",run_20260811T162732Z_6bbfe89e,af64bb4a373eba3bff2376c6f436e514249396db1d5c278111bb73f030c2b1cf,a7885fb0e1ed5de7d64ae180733effc0baebad1e4842ef6bca467466b5b538e5,departing_visitors_total_original_with_missing,2008-01..2025-11,"[""one_step_201501"",""one_step_201502"",""one_step_201503"",""one_step_201504"",""one_step_201505"",""one_step_201506"",""one_step_201507"",""one_step_201508"",""one_step_201509"",""one_step_201510"",""one_step_201511"",""one_step_201512"",""one_step_201601"",""one_step_201602"",""one_step_201603"",""one_step_201604"",""one_step_201605"",""one_step_201606"",""one_step_201607"",""one_step_201608"",""one_step_201609"",""one_step_201610"",""one_step_201611"",""one_step_201612"",""one_step_201701"",""one_step_201702"",""one_step_201703"",""one_step_201704"",""one_step_201705"",""one_step_201706"",""one_step_201707"",""one_step_201708"",""one_step_201709"",""one_step_201710"",""one_step_201711"",""one_step_201712"",""one_step_201801"",""one_step_201802"",""one_step_201803"",""one_step_201804"",""one_step_201805"",""one_step_201806"",""one_step_201807"",""one_step_201808"",""one_step_201809"",""one_step_201810"",""one_step_201811"",""one_step_201812"",""one_step_201901"",""one_step_201902"",""one_step_201903"",""one_step_201904"",""one_step_201905"",""one_step_201906"",""one_step_201907"",""one_step_201908"",""one_step_201909"",""one_step_201910"",""one_step_201911"",""one_step_201912"",""one_step_202001"",""one_step_202002"",""one_step_202003"",""one_step_202004"",""one_step_202005"",""one_step_202006"",""one_step_202007"",""one_step_202008"",""one_step_202009"",""one_step_202010"",""one_step_202011"",""one_step_202012"",""one_step_202101"",""one_step_202102"",""one_step_202103"",""one_step_202104"",""one_step_202105"",""one_step_202106"",""one_step_202107"",""one_step_202108"",""one_step_202109"",""one_step_202110"",""one_step_202111"",""one_step_202112"",""one_step_202201"",""one_step_202202"",""one_step_202203"",""one_step_202204"",""one_step_202205"",""one_step_202206"",""one_step_202207"",""one_step_202208"",""one_step_202209"",""one_step_202210"",""one_step_202211"",""one_step_202212"",""one_step_202301"",""one_step_202302"",""one_step_202303"",""one_step_202304"",""one_step_202305"",""one_step_202306"",""one_step_202307"",""one_step_202308"",""one_step_202309"",""one_step_202310"",""one_step_202311"",""one_step_202312"",""one_step_202401"",""one_step_202402"",""one_step_202403"",""one_step_202404"",""one_step_202405"",""one_step_202406"",""one_step_202407"",""one_step_202408"",""one_step_202409"",""one_step_202410"",""one_step_202411"",""one_step_202412"",""one_step_202501"",""one_step_202502"",""one_step_202503"",""one_step_202504"",""one_step_202505"",""one_step_202506"",""one_step_202507"",""one_step_202508"",""one_step_202509"",""one_step_202510"",""one_step_202511"",""one_step_202512""]",1,one_step_ex_ante,B0_univariate_target_history,"{""calendar_index"":""model_internal"",""target_history"":true}",seasonal_naive,"{""configuration"":{""seasonal_period"":12,""unavailable_reference_policy"":""recursive preceding-season projection""},""fold_notes"":[""release-aware recursive seasonal fill for 3 unavailable training reference months; raw target unchanged"",""release-aware recursive seasonal fill for 4 unavailable training reference months; raw target unchanged"",""release-aware recursive seasonal fill for 5 unavailable training reference months; raw target unchanged"",""release-aware recursive seasonal fill for 6 unavailable training reference months; raw target unchanged""]}",,"{""numpy"":""1.26.4"",""pandas"":""2.2.3"",""python"":""3.11.9"",""scikit-learn"":""1.5.2"",""scipy"":""1.13.1"",""statsmodels"":""0.14.4"",""xgboost"":""2.1.2""}",results/runs/run_20260811T162732Z_6bbfe89e/rolling_origin_fold_metrics.csv,"{""folds"":132,""macro_fold_full_bias"":-174434.0,""macro_fold_full_interval_95_coverage"":0.7751937984496124,""macro_fold_full_interval_95_mean_width"":2844516.1284956387,""macro_fold_full_interval_95_winkler"":12923508.459463354,""macro_fold_full_mae"":896358.4031007752,""macro_fold_full_mape"":37.898343396956136,""macro_fold_full_mase"":2.4173723953828947,""macro_fold_full_n"":0.9772727272727273,""macro_fold_full_r2"":NaN,""macro_fold_full_rmse"":896358.4031007752,""macro_fold_full_rmsse"":1.4786427004696798,""macro_fold_full_smape"":28.288824993194282,""macro_fold_full_wape"":37.898343396956136,""macro_fold_paired_bias"":-174434.0,""macro_fold_paired_interval_95_coverage"":0.7751937984496124,""macro_fold_paired_interval_95_mean_width"":2844516.1284956387,""macro_fold_paired_interval_95_winkler"":12923508.459463354,""macro_fold_paired_mae"":896358.4031007752,""macro_fold_paired_mae_skill_vs_seasonal_naive"":0.0,""macro_fold_paired_mape"":37.898343396956136,""macro_fold_paired_mase"":2.4173723953828947,""macro_fold_paired_n"":0.9772727272727273,""macro_fold_paired_r2"":NaN,""macro_fold_paired_rmse"":896358.4031007752,""macro_fold_paired_rmse_skill_vs_seasonal_naive"":0.0,""macro_fold_paired_rmsse"":1.4786427004696798,""macro_fold_paired_seasonal_naive_bias"":-174434.0,""macro_fold_paired_seasonal_naive_mae"":896358.4031007752,""macro_fold_paired_seasonal_naive_mape"":37.898343396956136,""macro_fold_paired_seasonal_naive_mase"":2.4173723953828947,""macro_fold_paired_seasonal_naive_n"":0.9772727272727273,""macro_fold_paired_seasonal_naive_r2"":NaN,""macro_fold_paired_seasonal_naive_rmse"":896358.4031007752,""macro_fold_paired_seasonal_naive_rmsse"":1.4786427004696798,""macro_fold_paired_seasonal_naive_smape"":28.288824993194282,""macro_fold_paired_seasonal_naive_wape"":37.898343396956136,""macro_fold_paired_smape"":28.288824993194282,""macro_fold_paired_wape"":37.898343396956136,""macro_fold_target_publication_delay_months"":3.0,""pooled_full_bias"":-174434.0,""pooled_full_interval_95_coverage"":0.7751937984496124,""pooled_full_interval_95_mean_width"":2844516.1284956387,""pooled_full_interval_95_winkler"":12923508.459463354,""pooled_full_mae"":896358.4031007752,""pooled_full_mape"":37.89834339695614,""pooled_full_n"":129.0,""pooled_full_r2"":0.5186069490364134,""pooled_full_rmse"":1402065.0252097729,""pooled_full_smape"":28.288824993194286,""pooled_full_wape"":23.652474339387812,""pooled_paired_bias"":-174434.0,""pooled_paired_interval_95_coverage"":0.7751937984496124,""pooled_paired_interval_95_mean_width"":2844516.1284956387,""pooled_paired_interval_95_winkler"":12923508.459463354,""pooled_paired_mae"":896358.4031007752,""pooled_paired_mae_skill_vs_seasonal_naive"":0.0,""pooled_paired_mape"":37.89834339695614,""pooled_paired_n"":129.0,""pooled_paired_r2"":0.5186069490364134,""pooled_paired_rmse"":1402065.0252097729,""pooled_paired_rmse_skill_vs_seasonal_naive"":0.0,""pooled_paired_seasonal_naive_bias"":-174434.0,""pooled_paired_seasonal_naive_mae"":896358.4031007752,""pooled_paired_seasonal_naive_mape"":37.89834339695614,""pooled_paired_seasonal_naive_n"":129.0,""pooled_paired_seasonal_naive_r2"":0.5186069490364134,""pooled_paired_seasonal_naive_rmse"":1402065.0252097729,""pooled_paired_seasonal_naive_smape"":28.288824993194286,""pooled_paired_seasonal_naive_wape"":23.652474339387812,""pooled_paired_smape"":28.288824993194286,""pooled_paired_wape"":23.652474339387812,""run_id"":""run_20260811T162732Z_6bbfe89e"",""runtime_seconds"":0.25303799903485924}",0.0,0.25303799903485924,"[{""path"":""results/runs/run_20260811T162732Z_6bbfe89e/rolling_origin_fold_metrics.csv"",""sha256"":""ae9f920f02fe94f402a381aa6f7aa23737405d3a77349329aab025314c4ef0a5""},{""path"":""results/runs/run_20260811T162732Z_6bbfe89e/rolling_origin_leaderboard.csv"",""sha256"":""104b31ae5b8cc0619d5fc256f53bce349ce24c8bab4c4b9596558611088725ae""},{""path"":""results/runs/run_20260811T162732Z_6bbfe89e/forecasts/rolling_origin_forecasts.csv"",""sha256"":""648670d1c5943f0a6748e956fa7bf804bf6ec0e29453f912655818baccbea802""}]",run_id=run_20260811T162732Z_6bbfe89e; git_sha=eed5a07e6d48d3c4497f8d4cb104953170a079cc; all outer folds retained; no random split or final-test tuning,
