fold_id,protocol,model,train_start,train_end,test_start,test_end,runtime_seconds,notes,n,mae,rmse,mape,smape,wape,mase,rmsse,r2,bias,seasonal_naive_mae,seasonal_naive_rmse,mae_skill_vs_seasonal_naive,rmse_skill_vs_seasonal_naive,interval_95_coverage,interval_95_mean_width,interval_95_winkler
one_step_201501,one_step_ex_ante,naive_last,2008-01,2014-12,2015-01,2015-01,0.0009661999065428972,,1.0,21458.0,21458.0,1.217817893716473,1.2252787254999928,1.2178178937164728,0.11890066660828003,0.09255206074555646,,-21458.0,186605.0,186605.0,0.8850084402883095,0.8850084402883095,1.0,3464704.958548026,3464704.958548026
one_step_201501,one_step_ex_ante,seasonal_naive,2008-01,2014-12,2015-01,2015-01,0.001157799968495965,,1.0,186605.0,186605.0,10.590498091945308,11.182647106148103,10.590498091945308,1.0339947288861073,0.804859599935901,,-186605.0,186605.0,186605.0,0.0,0.0,1.0,714346.6009831917,714346.6009831917
one_step_201501,one_step_ex_ante,drift,2008-01,2014-12,2015-01,2015-01,0.0008545999880880117,,1.0,14616.915662650717,14616.915662650717,0.8295620022798312,0.8330171993590002,0.8295620022798312,0.08099361618259761,0.06304528224076451,,-14616.915662650717,186605.0,186605.0,0.9216692175308769,0.9216692175308769,1.0,5746101.677121507,5746101.677121507
one_step_201501,one_step_ex_ante,same_month_historical_mean,2008-01,2014-12,2015-01,2015-01,0.0034536999883130193,,1.0,446929.2857142857,446929.2857142857,25.364828099952426,29.048934214088302,25.364828099952422,2.4764745082575734,1.9276832137383133,,-446929.2857142857,186605.0,186605.0,-1.3950552542230148,-1.3950552542230148,1.0,1374287.815350769,1374287.815350769
one_step_201501,one_step_ex_ante,seasonal_moving_average_3,2008-01,2014-12,2015-01,2015-01,0.017013899981975555,,1.0,290028.0,290028.0,16.460121543424417,17.936289030853622,16.460121543424417,1.6070706745766725,1.2509408646617695,,-290028.0,186605.0,186605.0,-0.5542348811660995,-0.5542348811660995,1.0,933895.6126456321,933895.6126456321
one_step_201502,one_step_ex_ante,naive_last,2008-01,2015-01,2015-02,2015-02,0.0010279000271111727,,1.0,197079.0,197079.0,12.593510871128007,11.847502606758365,12.593510871128009,1.0915237826224808,0.8520937929274754,,197079.0,41680.0,41680.0,-3.728382917466411,-3.728382917466411,1.0,3443775.668174726,3443775.668174726
one_step_201502,one_step_ex_ante,seasonal_naive,2008-01,2015-01,2015-02,2015-02,0.0012118000304326415,,1.0,41680.0,41680.0,2.6633864242695338,2.699333262093732,2.6633864242695338,0.2308450482278934,0.18020828849962287,,-41680.0,41680.0,41680.0,0.0,0.0,1.0,709626.127272225,709626.127272225
one_step_201502,one_step_ex_ante,drift,2008-01,2015-01,2015-02,2015-02,0.0008932000491768122,,1.0,204094.09523809515,204094.09523809515,13.041781250736944,12.24340237315945,13.041781250736946,1.1303769495745284,0.8824243665003876,,204094.09523809515,41680.0,41680.0,-3.896691344484049,-3.896691344484049,1.0,5745212.934761114,5745212.934761114
one_step_201502,one_step_ex_ante,same_month_historical_mean,2008-01,2015-01,2015-02,2015-02,0.0017534000799059868,,1.0,329631.14285714296,329631.14285714296,21.06370227692336,23.5432414160281,21.063702276923365,1.8256649968875427,1.4251982747231386,,-329631.14285714296,41680.0,41680.0,-6.9086166712366355,-6.9086166712366355,1.0,1377735.2197326226,1377735.2197326226
one_step_201502,one_step_ex_ante,seasonal_moving_average_3,2008-01,2015-01,2015-02,2015-02,0.01837950001936406,,1.0,182379.33333333326,182379.33333333326,11.654190030406138,12.37531117075295,11.654190030406138,1.0101095489228493,0.7885380882366172,,-182379.33333333326,41680.0,41680.0,-3.375703774792065,-3.375703774792065,1.0,927644.9646327054,927644.9646327054
one_step_201503,one_step_ex_ante,naive_last,2008-01,2015-02,2015-03,2015-03,0.001486700028181076,,1.0,452720.0,452720.0,22.438040388670952,25.27347686158261,22.438040388670952,2.5337292657162545,1.9703100978382908,,-452720.0,50531.0,50531.0,-7.959252735944272,-7.959252735944272,1.0,3424315.3041107524,3424315.3041107524
one_step_201503,one_step_ex_ante,seasonal_naive,2008-01,2015-02,2015-03,2015-03,0.00119420001283288,,1.0,50531.0,50531.0,2.5044544506094977,2.5362136078994992,2.5044544506094977,0.2828058701314456,0.21991902181009604,,-50531.0,50531.0,50531.0,0.0,0.0,1.0,706335.1067736214,706335.1067736214
one_step_201503,one_step_ex_ante,drift,2008-01,2015-02,2015-03,2015-03,0.0009126000804826617,,1.0,448106.0117647059,448106.0117647059,22.209358522669046,24.983720558205906,22.209358522669046,2.5079062470216194,1.9502292805311097,,-448106.0117647059,50531.0,50531.0,-7.867942683990142,-7.867942683990142,1.0,5780304.473861475,5780304.473861475
one_step_201503,one_step_ex_ante,same_month_historical_mean,2008-01,2015-02,2015-03,2015-03,0.00137189996894449,,1.0,343495.0,343495.0,17.024550899687508,18.60856304318089,17.024550899687508,1.9224318212740874,1.494945368123705,,-343495.0,50531.0,50531.0,-5.797708337456215,-5.797708337456215,1.0,1375867.063104269,1375867.063104269
one_step_201503,one_step_ex_ante,seasonal_moving_average_3,2008-01,2015-02,2015-03,2015-03,0.014403299894183874,,1.0,185918.33333333326,185918.33333333326,9.214620675754816,9.659671729974974,9.214620675754816,1.040525539405938,0.8091464250307736,,-185918.33333333326,50531.0,50531.0,-2.679292579472665,-2.679292579472665,1.0,921684.0679477253,921684.0679477253
one_step_201504,one_step_ex_ante,naive_last,2008-01,2015-03,2015-04,2015-04,0.0008767000399529934,,1.0,609018.0,609018.0,23.18599683324431,26.226425982083875,23.18599683324431,3.441387833962974,2.66752149456485,,-609018.0,53524.0,53524.0,-10.378409685374786,-10.378409685374786,1.0,3409378.29839034,3409378.29839034
one_step_201504,one_step_ex_ante,seasonal_naive,2008-01,2015-03,2015-04,2015-04,0.001104000024497509,,1.0,53524.0,53524.0,2.0377185805716227,2.058693773339831,2.0377185805716227,0.30244892995779143,0.23443711101328538,,-53524.0,53524.0,53524.0,0.0,0.0,1.0,702823.5840260033,702823.5840260033
one_step_201504,one_step_ex_ante,drift,2008-01,2015-03,2015-04,2015-04,0.000916799996048212,,1.0,599193.4767441861,599193.4767441861,22.8119662379295,25.74887903385348,22.8119662379295,3.3858722419656204,2.6244897172467154,,-599193.4767441861,53524.0,53524.0,-10.194856078472949,-10.194856078472949,1.0,5733729.035996843,5733729.035996843
one_step_201504,one_step_ex_ante,same_month_historical_mean,2008-01,2015-03,2015-04,2015-04,0.0013922000071033835,,1.0,500730.57142857136,500730.57142857136,19.063373239299118,21.071878679944138,19.063373239299118,2.8294863150311045,2.19321852929052,,-500730.57142857136,53524.0,53524.0,-8.35525318415237,-8.35525318415237,1.0,1374570.7025952823,1374570.7025952823
one_step_201504,one_step_ex_ante,seasonal_moving_average_3,2008-01,2015-03,2015-04,2015-04,0.014070300036109984,,1.0,218648.3333333335,218648.3333333335,8.324186746961201,8.685693417115822,8.324186746961201,1.2355196632112924,0.9576878333931793,,-218648.3333333335,53524.0,53524.0,-3.0850521884263786,-3.0850521884263786,1.0,915790.0767004946,915790.0767004946
one_step_201505,one_step_ex_ante,naive_last,2008-01,2015-04,2015-05,2015-05,0.0008552999934181571,,1.0,1148350.0,1148350.0,30.419762792869854,35.87654233047721,30.419762792869854,6.549109579655923,5.061382610444356,,-1148350.0,88870.0,88870.0,-11.921683357713514,-11.921683357713514,1.0,3398839.6783729233,3398839.6783729233
one_step_201505,one_step_ex_ante,seasonal_naive,2008-01,2015-04,2015-05,2015-05,0.001602299977093935,,1.0,88870.0,88870.0,2.3541640783753595,2.326776015801236,2.3541640783753595,0.5068309908512404,0.3916968455524795,,88870.0,88870.0,88870.0,0.0,0.0,1.0,699276.8811623226,699276.8811623226
one_step_201505,one_step_ex_ante,drift,2008-01,2015-04,2015-05,2015-05,0.0011625000042840838,,1.0,1131638.195402299,1131638.195402299,29.9770675068483,35.2623814532263,29.977067506848293,6.453801146178201,4.987724895305289,,-1131638.195402299,88870.0,88870.0,-11.73363559583998,-11.73363559583998,1.0,5745413.3370268885,5745413.3370268885
one_step_201505,one_step_ex_ante,same_month_historical_mean,2008-01,2015-04,2015-05,2015-05,0.0015644000377506018,,1.0,572147.2857142859,572147.2857142859,15.156167295696358,16.39888880679272,15.156167295696356,3.262990612483619,2.5217541015606955,,-572147.2857142859,88870.0,88870.0,-5.438025044607696,-5.438025044607696,1.0,1380751.6829515304,1380751.6829515304
one_step_201505,one_step_ex_ante,seasonal_moving_average_3,2008-01,2015-04,2015-05,2015-05,0.014625799958594143,,1.0,182958.3333333335,182958.3333333335,4.84656167629975,4.966924198651093,4.846561676299751,1.0434224526592206,0.8063936315315157,,-182958.3333333335,88870.0,88870.0,-1.0587187277296444,-1.0587187277296444,1.0,909722.2517436668,909722.2517436668
one_step_201506,one_step_ex_ante,naive_last,2008-01,2015-05,2015-06,2015-06,0.0007981000235304236,,1.0,574662.0,574662.0,13.211607763798444,14.146069362909689,13.211607763798444,3.298458119568413,2.54687723882232,,-574662.0,180404.0,180404.0,-2.1854171747854814,-2.1854171747854814,1.0,3412174.8155823257,3412174.8155823257
one_step_201506,one_step_ex_ante,seasonal_naive,2008-01,2015-05,2015-06,2015-06,0.0010483000660315156,,1.0,180404.0,180404.0,4.147528263605901,4.063265716595302,4.147528263605902,1.0354870142842574,0.7995427597309406,,180404.0,180404.0,180404.0,0.0,0.0,1.0,702254.138943078,702254.138943078
one_step_201506,one_step_ex_ante,drift,2008-01,2015-05,2015-06,2015-06,0.0010046000825241208,,1.0,545090.6704545454,545090.6704545454,12.531756291091758,13.369471056175755,12.531756291091757,3.1287239244317275,2.4158183796302515,,-545090.6704545454,180404.0,180404.0,-2.021499913829768,-2.021499913829768,1.0,5996836.786222475,5996836.786222475
one_step_201506,one_step_ex_ante,same_month_historical_mean,2008-01,2015-05,2015-06,2015-06,0.0013416999718174338,,1.0,587858.1428571427,587858.1428571427,13.514990036201388,14.494451901335108,13.514990036201388,3.374201642811862,2.6053619757339384,,-587858.1428571427,180404.0,180404.0,-2.2585649035339723,-2.2585649035339723,1.0,1390980.0032478613,1390980.0032478613
one_step_201506,one_step_ex_ante,seasonal_moving_average_3,2008-01,2015-05,2015-06,2015-06,0.014379799948073924,,1.0,163631.3333333335,163631.3333333335,3.7619209097997777,3.834037641665482,3.7619209097997777,0.9392148777005255,0.7252070233020715,,-163631.3333333335,180404.0,180404.0,0.09297280917644013,0.09297280917644013,1.0,904091.5981846126,904091.5981846126
one_step_201507,one_step_ex_ante,naive_last,2008-01,2015-06,2015-07,2015-07,0.0008282000198960304,,1.0,895290.0,895290.0,17.069513333263426,18.662294781252868,17.069513333263426,5.136469166306497,3.9770939409960833,,-895290.0,292561.0,292561.0,-2.0601823209518697,-2.0601823209518697,1.0,3400283.7016654755,3400283.7016654755
one_step_201507,one_step_ex_ante,seasonal_naive,2008-01,2015-06,2015-07,2015-07,0.0010598000371828675,,1.0,292561.0,292561.0,5.577939986253483,5.737970254876528,5.577939986253483,1.6784846873792796,1.299626467928554,,-292561.0,292561.0,292561.0,0.0,0.0,1.0,711908.5450483151,711908.5450483151
one_step_201507,one_step_ex_ante,drift,2008-01,2015-06,2015-07,2015-07,0.000906399916857481,,1.0,859594.0561797749,859594.0561797749,16.38893788957171,17.851797926766523,16.388937889571714,4.931673943758725,3.8185239559794364,,-859594.0561797749,292561.0,292561.0,-1.9381703514131239,-1.9381703514131239,1.0,6189442.319138357,6189442.319138357
one_step_201507,one_step_ex_ante,same_month_historical_mean,2008-01,2015-06,2015-07,2015-07,0.0014966001035645604,,1.0,601963.0,601963.0,11.476968864425215,12.1756676574669,11.476968864425215,3.4535897739920673,2.6740647164648608,,-601963.0,292561.0,292561.0,-1.0575640635628125,-1.0575640635628125,1.0,1401888.5917174635,1401888.5917174635
one_step_201507,one_step_ex_ante,seasonal_moving_average_3,2008-01,2015-06,2015-07,2015-07,0.014266700018197298,,1.0,336181.0,336181.0,6.409594725608274,6.621810328382157,6.409594725608274,1.9287419057490698,1.493397020158836,,-336181.0,292561.0,292561.0,-0.1490971113716455,-0.1490971113716455,1.0,898848.142221367,898848.142221367
one_step_201508,one_step_ex_ante,naive_last,2008-01,2015-07,2015-08,2015-08,0.0008624999318271875,,1.0,1503743.0,1503743.0,22.281939002250507,25.07560444577737,22.281939002250503,8.553829622711326,6.651046936438814,,-1503743.0,113081.0,113081.0,-12.297928033887214,-12.297928033887214,1.0,3399731.4266731218,3399731.4266731218
one_step_201508,one_step_ex_ante,seasonal_naive,2008-01,2015-07,2015-08,2015-08,0.001213400042615831,,1.0,113081.0,113081.0,1.6755947953297137,1.68975148933436,1.6755947953297134,0.643245293621197,0.5001566348900294,,-113081.0,113081.0,113081.0,0.0,0.0,1.0,710753.0362389367,710753.0362389367
one_step_201508,one_step_ex_ante,drift,2008-01,2015-07,2015-08,2015-08,0.0010186000727117062,,1.0,1458496.0111111114,1458496.0111111114,21.611484911054255,24.22968193919728,21.611484911054255,8.296448518429369,6.450919755908282,,-1458496.0111111114,113081.0,113081.0,-11.897799021153963,-11.897799021153963,1.0,6609579.492398886,6609579.492398886
one_step_201508,one_step_ex_ante,same_month_historical_mean,2008-01,2015-07,2015-08,2015-08,0.0014932999620214105,,1.0,1169114.7142857146,1169114.7142857146,17.323533842117847,18.96635533462269,17.32353384211785,6.650343892144359,5.170987887421947,,-1169114.7142857146,113081.0,113081.0,-9.338736960990039,-9.338736960990039,0.0,1413360.5174811631,19910738.739286482
one_step_201508,one_step_ex_ante,seasonal_moving_average_3,2008-01,2015-07,2015-08,2015-08,0.014275999972596765,,1.0,754508.0,754508.0,11.180036238047341,11.842006549839331,11.180036238047341,4.291912169149035,3.337184693074931,,-754508.0,113081.0,113081.0,-5.672279162724065,-5.672279162724065,0.0,894086.2889268976,13192680.510388946
one_step_201509,one_step_ex_ante,naive_last,2008-01,2015-08,2015-09,2015-09,0.0008698999881744385,,1.0,1333386.0,1333386.0,24.62246935639284,21.92342504909968,24.62246935639284,7.618753220284073,5.925393731006132,,1333386.0,80660.0,80660.0,-15.530944706174065,-15.530944706174065,1.0,3433502.6542377025,3433502.6542377025
one_step_201509,one_step_ex_ante,seasonal_naive,2008-01,2015-08,2015-09,2015-09,0.0010887999087572098,,1.0,80660.0,80660.0,1.4894774493557354,1.4784667350483498,1.4894774493557354,0.4608782713693659,0.3584425352770725,,80660.0,80660.0,80660.0,0.0,0.0,1.0,706315.431570543,706315.431570543
one_step_201509,one_step_ex_ante,drift,2008-01,2015-08,2015-09,2015-09,0.0009689999278634787,,1.0,1394660.4175824178,1394660.4175824178,25.753970264047414,22.815962203388878,25.753970264047414,7.968865390561154,6.197689262693063,,1394660.4175824178,80660.0,80660.0,-16.29060770620404,-16.29060770620404,1.0,7563727.230950883,7563727.230950883
one_step_201509,one_step_ex_ante,same_month_historical_mean,2008-01,2015-08,2015-09,2015-09,0.0013707999605685472,,1.0,695087.2857142854,695087.2857142854,12.835567039490641,13.715818584184607,12.835567039490641,3.97161699343943,3.088877373298876,,-695087.2857142854,80660.0,80660.0,-7.6174967234600235,-7.6174967234600235,1.0,1475663.6771783582,1475663.6771783582
one_step_201509,one_step_ex_ante,seasonal_moving_average_3,2008-01,2015-08,2015-09,2015-09,0.014752000104635954,,1.0,87045.0,87045.0,1.6073836421915448,1.620406718456264,1.6073836421915446,0.4973611347798965,0.38681664372914426,,-87045.0,80660.0,80660.0,-0.07915943466402187,-0.07915943466402187,1.0,916507.2695389967,916507.2695389967
one_step_201510,one_step_ex_ante,naive_last,2008-01,2015-09,2015-10,2015-10,0.0008431000169366598,,1.0,1253516.0,1253516.0,30.11952022751661,26.17728404590604,30.119520227516613,7.210379900117557,5.600673542678402,,1253516.0,131473.0,131473.0,-8.534398697831493,-8.534398697831493,1.0,3461828.773156453,3461828.773156453
one_step_201510,one_step_ex_ante,seasonal_naive,2008-01,2015-09,2015-10,2015-10,0.001146299997344613,,1.0,131473.0,131473.0,3.159037206443549,3.109915512381011,3.1590372064435486,0.7562490439756298,0.5874175939330312,,131473.0,131473.0,131473.0,0.0,0.0,1.0,708219.4797146502,708219.4797146502
one_step_201510,one_step_ex_ante,drift,2008-01,2015-09,2015-10,2015-10,0.0009898999705910683,,1.0,1299631.0652173916,1299631.0652173916,31.22757440441461,27.01025125126116,31.22757440441461,7.475639489413657,5.80671433169261,,1299631.0652173916,131473.0,131473.0,-8.885155622959783,-8.885155622959783,1.0,6618443.796679532,6618443.796679532
one_step_201510,one_step_ex_ante,same_month_historical_mean,2008-01,2015-09,2015-10,2015-10,0.0013521000510081649,,1.0,379151.7142857141,379151.7142857141,9.110268818049521,9.545059088973082,9.110268818049523,2.1809278060916872,1.6940389870262202,,-379151.7142857141,131473.0,131473.0,-1.8838751248219339,-1.8838751248219339,1.0,1491483.1866730405,1491483.1866730405
one_step_201510,one_step_ex_ante,seasonal_moving_average_3,2008-01,2015-09,2015-10,2015-10,0.015784700051881373,,1.0,69740.66666666651,69740.66666666651,1.675730840569371,1.689889843206501,1.675730840569371,0.4011569865515324,0.3115992988113057,,-69740.66666666651,131473.0,131473.0,0.4695438100091539,0.4695438100091539,1.0,913424.686683529,913424.686683529
one_step_201511,one_step_ex_ante,naive_last,2008-01,2015-10,2015-11,2015-11,0.0008446000283583999,,1.0,1924808.0,1924808.0,86.04424322239001,60.16149267894438,86.04424322239001,11.104744615701978,8.63453845394269,,1924808.0,27375.0,27375.0,-69.31262100456621,-69.31262100456621,0.0,3483254.9332513157,10810476.268225001
one_step_201511,one_step_ex_ante,seasonal_naive,2008-01,2015-10,2015-11,2015-11,0.001361900009214878,,1.0,27375.0,27375.0,1.2237382420547538,1.2162961017876555,1.2237382420547538,0.15793387384863408,0.1228021133415287,,27375.0,27375.0,27375.0,0.0,0.0,1.0,713127.6364026573,713127.6364026573
one_step_201511,one_step_ex_ante,drift,2008-01,2015-10,2015-11,2015-11,0.0009836000390350819,,1.0,1956948.5376344086,1956948.5376344086,87.48101418214985,60.86037676680889,87.48101418214985,11.290172181589831,8.77871839715505,,1956948.5376344086,27375.0,27375.0,-70.48670457111994,-70.48670457111994,1.0,6014754.8188971095,6014754.8188971095
one_step_201511,one_step_ex_ante,same_month_historical_mean,2008-01,2015-10,2015-11,2015-11,0.0013539999490603805,,1.0,169170.71428571432,169170.71428571432,7.562398995694869,7.85958560720749,7.56239899569487,0.9759921917400302,0.7588866202659966,,-169170.71428571432,27375.0,27375.0,-5.179752120026094,-5.179752120026094,1.0,1490431.3000128488,1490431.3000128488
one_step_201511,one_step_ex_ante,seasonal_moving_average_3,2008-01,2015-10,2015-11,2015-11,0.014562500058673322,,1.0,32610.33333333349,32610.33333333349,1.457772127348057,1.4684756416484808,1.457772127348057,0.18813794596634148,0.14628741004949955,,-32610.33333333349,27375.0,27375.0,-0.1912450532724561,-0.1912450532724561,1.0,910937.5317538185,910937.5317538185
one_step_201512,one_step_ex_ante,naive_last,2008-01,2015-11,2015-12,2015-12,0.000901699997484684,,1.0,523191.0,523191.0,30.52799994398436,26.485285910086677,30.52799994398436,3.049369190993471,2.3610444661618297,,523191.0,26739.0,26739.0,-18.566588129698193,-18.566588129698193,1.0,3553677.0128820073,3553677.0128820073
one_step_201512,one_step_ex_ante,seasonal_naive,2008-01,2015-11,2015-12,2015-12,0.0012296000495553017,,1.0,26739.0,26739.0,1.560210688834857,1.5481336157595937,1.560210688834857,0.15584572899376023,0.12066715211213717,,26739.0,26739.0,26739.0,0.0,0.0,1.0,712009.0034536142,712009.0034536142
one_step_201512,one_step_ex_ante,drift,2008-01,2015-11,2015-12,2015-12,0.0008981999708339572,,1.0,534512.9361702129,534512.9361702129,31.188630701719212,26.981111144655678,31.18863070171921,3.115358023637461,2.4121378426551536,,534512.9361702129,26739.0,26739.0,-18.99001219829511,-18.99001219829511,1.0,5785585.436056457,5785585.436056457
one_step_201512,one_step_ex_ante,same_month_historical_mean,2008-01,2015-11,2015-12,2015-12,0.0013458000030368567,,1.0,219150.0,219150.0,12.787320859349974,13.660742336519904,12.787320859349974,1.2772950188482202,0.988975144372447,,-219150.0,26739.0,26739.0,-7.195893638505554,-7.195893638505554,1.0,1483862.232120449,1483862.232120449
one_step_201512,one_step_ex_ante,seasonal_moving_average_3,2008-01,2015-11,2015-12,2015-12,0.015420400071889162,,1.0,95111.66666666674,95111.66666666674,5.549730317746791,5.708123035072649,5.549730317746792,0.5543493409431245,0.42921776989811,,-95111.66666666674,26739.0,26739.0,-2.5570390316267155,-2.5570390316267155,1.0,909879.1220563301,909879.1220563301
one_step_201601,one_step_ex_ante,naive_last,2008-01,2015-12,2016-01,2016-01,0.0008669999660924077,,1.0,22520.0,22520.0,1.3315303671109633,1.32272413037643,1.3315303671109635,0.1325881255659341,0.10222916047575664,,22520.0,70717.0,70717.0,0.6815475769616923,0.6815475769616923,1.0,3541254.675229337,3541254.675229337
one_step_201601,one_step_ex_ante,seasonal_naive,2008-01,2015-12,2016-01,2016-01,0.0012347999727353454,,1.0,70717.0,70717.0,4.181253684324423,4.095629357618573,4.181253684324423,0.4163514420802026,0.32101862972309425,,70717.0,70717.0,70717.0,0.0,0.0,1.0,710813.9382849252,710813.9382849252
one_step_201601,one_step_ex_ante,drift,2008-01,2015-12,2016-01,2016-01,0.0008823999669402838,,1.0,28215.484210526338,28215.484210526338,1.6682848156774301,1.6544840624813404,1.6682848156774301,0.1661206999737521,0.12808371506479016,,28215.484210526338,70717.0,70717.0,0.6010084674049191,0.6010084674049191,1.0,5864624.893959759,5864624.893959759
one_step_201601,one_step_ex_ante,same_month_historical_mean,2008-01,2015-12,2016-01,2016-01,0.001327000092715025,,1.0,320346.125,320346.125,18.94096773640429,20.922422371979746,18.94096773640429,1.8860609345497523,1.4542058357198844,,-320346.125,70717.0,70717.0,-3.5299733444574857,-3.5299733444574857,1.0,1478332.4674731025,1478332.4674731025
one_step_201601,one_step_ex_ante,seasonal_moving_average_3,2008-01,2015-12,2016-01,2016-01,0.01517170004080981,,1.0,90110.0,90110.0,5.327895265558123,5.4737120891830555,5.327895265558122,0.5305291294292328,0.4090528263974436,,-90110.0,70717.0,70717.0,-0.2742339182940452,-0.2742339182940452,1.0,906514.7073851307,906514.7073851307
one_step_201602,one_step_ex_ante,naive_last,2008-01,2016-01,2016-02,2016-02,0.0010237999958917499,,1.0,173783.0,173783.0,11.45189732613555,10.831680841787453,11.45189732613555,1.0302340107704964,0.7930805161825888,,173783.0,47421.0,47421.0,-2.6646844225132327,-2.6646844225132327,1.0,3522585.272147755,3522585.272147755
one_step_201602,one_step_ex_ante,seasonal_naive,2008-01,2016-01,2016-02,2016-02,0.00132170005235821,,1.0,47421.0,47421.0,3.124934102315381,3.0768591912417125,3.124934102315381,0.2811248915299408,0.21641168099235567,,47421.0,47421.0,47421.0,0.0,0.0,1.0,711535.2758605569,711535.2758605569
one_step_201602,one_step_ex_ante,drift,2008-01,2016-01,2016-02,2016-02,0.0008925000438466668,,1.0,179184.57291666674,179184.57291666674,11.807848474644334,11.149585399861005,11.807848474644334,1.0622560389919384,0.8177312716474384,,179184.57291666674,47421.0,47421.0,-2.7785911920176027,-2.7785911920176027,1.0,5873545.748406612,5873545.748406612
one_step_201602,one_step_ex_ante,same_month_historical_mean,2008-01,2016-01,2016-02,2016-02,0.0014255000278353691,,1.0,241006.25,241006.25,15.881753853696596,17.251689266121613,15.881753853696596,1.4287521538830434,1.099862248627484,,-241006.25,47421.0,47421.0,-4.0822684042934565,-4.0822684042934565,1.0,1475568.4418853913,1475568.4418853913
one_step_201602,one_step_ex_ante,seasonal_moving_average_3,2008-01,2016-01,2016-02,2016-02,0.015329199959523976,,1.0,16338.0,16338.0,1.076636371304458,1.082463469011187,1.0766363713044578,0.0968562130241069,0.07456051209491801,,-16338.0,47421.0,47421.0,0.6554690959701398,0.6554690959701398,1.0,903314.833764141,903314.833764141
one_step_201603,one_step_ex_ante,naive_last,2008-01,2016-02,2016-03,2016-03,0.001106700045056641,,1.0,381258.0,381258.0,20.07929377141527,22.32015891034246,20.07929377141527,2.279255907988883,1.7496416394819203,,-381258.0,118883.0,118883.0,-2.207001842147321,-2.207001842147321,1.0,3504916.088257977,3504916.088257977
one_step_201603,one_step_ex_ante,seasonal_naive,2008-01,2016-02,2016-03,2016-03,0.0012108000228181481,,1.0,118883.0,118883.0,6.261079587647108,6.071023772554793,6.261079587647109,0.7107123787814087,0.5455692655013904,,118883.0,118883.0,118883.0,0.0,0.0,1.0,711052.6427458581,711052.6427458581
one_step_201603,one_step_ex_ante,drift,2008-01,2016-02,2016-03,2016-03,0.0008822999661788344,,1.0,377703.69072164944,377703.69072164944,19.892102892392487,22.08909571633911,19.892102892392487,2.258007356033251,1.7333304604037132,,-377703.69072164944,118883.0,118883.0,-2.1771043018905094,-2.1771043018905094,1.0,5911046.790113087,5911046.790113087
one_step_201603,one_step_ex_ante,same_month_historical_mean,2008-01,2016-02,2016-03,2016-03,0.0017915000207722187,,1.0,181675.125,181675.125,9.568083045689772,10.048822906073474,9.56808304568977,1.0860994444467231,0.8337303441713558,,-181675.125,118883.0,118883.0,-0.5281842231437632,-0.5281842231437632,1.0,1470725.8724846998,1470725.8724846998
one_step_201603,one_step_ex_ante,seasonal_moving_average_3,2008-01,2016-02,2016-03,2016-03,0.015379399992525578,,1.0,60281.0,60281.0,3.174752812622119,3.125144998256781,3.174752812622119,0.3603749308590976,0.2766372054346653,,60281.0,118883.0,118883.0,0.49293843526828895,0.49293843526828895,1.0,902814.8403661456,902814.8403661456
one_step_201604,one_step_ex_ante,naive_last,2008-01,2016-03,2016-04,2016-04,0.0009209000272676349,,1.0,150476.0,150476.0,7.343022137984949,7.62289766970618,7.343022137984948,0.9025844776902286,0.6933579999162777,,-150476.0,577425.0,577425.0,0.7394016538944452,0.7394016538944452,1.0,3490008.7944999263,3490008.7944999263
one_step_201604,one_step_ex_ante,seasonal_naive,2008-01,2016-03,2016-04,2016-04,0.001193300005979836,,1.0,577425.0,577425.0,28.177546971118044,24.697913835215928,28.177546971118044,3.4635080812241172,2.660638527749652,,577425.0,577425.0,577425.0,0.0,0.0,0.0,714137.3944447963,9528389.505548872
one_step_201604,one_step_ex_ante,drift,2008-01,2016-03,2016-04,2016-04,0.0009051000233739614,,1.0,143067.57142857136,143067.57142857136,6.981500998350184,7.23402268120478,6.981500998350185,0.858147274198321,0.6592217043155948,,-143067.57142857136,577425.0,577425.0,0.7522317678857491,0.7522317678857491,1.0,5862848.012384742,5862848.012384742
one_step_201604,one_step_ex_ante,same_month_historical_mean,2008-01,2016-03,2016-04,2016-04,0.002241700072772801,,1.0,139285.75,139285.75,6.79695330654614,6.573552654299171,6.796953306546141,0.8354631696313151,0.6417959610624863,,139285.75,577425.0,577425.0,0.7587812269991774,0.7587812269991774,1.0,1464774.0179140512,1464774.0179140512
one_step_201604,one_step_ex_ante,seasonal_moving_average_3,2008-01,2016-03,2016-04,2016-04,0.015315599972382188,,1.0,490350.0,490350.0,23.928406558925804,21.371479328263916,23.928406558925804,2.941215201330469,2.2594174171226427,,490350.0,577425.0,577425.0,0.1507988050396155,0.1507988050396155,0.0,906053.7783631289,2398978.211100556
one_step_201605,one_step_ex_ante,naive_last,2008-01,2016-04,2016-05,2016-05,0.0008917000377550721,,1.0,700410.0,700410.0,25.472715052981325,29.190524634258868,25.47271505298133,4.08678891964195,3.121315194858568,,-700410.0,1025365.0,1025365.0,0.31691641513022195,0.31691641513022195,1.0,3472614.4219404906,3472614.4219404906
one_step_201605,one_step_ex_ante,seasonal_naive,2008-01,2016-04,2016-05,2016-05,0.0011479000095278025,,1.0,1025365.0,1025365.0,37.29077321897203,31.430445198608787,37.29077321897203,5.982853358159746,4.569448401330871,,1025365.0,1025365.0,1025365.0,0.0,0.0,0.0,767431.5767478999,26433400.041789904
one_step_201605,one_step_ex_ante,drift,2008-01,2016-04,2016-05,2016-05,0.001129999989643693,,1.0,691556.4444444445,691556.4444444445,25.150726363681624,28.76846536519726,25.150726363681624,4.035129730390113,3.0818601078608383,,-691556.4444444445,1025365.0,1025365.0,0.32555095556758373,0.32555095556758373,1.0,5851782.513012443,5851782.513012443
one_step_201605,one_step_ex_ante,same_month_historical_mean,2008-01,2016-04,2016-05,2016-05,0.001423700014129281,,1.0,524736.125,524736.125,19.083756357177357,17.421425188697842,19.083756357177354,3.061757800982072,2.338440114009944,,524736.125,1025365.0,1025365.0,0.4882445519400409,0.4882445519400409,1.0,1458275.406315824,1458275.406315824
one_step_201605,one_step_ex_ante,seasonal_moving_average_3,2008-01,2016-04,2016-05,2016-05,0.015289200004190207,,1.0,1035895.3333333335,1035895.3333333335,37.67374345128298,31.70206595328451,37.67374345128298,6.044296298133196,4.616375900139083,,1035895.3333333335,1025365.0,1025365.0,-0.010269838870386128,-0.010269838870386128,0.0,949925.1207106817,23387236.03983038
one_step_201606,one_step_ex_ante,naive_last,2008-01,2016-05,2016-06,2016-06,0.000839599990285933,,1.0,53499.0,53499.0,1.9842746079686249,1.964781279948555,1.9842746079686249,0.29560849739295936,0.21555206206560734,,53499.0,1653526.0,1653526.0,0.9676455042134203,0.9676455042134203,1.0,3465649.9367443044,3465649.9367443044
one_step_201606,one_step_ex_ante,seasonal_naive,2008-01,2016-05,2016-06,2016-06,0.0015137000009417534,,1.0,1653526.0,1653526.0,61.329177282116085,46.936341299470435,61.329177282116085,9.136550893665124,6.662198152845762,,1653526.0,1653526.0,1653526.0,0.0,0.0,0.0,897469.4946984444,49089119.600729555
one_step_201606,one_step_ex_ante,drift,2008-01,2016-05,2016-06,2016-06,0.0009036000119522214,,1.0,69268.12000000011,69268.12000000011,2.569150295476997,2.5365661965106856,2.5691502954769976,0.38274070301192975,0.2790871997870607,,69268.12000000011,1653526.0,1653526.0,0.9581088413487299,0.9581088413487299,1.0,5880649.150508961,5880649.150508961
one_step_201606,one_step_ex_ante,same_month_historical_mean,2008-01,2016-05,2016-06,2016-06,0.0015118999872356653,,1.0,1139150.125,1139150.125,42.25100782634787,34.88200788550242,42.25100782634787,6.294369179914612,4.589733610834676,,1139150.125,1653526.0,1653526.0,0.3110781898802921,0.3110781898802921,0.0,1463868.146904232,17752510.20881959
one_step_201606,one_step_ex_ante,seasonal_moving_average_3,2008-01,2016-05,2016-06,2016-06,0.01602340000681579,,1.0,1640796.0,1640796.0,60.857022367829074,46.65929390393474,60.857022367829074,9.066211332704876,6.610907890409171,,1640796.0,1653526.0,1653526.0,0.007698699627341821,0.007698699627341821,0.0,1079647.8662252757,45118530.541719764
one_step_201607,one_step_ex_ante,naive_last,2008-01,2016-06,2016-07,2016-07,0.0012929000658914447,,1.0,786395.0,786395.0,22.581049945097607,25.45505983223313,22.581049945097607,3.98495766884575,2.6026466373811727,,-786395.0,1762421.0,1762421.0,0.553798439759853,0.553798439759853,1.0,3448383.991593996,3448383.991593996
one_step_201607,one_step_ex_ante,seasonal_naive,2008-01,2016-06,2016-07,2016-07,0.0018291999585926533,,1.0,1762421.0,1762421.0,50.60728593809583,40.38772116992374,50.60728593809583,8.930846558898258,5.83289452412587,,1762421.0,1762421.0,1762421.0,0.0,0.0,0.0,1149211.9376423433,48661813.18479548
one_step_201607,one_step_ex_ante,drift,2008-01,2016-06,2016-07,2016-07,0.0010735000250861049,,1.0,771311.7029702971,771311.7029702971,22.14793848894076,24.90602391759575,22.14793848894076,3.908524959876348,2.552727077497173,,-771311.7029702971,1762421.0,1762421.0,0.5623567223890903,0.5623567223890903,1.0,5855778.842706133,5855778.842706133
one_step_201607,one_step_ex_ante,same_month_historical_mean,2008-01,2016-06,2016-07,2016-07,0.001616499968804419,,1.0,1235703.375,1235703.375,35.482778537758605,30.136198288546268,35.482778537758605,6.26177129893352,4.089674061692046,,1235703.375,1762421.0,1762421.0,0.29886027515559566,0.29886027515559566,0.0,1515644.98447882,20630880.294902418
one_step_201607,one_step_ex_ante,seasonal_moving_average_3,2008-01,2016-06,2016-07,2016-07,0.015625900006853044,,1.0,1513774.0,1513774.0,43.46747664925411,35.70700879434056,43.46747664925411,7.670859186794558,5.009974390548067,,1513774.0,1762421.0,1762421.0,0.14108263576069513,0.14108263576069513,0.0,1317775.371133374,35513227.94846589
one_step_201608,one_step_ex_ante,naive_last,2008-01,2016-07,2016-08,2016-08,0.0008650999516248703,,1.0,1083293.0,1083293.0,23.726055047519218,26.91952580276704,23.726055047519218,5.04938601192362,3.071076104954027,,-1083293.0,2182871.0,2182871.0,0.5037301791997786,0.5037301791997786,1.0,3444305.1902606185,3444305.1902606185
one_step_201608,one_step_ex_ante,seasonal_naive,2008-01,2016-07,2016-08,2016-08,0.001091000041924417,,1.0,2182871.0,2182871.0,47.80878073395962,38.58521929074479,47.80878073395962,10.17467877410241,6.18831928970011,,2182871.0,2182871.0,2182871.0,0.0,0.0,0.0,1370696.9555174112,61271597.84516919
one_step_201608,one_step_ex_ante,drift,2008-01,2016-07,2016-08,2016-08,0.001081799971871078,,1.0,1060647.8235294116,1060647.8235294116,23.23008516356172,26.282849301654142,23.23008516356172,4.943833555378501,3.006878274495147,,-1060647.8235294116,2182871.0,2182871.0,0.5141042125121404,0.5141042125121404,1.0,6008226.7661067955,6008226.7661067955
one_step_201608,one_step_ex_ante,same_month_historical_mean,2008-01,2016-07,2016-08,2016-08,0.0017258001025766134,,1.0,1159895.625,1159895.625,25.403789600899024,22.540694320959812,25.403789600899024,5.406441972916288,3.2882403358816283,,1159895.625,2182871.0,2182871.0,0.46863757638449544,0.46863757638449544,0.0,1574525.1520934906,16479847.110223679
one_step_201608,one_step_ex_ante,seasonal_moving_average_3,2008-01,2016-07,2016-08,2016-08,0.015574300079606473,,1.0,1872568.333333333,1872568.333333333,41.012597106145776,34.033571355677466,41.012597106145776,8.728312975994912,5.3086282874472435,,1872568.333333333,2182871.0,2182871.0,0.14215346058776124,0.14215346058776124,0.0,1485367.161681097,46680757.261392474
one_step_201609,one_step_ex_ante,naive_last,2008-01,2016-08,2016-09,2016-09,0.000851999968290329,,1.0,550907.0,550907.0,13.721459651849472,12.840507148137224,13.721459651849472,2.335000186584612,1.3174237385429348,,550907.0,1400392.0,1400392.0,0.6066051505578438,0.6066051505578438,1.0,3451776.181008763,3451776.181008763
one_step_201609,one_step_ex_ante,seasonal_naive,2008-01,2016-08,2016-09,2016-09,0.0013358000433072448,,1.0,1400392.0,1400392.0,34.87961184877445,29.699991050080104,34.87961184877445,5.9355128566012025,3.3488586350611222,,1400392.0,1400392.0,1400392.0,0.0,0.0,0.0,1642470.3998525087,24808742.402802333
one_step_201609,one_step_ex_ante,drift,2008-01,2016-08,2016-09,2016-09,0.0009224999230355024,,1.0,583849.7281553401,583849.7281553401,14.541965318332824,13.556289835189832,14.541965318332826,2.4746267957751384,1.3962020660722851,,583849.7281553401,1400392.0,1400392.0,0.5830812171482413,0.5830812171482413,1.0,6413004.307797955,6413004.307797955
one_step_201609,one_step_ex_ante,same_month_historical_mean,2008-01,2016-08,2016-09,2016-09,0.001386099960654974,,1.0,792190.625,792190.625,19.73111922250201,17.959330742335204,19.731119222502013,3.3576724514039222,1.8944227153152242,,792190.625,1400392.0,1400392.0,0.4343079473461716,0.4343079473461716,1.0,1622795.149318134,1622795.149318134
one_step_201609,one_step_ex_ante,seasonal_moving_average_3,2008-01,2016-08,2016-09,2016-09,0.015712899970822036,,1.0,1400566.0,1400566.0,34.88394567277636,29.703133241276692,34.88394567277636,5.936250349558209,3.3492747338409643,,1400566.0,1400392.0,1400392.0,-0.00012425092402690296,-0.00012425092402690296,0.0,1696612.2389709856,23787007.459551275
one_step_201610,one_step_ex_ante,naive_last,2008-01,2016-09,2016-10,2016-10,0.0009775999933481216,,1.0,824596.0,824596.0,25.846698182698113,22.8887102540587,25.846698182698113,3.3188880188062493,1.8717971876563346,,824596.0,971472.0,971472.0,0.1511891233097814,0.1511891233097814,1.0,3442302.440020388,3442302.440020388
one_step_201610,one_step_ex_ante,seasonal_naive,2008-01,2016-09,2016-10,2016-10,0.0011569999624043703,,1.0,971472.0,971472.0,30.450479479578004,26.426917876971874,30.450479479578,3.9100441687878,2.2051993430563264,,971472.0,971472.0,971472.0,0.0,0.0,0.0,1734559.5408366118,5902248.7241043765
one_step_201610,one_step_ex_ante,drift,2008-01,2016-09,2016-10,2016-10,0.0008766999235376716,,1.0,851924.7884615385,851924.7884615385,26.70331032617709,23.557935954050954,26.70331032617709,3.428882717535676,1.9338323532214872,,851924.7884615385,971472.0,971472.0,0.12305780458774052,0.12305780458774052,1.0,6123858.487407971,6123858.487407971
one_step_201610,one_step_ex_ante,same_month_historical_mean,2008-01,2016-09,2016-10,2016-10,0.0015476999105885625,,1.0,639714.25,639714.25,20.051638793931918,18.224484856219902,20.05163879393192,2.5747638356051032,1.4521236266652777,,639714.25,971472.0,971472.0,0.3415000638206762,0.3415000638206762,1.0,1640293.1981357913,1640293.1981357913
one_step_201610,one_step_ex_ante,seasonal_moving_average_3,2008-01,2016-09,2016-10,2016-10,0.01664010004606098,,1.0,990236.0,990236.0,31.038631064960597,26.868780274441235,31.038631064960597,3.9855667456434727,2.2477928099530655,,990236.0,971472.0,971472.0,-0.01931501885798048,-0.01931501885798048,0.0,1800839.4337085579,5393490.759537401
one_step_201611,one_step_ex_ante,naive_last,2008-01,2016-10,2016-11,2016-11,0.0010454000439494848,,1.0,1310709.0,1310709.0,69.7324732326927,51.70491516795303,69.7324732326927,5.1170153428252725,2.915940951665381,,1310709.0,357373.0,357373.0,-2.667621784522054,-2.667621784522054,1.0,3441180.0416761525,3441180.0416761525
one_step_201611,one_step_ex_ante,seasonal_naive,2008-01,2016-10,2016-11,2016-11,0.0011999999405816197,,1.0,357373.0,357373.0,19.012994613287223,17.36243518048653,19.012994613287226,1.395186211517199,0.7950495233644632,,357373.0,357373.0,357373.0,0.0,0.0,1.0,1771107.3326905891,1771107.3326905891
one_step_201611,one_step_ex_ante,drift,2008-01,2016-10,2016-11,2016-11,0.001052199979312718,,1.0,1329924.219047619,1329924.219047619,70.75476326648236,52.26483361760405,70.75476326648236,5.1920316665725075,2.958689146814856,,1329924.219047619,357373.0,357373.0,-2.721389749778576,-2.721389749778576,1.0,5838555.826563615,5838555.826563615
one_step_201611,one_step_ex_ante,same_month_historical_mean,2008-01,2016-10,2016-11,2016-11,0.0014040000969544053,,1.0,209348.625,209348.625,11.137786792578307,10.550254373481772,11.137786792578307,0.8172982150304716,0.46573894648799924,,209348.625,357373.0,357373.0,0.4142013386573692,0.4142013386573692,1.0,1648687.6742494178,1648687.6742494178
one_step_201611,one_step_ex_ante,seasonal_moving_average_3,2008-01,2016-10,2016-11,2016-11,0.015874499920755625,,1.0,331330.3333333335,331330.3333333335,17.62747001839907,16.199673705629877,17.62747001839907,1.2935154936832503,0.7371122709126193,,331330.3333333335,357373.0,357373.0,0.0728725076227541,0.0728725076227541,1.0,1847566.3629735885,1847566.3629735885
one_step_201612,one_step_ex_ante,naive_last,2008-01,2016-11,2016-12,2016-12,0.0012625000672414899,,1.0,250154.0,250154.0,15.351853454280562,14.257461180885333,15.351853454280562,0.97255693393553,0.5575995961789864,,250154.0,84336.0,84336.0,-1.9661591728324797,-1.9661591728324797,1.0,3461984.051537439,3461984.051537439
one_step_201612,one_step_ex_ante,seasonal_naive,2008-01,2016-11,2016-12,2016-12,0.0012877000262960792,,1.0,84336.0,84336.0,5.175667440537451,5.045108423529243,5.175667440537451,0.32788426961146677,0.18798707813327387,,84336.0,84336.0,84336.0,0.0,0.0,1.0,1767805.943175558,1767805.943175558
one_step_201612,one_step_ex_ante,drift,2008-01,2016-11,2016-12,2016-12,0.0009255999466404319,,1.0,256822.76415094337,256822.76415094337,15.76111291032141,14.609780880090595,15.76111291032141,0.9984839741418855,0.5724644402253695,,256822.76415094337,84336.0,84336.0,-2.0452329272308787,-2.0452329272308787,1.0,5725163.827666379,5725163.827666379
one_step_201612,one_step_ex_ante,same_month_historical_mean,2008-01,2016-11,2016-12,2016-12,0.0017185000469908118,,1.0,107420.25,107420.25,6.592338863348902,6.8170400537454645,6.592338863348902,0.41763197463397794,0.2394424555331746,,-107420.25,84336.0,84336.0,-0.2737176294820718,-0.2737176294820718,1.0,1642612.3057804108,1642612.3057804108
one_step_201612,one_step_ex_ante,seasonal_moving_average_3,2008-01,2016-11,2016-12,2016-12,0.01777909998781979,,1.0,37721.0,37721.0,2.3149230639882514,2.288435305640886,2.3149230639882514,0.14665294220752867,0.08408106353473277,,37721.0,84336.0,84336.0,0.5527295579586416,0.5527295579586416,1.0,1846601.9518817859,1846601.9518817859
one_step_201701,one_step_ex_ante,naive_last,2008-01,2016-12,2017-01,2017-01,0.0010270999046042562,,1.0,61127.0,61127.0,3.897550537382105,3.8230479249112284,3.897550537382105,0.23932713590950697,0.13694340840534502,,61127.0,122943.0,122943.0,0.5028021115476278,0.5028021115476278,1.0,3446989.460256085,3446989.460256085
one_step_201701,one_step_ex_ante,seasonal_naive,2008-01,2016-12,2017-01,2017-01,0.0015263999812304974,,1.0,122943.0,122943.0,7.839032763220313,7.543369172768329,7.839032763220314,0.481351875114475,0.27543039016438453,,122943.0,122943.0,122943.0,0.0,0.0,1.0,1758839.815832437,1758839.815832437
one_step_201701,one_step_ex_ante,drift,2008-01,2016-12,2017-01,2017-01,0.0009703000541776419,,1.0,65395.55140186916,65395.55140186916,4.169719870249714,4.084562463914413,4.169719870249713,0.25603955728617944,0.1465062853324865,,65395.55140186916,122943.0,122943.0,0.46808235196904935,0.46808235196904935,1.0,5748566.1486857245,5748566.1486857245
one_step_201701,one_step_ex_ante,same_month_historical_mean,2008-01,2016-12,2017-01,2017-01,0.0014672999968752265,,1.0,161809.111111111,161809.111111111,10.317195150497021,10.878366290168294,10.317195150497021,0.6335221935688874,0.36250251421785346,,-161809.111111111,122943.0,122943.0,-0.3161311429777296,-0.3161311429777296,1.0,1635368.9372019311,1635368.9372019311
one_step_201701,one_step_ex_ante,seasonal_moving_average_3,2008-01,2016-12,2017-01,2017-01,0.016530599910765886,,1.0,107886.0,107886.0,6.87897553087843,6.650241295159241,6.87897553087843,0.422400042284638,0.24169804765846606,,107886.0,122943.0,122943.0,0.12247138918035183,0.12247138918035183,1.0,1837858.8418554803,1837858.8418554803
one_step_201702,one_step_ex_ante,naive_last,2008-01,2017-01,2017-02,2017-02,0.0009830000344663858,,1.0,136002.0,136002.0,9.49507868930744,9.064727199047152,9.495078689307443,0.5353434714338481,0.306148452456745,,136002.0,85162.0,85162.0,-0.596979873652568,-0.596979873652568,1.0,3430932.8949685404,3430932.8949685404
one_step_201702,one_step_ex_ante,seasonal_naive,2008-01,2017-01,2017-02,2017-02,0.0012450000504031777,,1.0,85162.0,85162.0,5.945647059152074,5.7739963374359204,5.945647059152074,0.3352224284514152,0.19170464043265037,,85162.0,85162.0,85162.0,0.0,0.0,1.0,1750384.7106071897,1750384.7106071897
one_step_201702,one_step_ex_ante,drift,2008-01,2017-01,2017-02,2017-02,0.0010329000651836395,,1.0,139665.03703703708,139665.03703703708,9.750816288081833,9.297524043662929,9.750816288081833,0.5497622517708886,0.3143941629623305,,139665.03703703708,85162.0,85162.0,-0.6399924501190328,-0.6399924501190328,1.0,5759548.651934389,5759548.651934389
one_step_201702,one_step_ex_ante,same_month_historical_mean,2008-01,2017-01,2017-02,2017-02,0.0017541999695822597,,1.0,129065.77777777775,129065.77777777775,9.01082128275075,9.435949558263571,9.01082128275075,0.5080404811610502,0.29053461075420073,,-129065.77777777775,85162.0,85162.0,-0.5155324884077142,-0.5155324884077142,1.0,1628809.6570389841,1628809.6570389841
one_step_201702,one_step_ex_ante,seasonal_moving_average_3,2008-01,2017-01,2017-02,2017-02,0.016716099926270545,,1.0,102882.66666666674,102882.66666666674,7.182828309626245,6.933806597998365,7.182828309626245,0.4049761321429451,0.23159489702080238,,102882.66666666674,85162.0,85162.0,-0.20808185184315464,-0.20808185184315464,1.0,1830361.4772337577,1830361.4772337577
one_step_201703,one_step_ex_ante,naive_last,2008-01,2017-02,2017-03,2017-03,0.000924200052395463,,1.0,411734.0,411734.0,22.327387808311588,25.1331789777739,22.327387808311588,1.6317739560187852,0.9314261357239525,,-411734.0,54686.0,54686.0,-6.529056796986431,-6.529056796986431,1.0,3415414.5914496556,3415414.5914496556
one_step_201703,one_step_ex_ante,seasonal_naive,2008-01,2017-02,2017-03,2017-03,0.0011434000916779041,,1.0,54686.0,54686.0,2.9654959990802983,2.9221676171931565,2.9654959990802983,0.21673019609467103,0.12371086589448543,,54686.0,54686.0,54686.0,0.0,0.0,1.0,1741686.2921943655,1741686.2921943655
one_step_201703,one_step_ex_ante,drift,2008-01,2017-02,2017-03,2017-03,0.0014293999411165714,,1.0,409352.29357798165,409352.29357798165,22.198233347106175,24.969643176202812,22.198233347106175,1.6223348363193377,0.9260382308895462,,-409352.29357798165,54686.0,54686.0,-6.485504399260901,-6.485504399260901,1.0,5779109.061462747,5779109.061462747
one_step_201703,one_step_ex_ante,same_month_historical_mean,2008-01,2017-02,2017-03,2017-03,0.0017274999991059303,,1.0,106803.0,106803.0,5.791681037007152,5.964400565261861,5.791681037007152,0.4232789952364252,0.24161013074879728,,-106803.0,54686.0,54686.0,-0.9530227114800862,-0.9530227114800862,1.0,1621972.477982198,1621972.477982198
one_step_201703,one_step_ex_ante,seasonal_moving_average_3,2008-01,2017-02,2017-03,2017-03,0.01737350004259497,,1.0,117097.66666666674,117097.66666666674,6.34993713201987,6.154532654843764,6.349937132019871,0.46407856231750555,0.2648987627099654,,117097.66666666674,54686.0,54686.0,-1.1412732082556185,-1.1412732082556185,1.0,1822853.529615751,1822853.529615751
one_step_201704,one_step_ex_ante,naive_last,2008-01,2017-03,2017-04,2017-04,0.0010084001114591956,,1.0,434462.0,434462.0,19.067577543143894,21.077015699262653,19.067577543143894,1.7355805954354422,0.9877661439944533,,-434462.0,229300.0,229300.0,-0.8947317924116878,-0.8947317924116878,1.0,3403152.3060890324,3403152.3060890324
one_step_201704,one_step_ex_ante,seasonal_naive,2008-01,2017-03,2017-04,2017-04,0.001223699888214469,,1.0,229300.0,229300.0,10.063470523642792,10.596666740607647,10.063470523642792,0.9160033110682796,0.5213224098262406,,-229300.0,229300.0,229300.0,0.0,0.0,1.0,1732920.2893852685,1732920.2893852685
one_step_201704,one_step_ex_ante,drift,2008-01,2017-03,2017-04,2017-04,0.0009208000265061855,,1.0,428358.9090909092,428358.9090909092,18.79972636361163,20.75021851383816,18.799726363611633,1.7112000830914478,0.973890530997873,,-428358.9090909092,229300.0,229300.0,-0.8681156087697739,-0.8681156087697739,1.0,5763480.488818249,5763480.488818249
one_step_201704,one_step_ex_ante,same_month_historical_mean,2008-01,2017-03,2017-04,2017-04,0.00211130001116544,,1.0,105490.4444444445,105490.4444444445,4.629742600055145,4.739454880870164,4.6297426000551445,0.42141123592313806,0.23983660144535088,,-105490.4444444445,229300.0,229300.0,0.5399457285458156,0.5399457285458156,1.0,1615027.084021694,1615027.084021694
one_step_201704,one_step_ex_ante,seasonal_moving_average_3,2008-01,2017-03,2017-04,2017-04,0.017573100049048662,,1.0,137808.6666666665,137808.6666666665,6.0481179891082135,5.8705879462853625,6.0481179891082135,0.5505154599239921,0.3133133283977658,,137808.6666666665,229300.0,229300.0,0.39900276202936547,0.39900276202936547,1.0,1815694.3215557747,1815694.3215557747
one_step_201705,one_step_ex_ante,naive_last,2008-01,2017-04,2017-05,2017-05,0.0009746999712660909,,1.0,816744.0,816744.0,26.386739560401928,30.397147652880076,26.386739560401928,3.2654563872156452,1.8636973771653698,,-816744.0,345634.0,345634.0,-1.3630314147335043,-1.3630314147335043,1.0,3391395.0863167252,3391395.0863167252
one_step_201705,one_step_ex_ante,seasonal_naive,2008-01,2017-04,2017-05,2017-05,0.0015776000218465924,,1.0,345634.0,345634.0,11.166478530873762,11.826796899192976,11.166478530873762,1.381892922309674,0.7886892089310426,,-345634.0,345634.0,345634.0,0.0,0.0,1.0,1726462.1023686512,1726462.1023686512
one_step_201705,one_step_ex_ante,drift,2008-01,2017-04,2017-05,2017-05,0.0010294000385329127,,1.0,806781.8198198196,806781.8198198196,26.064889073752234,29.970819502687192,26.064889073752234,3.2256262018699764,1.8409650533617656,,-806781.8198198196,345634.0,345634.0,-1.3342084974852582,-1.3342084974852582,1.0,5787258.877514769,5787258.877514769
one_step_201705,one_step_ex_ante,same_month_historical_mean,2008-01,2017-04,2017-05,2017-05,0.0018466999754309654,,1.0,120798.11111111101,120798.11111111101,3.9026528474985804,3.8279569127699626,3.9026528474985804,0.48296769059994643,0.27564466080474237,,120798.11111111101,345634.0,345634.0,0.6505028119018643,0.6505028119018643,1.0,1608166.8490074193,1608166.8490074193
one_step_201705,one_step_ex_ante,seasonal_moving_average_3,2008-01,2017-04,2017-05,2017-05,0.017532899975776672,,1.0,367566.0,367566.0,11.875040787882977,11.209475871933005,11.875040787882979,1.4695801161971265,0.8387350138295063,,367566.0,345634.0,345634.0,-0.06345440552723391,-0.06345440552723391,1.0,1809019.326264726,1809019.326264726
one_step_201706,one_step_ex_ante,naive_last,2008-01,2017-05,2017-06,2017-06,0.0009077999275177717,,1.0,394290.0,394290.0,11.299093413175026,11.975664152918197,11.299093413175026,1.5704881929709462,0.9014037323551344,,-394290.0,793423.0,793423.0,0.5030519659752742,0.5030519659752742,1.0,3389283.5144886933,3389283.5144886933
one_step_201706,one_step_ex_ante,seasonal_naive,2008-01,2017-05,2017-06,2017-06,0.001295899972319603,,1.0,793423.0,793423.0,22.736971754702296,25.653371692645045,22.736971754702296,3.1602664372202875,1.8138792602815386,,-793423.0,793423.0,793423.0,0.0,0.0,1.0,1722983.2384306919,1722983.2384306919
one_step_201706,one_step_ex_ante,drift,2008-01,2017-05,2017-06,2017-06,0.0012945999624207616,,1.0,377124.4107142859,377124.4107142859,10.807182391258467,11.42451656236566,10.807182391258467,1.5021162958936616,0.8621607227677293,,-377124.4107142859,793423.0,793423.0,0.5246868181105339,0.5246868181105339,1.0,5946976.052843416,5946976.052843416
one_step_201706,one_step_ex_ante,same_month_historical_mean,2008-01,2017-05,2017-06,2017-06,0.0014659999869763851,,1.0,219154.888888889,219154.888888889,6.28027989933691,6.089074440272851,6.28027989933691,0.8729112212631814,0.5010196424162908,,219154.888888889,793423.0,793423.0,0.7237855609316985,0.7237855609316985,1.0,1601534.0502007548,1601534.0502007548
one_step_201706,one_step_ex_ante,seasonal_moving_average_3,2008-01,2017-05,2017-06,2017-06,0.017353200004436076,,1.0,369062.3333333335,369062.3333333335,10.576148975671902,10.044963807267438,10.576148975671902,1.4700044053115928,0.8437296526373013,,369062.3333333335,793423.0,793423.0,0.5348479520591998,0.5348479520591998,1.0,1809292.751000836,1809292.751000836
one_step_201707,one_step_ex_ante,naive_last,2008-01,2017-06,2017-07,2017-07,0.0008989999769255519,,1.0,1542916.0,1542916.0,30.659109370951303,36.20993046282237,30.659109370951306,6.018098412772343,3.4883840756423825,,-1542916.0,1549944.0,1549944.0,0.00453435737033081,0.00453435737033081,1.0,3376983.513935756,3376983.513935756
one_step_201707,one_step_ex_ante,seasonal_naive,2008-01,2017-06,2017-07,2017-07,0.0013871999690309167,,1.0,1549944.0,1549944.0,30.79876196426102,36.40488961168907,30.79876196426102,6.045510919768812,3.504273704944052,,-1549944.0,1549944.0,1549944.0,0.0,0.0,0.0,1741398.6086850842,28911186.43498341
one_step_201707,one_step_ex_ante,drift,2008-01,2017-06,2017-07,2017-07,0.0009370000334456563,,1.0,1522413.0265486725,1522413.0265486725,30.251697103871333,35.643003891924344,30.251697103871333,5.938127168722409,3.4420288326538273,,-1522413.0265486725,1549944.0,1549944.0,0.01776256009980204,0.01776256009980204,1.0,6055427.657461777,6055427.657461777
one_step_201707,one_step_ex_ante,same_month_historical_mean,2008-01,2017-06,2017-07,2017-07,0.001548200030811131,,1.0,451541.0,451541.0,8.97252015305352,9.393957518826518,8.97252015305352,1.7612223707587689,1.0208905954048288,,-451541.0,1549944.0,1549944.0,0.708672700433048,0.708672700433048,1.0,1596274.0644341526,1596274.0644341526
one_step_201707,one_step_ex_ante,seasonal_moving_average_3,2008-01,2017-06,2017-07,2017-07,0.017917299992404878,,1.0,472517.0,472517.0,9.38933187719474,9.851842994585644,9.38933187719474,1.8430386409292205,1.0683153057394645,,-472517.0,1549944.0,1549944.0,0.695139308258879,0.695139308258879,1.0,1809438.017816035,1809438.017816035
one_step_201708,one_step_ex_ante,naive_last,2008-01,2017-07,2017-08,2017-08,0.0009408000623807311,,1.0,1291400.0,1291400.0,20.420981522759416,22.743170884796346,20.420981522759416,4.801846600267467,2.771892709399596,,-1291400.0,1758051.0,1758051.0,0.2654365544571802,0.2654365544571802,1.0,3408152.12995358,3408152.12995358
one_step_201708,one_step_ex_ante,seasonal_naive,2008-01,2017-07,2017-08,2017-08,0.0011854999465867877,,1.0,1758051.0,1758051.0,27.800160281143498,32.28825337646268,27.800160281143498,6.537007292432105,3.7735238885338935,,-1758051.0,1758051.0,1758051.0,0.0,0.0,0.0,1831501.3758730334,35523513.85841238
one_step_201708,one_step_ex_ante,drift,2008-01,2017-07,2017-08,2017-08,0.0010100000072270632,,1.0,1257542.5263157897,1257542.5263157897,19.88559136904053,22.081066717748907,19.88559136904053,4.675953464984696,2.6992201954891493,,-1257542.5263157897,1758051.0,1758051.0,0.2846950820449522,0.2846950820449522,1.0,6809080.133380427,6809080.133380427
one_step_201708,one_step_ex_ante,same_month_historical_mean,2008-01,2017-07,2017-08,2017-08,0.0014655999839305878,,1.0,727032.666666667,727032.666666667,11.496608837263832,12.197774020244271,11.496608837263832,2.7033446946854,1.5605207900175633,,-727032.666666667,1758051.0,1758051.0,0.5864553038184518,0.5864553038184518,1.0,1597019.9949926622,1597019.9949926622
one_step_201708,one_step_ex_ante,seasonal_moving_average_3,2008-01,2017-07,2017-08,2017-08,0.018942599999718368,,1.0,340497.333333333,340497.333333333,5.384303664665361,5.533267630569611,5.384303664665361,1.2660801939498247,0.7308518474807728,,-340497.333333333,1758051.0,1758051.0,0.8063211287196259,0.8063211287196259,1.0,1806473.9138555564,1806473.9138555564
one_step_201709,one_step_ex_ante,naive_last,2008-01,2017-08,2017-09,2017-09,0.0014856000198051333,,1.0,1017000.0,1017000.0,19.16377357125306,17.488085059844675,19.16377357125306,3.590384173958065,2.0559678078672645,,1017000.0,1291958.0,1291958.0,0.2128227078589242,0.2128227078589242,1.0,3424165.9749160763,3424165.9749160763
one_step_201709,one_step_ex_ante,seasonal_naive,2008-01,2017-08,2017-09,2017-09,0.0012969999806955457,,1.0,1291958.0,1291958.0,24.34492681963516,27.719013608718814,24.344926819635162,4.561087076321056,2.6118230650113823,,-1291958.0,1291958.0,1291958.0,0.0,0.0,0.0,1939916.0883780345,14819914.320817344
one_step_201709,one_step_ex_ante,drift,2008-01,2017-08,2017-09,2017-09,0.0009411999490112066,,1.0,1061792.6260869568,1061792.6260869568,20.007820517164802,18.18828118939873,20.007820517164802,3.748518624117977,2.1465206075374894,,1061792.6260869568,1291958.0,1291958.0,0.17815236556687075,0.17815236556687075,1.0,7653531.946568095,7653531.946568095
one_step_201709,one_step_ex_ante,same_month_historical_mean,2008-01,2017-08,2017-09,2017-09,0.0015562999760732055,,1.0,587788.555555556,587788.555555556,11.075955542222786,11.725300052739618,11.075955542222786,2.075109859882339,1.1882736952360102,,-587788.555555556,1291958.0,1291958.0,0.5450405078527661,0.5450405078527661,1.0,1609924.9888283797,1609924.9888283797
one_step_201709,one_step_ex_ante,seasonal_moving_average_3,2008-01,2017-08,2017-09,2017-09,0.018082299968227744,,1.0,331476.666666667,331476.666666667,6.24615907979718,6.4475202660572295,6.24615907979718,1.1702345900062674,0.6701134274590121,,-331476.666666667,1291958.0,1291958.0,0.74343077200136,0.74343077200136,1.0,1800105.7701546238,1800105.7701546238
one_step_201710,one_step_ex_ante,naive_last,2008-01,2017-09,2017-10,2017-10,0.0009352999040856957,,1.0,1393129.0,1393129.0,35.59567668831934,30.217597528676674,35.59567668831934,4.7569262289271075,2.7413790718099658,,1393129.0,723425.0,723425.0,-0.9257407471403394,-0.9257407471403394,1.0,3431078.162824791,3431078.162824791
one_step_201710,one_step_ex_ante,seasonal_naive,2008-01,2017-09,2017-10,2017-10,0.0013526000548154116,,1.0,723425.0,723425.0,18.484147848653944,20.36642819850472,18.48414784865394,2.4701799741169648,1.4235452388286542,,-723425.0,723425.0,723425.0,0.0,0.0,1.0,1988521.7363966675,1988521.7363966675
one_step_201710,one_step_ex_ante,drift,2008-01,2017-09,2017-10,2017-10,0.0009847000474110246,,1.0,1428768.2413793104,1428768.2413793104,36.50629079049861,30.871306355936657,36.50629079049861,4.878618650875331,2.8115094548918087,,1428768.2413793104,723425.0,723425.0,-0.9750053445475486,-0.9750053445475486,1.0,6895073.839929538,6895073.839929538
one_step_201710,one_step_ex_ante,same_month_historical_mean,2008-01,2017-09,2017-10,2017-10,0.0016839000163599849,,1.0,154790.111111111,154790.111111111,3.955024085824166,4.034812998784103,3.955024085824166,0.5285405296444086,0.3045937390745142,,-154790.111111111,723425.0,723425.0,0.7860315704998984,0.7860315704998984,1.0,1615767.3171395361,1615767.3171395361
one_step_201710,one_step_ex_ante,seasonal_moving_average_3,2008-01,2017-09,2017-10,2017-10,0.018479199963621795,,1.0,31952.66666666651,31952.66666666651,0.8164188614236725,0.8197652203628895,0.8164188614236725,0.10910438168384323,0.06287599474888504,,-31952.66666666651,723425.0,723425.0,0.9558314038543505,0.9558314038543505,1.0,1793618.590839454,1793618.590839454
one_step_201711,one_step_ex_ante,naive_last,2008-01,2017-10,2017-11,2017-11,0.0009816000238060951,,1.0,1619912.0,1619912.0,70.61988005302882,52.19119899039984,70.61988005302882,5.455623548388358,3.1723163694794323,,1619912.0,414222.0,414222.0,-2.910733857689838,-2.910733857689838,1.0,3455272.815719532,3455272.815719532
one_step_201711,one_step_ex_ante,seasonal_naive,2008-01,2017-10,2017-11,2017-11,0.0015437999973073602,,1.0,414222.0,414222.0,18.057961145621306,19.850235008165864,18.05796114562131,1.3950383091553875,0.8111818612359866,,-414222.0,414222.0,414222.0,0.0,0.0,1.0,1995180.465757682,1995180.465757682
one_step_201711,one_step_ex_ante,drift,2008-01,2017-10,2017-11,2017-11,0.0010294000385329127,,1.0,1643339.547008547,1643339.547008547,71.64120130978863,52.74693306048711,71.64120130978861,5.534524054799078,3.218195152321934,,1643339.547008547,414222.0,414222.0,-2.967291807312376,-2.967291807312376,1.0,6147756.778185932,6147756.778185932
one_step_201711,one_step_ex_ante,same_month_historical_mean,2008-01,2017-10,2017-11,2017-11,0.00145800004247576,,1.0,228134.33333333326,228134.33333333326,9.945490406872528,10.465934671230935,9.945490406872526,0.7683226256297947,0.44676147844673686,,-228134.33333333326,414222.0,414222.0,0.4492462174067692,0.4492462174067692,1.0,1609727.4156318067,1609727.4156318067
one_step_201711,one_step_ex_ante,seasonal_moving_average_3,2008-01,2017-10,2017-11,2017-11,0.019476799992844462,,1.0,166848.3333333335,166848.3333333335,7.273734182503606,7.548254153786723,7.273734182503606,0.5619204600883778,0.32674348918564383,,-166848.3333333335,414222.0,414222.0,0.5972006959231198,0.5972006959231198,1.0,1785257.2327794097,1785257.2327794097
one_step_201712,one_step_ex_ante,naive_last,2008-01,2017-11,2017-12,2017-12,0.0013354000402614474,,1.0,252524.0,252524.0,12.370604749958728,11.650016031666578,12.370604749958728,0.847335092369798,0.495316582701044,,252524.0,411852.0,411852.0,0.3868574147994911,0.3868574147994911,1.0,3491207.952259103,3491207.952259103
one_step_201712,one_step_ex_ante,seasonal_naive,2008-01,2017-11,2017-12,2017-12,0.0013813000405207276,,1.0,411852.0,411852.0,20.175738969286094,22.439395945400367,20.175738969286094,1.381954398246052,0.8078326227154266,,-411852.0,411852.0,411852.0,0.0,0.0,1.0,1990169.8942878488,1990169.8942878488
one_step_201712,one_step_ex_ante,drift,2008-01,2017-11,2017-12,2017-12,0.0011379000497981906,,1.0,262024.940677966,262024.940677966,12.836035290738701,12.061900395019476,12.836035290738701,0.8792151530648776,0.5139523300718106,,262024.940677966,411852.0,411852.0,0.36378859231479754,0.36378859231479754,1.0,5779704.3317103665,5779704.3317103665
one_step_201712,one_step_ex_ante,same_month_historical_mean,2008-01,2017-11,2017-12,2017-12,0.0017180000431835651,,1.0,507336.66666666674,507336.66666666674,24.853326331338387,28.3800152303838,24.853326331338387,1.702349722452462,0.9951223012952117,,-507336.66666666674,411852.0,411852.0,-0.23184218279058189,-0.23184218279058189,1.0,1604793.567314508,1604793.567314508
one_step_201712,one_step_ex_ante,seasonal_moving_average_3,2008-01,2017-11,2017-12,2017-12,0.02095590007957071,,1.0,346715.0,346715.0,16.984818179190654,18.561102975402918,16.984818179190654,1.1633895651541815,0.6800687814670783,,-346715.0,411852.0,411852.0,0.15815632800132085,0.15815632800132085,1.0,1776988.8396721296,1776988.8396721296
one_step_201801,one_step_ex_ante,naive_last,2008-01,2017-12,2018-01,2018-01,0.0011220999294891953,,1.0,4018.0,4018.0,0.1964464605168527,0.19663960629011829,0.1964464605168527,0.013434739282733206,0.007893866357306508,,-4018.0,476997.0,476997.0,0.9915764669379472,0.9915764669379472,1.0,3477658.0675582252,3477658.0675582252
one_step_201801,one_step_ex_ante,seasonal_naive,2008-01,2017-12,2018-01,2018-01,0.0028035000432282686,,1.0,476997.0,476997.0,23.321147916166545,26.399478648526365,23.321147916166545,1.5949055086226709,0.9371206000089927,,-476997.0,476997.0,476997.0,0.0,0.0,1.0,1985100.7471573094,1985100.7471573094
one_step_201801,one_step_ex_ante,drift,2008-01,2017-12,2018-01,2018-01,0.0011525999289005995,,1.0,3281.0504201680887,3281.0504201680887,0.16041581429053095,0.16028725124088997,0.16041581429053095,0.010970646333613866,0.006446036219111812,,3281.0504201680887,476997.0,476997.0,0.9931214443273897,0.9931214443273897,1.0,5770114.388526071,5770114.388526071
one_step_201801,one_step_ex_ante,same_month_historical_mean,2008-01,2017-12,2018-01,2018-01,0.0024158000014722347,,1.0,622625.2,622625.2,30.441144043951596,35.90628619462057,30.441144043951592,2.081833557207471,1.223225515055061,,-622625.2,476997.0,476997.0,-0.3053021297827867,-0.3053021297827867,1.0,1607368.2242407643,1607368.2242407643
one_step_201801,one_step_ex_ante,seasonal_moving_average_3,2008-01,2017-12,2018-01,2018-01,0.026269299909472466,,1.0,371462.66666666674,371462.66666666674,18.161405196818855,19.975303060911173,18.161405196818855,1.2420368541402436,0.7297851287693784,,-371462.66666666674,476997.0,476997.0,0.2212473733238013,0.2212473733238013,1.0,1771070.607218021,1771070.607218021
one_step_201802,one_step_ex_ante,naive_last,2008-01,2018-01,2018-02,2018-02,0.0010570999002084136,,1.0,238519.0,238519.0,13.20102367582418,12.383640048461086,13.201023675824182,0.7931921760104755,0.4688626196316384,,238519.0,374480.0,374480.0,0.36306611835077973,0.36306611835077973,1.0,3463015.4307402354,3463015.4307402354
one_step_201802,one_step_ex_ante,seasonal_naive,2008-01,2018-01,2018-02,2018-02,0.0022609999869018793,,1.0,374480.0,374480.0,20.72589330880408,23.12201543361188,20.72589330880408,1.2453289091116553,0.7361244756168521,,-374480.0,374480.0,374480.0,0.0,0.0,1.0,1981767.8349962952,1981767.8349962952
one_step_201802,one_step_ex_ante,drift,2008-01,2018-01,2018-02,2018-02,0.0010723000159487128,,1.0,245790.70833333326,245790.70833333326,13.603482154486343,12.737135197681635,13.603482154486343,0.8173741579751413,0.4831567941769109,,245790.70833333326,374480.0,374480.0,0.3436479696289969,0.3436479696289969,1.0,5767638.330336223,5767638.330336223
one_step_201802,one_step_ex_ante,same_month_historical_mean,2008-01,2018-01,2018-02,2018-02,0.001542900106869638,,1.0,490639.19999999995,490639.19999999995,27.154816578500814,31.420969958163365,27.15481657850081,1.6316149853220872,0.9644614500562695,,-490639.19999999995,374480.0,374480.0,-0.31018799401837205,-0.31018799401837205,1.0,1614691.6888605454,1614691.6888605454
one_step_201802,one_step_ex_ante,seasonal_moving_average_3,2008-01,2018-01,2018-02,2018-02,0.019426099956035614,,1.0,301898.33333333326,301898.33333333326,16.708803265254314,18.23197574451419,16.70880326525431,1.0039594160238912,0.5934489220107925,,-301898.33333333326,374480.0,374480.0,0.19381987467065465,0.19381987467065465,1.0,1765702.190745465,1765702.190745465
one_step_201803,one_step_ex_ante,naive_last,2008-01,2018-02,2018-03,2018-03,0.001038899994455278,,1.0,463197.0,463197.0,20.404983394412117,22.723329165890945,20.404983394412117,1.5369285120908118,0.912419622709352,,-463197.0,425943.0,425943.0,-0.08746240694177398,-0.08746240694177398,1.0,3449668.165673241,3449668.165673241
one_step_201803,one_step_ex_ante,seasonal_naive,2008-01,2018-02,2018-03,2018-03,0.0014949999749660492,,1.0,425943.0,425943.0,18.763851756306885,20.706522333587337,18.763851756306885,1.4133164533135936,0.8390355536751954,,-425943.0,425943.0,425943.0,0.0,0.0,1.0,1975840.4052212143,1975840.4052212143
one_step_201803,one_step_ex_ante,drift,2008-01,2018-02,2018-03,2018-03,0.001052600098773837,,1.0,457956.61983471084,457956.61983471084,20.174131574877162,22.437407645026788,20.174131574877162,1.519540468363784,0.9020969615235784,,-457956.61983471084,425943.0,425943.0,-0.07515939887428802,-0.07515939887428802,1.0,5768336.298022667,5768336.298022667
one_step_201803,one_step_ex_ante,same_month_historical_mean,2008-01,2018-02,2018-03,2018-03,0.0015140000032261014,,1.0,522065.69999999995,522065.69999999995,22.998296490029375,25.986525591527844,22.998296490029375,1.7322600524499252,1.0283809891331197,,-522065.69999999995,425943.0,425943.0,-0.22567033617174115,-0.22567033617174115,1.0,1616623.8896183749,1616623.8896183749
one_step_201803,one_step_ex_ante,seasonal_moving_average_3,2008-01,2018-02,2018-03,2018-03,0.02133650006726384,,1.0,349858.0,349858.0,15.41211769593118,16.69894849385945,15.41211769593118,1.1608597106265093,0.6891609927565343,,-349858.0,425943.0,425943.0,0.17862718720579984,0.17862718720579984,1.0,1759095.5937872399,1759095.5937872399
one_step_201804,one_step_ex_ante,naive_last,2008-01,2018-03,2018-04,2018-04,0.0011285999789834023,,1.0,600550.0,600550.0,20.920939367769943,23.365031393295865,20.920939367769943,1.98528553129362,1.1845623387354376,,-600550.0,592031.0,592031.0,-0.014389449201139826,-0.014389449201139826,1.0,3439226.1144834124,3439226.1144834124
one_step_201804,one_step_ex_ante,seasonal_naive,2008-01,2018-03,2018-04,2018-04,0.0013806000351905823,,1.0,592031.0,592031.0,20.62416893654185,22.995482517648206,20.62416893654185,1.957123600661549,1.16775893091979,,-592031.0,592031.0,592031.0,0.0,0.0,1.0,1971114.2119322363,1971114.2119322363
one_step_201804,one_step_ex_ante,drift,2008-01,2018-03,2018-04,2018-04,0.0009999999310821295,,1.0,591555.8770491802,591555.8770491802,20.607617411362703,22.974907979919973,20.607617411362703,1.9555529492256183,1.1668217687287818,,-591555.8770491802,592031.0,592031.0,0.0008025305276577743,0.0008025305276577743,1.0,5781467.292736057,5781467.292736057
one_step_201804,one_step_ex_ante,same_month_historical_mean,2008-01,2018-03,2018-04,2018-04,0.0018885999452322721,,1.0,686972.3999999999,686972.3999999999,23.931575934945297,27.184404088382063,23.931575934945297,2.2709788795571613,1.3550272796448197,,-686972.3999999999,592031.0,592031.0,-0.16036558896409114,-0.16036558896409114,1.0,1619647.5026955623,1619647.5026955623
one_step_201804,one_step_ex_ante,seasonal_moving_average_3,2008-01,2018-03,2018-04,2018-04,0.01909169997088611,,1.0,552422.6666666665,552422.6666666665,19.244361193431217,21.29323469020526,19.244361193431214,1.82618720721334,1.0896329797637725,,-552422.6666666665,592031.0,592031.0,0.06690246512992304,0.06690246512992304,1.0,1753380.7367145333,1753380.7367145333
one_step_201805,one_step_ex_ante,naive_last,2008-01,2018-04,2018-05,2018-05,0.0010383999906480312,,1.0,919955.0,919955.0,24.2698634806164,27.621743158367554,24.2698634806164,3.0153990123499854,1.811637929561102,,-919955.0,695242.0,695242.0,-0.3232155134471162,-0.3232155134471162,1.0,3431477.7287607547,3431477.7287607547
one_step_201805,one_step_ex_ante,seasonal_naive,2008-01,2018-04,2018-05,2018-05,0.0016114000463858247,,1.0,695242.0,695242.0,18.34158021423951,20.193482070218067,18.34158021423951,2.278841943512703,1.3691178127451014,,-695242.0,695242.0,695242.0,0.0,0.0,1.0,1971347.2527025891,1971347.2527025891
one_step_201805,one_step_ex_ante,drift,2008-01,2018-04,2018-05,2018-05,0.0013537000631913543,,1.0,906151.4796747966,906151.4796747966,23.905704849113118,27.15102704335703,23.90570484911312,2.970154275862254,1.7844550988980739,,-906151.4796747966,695242.0,695242.0,-0.3033612464074331,-0.3033612464074331,1.0,5868115.699695189,5868115.699695189
one_step_201805,one_step_ex_ante,same_month_historical_mean,2008-01,2018-04,2018-05,2018-05,0.001617399975657463,,1.0,586523.7000000002,586523.7000000002,15.473420033747317,16.77093894719903,15.473420033747317,1.9224885844414779,1.1550223451217911,,-586523.7000000002,695242.0,695242.0,0.15637475871710826,0.15637475871710826,1.0,1629578.8709627464,1629578.8709627464
one_step_201805,one_step_ex_ante,seasonal_moving_average_3,2008-01,2018-04,2018-05,2018-05,0.018979900050908327,,1.0,583876.3333333335,583876.3333333335,15.403578326725631,16.688924072416885,15.403578326725633,1.9138111308356003,1.1498089706993582,,-583876.3333333335,695242.0,695242.0,0.16018259349502262,0.16018259349502262,1.0,1753113.869720894,1753113.869720894
one_step_201806,one_step_ex_ante,naive_last,2008-01,2018-05,2018-06,2018-06,0.000999600044451654,,1.0,616370.0,616370.0,13.986494796561932,15.038149817418118,13.986494796561932,1.9977093825997059,1.2091281289885176,,-616370.0,917322.0,917322.0,0.3280767276921299,0.3280767276921299,1.0,3432354.5516892304,3432354.5516892304
one_step_201806,one_step_ex_ante,seasonal_naive,2008-01,2018-05,2018-06,2018-06,0.0013547999551519752,,1.0,917322.0,917322.0,20.815612991825986,23.233735192426586,20.81561299182599,2.973121284723668,1.7995032748836006,,-917322.0,917322.0,917322.0,0.0,0.0,1.0,1975389.9369096141,1975389.9369096141
one_step_201806,one_step_ex_ante,drift,2008-01,2018-05,2018-06,2018-06,0.0010226999875158072,,1.0,595258.8064516131,595258.8064516131,13.507445526296141,14.485774581634294,13.507445526296141,1.9292861474820153,1.1677144684341825,,-595258.8064516131,917322.0,917322.0,0.35109066777902076,0.35109066777902076,1.0,6146506.910005905,6146506.910005905
one_step_201806,one_step_ex_ante,same_month_historical_mean,2008-01,2018-05,2018-06,2018-06,0.0015219999477267265,,1.0,720082.6000000001,720082.6000000001,16.339911965207243,17.793644923127548,16.339911965207243,2.333851041203808,1.412580311915225,,-720082.6000000001,917322.0,917322.0,0.21501653726826553,0.21501653726826553,1.0,1634890.0368736251,1634890.0368736251
one_step_201806,one_step_ex_ante,seasonal_moving_average_3,2008-01,2018-05,2018-06,2018-06,0.01920009998138994,,1.0,895095.3333333335,895095.3333333335,20.31125171908681,22.60714921040418,20.31125171908681,2.9010827031186,1.7559013995809125,,-895095.3333333335,917322.0,917322.0,0.024229950515376797,0.024229950515376797,0.0,1753823.9814196387,2481157.6863602037
one_step_201807,one_step_ex_ante,naive_last,2008-01,2018-06,2018-07,2018-07,0.0010562000097706914,,1.0,1306081.0,1306081.0,22.861661393582153,25.812211600762815,22.861661393582153,4.161102692576563,2.5373414193280364,,-1306081.0,680487.0,680487.0,-0.9193327719706621,-0.9193327719706621,1.0,3424851.270340391,3424851.270340391
one_step_201807,one_step_ex_ante,seasonal_naive,2008-01,2018-06,2018-07,2018-07,0.0012619999470189214,,1.0,680487.0,680487.0,11.911254644033974,12.665568714907863,11.911254644033976,2.16799439541908,1.3219914005442828,,-680487.0,680487.0,680487.0,0.0,0.0,1.0,1989929.9041677266,1989929.9041677266
one_step_201807,one_step_ex_ante,drift,2008-01,2018-06,2018-07,2018-07,0.0012338999658823013,,1.0,1280207.7359999996,1280207.7359999996,22.40877539285573,25.236354377787485,22.40877539285573,4.078671887369117,2.4870770755389375,,-1280207.7359999996,680487.0,680487.0,-0.8813110845614973,-0.8813110845614973,1.0,6401106.463371675,6401106.463371675
one_step_201807,one_step_ex_ante,same_month_historical_mean,2008-01,2018-06,2018-07,2018-07,0.0015983000630512834,,1.0,1086873.9000000004,1086873.9000000004,19.024657030706425,21.02458458546408,19.024657030706422,3.4627208509894802,2.111484788505919,,-1086873.9000000004,680487.0,680487.0,-0.5972000934624766,-0.5972000934624766,0.0,1646033.9592329054,12200310.774574803
one_step_201807,one_step_ex_ante,seasonal_moving_average_3,2008-01,2018-06,2018-07,2018-07,0.019129600026644766,,1.0,1126309.333333333,1126309.333333333,19.714935446651406,21.870847144764458,19.714935446651403,3.588359986560899,2.1880965441212403,,-1126309.333333333,680487.0,680487.0,-0.6551518740744982,-0.6551518740744982,0.0,1769150.2989317863,11438517.653629372
one_step_201808,one_step_ex_ante,naive_last,2008-01,2018-07,2018-08,2018-08,0.0010225999867543578,,1.0,1339458.0,1339458.0,18.99284970165615,20.98574522647455,18.99284970165615,4.224533628868668,2.593765477120936,,-1339458.0,728545.0,728545.0,-0.8385384567871579,-0.8385384567871579,1.0,3440296.335000394,3440296.335000394
one_step_201808,one_step_ex_ante,seasonal_naive,2008-01,2018-07,2018-08,2018-08,0.0012626999523490667,,1.0,728545.0,728545.0,10.330406541969275,10.893054973785393,10.330406541969275,2.297767345182995,1.4107757537220817,,-728545.0,728545.0,728545.0,0.0,0.0,1.0,1992608.399313897,1992608.399313897
one_step_201808,one_step_ex_ante,drift,2008-01,2018-07,2018-08,2018-08,0.0010174000635743141,,1.0,1303424.3571428573,1303424.3571428573,18.481910528506365,20.363712049105544,18.481910528506365,4.1108866641854585,2.523988881768366,,-1303424.3571428573,728545.0,728545.0,-0.7890787214830344,-0.7890787214830344,1.0,7152099.764405278,7152099.764405278
one_step_201808,one_step_ex_ante,same_month_historical_mean,2008-01,2018-07,2018-08,2018-08,0.0015878000995144248,,1.0,1382874.4000000004,1382874.4000000004,19.608472707220336,21.73990430869331,19.608472707220336,4.361465165239659,2.6778382583958056,,-1382874.4000000004,728545.0,728545.0,-0.8981317557597683,-0.8981317557597683,0.0,1678954.4955646936,23414840.584270835
one_step_201808,one_step_ex_ante,seasonal_moving_average_3,2008-01,2018-07,2018-08,2018-08,0.01985209994018078,,1.0,1172955.333333333,1172955.333333333,16.63192451928764,18.140479988881243,16.63192451928764,3.6993987499626892,2.271344864717579,,-1172955.333333333,728545.0,728545.0,-0.6099970946658517,-0.6099970946658517,0.0,1798950.7190971375,12738149.67048771
one_step_201809,one_step_ex_ante,naive_last,2008-01,2018-08,2018-09,2018-09,0.0010819999733939767,,1.0,1031076.0,1031076.0,17.12364837361412,15.773176714632864,17.12364837361412,3.215944851455412,1.9881372952986698,,1031076.0,714469.0,714469.0,-0.4431360912789779,-0.4431360912789779,1.0,3456480.633773029,3456480.633773029
one_step_201809,one_step_ex_ante,seasonal_naive,2008-01,2018-08,2018-09,2018-09,0.0012808999745175242,,1.0,714469.0,714469.0,11.865581130632181,12.613939758541592,11.865581130632181,2.2284418433505357,1.3776505953341416,,-714469.0,714469.0,714469.0,0.0,0.0,1.0,1996961.9548003674,1996961.9548003674
one_step_201809,one_step_ex_ante,drift,2008-01,2018-08,2018-09,2018-09,0.000994600006379187,,1.0,1077372.8267716533,1077372.8267716533,17.8925253355955,16.423257574382273,17.892525335595504,3.3603454986385697,2.0774075798933125,,1077372.8267716533,714469.0,714469.0,-0.5079350213538352,-0.5079350213538352,1.0,8099566.84930596,8099566.84930596
one_step_201809,one_step_ex_ante,same_month_historical_mean,2008-01,2018-08,2018-09,2018-09,0.0023786999518051744,,1.0,1243478.7000000002,1243478.7000000002,20.65113727686301,23.029013915457515,20.651137276863007,3.8784327471102706,2.3976955911877558,,-1243478.7000000002,714469.0,714469.0,-0.7404235873074971,-0.7404235873074971,0.0,1734080.1195663419,16791625.728239514
one_step_201809,one_step_ex_ante,seasonal_moving_average_3,2008-01,2018-08,2018-09,2018-09,0.019371700007468462,,1.0,1108977.0,1108977.0,18.417393288589267,20.285415681756383,18.417393288589267,3.458919491417188,2.1383472540612263,,-1108977.0,714469.0,714469.0,-0.5521695133028865,-0.5521695133028865,0.0,1830564.1664239392,9578360.837945156
one_step_201810,one_step_ex_ante,naive_last,2008-01,2018-09,2018-10,2018-10,0.001146900001913309,,1.0,1229918.0,1229918.0,25.6690735288501,22.749305545022768,25.669073528850102,3.7962776481474707,2.3624994108660164,,1229918.0,877680.0,877680.0,-0.4013285024154589,-0.4013285024154589,1.0,3463022.704467576,3463022.704467576
one_step_201810,one_step_ex_ante,seasonal_naive,2008-01,2018-09,2018-10,2018-10,0.0015171000268310308,,1.0,877680.0,877680.0,18.31767032826673,20.164504012430275,18.31767032826673,2.7090561860433557,1.6858997778135494,,-877680.0,877680.0,877680.0,0.0,0.0,1.0,2000444.6444124635,2000444.6444124635
one_step_201810,one_step_ex_ante,drift,2008-01,2018-09,2018-10,2018-10,0.0010269000194966793,,1.0,1267797.8515625,1267797.8515625,26.459647124016396,23.368090041689648,26.459647124016396,3.913197990643363,2.435261275478209,,1267797.8515625,877680.0,877680.0,-0.4444875712816745,-0.4444875712816745,1.0,7280229.968796421,7280229.968796421
one_step_201810,one_step_ex_ante,same_month_historical_mean,2008-01,2018-09,2018-10,2018-10,0.002308499999344349,,1.0,1016991.1000000001,1016991.1000000001,21.225170559408145,23.74514424186479,21.22517055940815,3.139055271404199,1.9534967978401665,,-1016991.1000000001,877680.0,877680.0,-0.15872652903108198,-0.15872652903108198,0.0,1775467.8649467854,6945754.566011081
one_step_201810,one_step_ex_ante,seasonal_moving_average_3,2008-01,2018-09,2018-10,2018-10,0.019671999965794384,,1.0,1036139.3333333335,1036139.3333333335,21.624804851597474,24.246426005147544,21.624804851597474,3.1981584069017246,1.9902778596419495,,-1036139.3333333335,877680.0,877680.0,-0.18054340230304144,-0.18054340230304144,0.0,1855947.6946498835,6182567.134985552
one_step_201811,one_step_ex_ante,naive_last,2008-01,2018-10,2018-11,2018-11,0.0013309000059962273,,1.0,2112019.0,2112019.0,78.82373797314344,56.54019169683165,78.82373797314344,6.425909899093526,4.0255885501714985,,2112019.0,385573.0,385573.0,-4.477611243525869,-4.477611243525869,0.0,3477109.3656008374,18415682.05358409
one_step_201811,one_step_ex_ante,seasonal_naive,2008-01,2018-10,2018-11,2018-11,0.0014799999771639705,,1.0,385573.0,385573.0,14.390166528577081,15.505823435580675,14.39016652857708,1.1731226648638995,0.7349168042784061,,-385573.0,385573.0,385573.0,0.0,0.0,1.0,2010889.5614465233,2010889.5614465233
one_step_201811,one_step_ex_ante,drift,2008-01,2018-10,2018-11,2018-11,0.001300899893976748,,1.0,2140070.96124031,2140070.96124031,79.8706795216991,57.07684681953725,79.8706795216991,6.511259214333161,4.079056655325309,,2140070.96124031,385573.0,385573.0,-4.5503651999499715,-4.5503651999499715,1.0,6512073.718224324,6512073.718224324
one_step_201811,one_step_ex_ante,same_month_historical_mean,2008-01,2018-10,2018-11,2018-11,0.0016682000132277608,,1.0,590893.8999999999,590893.8999999999,22.053052526293,24.786098148215224,22.053052526293,1.7978204558405864,1.1262662495963256,,-590893.8999999999,385573.0,385573.0,-0.5325085003358636,-0.5325085003358636,1.0,1799957.5687666226,1799957.5687666226
one_step_201811,one_step_ex_ante,seasonal_moving_average_3,2008-01,2018-10,2018-11,2018-11,0.0196266999701038,,1.0,542596.6666666665,542596.6666666665,20.25052685531445,22.531945714259997,20.25052685531445,1.6508740174915484,1.03420988575129,,-542596.6666666665,385573.0,385573.0,-0.4072475683376857,-0.4072475683376857,1.0,1875364.0556985356,1875364.0556985356
one_step_201812,one_step_ex_ante,naive_last,2008-01,2018-11,2018-12,2018-12,0.0011673999251797795,,1.0,498539.0,498539.0,22.85952328439745,20.51473766748191,22.85952328439745,1.5146231531782142,0.9520758138392178,,498539.0,139558.0,139558.0,-2.572271027099844,-2.572271027099844,1.0,3540890.4504697677,3540890.4504697677
one_step_201812,one_step_ex_ante,seasonal_naive,2008-01,2018-11,2018-12,2018-12,0.00148460001219064,,1.0,139558.0,139558.0,6.39915703791266,6.610670635525901,6.39915703791266,0.4239944678575703,0.26651835950201197,,-139558.0,139558.0,139558.0,0.0,0.0,1.0,2004628.7952740556,2004628.7952740556
one_step_201812,one_step_ex_ante,drift,2008-01,2018-11,2018-12,2018-12,0.0012491000816226006,,1.0,510128.8769230768,510128.8769230768,23.390954248447155,20.941720157954652,23.390954248447155,1.5498346329825585,0.9742093711012068,,510128.8769230768,139558.0,139558.0,-2.6553180535911722,-2.6553180535911722,1.0,5879598.970763713,5879598.970763713
one_step_201812,one_step_ex_ante,same_month_historical_mean,2008-01,2018-11,2018-12,2018-12,0.0015971000539138913,,1.0,596161.0,596161.0,27.33578769313869,31.663524627277294,27.33578769313869,1.8112108653924315,1.138507657884743,,-596161.0,139558.0,139558.0,-3.271779475200275,-3.271779475200275,1.0,1803453.1603746181,1803453.1603746181
one_step_201812,one_step_ex_ante,seasonal_moving_average_3,2008-01,2018-11,2018-12,2018-12,0.020116400090046227,,1.0,386014.0,386014.0,17.699911182682595,19.418433965130586,17.699911182682595,1.1727582834059826,0.7371832358217347,,-386014.0,139558.0,139558.0,-1.7659754367359808,-1.7659754367359808,1.0,1872479.090488,1872479.090488
one_step_201901,one_step_ex_ante,naive_last,2008-01,2018-12,2019-01,2019-01,0.001218999968841672,,1.0,45407.0,45407.0,2.0395833782511517,2.060597177008642,2.0395833782511517,0.13861745318502602,0.08705280469801635,,-45407.0,180947.0,180947.0,0.7490591167579457,0.7490591167579457,1.0,3531569.620741642,3531569.620741642
one_step_201901,one_step_ex_ante,seasonal_naive,2008-01,2018-12,2019-01,2019-01,0.0018457999685779214,,1.0,180947.0,180947.0,8.127744478701768,8.472037248553187,8.127744478701768,0.5523908714839321,0.34690562802413644,,-180947.0,180947.0,180947.0,0.0,0.0,1.0,1996198.1871966356,1996198.1871966356
one_step_201901,one_step_ex_ante,drift,2008-01,2018-12,2019-01,2019-01,0.001130599994212389,,1.0,37711.236641221214,37711.236641221214,1.6939064775636041,1.7083756202095273,1.6939064775636044,0.11512400245917855,0.07229874068423169,,-37711.236641221214,180947.0,180947.0,0.7915896000418841,0.7915896000418841,1.0,5863256.4103898695,5863256.4103898695
one_step_201901,one_step_ex_ante,same_month_historical_mean,2008-01,2018-12,2019-01,2019-01,0.0017757000168785453,,1.0,746969.9090909092,746969.9090909092,33.55225869657965,40.315667168371704,33.55225869657965,2.2803326888812796,1.432066104595898,,-746969.9090909092,180947.0,180947.0,-3.1281143599557284,-3.1281143599557284,1.0,1807073.2564375782,1807073.2564375782
one_step_201901,one_step_ex_ante,seasonal_moving_average_3,2008-01,2018-12,2019-01,2019-01,0.020744799985550344,,1.0,457964.0,457964.0,20.570743767203524,22.929085478139054,20.570743767203524,1.3980620461696933,0.8779934955121976,,-457964.0,180947.0,180947.0,-1.5309289460449746,-1.5309289460449746,1.0,1866312.6334689986,1866312.6334689986
one_step_201902,one_step_ex_ante,naive_last,2008-01,2019-01,2019-02,2019-02,0.0012916999403387308,,1.0,281331.0,281331.0,14.464638549849687,13.489066214044009,14.464638549849688,0.8620297179874801,0.5413298191520838,,281331.0,138135.0,138135.0,-1.0366380714518404,-1.0366380714518404,1.0,3518088.0531137716,3518088.0531137716
one_step_201902,one_step_ex_ante,seasonal_naive,2008-01,2019-01,2019-02,2019-02,0.0015016000252217054,,1.0,138135.0,138135.0,7.102213570788455,7.363706657561653,7.102213570788455,0.4232611233536317,0.26579578705714296,,-138135.0,138135.0,138135.0,0.0,0.0,1.0,1987974.0067513771,1987974.0067513771
one_step_201902,one_step_ex_ante,drift,2008-01,2019-01,2019-02,2019-02,0.0011755999876186252,,1.0,289312.4545454546,289312.4545454546,14.875005182400155,13.845263361155725,14.875005182400157,0.8864857893445225,0.55668752713898,,289312.4545454546,138135.0,138135.0,-1.094418174578887,-1.094418174578887,1.0,5859516.292225189,5859516.292225189
one_step_201902,one_step_ex_ante,same_month_historical_mean,2008-01,2019-01,2019-02,2019-02,0.0018700000364333391,,1.0,584170.6363636365,584170.6363636365,30.035144034733747,35.34276996754163,30.035144034733747,1.7899643086652814,1.1240459989716207,,-584170.6363636365,138135.0,138135.0,-3.2289835042794115,-3.2289835042794115,1.0,1816676.5778870448,1816676.5778870448
one_step_201902,one_step_ex_ante,seasonal_moving_average_3,2008-01,2019-01,2019-02,2019-02,0.020001100027002394,,1.0,359401.0,359401.0,18.47860903865741,20.359704099659172,18.47860903865741,1.1012449487415832,0.6915500898695062,,-359401.0,138135.0,138135.0,-1.6018098237231695,-1.6018098237231695,1.0,1861466.7401913935,1861466.7401913935
one_step_201903,one_step_ex_ante,naive_last,2008-01,2019-02,2019-03,2019-03,0.0011195000261068344,,1.0,528190.0,528190.0,21.35699980631964,23.91025652632894,21.356999806319642,1.626120634451505,1.0202227849813494,,-528190.0,203128.0,203128.0,-1.6002815958410461,-1.6002815958410461,1.0,3506115.9564225897,3506115.9564225897
one_step_201903,one_step_ex_ante,seasonal_naive,2008-01,2019-02,2019-03,2019-03,0.001393800019286573,,1.0,203128.0,203128.0,8.213341139851371,8.56508079202794,8.213341139851371,0.6253632825969164,0.3923508848476714,,-203128.0,203128.0,203128.0,0.0,0.0,1.0,1979749.912309886,1979749.912309886
one_step_201903,one_step_ex_ante,drift,2008-01,2019-02,2019-03,2019-03,0.0010472000576555729,,1.0,522383.82706766925,522383.82706766925,21.122231192390476,23.61638490147796,21.122231192390476,1.6082453668158874,1.009007900339259,,-522383.82706766925,203128.0,203128.0,-1.571697782027437,-1.571697782027437,1.0,5867016.733247347,5867016.733247347
one_step_201903,one_step_ex_ante,same_month_historical_mean,2008-01,2019-02,2019-03,2019-03,0.0017380999634042382,,1.0,677733.1818181819,677733.1818181819,27.403675633441193,31.754645684390667,27.403675633441193,2.0865141551468582,1.3090721790053141,,-677733.1818181819,203128.0,203128.0,-2.336483310120623,-2.336483310120623,1.0,1819791.197968096,1819791.197968096
one_step_201903,one_step_ex_ante,seasonal_moving_average_3,2008-01,2019-02,2019-03,2019-03,0.020657700020819902,,1.0,468861.33333333326,468861.33333333326,18.958085925880397,20.943311412537152,18.958085925880397,1.4434674810764656,0.9056267919941727,,-468861.33333333326,203128.0,203128.0,-1.3082063198246092,-1.3082063198246092,1.0,1855021.2340613925,1855021.2340613925
one_step_201904,one_step_ex_ante,naive_last,2008-01,2019-03,2019-04,2019-04,0.0010167000582441688,,1.0,793109.0,793109.0,24.281899520429505,27.637334405686445,24.28189952042951,2.449177543541812,1.5372218167335137,,-793109.0,395687.0,395687.0,-1.0043847788782547,-1.0043847788782547,1.0,3497386.6647592634,3497386.6647592634
one_step_201904,one_step_ex_ante,seasonal_naive,2008-01,2019-03,2019-04,2019-04,0.0013406999642029405,,1.0,395687.0,395687.0,12.11439029886206,12.895495634957816,12.11439029886206,1.2219098694774981,0.7669295002298975,,-395687.0,395687.0,395687.0,0.0,0.0,1.0,1971824.4786451655,1971824.4786451655
one_step_201904,one_step_ex_ante,drift,2008-01,2019-03,2019-04,2019-04,0.001028000027872622,,1.0,783404.4402985075,783404.4402985075,23.984783810531308,27.253079966351635,23.984783810531308,2.4192091663189386,1.518412219446221,,-783404.4402985075,395687.0,395687.0,-0.9798589296552767,-0.9798589296552767,1.0,5868935.864904777,5868935.864904777
one_step_201904,one_step_ex_ante,same_month_historical_mean,2008-01,2019-03,2019-04,2019-04,0.0024302001111209393,,1.0,1020207.3636363638,1020207.3636363638,31.234764318423412,37.0156379568084,31.23476431842341,3.1504735979218212,1.9773890057659154,,-1020207.3636363638,395687.0,395687.0,-1.578319135165835,-1.578319135165835,0.0,1826255.1091585243,6109447.471442589
one_step_201904,one_step_ex_ante,seasonal_moving_average_3,2008-01,2019-03,2019-04,2019-04,0.021170099964365363,,1.0,866807.6666666665,866807.6666666665,26.538264810433304,30.598408094362842,26.538264810433308,2.6767643183596155,1.6800662407208478,,-866807.6666666665,395687.0,395687.0,-1.1906397396595452,-1.1906397396595452,1.0,1850457.5074882535,1850457.5074882535
one_step_201905,one_step_ex_ante,naive_last,2008-01,2019-04,2019-05,2019-05,0.001193600008264184,,1.0,953581.0,953581.0,22.597579006013742,25.476066086809233,22.59757900601374,2.939466146669422,1.851329081307419,,-953581.0,429313.0,429313.0,-1.2211789533510515,-1.2211789533510515,1.0,3494322.0445225406,3494322.0445225406
one_step_201905,one_step_ex_ante,seasonal_naive,2008-01,2019-04,2019-05,2019-05,0.0014527000021189451,,1.0,429313.0,429313.0,10.173686803542411,10.718942629427064,10.173686803542411,1.3233810550179688,0.8334893856770762,,-429313.0,429313.0,429313.0,0.0,0.0,1.0,1966131.3751134928,1966131.3751134928
one_step_201905,one_step_ex_ante,drift,2008-01,2019-04,2019-05,2019-05,0.0012738000368699431,,1.0,938073.4444444445,938073.4444444445,22.230087191624808,25.009954542293602,22.230087191624808,2.8916632494083077,1.8212219497894984,,-938073.4444444445,429313.0,429313.0,-1.1850571597981996,-1.1850571597981996,1.0,5986197.570443699,5986197.570443699
one_step_201905,one_step_ex_ante,same_month_historical_mean,2008-01,2019-04,2019-05,2019-05,0.002122799982316792,,1.0,962516.3636363638,962516.3636363638,22.80932565964903,25.745514818501647,22.809325659649026,2.967009899027399,1.8686766360007876,,-962516.3636363638,429313.0,429313.0,-1.2419921214506986,-1.2419921214506986,0.0,1849080.2340308772,3368130.098867883
one_step_201905,one_step_ex_ante,seasonal_moving_average_3,2008-01,2019-04,2019-05,2019-05,0.020954499952495098,,1.0,1008019.0,1008019.0,23.88762883495263,27.127712467815044,23.88762883495263,3.10727429101415,1.9570176935262167,,-1008019.0,429313.0,429313.0,-1.347981542604114,-1.347981542604114,0.0,1859143.5521458667,4997032.509228533
one_step_201906,one_step_ex_ante,naive_last,2008-01,2019-05,2019-06,2019-06,0.0010781999444589019,,1.0,1056416.0,1056416.0,20.022087644394613,22.24949426553455,20.02208764439461,3.2480578359530576,2.053487225269972,,-1056416.0,869359.0,869359.0,-0.21516657675367723,-0.21516657675367723,1.0,3495606.3735837694,3495606.3735837694
one_step_201906,one_step_ex_ante,seasonal_naive,2008-01,2019-05,2019-06,2019-06,0.00187290005851537,,1.0,869359.0,869359.0,16.476825504766357,17.95612521425111,16.476825504766357,2.672932170855339,1.6898812595355217,,-869359.0,869359.0,869359.0,0.0,0.0,1.0,1961081.7066861633,1961081.7066861633
one_step_201906,one_step_ex_ante,drift,2008-01,2019-05,2019-06,2019-06,0.001155399950221181,,1.0,1034010.8455882352,1034010.8455882352,19.597446248089984,21.726351252256034,19.597446248089984,3.1791709226983635,2.0099355388464795,,-1034010.8455882352,869359.0,869359.0,-0.18939453734100087,-0.18939453734100087,1.0,6290904.236264376,6290904.236264376
one_step_201906,one_step_ex_ante,same_month_historical_mean,2008-01,2019-05,2019-06,2019-06,0.001650199992582202,,1.0,1523979.5454545454,1523979.5454545454,28.88374658028236,33.7592087286246,28.88374658028236,4.685629244962037,2.962348665832066,,-1523979.5454545454,869359.0,869359.0,-0.7529921993728086,-0.7529921993728086,0.0,1868129.3532650121,25464724.106146578
one_step_201906,one_step_ex_ante,seasonal_moving_average_3,2008-01,2019-05,2019-06,2019-06,0.021199299953877926,,1.0,1745381.3333333335,1745381.3333333335,33.07994012670229,39.63566769843234,33.07994012670229,5.366351433961175,3.392714869165813,,-1745381.3333333335,869359.0,869359.0,-1.0076646510053195,-1.0076646510053195,0.0,1874457.1849476215,34200566.819328524
one_step_201907,one_step_ex_ante,naive_last,2008-01,2019-06,2019-07,2019-07,0.0011824999237433076,,1.0,1426792.0,1426792.0,21.285729097745875,23.820961795924937,21.285729097745875,4.329334693701311,2.7532327601925775,,-1426792.0,990070.0,990070.0,-0.4411021442928278,-0.4411021442928278,1.0,3499904.967516193,3499904.967516193
one_step_201907,one_step_ex_ante,seasonal_naive,2008-01,2019-06,2019-07,2019-07,0.0015915000112727284,,1.0,990070.0,990070.0,14.770451339652352,15.94826683591038,14.770451339652352,3.004183090592642,1.9105049361671955,,-990070.0,990070.0,990070.0,0.0,0.0,0.0,1970306.2121488191,2166981.9691724367
one_step_201907,one_step_ex_ante,drift,2008-01,2019-06,2019-07,2019-07,0.002000899985432625,,1.0,1396839.3211678835,1396839.3211678835,20.838877273953603,23.262722355025804,20.838877273953607,4.238448866168514,2.695434078523413,,-1396839.3211678835,990070.0,990070.0,-0.41084905225679336,-0.41084905225679336,1.0,6801285.82148357,6801285.82148357
one_step_201907,one_step_ex_ante,same_month_historical_mean,2008-01,2019-06,2019-07,2019-07,0.0019608999136835337,,1.0,1978137.1818181816,1978137.1818181816,29.5110234500616,34.61927456807443,29.5110234500616,6.0022890022834385,3.817145101133759,,-1978137.1818181816,990070.0,990070.0,-0.9979770943652284,-0.9979770943652284,0.0,1924374.5890130326,42562370.081479646
one_step_201907,one_step_ex_ante,seasonal_moving_average_3,2008-01,2019-06,2019-07,2019-07,0.02536490000784397,,1.0,1960376.0,1960376.0,29.246051607888653,34.25519805929102,29.246051607888653,5.948396002710557,3.7828719431390727,,-1960376.0,990070.0,990070.0,-0.9800377751068106,-0.9800377751068106,0.0,1945047.9085316937,41459129.73789782
one_step_201908,one_step_ex_ante,naive_last,2008-01,2019-07,2019-08,2019-08,0.0015607000095769763,,1.0,1464105.0,1464105.0,17.9267553552953,19.691806328027305,17.9267553552953,4.373535417726437,2.7962116309978726,,-1464105.0,1114717.0,1114717.0,-0.3134320190685169,-0.3134320190685169,1.0,3518121.470930732,3518121.470930732
one_step_201908,one_step_ex_ante,seasonal_naive,2008-01,2019-07,2019-08,2019-08,0.0018388999160379171,,1.0,1114717.0,1114717.0,13.648788132947235,14.648456531299182,13.648788132947233,3.3298529000596,2.128935179287726,,-1114717.0,1114717.0,1114717.0,0.0,0.0,0.0,1984942.2772261947,6874776.7327023
one_step_201908,one_step_ex_ante,drift,2008-01,2019-07,2019-08,2019-08,0.0012798999669030309,,1.0,1424030.2971014492,1424030.2971014492,17.43607374789797,19.10133519348236,17.436073747897975,4.253825333762735,2.7196752143107417,,-1424030.2971014492,1114717.0,1114717.0,-0.2774814568194881,-0.2774814568194881,1.0,7718566.530832775,7718566.530832775
one_step_201908,one_step_ex_ante,same_month_historical_mean,2008-01,2019-07,2019-08,2019-08,0.0024629998952150345,,1.0,2371875.545454546,2371875.545454546,29.041655234133646,33.97512449469167,29.041655234133643,7.08520338670018,4.5299114390562325,,-2371875.545454546,1114717.0,1114717.0,-1.1277826977201801,-1.1277826977201801,0.0,2018855.236777749,56516772.3194046
one_step_201908,one_step_ex_ante,seasonal_moving_average_3,2008-01,2019-07,2019-08,2019-08,0.027035099919885397,,1.0,2186430.666666667,2186430.666666667,26.771035999910215,30.908267741988386,26.77103599991021,6.531247389408474,4.175740715661627,,-2186430.666666667,1114717.0,1114717.0,-0.9614221965455509,-0.9614221965455509,0.0,2032274.0129582472,48844020.420459986
one_step_201909,one_step_ex_ante,naive_last,2008-01,2019-08,2019-09,2019-09,0.001221099984832108,,1.0,1425381.0,1425381.0,21.14253692168925,19.121185110738075,21.14253692168925,4.181744112387705,2.6854523445169116,,1425381.0,720412.0,720412.0,-0.9785636552417227,-0.9785636552417227,1.0,3537182.5216374174,3537182.5216374174
one_step_201909,one_step_ex_ante,seasonal_naive,2008-01,2019-08,2019-09,2019-09,0.0015931000234559178,,1.0,720412.0,720412.0,10.685800714916219,11.28895852003655,10.685800714916219,2.113525183437587,1.3572736653695519,,-720412.0,720412.0,720412.0,0.0,0.0,1.0,2005713.2351265196,2005713.2351265196
one_step_201909,one_step_ex_ante,drift,2008-01,2019-08,2019-09,2019-09,0.0010674999793991446,,1.0,1475700.5251798565,1475700.5251798565,21.888921515700947,19.729620898763148,21.888921515700943,4.329370170374313,2.7802555493226606,,1475700.5251798565,720412.0,720412.0,-1.04841191593124,-1.04841191593124,1.0,8833220.491956713,8833220.491956713
one_step_201909,one_step_ex_ante,same_month_historical_mean,2008-01,2019-08,2019-09,2019-09,0.0018053000094369054,,1.0,1850847.1818181816,1850847.1818181816,27.453435171364987,31.82147984068002,27.453435171364987,5.429965255252846,3.4870409411632077,,-1850847.1818181816,720412.0,720412.0,-1.5691509605866942,-1.5691509605866942,0.0,2148612.4329700475,33210251.046296373
one_step_201909,one_step_ex_ante,seasonal_moving_average_3,2008-01,2019-08,2019-09,2019-09,0.021089599933475256,,1.0,1627377.333333333,1627377.333333333,24.138728771830255,27.452012149408002,24.13872877183026,4.774355475693775,3.066018331389066,,-1627377.333333333,720412.0,720412.0,-1.2589536728057458,-1.2589536728057458,0.0,2137038.8719874043,24491354.765572637
one_step_201910,one_step_ex_ante,naive_last,2008-01,2019-09,2019-10,2019-10,0.0011804999085143209,,1.0,1304275.0,1304275.0,23.98669313474185,21.417962646836678,23.98669313474185,3.7936994836420044,2.449303428940454,,1304275.0,646055.0,646055.0,-1.0188296662048897,-1.0188296662048897,1.0,3558182.533502497,3558182.533502497
one_step_201910,one_step_ex_ante,seasonal_naive,2008-01,2019-09,2019-10,2019-10,0.0016524000093340874,,1.0,646055.0,646055.0,11.881484374971265,12.631913807627834,11.881484374971265,1.8791577849029806,1.2132293625072357,,-646055.0,646055.0,646055.0,0.0,0.0,1.0,2007599.9914494846,2007599.9914494846
one_step_201910,one_step_ex_ante,drift,2008-01,2019-09,2019-10,2019-10,0.0011288999812677503,,1.0,1344053.8071428575,1344053.8071428575,24.718258211280002,21.99933232665047,24.71825821128,3.909402721163043,2.5240042157639087,,1344053.8071428575,646055.0,646055.0,-1.0804015248591181,-1.0804015248591181,1.0,7674475.430728346,7674475.430728346
one_step_201910,one_step_ex_ante,same_month_historical_mean,2008-01,2019-09,2019-10,2019-10,0.0019645000575110316,,1.0,1570592.3636363638,1570592.3636363638,28.884489134817688,33.76022312503869,28.884489134817688,4.568327568142721,2.949421910043693,,-1570592.3636363638,646055.0,646055.0,-1.431050550860784,-1.431050550860784,0.0,2219957.6692440277,20644498.829818025
one_step_201910,one_step_ex_ante,seasonal_moving_average_3,2008-01,2019-09,2019-10,2019-10,0.026672199950553477,,1.0,1472316.6666666665,1472316.6666666665,27.077118000804536,31.316986725829047,27.077118000804536,4.282476454805044,2.7648695713349145,,-1472316.6666666665,646055.0,646055.0,-1.2789339400928195,-1.2789339400928195,0.0,2183034.0791320694,17415019.163157333
one_step_201911,one_step_ex_ante,naive_last,2008-01,2019-10,2019-11,2019-11,0.0012434000382199883,,1.0,2431977.0,2431977.0,80.91709346511765,57.60923443070251,80.91709346511765,7.0262901435013765,4.558752602408442,,2431977.0,326097.0,326097.0,-6.457833098740559,-6.457833098740559,0.0,3573107.258153837,29390042.095077094
one_step_201911,one_step_ex_ante,seasonal_naive,2008-01,2019-10,2019-11,2019-11,0.0014529000036418438,,1.0,326097.0,326097.0,10.849946947563431,11.472317107471904,10.849946947563431,0.9421356110380026,0.611270397453424,,-326097.0,326097.0,326097.0,0.0,0.0,1.0,2006985.4074908076,2006985.4074908076
one_step_201911,one_step_ex_ante,drift,2008-01,2019-10,2019-11,2019-11,0.0014241000171750784,,1.0,2462223.5106382975,2462223.5106382975,81.92345977874348,58.117518735785865,81.92345977874348,7.113676150677094,4.615449832310746,,2462223.5106382975,326097.0,326097.0,-6.550586207902242,-6.550586207902242,1.0,6832043.299565965,6832043.299565965
one_step_201911,one_step_ex_ante,same_month_historical_mean,2008-01,2019-10,2019-11,2019-11,0.0019459999166429043,,1.0,863273.2727272729,863273.2727272729,28.722954244719723,33.53975907052826,28.722954244719727,2.494106024568412,1.618209908496301,,-863273.2727272729,326097.0,326097.0,-1.6472898331701087,-1.6472898331701087,1.0,2267086.2172593446,2267086.2172593446
one_step_201911,one_step_ex_ante,seasonal_moving_average_3,2008-01,2019-10,2019-11,2019-11,0.039398199995048344,,1.0,721219.6666666665,721219.6666666665,23.9965259443439,27.268241235687974,23.996525944343905,2.0836951316559933,1.3519297396006686,,-721219.6666666665,326097.0,326097.0,-1.211672191607609,-1.211672191607609,1.0,2215739.9333747,2215739.9333747
one_step_201912,one_step_ex_ante,naive_last,2008-01,2019-11,2019-12,2019-12,0.0013653000351041555,,1.0,607188.0,607188.0,25.31712704970836,22.472439073948443,25.31712704970836,1.7550183915720243,1.1409076020793942,,607188.0,217448.0,217448.0,-1.7923365586255104,-1.7923365586255104,1.0,3651380.192098137,3651380.192098137
one_step_201912,one_step_ex_ante,seasonal_naive,2008-01,2019-11,2019-12,2019-12,0.0040831000078469515,,1.0,217448.0,217448.0,9.066645985600807,9.497184012089422,9.066645985600807,0.6285124857713814,0.40858527549450935,,-217448.0,217448.0,217448.0,0.0,0.0,1.0,2000095.5715708854,2000095.5715708854
one_step_201912,one_step_ex_ante,drift,2008-01,2019-11,2019-12,2019-12,0.0015203999355435371,,1.0,620094.9084507041,620094.9084507041,25.855289597494924,22.895447473090044,25.855289597494924,1.7923245664459053,1.1651597117567118,,620094.9084507041,217448.0,217448.0,-1.851692857376035,-1.851692857376035,1.0,6093393.659134906,6093393.659134906
one_step_201912,one_step_ex_ante,same_month_historical_mean,2008-01,2019-11,2019-12,2019-12,0.0016895000590011477,,1.0,759412.5454545454,759412.5454545454,31.664235617988417,37.62033069351966,31.664235617988417,2.1950087683934023,1.4269378614589787,,-759412.5454545454,217448.0,217448.0,-2.4923868945888,-2.4923868945888,1.0,2275391.69231606,2275391.69231606
one_step_201912,one_step_ex_ante,seasonal_moving_average_3,2008-01,2019-11,2019-12,2019-12,0.02494719997048378,,1.0,447770.66666666674,447770.66666666674,18.67011017532068,20.592424330453266,18.67011017532068,1.2942379546474347,0.8413620782824406,,-447770.66666666674,217448.0,217448.0,-1.0592080252136915,-1.0592080252136915,1.0,2213218.669395585,2213218.669395585
one_step_202001,one_step_ex_ante,naive_last,2008-01,2019-12,2020-01,2020-01,0.0010267000179737806,,1.0,131094.0,131094.0,5.182763025401446,5.320641136161073,5.182763025401445,0.3799839604172505,0.247106903163257,,-131094.0,303135.0,303135.0,0.567539215201148,0.567539215201148,1.0,3644173.932324419,3644173.932324419
one_step_202001,one_step_ex_ante,seasonal_naive,2008-01,2019-12,2020-01,2020-01,0.001576600014232099,,1.0,303135.0,303135.0,11.98435374391709,12.748251523273806,11.98435374391709,0.8786552995643068,0.5713972499915626,,-303135.0,303135.0,303135.0,0.0,0.0,1.0,1992551.1702176444,1992551.1702176444
one_step_202001,one_step_ex_ante,drift,2008-01,2019-12,2020-01,2020-01,0.0012278000358492136,,1.0,122523.41958041955,122523.41958041955,4.843927630151997,4.964157734197559,4.843927630151997,0.3551416099595124,0.23095170471180862,,-122523.41958041955,303135.0,303135.0,0.5958123622134708,0.5958123622134708,1.0,6091458.942917326,6091458.942917326
one_step_202001,one_step_ex_ante,same_month_historical_mean,2008-01,2019-12,2020-01,2020-01,0.002000999986194074,,1.0,987857.4166666667,987857.4166666667,39.05465462544883,48.53157391356805,39.05465462544883,2.8633650168013336,1.86207139151567,,-987857.4166666667,303135.0,303135.0,-2.258803558370583,-2.258803558370583,1.0,2279913.765693127,2279913.765693127
one_step_202001,one_step_ex_ante,seasonal_moving_average_3,2008-01,2019-12,2020-01,2020-01,0.02456769999116659,,1.0,582765.3333333333,582765.3333333333,23.03945735186773,26.039089852565954,23.03945735186773,1.689180888170924,1.0984891512266248,,-582765.3333333333,303135.0,303135.0,-0.9224613895898965,-0.9224613895898965,1.0,2205801.4883936024,2205801.4883936024
one_step_202002,one_step_ex_ante,naive_last,2008-01,2020-01,2020-02,2020-02,0.0015762000111863017,,1.0,477500.0,477500.0,23.27085373086612,20.845402202758752,23.27085373086612,1.3853268198814244,0.9023558848712271,,477500.0,106966.0,106966.0,-3.4640353009367466,-3.4640353009367466,1.0,3631630.2644587313,3631630.2644587313
one_step_202002,one_step_ex_ante,seasonal_naive,2008-01,2020-01,2020-02,2020-02,0.0013999000657349825,,1.0,106966.0,106966.0,5.212963644347278,5.352474930445748,5.212963644347278,0.31033061490143754,0.20213905671442028,,-106966.0,106966.0,106966.0,0.0,0.0,1.0,1985600.646188192,1985600.646188192
one_step_202002,one_step_ex_ante,drift,2008-01,2020-01,2020-02,2020-02,0.0011546999448910356,,1.0,486921.4375,486921.4375,23.730005341331033,21.21307359299226,23.730005341331033,1.4126603697255846,0.9201600515143087,,486921.4375,106966.0,106966.0,-3.552114106351551,-3.552114106351551,1.0,6080637.905763805,6080637.905763805
one_step_202002,one_step_ex_ante,same_month_historical_mean,2008-01,2020-01,2020-02,2020-02,0.0016068000113591552,,1.0,642455.75,642455.75,31.309934632050034,37.12125496395559,31.309934632050034,1.8638977613864616,1.2140811032080794,,-642455.75,106966.0,106966.0,-5.0061678477273155,-5.0061678477273155,1.0,2293039.666786896,2293039.666786896
one_step_202002,one_step_ex_ante,seasonal_moving_average_3,2008-01,2020-01,2020-02,2020-02,0.024870799970813096,,1.0,323882.66666666674,323882.66666666674,15.784347983168312,17.13681526011276,15.784347983168313,0.9396509835142384,0.6120574456009482,,-323882.66666666674,106966.0,106966.0,-2.0279029473539887,-2.0279029473539887,1.0,2200336.46422702,2200336.46422702
one_step_202003,one_step_ex_ante,naive_last,2008-01,2020-02,2020-03,2020-03,0.0011591000948101282,,1.0,993855.0,993855.0,93.9311083975699,63.91368978238201,93.93110839756991,2.89829699229851,1.8848959579441267,,993855.0,1415079.0,1415079.0,0.2976681867231441,0.2976681867231441,1.0,3622468.068942596,3622468.068942596
one_step_202003,one_step_ex_ante,seasonal_naive,2008-01,2020-02,2020-03,2020-03,0.001379300025291741,,1.0,1415079.0,1415079.0,133.7417821916928,80.14686163261088,133.74178219169278,4.126677643685229,2.6837684443622227,,1415079.0,1415079.0,1415079.0,0.0,0.0,0.0,1978201.19633618,19017337.26961258
one_step_202003,one_step_ex_ante,drift,2008-01,2020-02,2020-03,2020-03,0.0011718999594449997,,1.0,999918.3586206897,999918.3586206897,94.50416784371984,64.1784926411425,94.50416784371984,2.915979062674543,1.8963954223083486,,999918.3586206897,1415079.0,1415079.0,0.2933833668504092,0.2933833668504092,1.0,6114412.276468337,6114412.276468337
one_step_202003,one_step_ex_ante,same_month_historical_mean,2008-01,2020-02,2020-03,2020-03,0.0017402999801561236,,1.0,793823.5833333333,793823.5833333333,75.02576236435968,54.55907964357466,75.0257623643597,2.314961945143532,1.5055263227993243,,793823.5833333333,1415079.0,1415079.0,0.4390252534781922,0.4390252534781922,1.0,2293936.273862491,2293936.273862491
one_step_202003,one_step_ex_ante,seasonal_moving_average_3,2008-01,2020-02,2020-03,2020-03,0.022126700030639768,,1.0,1137679.3333333335,1137679.3333333335,107.52421709505755,69.92894290456557,107.52421709505754,3.317719979272806,2.1576660346193046,,1137679.3333333335,1415079.0,1415079.0,0.1960312227562323,0.1960312227562323,0.0,2192181.5748583116,3855723.41102542
one_step_202004,one_step_ex_ante,naive_last,2008-01,2020-03,2020-04,2020-04,0.0010264000156894326,,0.0,,,,,,,,,,,,,,,,
one_step_202004,one_step_ex_ante,seasonal_naive,2008-01,2020-03,2020-04,2020-04,0.0013537000631913543,,0.0,,,,,,,,,,,,,,,,
one_step_202004,one_step_ex_ante,drift,2008-01,2020-03,2020-04,2020-04,0.0012018999550491571,,0.0,,,,,,,,,,,,,,,,
one_step_202004,one_step_ex_ante,same_month_historical_mean,2008-01,2020-03,2020-04,2020-04,0.0019615000346675515,,0.0,,,,,,,,,,,,,,,,
one_step_202004,one_step_ex_ante,seasonal_moving_average_3,2008-01,2020-03,2020-04,2020-04,0.0286883000517264,,0.0,,,,,,,,,,,,,,,,
one_step_202005,one_step_ex_ante,naive_last,2008-01,2020-04,2020-05,2020-05,0.0012278000358492136,,0.0,,,,,,,,,,,,,,,,
one_step_202005,one_step_ex_ante,seasonal_naive,2008-01,2020-04,2020-05,2020-05,0.001360700000077486,,0.0,,,,,,,,,,,,,,,,
one_step_202005,one_step_ex_ante,drift,2008-01,2020-04,2020-05,2020-05,0.0010850999969989061,,0.0,,,,,,,,,,,,,,,,
one_step_202005,one_step_ex_ante,same_month_historical_mean,2008-01,2020-04,2020-05,2020-05,0.001969899982213974,,0.0,,,,,,,,,,,,,,,,
one_step_202005,one_step_ex_ante,seasonal_moving_average_3,2008-01,2020-04,2020-05,2020-05,0.02347299992106855,,0.0,,,,,,,,,,,,,,,,
one_step_202006,one_step_ex_ante,naive_last,2008-01,2020-05,2020-06,2020-06,0.0010803999612107873,,0.0,,,,,,,,,,,,,,,,
one_step_202006,one_step_ex_ante,seasonal_naive,2008-01,2020-05,2020-06,2020-06,0.0012797999661415815,,0.0,,,,,,,,,,,,,,,,
one_step_202006,one_step_ex_ante,drift,2008-01,2020-05,2020-06,2020-06,0.0011557999532669783,,0.0,,,,,,,,,,,,,,,,
one_step_202006,one_step_ex_ante,same_month_historical_mean,2008-01,2020-05,2020-06,2020-06,0.0019171000458300114,,0.0,,,,,,,,,,,,,,,,
one_step_202006,one_step_ex_ante,seasonal_moving_average_3,2008-01,2020-05,2020-06,2020-06,0.022548199980519712,,0.0,,,,,,,,,,,,,,,,
one_step_202007,one_step_ex_ante,naive_last,2008-01,2020-06,2020-07,2020-07,0.0013122999807819724,,1.0,281025.0,281025.0,36.165952205991175,30.62757511670956,36.165952205991175,0.8009787940965208,0.5211405056465367,,281025.0,5926002.0,5926002.0,0.952577640034546,0.952577640034546,1.0,3624500.617454339,3624500.617454339
one_step_202007,one_step_ex_ante,seasonal_naive,2008-01,2020-06,2020-07,2020-07,0.0014654999831691384,,1.0,5926002.0,5926002.0,762.6350150506472,158.44738724998956,762.6350150506471,16.89031913806092,10.989341442015435,,5926002.0,5926002.0,5926002.0,0.0,0.0,0.0,2041090.6769607216,198259357.13774627
one_step_202007,one_step_ex_ante,drift,2008-01,2020-06,2020-07,2020-07,0.0013371999375522137,,1.0,280239.60273972596,280239.60273972596,36.064877071117806,30.555055473375454,36.06487707111781,0.7987402510828352,0.5196840433198661,,280239.60273972596,5926002.0,5926002.0,0.9527101741208109,0.9527101741208109,1.0,6334701.649249398,6334701.649249398
one_step_202007,one_step_ex_ante,same_month_historical_mean,2008-01,2020-06,2020-07,2020-07,0.0018596999580040574,,1.0,4112709.583333333,4112709.583333333,529.2769619356113,145.1511536936064,529.2769619356114,11.72206445165924,7.626722006354205,,4112709.583333333,5926002.0,5926002.0,0.30598916717656643,0.30598916717656643,0.0,2299417.5280138976,120819450.30106927
one_step_202007,one_step_ex_ante,seasonal_moving_average_3,2008-01,2020-06,2020-07,2020-07,0.022808399982750416,,1.0,5039126.333333333,5039126.333333333,648.5003189441682,152.85800239913402,648.5003189441683,14.362541886925916,9.344694761569652,,5039126.333333333,5926002.0,5926002.0,0.14965834751096385,0.14965834751096385,0.0,2233828.0034760404,159122321.26728857
one_step_202008,one_step_ex_ante,naive_last,2008-01,2020-07,2020-08,2020-08,0.00112439994700253,,1.0,1415874.0,1415874.0,64.56578155944798,95.34633463076943,64.56578155944798,3.613345437936823,1.9146211270630695,,-1415874.0,5974233.0,5974233.0,0.7630032173167669,0.7630032173167669,1.0,3613202.7877167333,3613202.7877167333
one_step_202008,one_step_ex_ante,seasonal_naive,2008-01,2020-07,2020-08,2020-08,0.0013412999687716365,,1.0,5974233.0,5974233.0,272.43315638485177,115.33193752511445,272.43315638485177,15.246390254868457,8.078679825886613,,5974233.0,5974233.0,5974233.0,0.0,0.0,0.0,2881406.4638088346,184222597.18763214
one_step_202008,one_step_ex_ante,drift,2008-01,2020-07,2020-08,2020-08,0.0011758999899029732,,1.0,1418565.7891156464,1418565.7891156464,64.688530806941,95.61426121926891,64.688530806941,3.6202149502810776,1.9182611093711104,,-1418565.7891156464,5974233.0,5974233.0,0.7625526508397569,0.7625526508397569,1.0,6438206.230255333,6438206.230255333
one_step_202008,one_step_ex_ante,same_month_historical_mean,2008-01,2020-07,2020-08,2020-08,0.0016784999752417207,,1.0,3800013.75,3800013.75,173.28579923453555,92.84349931868694,173.28579923453555,9.697728998243981,5.138583383041261,,3800013.75,5974233.0,5974233.0,0.3639327843423582,0.3639327843423582,0.0,2623623.522683289,102151703.06901751
one_step_202008,one_step_ex_ante,seasonal_moving_average_3,2008-01,2020-07,2020-08,2020-08,0.023039299994707108,,1.0,4988240.0,4988240.0,227.4705335404851,106.42629874694823,227.47053354048512,12.730111752411569,6.745366954164767,,4988240.0,5974233.0,5974233.0,0.16504093496186034,0.16504093496186034,0.0,2846972.1063019745,145437129.98026246
one_step_202009,one_step_ex_ante,naive_last,2008-01,2020-08,2020-09,2020-09,0.0011888999724760652,,1.0,441278.0,441278.0,16.75191092534911,18.28331308658262,16.75191092534911,1.0200764012599424,0.49231900132340006,,-441278.0,4107574.0,4107574.0,0.8925696773813449,0.8925696773813449,1.0,3629786.4558987357,3629786.4558987357
one_step_202009,one_step_ex_ante,seasonal_naive,2008-01,2020-08,2020-09,2020-09,0.0017603000160306692,,1.0,4107574.0,4107574.0,155.932799204311,87.61923573938637,155.93279920431098,9.495237251412728,4.582681959086933,,4107574.0,4107574.0,4107574.0,0.0,0.0,0.0,3518980.0310410857,97442339.41021937
one_step_202009,one_step_ex_ante,drift,2008-01,2020-08,2020-09,2020-09,0.0011888000881299376,,1.0,434384.88513513515,434384.88513513515,16.490232694813223,17.972049048908726,16.490232694813223,1.0041419930074966,0.484628585244924,,-434384.88513513515,4107574.0,4107574.0,0.894247824838911,0.894247824838911,1.0,6187269.894053794,6187269.894053794
one_step_202009,one_step_ex_ante,same_month_historical_mean,2008-01,2020-08,2020-09,2020-09,0.002179499948397279,,1.0,2410964.083333333,2410964.083333333,91.52564951848034,62.79080394445935,91.52564951848034,5.57328388384112,2.6898314208577205,,2410964.083333333,4107574.0,4107574.0,0.41304427301046,0.41304427301046,0.0,2867191.044421421,41961933.48932633
one_step_202009,one_step_ex_ante,seasonal_moving_average_3,2008-01,2020-08,2020-09,2020-09,0.023718499927781522,,1.0,3389143.0,3389143.0,128.6595335576903,78.293504627704,128.6595335576903,7.834482559283093,3.78115269082572,,3389143.0,4107574.0,4107574.0,0.1749039700806364,0.1749039700806364,0.0,3327080.0059153643,72351199.88760807
one_step_202010,one_step_ex_ante,naive_last,2008-01,2020-09,2020-10,2020-10,0.0011263000778853893,,1.0,279071.0,279071.0,11.849524695939577,11.186737107809703,11.849524695939577,0.607702067638548,0.29097701984866686,,279071.0,3082370.0,3082370.0,0.9094621995412621,0.9094621995412621,1.0,3620191.435313631,3620191.435313631
one_step_202010,one_step_ex_ante,seasonal_naive,2008-01,2020-09,2020-10,2020-10,0.0015770000172778964,,1.0,3082370.0,3082370.0,130.8793082657219,79.10999871930075,130.8793082657219,6.712136417711017,3.2138733034637608,,3082370.0,3082370.0,3082370.0,0.0,0.0,0.0,3771619.65899528,51634026.47908968
one_step_202010,one_step_ex_ante,drift,2008-01,2020-09,2020-10,2020-10,0.0011433999752625823,,1.0,288879.44966442976,288879.44966442976,12.265997444908622,11.557194833423221,12.265997444908622,0.6290608442273107,0.30120392788530065,,288879.44966442976,3082370.0,3082370.0,0.9062800865358702,0.9062800865358702,1.0,6190935.430055011,6190935.430055011
one_step_202010,one_step_ex_ante,same_month_historical_mean,2008-01,2020-09,2020-10,2020-10,0.001687500043772161,,1.0,1642660.3333333335,1642660.3333333335,69.74835861438011,51.71364821098998,69.74835861438011,3.5770398249710404,1.712741232220299,,1642660.3333333335,3082370.0,3082370.0,0.4670787954290583,0.4670787954290583,0.0,2952786.4612269565,9603470.570021158
one_step_202010,one_step_ex_ante,seasonal_moving_average_3,2008-01,2020-09,2020-10,2020-10,0.023221999988891184,,1.0,2359106.666666667,2359106.666666667,100.16910645327664,66.74178274829801,100.16910645327664,5.137165807673375,2.4597533508382776,,2359106.666666667,3082370.0,3082370.0,0.23464520266331845,0.23464520266331845,0.0,3520809.530588936,27468885.585476894
one_step_202011,one_step_ex_ante,naive_last,2008-01,2020-10,2020-11,2020-11,0.0011980000417679548,,1.0,1092367.0,1092367.0,86.5065091700145,60.38711610470328,86.5065091700145,2.2848327874191687,1.1025719697942808,,1092367.0,1742760.0,1742760.0,0.3731971126259497,0.3731971126259497,1.0,3609207.170015556,3609207.170015556
one_step_202011,one_step_ex_ante,seasonal_naive,2008-01,2020-10,2020-11,2020-11,0.0014540000120177865,,1.0,1742760.0,1742760.0,138.01230165423752,81.66111172806619,138.01230165423752,3.6452173936073047,1.7590409872127966,,1742760.0,1742760.0,1742760.0,0.0,0.0,1.0,3897629.1428488176,3897629.1428488176
one_step_202011,one_step_ex_ante,drift,2008-01,2020-10,2020-11,2020-11,0.001069399993866682,,1.0,1100249.5866666664,1100249.5866666664,87.13074539809848,60.69064131554022,87.13074539809848,2.301320279686578,1.1105281961432465,,1100249.5866666664,1742760.0,1742760.0,0.3686740648932346,0.3686740648932346,1.0,6170855.404964298,6170855.404964298
one_step_202011,one_step_ex_ante,same_month_historical_mean,2008-01,2020-10,2020-11,2020-11,0.0017697999719530344,,1.0,951426.1666666665,951426.1666666665,75.34515086169917,54.72778483725225,75.34515086169917,1.9900360413748626,0.9603144572249879,,951426.1666666665,1742760.0,1742760.0,0.454069311513538,0.454069311513538,1.0,2985962.6918177707,2985962.6918177707
one_step_202011,one_step_ex_ante,seasonal_moving_average_3,2008-01,2020-10,2020-11,2020-11,0.02309230004902929,,1.0,1396837.6666666665,1396837.6666666665,110.61808936055525,71.22449924811264,110.61808936055525,2.921674217091955,1.4098870229689415,,1396837.6666666665,1742760.0,1742760.0,0.19849109076025007,0.19849109076025007,1.0,3605122.1415542127,3605122.1415542127
one_step_202012,one_step_ex_ante,naive_last,2008-01,2020-11,2020-12,2020-12,0.0010531999869272113,,1.0,297941.0,297941.0,30.88060314090977,26.750279339891442,30.88060314090977,0.611627412827044,0.2985000790005864,,297941.0,1433513.0,1433513.0,0.7921602385189391,0.7921602385189391,1.0,3614238.505151918,3614238.505151918
one_step_202012,one_step_ex_ante,seasonal_naive,2008-01,2020-11,2020-12,2020-12,0.0013743999879807234,,1.0,1433513.0,1433513.0,148.57890001824182,85.24836128088441,148.57890001824182,2.9427834619737947,1.4362029520890633,,1433513.0,1433513.0,1433513.0,0.0,0.0,1.0,3926542.675032364,3926542.675032364
one_step_202012,one_step_ex_ante,drift,2008-01,2020-11,2020-12,2020-12,0.0013376000570133328,,1.0,298537.165562914,298537.165562914,30.94239373755348,26.796633772417636,30.94239373755348,0.6128512497640942,0.2990973632536004,,298537.165562914,1433513.0,1433513.0,0.7917443611861811,0.7917443611861811,1.0,6269257.223323455,6269257.223323455
one_step_202012,one_step_ex_ante,same_month_historical_mean,2008-01,2020-11,2020-12,2020-12,0.0017130000051110983,,1.0,737384.8333333333,737384.8333333333,76.42750880306019,55.296601365033254,76.42750880306019,1.5137385518259243,0.7387685179409151,,737384.8333333333,1433513.0,1433513.0,0.485609943311757,0.485609943311757,1.0,2990310.3621679926,2990310.3621679926
one_step_202012,one_step_ex_ante,seasonal_moving_average_3,2008-01,2020-11,2020-12,2020-12,0.02383920003194362,,1.0,1242028.3333333335,1242028.3333333335,128.73214512749928,78.32038760771042,128.73214512749928,2.549694658252984,1.2443589691280041,,1242028.3333333335,1433513.0,1433513.0,0.1335772097404534,0.1335772097404534,1.0,3627220.9633395253,3627220.9633395253
one_step_202101,one_step_ex_ante,naive_last,2008-01,2020-12,2021-01,2021-01,0.001156599959358573,,1.0,134884.0,134884.0,16.25241586057653,15.030968135916574,16.25241586057653,0.2731328808655052,0.13463072116634814,,134884.0,1699491.0,1699491.0,0.9206327070870043,0.9206327070870043,1.0,3603501.2936652955,3603501.2936652955
one_step_202101,one_step_ex_ante,seasonal_naive,2008-01,2020-12,2021-01,2021-01,0.0015106999780982733,,1.0,1699491.0,1699491.0,204.77472853197614,101.17960144134811,204.7747285319761,3.4413783164422638,1.696299775701478,,1699491.0,1699491.0,1699491.0,0.0,0.0,1.0,3940738.8368664347,3940738.8368664347
one_step_202101,one_step_ex_ante,drift,2008-01,2020-12,2021-01,2021-01,0.001245400053448975,,1.0,133516.10526315786,133516.10526315786,16.08759576244293,14.889883619353068,16.08759576244293,0.27036296723457454,0.1332653949979315,,133516.10526315786,1699491.0,1699491.0,0.9214375920418774,0.9214375920418774,1.0,6342963.670821165,6342963.670821165
one_step_202101,one_step_ex_ante,same_month_historical_mean,2008-01,2020-12,2021-01,2021-01,0.0017279000021517277,,1.0,787622.6153846155,787622.6153846155,94.90206611922609,64.36175057577121,94.90206611922609,1.5948936417575383,0.7861436546673886,,787622.6153846155,1699491.0,1699491.0,0.5365538179463054,0.5365538179463054,1.0,2988957.351754605,2988957.351754605
one_step_202101,one_step_ex_ante,seasonal_moving_average_3,2008-01,2020-12,2021-01,2021-01,0.02390150004066527,,1.0,1437085.3333333335,1437085.3333333335,173.15699760140993,92.80651238724388,173.15699760140993,2.9100208856713783,1.4343868420587207,,1437085.3333333335,1699491.0,1699491.0,0.15440250443613202,0.15440250443613202,1.0,3641761.0473090494,3641761.0473090494
one_step_202102,one_step_ex_ante,naive_last,2008-01,2021-01,2021-02,2021-02,0.001054299995303154,,1.0,102806.0,102806.0,14.138677478181222,13.205159987617673,14.138677478181224,0.20465800257478656,0.10194126756375717,,102806.0,1324797.0,1324797.0,0.922398676929371,0.922398676929371,1.0,3591877.3378106374,3591877.3378106374
one_step_202102,one_step_ex_ante,seasonal_naive,2008-01,2021-01,2021-02,2021-02,0.0016388000221922994,,1.0,1324797.0,1324797.0,182.19634561272738,95.34175180070592,182.19634561272736,2.6373004283511614,1.3136537307614615,,1324797.0,1324797.0,1324797.0,0.0,0.0,1.0,3965553.927000639,3965553.927000639
one_step_202102,one_step_ex_ante,drift,2008-01,2021-01,2021-02,2021-02,0.0011391999432817101,,1.0,100565.45098039217,100565.45098039217,13.830539821212854,12.93598176647432,13.830539821212854,0.20019769590957406,0.09971956448127603,,100565.45098039217,1324797.0,1324797.0,0.9240899164321839,0.9240899164321839,1.0,6387026.03606434,6387026.03606434
one_step_202102,one_step_ex_ante,same_month_historical_mean,2008-01,2021-01,2021-02,2021-02,0.0022852999391034245,,1.0,731760.923076923,731760.923076923,100.63743052468527,66.94936844627,100.63743052468527,1.4567314055522547,0.7256058600868289,,731760.923076923,1324797.0,1324797.0,0.4476429799607615,0.4476429799607615,1.0,2988867.0943623837,2988867.0943623837
one_step_202102,one_step_ex_ante,seasonal_moving_average_3,2008-01,2021-01,2021-02,2021-02,0.023783099954016507,,1.0,1207441.3333333333,1207441.3333333333,166.05668526958647,90.7273064264854,166.05668526958647,2.4036781073695797,1.197285178188754,,1207441.3333333333,1324797.0,1324797.0,0.08858388618533009,0.08858388618533009,1.0,3663970.0045905244,3663970.0045905244
one_step_202103,one_step_ex_ante,naive_last,2008-01,2021-02,2021-03,2021-03,0.0010715000098571181,,1.0,316285.0,316285.0,30.312599732991124,35.72757869505128,30.31259973299112,0.622507510003543,0.3128318671215818,,-316285.0,14657.0,14657.0,-20.57910895817698,-20.57910895817698,1.0,3580260.8615253074,3580260.8615253074
one_step_202103,one_step_ex_ante,seasonal_naive,2008-01,2021-02,2021-03,2021-03,0.0014506999868899584,,1.0,14657.0,14657.0,1.4047197125581385,1.3949223380295497,1.4047197125581385,0.028847692979818613,0.014496977967342822,,14657.0,14657.0,14657.0,0.0,0.0,1.0,3974336.585363256,3974336.585363256
one_step_202103,one_step_ex_ante,drift,2008-01,2021-02,2021-03,2021-03,0.0011650000233203173,,1.0,319178.5714285715,319178.5714285715,30.589918203715648,36.113456624736216,30.589918203715648,0.6282025949586229,0.31569384714798104,,-319178.5714285715,14657.0,14657.0,-20.77652803633564,-20.77652803633564,1.0,6424613.381834058,6424613.381834058
one_step_202103,one_step_ex_ante,same_month_historical_mean,2008-01,2021-02,2021-03,2021-03,0.0018077000277116895,,1.0,747417.2307692308,747417.2307692308,71.63210190128633,52.74200022743859,71.63210190128633,1.4710556594840012,0.7392570871852305,,747417.2307692308,14657.0,14657.0,-49.993875333917636,-49.993875333917636,1.0,2987462.1629940346,2987462.1629940346
one_step_202103,one_step_ex_ante,seasonal_moving_average_3,2008-01,2021-02,2021-03,2021-03,0.024550899979658425,,1.0,890333.6666666667,890333.6666666667,85.32914322991293,59.81102544520402,85.32914322991292,1.75234169786424,0.8806131915978861,,890333.6666666667,14657.0,14657.0,-59.74460439835347,-59.74460439835347,1.0,3675776.2046396476,3675776.2046396476
one_step_202104,one_step_ex_ante,naive_last,2008-01,2021-03,2021-04,2021-04,0.0011497000232338905,,0.0,,,,,,,,,,,,,,,,
one_step_202104,one_step_ex_ante,seasonal_naive,2008-01,2021-03,2021-04,2021-04,0.0013370000524446368,,0.0,,,,,,,,,,,,,,,,
one_step_202104,one_step_ex_ante,drift,2008-01,2021-03,2021-04,2021-04,0.0011027000145986676,,0.0,,,,,,,,,,,,,,,,
one_step_202104,one_step_ex_ante,same_month_historical_mean,2008-01,2021-03,2021-04,2021-04,0.0019502999493852258,,0.0,,,,,,,,,,,,,,,,
one_step_202104,one_step_ex_ante,seasonal_moving_average_3,2008-01,2021-03,2021-04,2021-04,0.023507499950937927,,0.0,,,,,,,,,,,,,,,,
one_step_202105,one_step_ex_ante,naive_last,2008-01,2021-04,2021-05,2021-05,0.0010975999757647514,,0.0,,,,,,,,,,,,,,,,
one_step_202105,one_step_ex_ante,seasonal_naive,2008-01,2021-04,2021-05,2021-05,0.001594299916177988,,0.0,,,,,,,,,,,,,,,,
one_step_202105,one_step_ex_ante,drift,2008-01,2021-04,2021-05,2021-05,0.0011062000412493944,,0.0,,,,,,,,,,,,,,,,
one_step_202105,one_step_ex_ante,same_month_historical_mean,2008-01,2021-04,2021-05,2021-05,0.0016781999729573727,,0.0,,,,,,,,,,,,,,,,
one_step_202105,one_step_ex_ante,seasonal_moving_average_3,2008-01,2021-04,2021-05,2021-05,0.02461089997086674,,0.0,,,,,,,,,,,,,,,,
one_step_202106,one_step_ex_ante,naive_last,2008-01,2021-05,2021-06,2021-06,0.0011421999661251903,,0.0,,,,,,,,,,,,,,,,
one_step_202106,one_step_ex_ante,seasonal_naive,2008-01,2021-05,2021-06,2021-06,0.0014010999584570527,,0.0,,,,,,,,,,,,,,,,
one_step_202106,one_step_ex_ante,drift,2008-01,2021-05,2021-06,2021-06,0.0013501000357791781,,0.0,,,,,,,,,,,,,,,,
one_step_202106,one_step_ex_ante,same_month_historical_mean,2008-01,2021-05,2021-06,2021-06,0.0018563999328762293,,0.0,,,,,,,,,,,,,,,,
one_step_202106,one_step_ex_ante,seasonal_moving_average_3,2008-01,2021-05,2021-06,2021-06,0.024727700045332313,,0.0,,,,,,,,,,,,,,,,
one_step_202107,one_step_ex_ante,naive_last,2008-01,2021-06,2021-07,2021-07,0.001581900054588914,,1.0,1874443.0,1874443.0,50.17874294745701,66.98481101364555,50.17874294745702,3.7143009572740158,1.8604480076728425,,-1874443.0,2958489.0,2958489.0,0.36641880365281065,0.36641880365281065,0.0,3545951.461992927,7604642.222134389
one_step_202107,one_step_ex_ante,seasonal_naive,2008-01,2021-06,2021-07,2021-07,0.001597600057721138,,1.0,2958489.0,2958489.0,79.19859875380536,131.12198689218462,79.19859875380534,5.862391400957322,2.9364002883907485,,-2958489.0,2958489.0,2958489.0,0.0,0.0,0.0,3960423.1842931435,43091519.498430274
one_step_202107,one_step_ex_ante,drift,2008-01,2021-06,2021-07,2021-07,0.001398199936375022,,1.0,1870086.335443038,1870086.335443038,50.062115260772444,66.77713954393933,50.062115260772444,3.7056680122687817,1.8561238709052275,,-1870086.335443038,2958489.0,2958489.0,0.36789140150832467,0.36789140150832467,1.0,6363085.678215238,6363085.678215238
one_step_202107,one_step_ex_ante,same_month_historical_mean,2008-01,2021-06,2021-07,2021-07,0.002001499990001321,,1.0,837858.307692308,837858.307692308,22.429423913175096,20.16767702633657,22.429423913175096,1.6602574281114584,0.8316026783734122,,837858.307692308,2958489.0,2958489.0,0.7167951925147236,0.7167951925147236,1.0,3116721.49620232,3116721.49620232
one_step_202107,one_step_ex_ante,seasonal_moving_average_3,2008-01,2021-06,2021-07,2021-07,0.02514569996856153,,1.0,662155.666666667,662155.666666667,17.725873226803223,16.28274395146261,17.725873226803223,1.3120940068940028,0.6572118708433831,,662155.666666667,2958489.0,2958489.0,0.7761845095024295,0.7761845095024295,1.0,3875549.3362251124,3875549.3362251124
one_step_202108,one_step_ex_ante,naive_last,2008-01,2021-07,2021-08,2021-08,0.0012107000220566988,,1.0,1763525.0,1763525.0,32.069589385962,38.19390337783306,32.06958938596199,3.3811295877036645,1.7060891274413734,,-1763525.0,3306140.0,3306140.0,0.466590948961629,0.466590948961629,1.0,3582201.0292445575,3582201.0292445575
one_step_202108,one_step_ex_ante,seasonal_naive,2008-01,2021-07,2021-08,2021-08,0.0014612000668421388,,1.0,3306140.0,3306140.0,60.12194454431005,85.96336909095116,60.121944544310054,6.33871806472298,3.198463025927629,,-3306140.0,3306140.0,3306140.0,0.0,0.0,0.0,4065384.987256069,55003285.2421347
one_step_202108,one_step_ex_ante,drift,2008-01,2021-07,2021-08,2021-08,0.0011698000598698854,,1.0,1747406.786163522,1747406.786163522,31.77648069775458,37.778879944441194,31.77648069775458,3.350226839115779,1.6904958643006807,,-1747406.786163522,3306140.0,3306140.0,0.4714661852905436,0.4714661852905436,1.0,6808494.868207175,6808494.868207175
one_step_202108,one_step_ex_ante,same_month_historical_mean,2008-01,2021-07,2021-08,2021-08,0.0017378999618813396,,1.0,201565.0,201565.0,3.6654466393056118,3.599478163615225,3.6654466393056118,0.38645178568236294,0.19500027216666646,,201565.0,3306140.0,3306140.0,0.9390331322932484,0.9390331322932484,1.0,3117026.66201867,3117026.66201867
one_step_202108,one_step_ex_ante,seasonal_moving_average_3,2008-01,2021-07,2021-08,2021-08,0.02926029998343438,,1.0,305109.666666667,305109.666666667,5.548399783211321,5.398630968728661,5.548399783211321,0.5849734602350805,0.29517261449498144,,305109.666666667,3306140.0,3306140.0,0.9077142327104518,0.9077142327104518,1.0,3868727.8782911836,3868727.8782911836
one_step_202109,one_step_ex_ante,naive_last,2008-01,2021-08,2021-09,2021-09,0.001548800035379827,,1.0,1092974.0,1092974.0,24.806023853840248,22.068824872742837,24.806023853840248,2.0215888395526833,1.0254589807553063,,1092974.0,1771888.0,1771888.0,0.3831585292072637,0.3831585292072637,1.0,3611744.6566071063,3611744.6566071063
one_step_202109,one_step_ex_ante,seasonal_naive,2008-01,2021-08,2021-09,2021-09,0.00193210004363209,,1.0,1771888.0,1771888.0,40.21458515420613,50.335739583010785,40.21458515420613,3.277323162067282,1.6624352111693035,,-1771888.0,1771888.0,1771888.0,0.0,0.0,1.0,4192333.3639849206,4192333.3639849206
one_step_202109,one_step_ex_ante,drift,2008-01,2021-08,2021-09,2021-09,0.0011615999974310398,,1.0,1120013.5062499996,1120013.5062499996,25.41970966615925,22.553227225609675,25.419709666159257,2.0716017072531177,1.0508282068478312,,1120013.5062499996,1771888.0,1771888.0,0.3678982496354174,0.3678982496354174,1.0,7735065.902347606,7735065.902347606
one_step_202109,one_step_ex_ante,same_month_historical_mean,2008-01,2021-08,2021-09,2021-09,0.0019937000470235944,,1.0,453617.307692308,453617.307692308,10.295251081114632,9.791234969108807,10.295251081114632,0.8390205866367411,0.42559653020027954,,453617.307692308,1771888.0,1771888.0,0.7439921102844491,0.7439921102844491,1.0,3107853.6369348313,3107853.6369348313
one_step_202109,one_step_ex_ante,seasonal_moving_average_3,2008-01,2021-08,2021-09,2021-09,0.0308261999161914,,1.0,726357.333333333,726357.333333333,16.485330243060176,15.229974450971966,16.485330243060172,1.3434865592355485,0.6814889015696092,,726357.333333333,1771888.0,1771888.0,0.590065888287898,0.590065888287898,1.0,3857071.809822602,3857071.809822602
one_step_202110,one_step_ex_ante,naive_last,2008-01,2021-09,2021-10,2021-10,0.0014942999696359038,,1.0,713.0,713.0,0.016179555395802302,0.016180864391761193,0.016179555395802302,0.0012986616812543437,0.0006649793924660717,,-713.0,2051672.0,2051672.0,0.999652478563825,0.999652478563825,1.0,3617028.1834099144,3617028.1834099144
one_step_202110,one_step_ex_ante,seasonal_naive,2008-01,2021-09,2021-10,2021-10,0.0015943999169394374,,1.0,2051672.0,2051672.0,46.55699968866269,60.683119587336144,46.55699968866269,3.736925398180171,1.9134917252449513,,-2051672.0,2051672.0,2051672.0,0.0,0.0,1.0,4216793.076444469,4216793.076444469
one_step_202110,one_step_ex_ante,drift,2008-01,2021-09,2021-10,2021-10,0.0011418999638408422,,1.0,19369.900621118024,19369.900621118024,0.439546115162082,0.43858222958611354,0.43954611516208203,0.035280431565709244,0.018065336251275245,,19369.900621118024,2051672.0,2051672.0,0.9905589681873526,0.9905589681873526,1.0,7065425.474841468,7065425.474841468
one_step_202110,one_step_ex_ante,same_month_historical_mean,2008-01,2021-09,2021-10,2021-10,0.001853700028732419,,1.0,535370.153846154,535370.153846154,12.14873921656809,12.93442393295833,12.14873921656809,0.9751258121840716,0.49931293078412736,,-535370.153846154,2051672.0,2051672.0,0.7390566553298217,0.7390566553298217,1.0,3101128.4667752516,3101128.4667752516
one_step_202110,one_step_ex_ante,seasonal_moving_average_3,2008-01,2021-09,2021-10,2021-10,0.02695050009060651,,1.0,212110.33333333302,212110.33333333302,4.813255102649023,4.931948739839195,4.8132551026490225,0.38633879677150845,0.19782468526756766,,-212110.33333333302,2051672.0,2051672.0,0.8966158658239071,0.8966158658239071,1.0,3851530.181452231,3851530.181452231
one_step_202111,one_step_ex_ante,naive_last,2008-01,2021-10,2021-11,2021-11,0.001142699969932437,,1.0,1940114.0,1940114.0,78.65278134757541,56.452177485692104,78.65278134757541,3.4695712363635325,1.793393915544517,,1940114.0,1203925.0,1203925.0,-0.6114907490084516,-0.6114907490084516,0.0,3605782.614458993,9094690.325279132
one_step_202111,one_step_ex_ante,seasonal_naive,2008-01,2021-10,2021-11,2021-11,0.0018075000261887908,,1.0,1203925.0,1203925.0,48.80746687250323,64.56332976621952,48.80746687250323,2.153019642525628,1.1128788152510278,,-1203925.0,1203925.0,1203925.0,0.0,0.0,1.0,4253221.244780675,4253221.244780675
one_step_202111,one_step_ex_ante,drift,2008-01,2021-10,2021-11,2021-11,0.0014346999814733863,,1.0,1960077.333333333,1960077.333333333,79.462100640996,56.86789046438537,79.46210064099601,3.5052723380076984,1.8118475324628973,,1960077.333333333,1203925.0,1203925.0,-0.6280726235715124,-0.6280726235715124,1.0,7034447.703619471,7034447.703619471
one_step_202111,one_step_ex_ante,same_month_historical_mean,2008-01,2021-10,2021-11,2021-11,0.0020372000290080905,,1.0,325685.4615384615,325685.4615384615,13.20338258188374,14.136639907488204,13.203382581883742,0.5824342845088627,0.30105567255552235,,-325685.4615384615,1203925.0,1203925.0,0.7294802736561983,0.7294802736561983,1.0,3095622.387870079,3095622.387870079
one_step_202111,one_step_ex_ante,seasonal_moving_average_3,2008-01,2021-10,2021-11,2021-11,0.02708090003579855,,1.0,150784.0,150784.0,6.112826866211372,6.305550560576091,6.112826866211372,0.26965210771317505,0.13938104057878273,,-150784.0,1203925.0,1203925.0,0.8747563178769442,0.8747563178769442,1.0,3839182.9266185295,3839182.9266185295
one_step_202112,one_step_ex_ante,naive_last,2008-01,2021-11,2021-12,2021-12,0.0012247000122442842,,1.0,290048.0,290048.0,13.32552923458882,12.493140677912079,13.325529234588819,0.5147195125577982,0.26789895233846794,,290048.0,1211818.0,1211818.0,0.7606505267292614,0.7606505267292614,1.0,3644665.024849169,3644665.024849169
one_step_202112,one_step_ex_ante,seasonal_naive,2008-01,2021-11,2021-12,2021-12,0.0015147000085562468,,1.0,1211818.0,1211818.0,55.67394426440091,77.15023317257955,55.6739442644009,2.1504936088811712,1.1192794731385756,,-1211818.0,1211818.0,1211818.0,0.0,0.0,1.0,4255516.918546865,4255516.918546865
one_step_202112,one_step_ex_ante,drift,2008-01,2021-11,2021-12,2021-12,0.0011479000095278025,,1.0,297986.31901840493,297986.31901840493,13.690235428574807,12.813159572890935,13.690235428574805,0.5288068625677335,0.27523107442984324,,297986.31901840493,1211818.0,1211818.0,0.7540997748684993,0.7540997748684993,1.0,6378557.60725411,6378557.60725411
one_step_202112,one_step_ex_ante,same_month_historical_mean,2008-01,2021-11,2021-12,2021-12,0.0026250999653711915,,1.0,531155.076923077,531155.076923077,24.40259028036303,27.793792994241528,24.402590280363025,0.94258840704451,0.4905942762472097,,-531155.076923077,1211818.0,1211818.0,0.5616874176459856,0.5616874176459856,1.0,3087615.953867778,3087615.953867778
one_step_202112,one_step_ex_ante,seasonal_moving_average_3,2008-01,2021-11,2021-12,2021-12,0.02554460009559989,,1.0,328625.33333333326,328625.33333333326,15.097868237532506,16.330658920609757,15.097868237532504,0.5831788924160044,0.3035303898385088,,-328625.33333333326,1211818.0,1211818.0,0.7288162633882866,0.7288162633882866,1.0,3826686.614607197,3826686.614607197
one_step_202201,one_step_ex_ante,naive_last,2008-01,2021-12,2022-01,2022-01,0.0012231000000610948,,1.0,18568.0,18568.0,0.8604000063019389,0.8567144208365054,0.8604000063019389,0.0326999865346781,0.017135651835289478,,18568.0,1328134.0,1328134.0,0.9860194829738566,0.9860194829738566,1.0,3634612.5538648413,3634612.5538648413
one_step_202201,one_step_ex_ante,seasonal_naive,2008-01,2021-12,2022-01,2022-01,0.0017683999612927437,,1.0,1328134.0,1328134.0,61.54278877476407,88.89791760235448,61.54278877476407,2.338968328104705,1.2256808387877183,,-1328134.0,1328134.0,1328134.0,0.0,0.0,1.0,4257781.9921328435,4257781.9921328435
one_step_202201,one_step_ex_ante,drift,2008-01,2021-12,2022-01,2022-01,0.001172599964775145,,1.0,24689.329268292524,24689.329268292524,1.1440488506047788,1.1375418334693017,1.1440488506047788,0.043480220520432974,0.02278477759523282,,24689.329268292524,1328134.0,1328134.0,0.9814105133455716,0.9814105133455716,1.0,6335387.509828551,6335387.509828551
one_step_202201,one_step_ex_ante,same_month_historical_mean,2008-01,2021-12,2022-01,2022-01,0.0019465000368654728,,1.0,596770.142857143,596770.142857143,27.65300703765051,32.08992110897058,27.653007037650514,1.0509680975725173,0.5507348876398085,,-596770.142857143,1328134.0,1328134.0,0.5506702314245829,0.5506702314245829,1.0,3082172.508348492,3082172.508348492
one_step_202201,one_step_ex_ante,seasonal_moving_average_3,2008-01,2021-12,2022-01,2022-01,0.026519000064581633,,1.0,296185.0,296185.0,13.724557080274655,14.735766416820919,13.724557080274653,0.5216095170063353,0.2733370873995699,,-296185.0,1328134.0,1328134.0,0.7769916288567268,0.7769916288567268,1.0,3815351.2609532755,3815351.2609532755
one_step_202202,one_step_ex_ante,naive_last,2008-01,2022-01,2022-02,2022-02,0.001865800004452467,,1.0,306672.0,306672.0,16.564383378146413,15.297421597920916,16.564383378146413,0.5353311426986701,0.2825455667873349,,306672.0,1124268.0,1124268.0,0.7272251811845574,0.7272251811845574,1.0,3623522.3073975462,3623522.3073975462
one_step_202202,one_step_ex_ante,seasonal_naive,2008-01,2022-01,2022-02,2022-02,0.0016880000475794077,,1.0,1124268.0,1124268.0,60.72548576910155,87.20258132572174,60.72548576910155,1.9625387160860739,1.0358198312231421,,-1124268.0,1124268.0,1124268.0,0.0,0.0,1.0,4263194.616229768,4263194.616229768
one_step_202202,one_step_ex_ante,drift,2008-01,2022-01,2022-02,2022-02,0.00152749998960644,,1.0,312643.6969696968,312643.6969696968,16.886934762114212,15.572108832314985,16.886934762114212,0.5457554245458487,0.28804745970545326,,312643.6969696968,1124268.0,1124268.0,0.7219135499990245,0.7219135499990245,1.0,6327729.837320688,6327729.837320688
one_step_202202,one_step_ex_ante,same_month_historical_mean,2008-01,2022-01,2022-02,2022-02,0.0018878000555559993,,1.0,444775.7142857143,444775.7142857143,24.023828222718357,27.30350135485765,24.023828222718357,0.7764070126167001,0.40978441555179107,,-444775.7142857143,1124268.0,1124268.0,0.6043863969394181,0.6043863969394181,1.0,3077851.094275003,3077851.094275003
one_step_202202,one_step_ex_ante,seasonal_moving_average_3,2008-01,2022-01,2022-02,2022-02,0.025721699930727482,,1.0,276725.33333333326,276725.33333333326,14.946863462522469,16.15413144807236,14.946863462522469,0.4830558019871513,0.25495485779947574,,-276725.33333333326,1124268.0,1124268.0,0.7538617719855646,0.7538617719855646,1.0,3803865.390628273,3803865.390628273
one_step_202203,one_step_ex_ante,naive_last,2008-01,2022-02,2022-03,2022-03,0.0014395000180229545,,1.0,590802.0,590802.0,24.19142443931609,27.520187069561835,24.19142443931609,1.0248229567434939,0.5441920292161773,,-590802.0,1398785.0,1398785.0,0.5776320163570527,0.5776320163570527,1.0,3613777.3269878384,3613777.3269878384
one_step_202203,one_step_ex_ante,seasonal_naive,2008-01,2022-02,2022-03,2022-03,0.001635399996303022,,1.0,1398785.0,1398785.0,57.27570596299396,80.26062605451504,57.27570596299396,2.4263746222058287,1.288431060807429,,-1398785.0,1398785.0,1398785.0,0.0,0.0,1.0,4262617.454357751,4262617.454357751
one_step_202203,one_step_ex_ante,drift,2008-01,2022-02,2022-03,2022-03,0.0014031000901013613,,1.0,586713.6987951808,586713.6987951808,24.02402177364883,27.30375135945845,24.02402177364883,1.0177312662468794,0.5404262651722209,,-586713.6987951808,1398785.0,1398785.0,0.580554768034272,0.580554768034272,1.0,6301319.078228809,6301319.078228809
one_step_202203,one_step_ex_ante,same_month_historical_mean,2008-01,2022-02,2022-03,2022-03,0.0018514000112190843,,1.0,704754.7142857143,704754.7142857143,28.85741825331441,33.723247550428255,28.857418253314407,1.2224887696270528,0.6491547050734597,,-704754.7142857143,1398785.0,1398785.0,0.49616652002579786,0.49616652002579786,1.0,3071350.0397010744,3071350.0397010744
one_step_202203,one_step_ex_ante,seasonal_moving_average_3,2008-01,2022-02,2022-03,2022-03,0.02569669997319579,,1.0,917320.6666666667,917320.6666666667,37.56130411591317,46.2467442397053,37.56130411591317,1.5912120776423342,0.8449507534423885,,-917320.6666666667,1398785.0,1398785.0,0.3442018132403002,0.3442018132403002,1.0,3792346.879622766,3792346.879622766
one_step_202204,one_step_ex_ante,naive_last,2008-01,2022-03,2022-04,2022-04,0.0013761000009253621,,1.0,479244.0,479244.0,16.404375924201766,17.870116465770607,16.404375924201762,0.8236325996090066,0.4404860182165326,,-479244.0,1741878.0,1741878.0,0.7248693651334939,0.7248693651334939,1.0,3607268.8812128827,3607268.8812128827
one_step_202204,one_step_ex_ante,seasonal_naive,2008-01,2022-03,2022-04,2022-04,0.0014312999555841088,,1.0,1741878.0,1741878.0,59.623952571334684,84.9488978547194,59.623952571334684,2.9936055648933264,1.6010068032963947,,-1741878.0,1741878.0,1741878.0,0.0,0.0,1.0,4269620.225755095,4269620.225755095
one_step_202204,one_step_ex_ante,drift,2008-01,2022-03,2022-04,2022-04,0.0012015999527648091,,1.0,471642.44311377266,471642.44311377266,16.14417695087945,17.561779315051915,16.14417695087945,0.8105685026995426,0.43349922333738805,,-471642.44311377266,1741878.0,1741878.0,0.7292333658765007,0.7292333658765007,1.0,6361865.563559239,6361865.563559239
one_step_202204,one_step_ex_ante,same_month_historical_mean,2008-01,2022-03,2022-04,2022-04,0.0021750000305473804,,1.0,678951.3076923075,678951.3076923075,23.240296144788445,26.29592111539763,23.240296144788445,1.1668511876258227,0.6240423627385892,,-678951.3076923075,1741878.0,1741878.0,0.610218793915356,0.610218793915356,1.0,3069097.289876771,3069097.289876771
one_step_202204,one_step_ex_ante,seasonal_moving_average_3,2008-01,2022-03,2022-04,2022-04,0.026368699967861176,,1.0,482644.3333333335,482644.3333333335,16.520768296912944,18.008325131475882,16.520768296912944,0.8294764398717343,0.4436113558120143,,-482644.3333333335,1741878.0,1741878.0,0.7229172575040654,0.7229172575040654,1.0,3790497.5099251037,3790497.5099251037
one_step_202205,one_step_ex_ante,naive_last,2008-01,2022-04,2022-05,2022-05,0.0016107000410556793,,1.0,1156985.0,1156985.0,28.368426537204925,33.05735182035654,28.368426537204925,1.9629918499824586,1.0580594401310839,,-1156985.0,3052866.0,3052866.0,0.6210167757117411,0.6210167757117411,1.0,3599279.926098177,3599279.926098177
one_step_202205,one_step_ex_ante,seasonal_naive,2008-01,2022-04,2022-05,2022-05,0.0016719000414013863,,1.0,3052866.0,3052866.0,74.85404292098052,119.6267856639049,74.85404292098053,5.179627287379308,2.791837137694284,,-3052866.0,3052866.0,3052866.0,0.0,0.0,0.0,4288232.511671729,40638222.27823714
one_step_202205,one_step_ex_ante,drift,2008-01,2022-04,2022-05,2022-05,0.001373999984934926,,1.0,1146576.0476190476,1146576.0476190476,28.113206632929316,32.71130501910349,28.11320663292932,1.9453315616548958,1.0485404832487202,,-1146576.0476190476,3052866.0,3052866.0,0.6244263431087222,0.6244263431087222,1.0,6457329.797386631,6457329.797386631
one_step_202205,one_step_ex_ante,same_month_historical_mean,2008-01,2022-04,2022-05,2022-05,0.001814700081013143,,1.0,918738.6153846155,918738.6153846155,22.526799325342882,25.386141952371602,22.526799325342886,1.5587725115400535,0.8401838096610185,,-918738.6153846155,3052866.0,3052866.0,0.6990570122027578,0.6990570122027578,1.0,3066340.0432257825,3066340.0432257825
one_step_202205,one_step_ex_ante,seasonal_moving_average_3,2008-01,2022-04,2022-05,2022-05,0.03880890004802495,,1.0,1066451.6666666665,1066451.6666666665,26.14861537644229,30.08157275602052,26.148615376442294,1.809388998186559,0.9752669683359718,,-1066451.6666666665,3052866.0,3052866.0,0.6506719696617321,0.6506719696617321,1.0,3780995.361135979,3780995.361135979
one_step_202206,one_step_ex_ante,naive_last,2008-01,2022-05,2022-06,2022-06,0.0013473000144585967,,1.0,860840.0,860840.0,17.428504038556344,19.092250897957236,17.428504038556344,1.4221893480213308,0.7705289204240333,,-860840.0,3078176.0,3078176.0,0.7203408771948063,0.7203408771948063,1.0,3605167.6123141143,3605167.6123141143
one_step_202206,one_step_ex_ante,seasonal_naive,2008-01,2022-05,2022-06,2022-06,0.002309400006197393,,1.0,3078176.0,3078176.0,62.320527446897465,90.52987535648879,62.320527446897465,5.08543877902387,2.7552432858082447,,-3078176.0,3078176.0,3078176.0,0.0,0.0,0.0,4375425.267543431,39993959.91667481
one_step_202206,one_step_ex_ante,drift,2008-01,2022-05,2022-06,2022-06,0.0015736999921500683,,1.0,843646.5739644971,843646.5739644971,17.08040718537064,18.675317304778737,17.08040718537064,1.393784177067745,0.7551392638077905,,-843646.5739644971,3078176.0,3078176.0,0.7259264662045,0.7259264662045,1.0,6873118.951418277,6873118.951418277
one_step_202206,one_step_ex_ante,same_month_historical_mean,2008-01,2022-05,2022-06,2022-06,0.0021384001011028886,,1.0,1215238.076923077,1215238.076923077,24.60362173163572,28.054880008971537,24.60362173163572,2.0076885928975496,1.087746948875188,,-1215238.076923077,3078176.0,3078176.0,0.6052083841459757,0.6052083841459757,1.0,3068887.302028442,3068887.302028442
one_step_202206,one_step_ex_ante,seasonal_moving_average_3,2008-01,2022-05,2022-06,2022-06,0.029365999973379076,,1.0,1091186.3333333335,1091186.3333333335,22.092079152127564,24.835408167147673,22.092079152127564,1.802743343679569,0.9767095248882404,,-1091186.3333333335,3078176.0,3078176.0,0.6455087904871802,0.6455087904871802,1.0,3782723.0407507466,3782723.0407507466
one_step_202207,one_step_ex_ante,naive_last,2008-01,2022-06,2022-07,2022-07,0.0011540999403223395,,1.0,1419858.0,1419858.0,22.327890182341182,25.133815549616457,22.327890182341182,2.285875974863335,1.2448727993340933,,-1419858.0,2623591.0,2623591.0,0.45881122476788494,0.45881122476788494,1.0,3603423.233156029,3603423.233156029
one_step_202207,one_step_ex_ante,seasonal_naive,2008-01,2022-06,2022-07,2022-07,0.0014573999214917421,,1.0,2623591.0,2623591.0,41.25711988901614,51.97980515431186,41.257119889016145,4.223805221907875,2.3002561329919846,,-2623591.0,2623591.0,2623591.0,0.0,0.0,0.0,4460229.041086551,20199288.219355535
one_step_202207,one_step_ex_ante,drift,2008-01,2022-06,2022-07,2022-07,0.0013019000180065632,,1.0,1397701.947058824,1397701.947058824,21.97947652622577,24.69319390521145,21.97947652622577,2.2502062183693514,1.225447288017415,,-1397701.947058824,2623591.0,2623591.0,0.4672561588072135,0.4672561588072135,1.0,7302555.22987319,7302555.22987319
one_step_202207,one_step_ex_ante,same_month_historical_mean,2008-01,2022-06,2022-07,2022-07,0.002116899937391281,,1.0,1845579.7142857146,1845579.7142857146,29.022550975751134,33.948981156731385,29.02255097575113,2.9712593291588685,1.6181279996429738,,-1845579.7142857146,2623591.0,2623591.0,0.29654442545133197,0.29654442545133197,0.0,3080035.47308472,15302514.582818905
one_step_202207,one_step_ex_ante,seasonal_moving_average_3,2008-01,2022-06,2022-07,2022-07,0.029820700059644878,,1.0,2620583.0,2620583.0,41.20981776889675,51.90474271125903,41.20981776889675,4.218962544025729,2.297618842938756,,-2620583.0,2623591.0,2623591.0,0.001146520170255183,0.001146520170255183,0.0,3784913.34233949,32909966.495549697
one_step_202208,one_step_ex_ante,naive_last,2008-01,2022-07,2022-08,2022-08,0.0012222999939695,,1.0,1633299.0,1633299.0,20.435595117475028,22.761298522214855,20.435595117475028,2.576594391724969,1.412831209636781,,-1633299.0,2493365.0,2493365.0,0.3449418757382092,0.3449418757382092,1.0,3617156.887529105,3617156.887529105
one_step_202208,one_step_ex_ante,seasonal_naive,2008-01,2022-07,2022-08,2022-08,0.0015389000764116645,,1.0,2493365.0,2493365.0,31.19661349213042,36.962070652150146,31.19661349213042,3.933382850000721,2.156802819946631,,-2493365.0,2493365.0,2493365.0,0.0,0.0,0.0,4514347.285140919,13962001.582322547
one_step_202208,one_step_ex_ante,drift,2008-01,2022-07,2022-08,2022-08,0.0015636999160051346,,1.0,1602969.2514619883,1602969.2514619883,20.056113797069127,22.29152011805607,20.056113797069127,2.528748002309761,1.38659546510076,,-1602969.2514619883,2493365.0,2493365.0,0.3571060588955134,0.3571060588955134,1.0,8214324.422865406,8214324.422865406
one_step_202208,one_step_ex_ante,same_month_historical_mean,2008-01,2022-07,2022-08,2022-08,0.0018166000954806805,,1.0,2306197.5,2306197.5,28.854801460683632,33.71967394581036,28.854801460683632,3.6381186449695644,1.9948997725378637,,-2306197.5,2493365.0,2493365.0,0.07506622576317545,0.07506622576317545,0.0,3117179.779986896,33021484.180248983
one_step_202208,one_step_ex_ante,seasonal_moving_average_3,2008-01,2022-07,2022-08,2022-08,0.030545899993740022,,1.0,2706047.333333333,2706047.333333333,33.85766333826383,40.75741802909349,33.85766333826383,4.268897723447436,2.340776628950191,,-2706047.333333333,2493365.0,2493365.0,-0.08529931772256893,-0.08529931772256893,0.0,3856500.2680814527,34968388.239785716
one_step_202209,one_step_ex_ante,naive_last,2008-01,2022-08,2022-09,2022-09,0.0012396000092849135,,1.0,1343840.0,1343840.0,20.212430259565124,18.35721102186708,20.21243025956512,2.08132006723298,1.1492391728886444,,1343840.0,2242499.0,2242499.0,0.400739978033435,0.400739978033435,1.0,3638249.687451169,3638249.687451169
one_step_202209,one_step_ex_ante,seasonal_naive,2008-01,2022-08,2022-09,2022-09,0.001538999960757792,,1.0,2242499.0,2242499.0,33.72898160840913,40.571089218895374,33.72898160840913,3.473150203483964,1.9177637932816498,,-2242499.0,2242499.0,2242499.0,0.0,0.0,1.0,4559580.121170595,4559580.121170595
one_step_202209,one_step_ex_ante,drift,2008-01,2022-08,2022-09,2022-09,0.0013203999260440469,,1.0,1383489.337209302,1383489.337209302,20.80878805750312,18.84778974656034,20.80878805750312,2.1427283905350154,1.183146908556582,,1383489.337209302,2242499.0,2242499.0,0.38305910628753814,0.38305910628753814,1.0,9468267.783421224,9468267.783421224
one_step_202209,one_step_ex_ante,same_month_historical_mean,2008-01,2022-08,2022-09,2022-09,0.0018964000046253204,,1.0,1821282.9285714282,1821282.9285714282,27.393554423656475,31.741056172250943,27.393554423656475,2.8207768092515204,1.5575438195228868,,-1821282.9285714282,2242499.0,2242499.0,0.18783333746350472,0.18783333746350472,0.0,3178644.335144447,12457074.77511263
one_step_202209,one_step_ex_ante,seasonal_moving_average_3,2008-01,2022-08,2022-09,2022-09,0.028768900083377957,,1.0,2054566.333333333,2054566.333333333,30.902323733592112,36.54967284696036,30.902323733592112,3.1820827918710184,1.7570455661126732,,-2054566.333333333,2242499.0,2242499.0,0.08380501693274645,0.08380501693274645,0.0,3930314.176893459,7506683.972357588
one_step_202210,one_step_ex_ante,naive_last,2008-01,2022-09,2022-10,2022-10,0.0011815999168902636,,1.0,728768.0,728768.0,12.310657057806209,11.59683383623495,12.310657057806209,1.1114179548718939,0.6180526803051121,,728768.0,1513018.0,1513018.0,0.5183348777079981,0.5183348777079981,1.0,3651014.557425298,3651014.557425298
one_step_202210,one_step_ex_ante,seasonal_naive,2008-01,2022-09,2022-10,2022-10,0.0015808999305590987,,1.0,1513018.0,1513018.0,25.558539508166977,29.303285395691326,25.55853950816698,2.307449519249422,1.2831584677838215,,-1513018.0,1513018.0,1513018.0,0.0,0.0,1.0,4591381.714071004,4591381.714071004
one_step_202210,one_step_ex_ante,drift,2008-01,2022-09,2022-10,2022-10,0.0013436999870464206,,1.0,760420.2890173411,760420.2890173411,12.845340901206374,12.070117059474303,12.845340901206376,1.1596897263089867,0.6448963151312292,,760420.2890173411,1513018.0,1513018.0,0.49741490913039954,0.49741490913039954,1.0,8362377.5891338345,8362377.5891338345
one_step_202210,one_step_ex_ante,same_month_historical_mean,2008-01,2022-09,2022-10,2022-10,0.0020929999882355332,,1.0,2010147.4285714286,2010147.4285714286,33.956259919170236,40.90037950559341,33.95625991917024,3.065603791678358,1.7047633897715053,,-2010147.4285714286,1513018.0,1513018.0,-0.3285680861506133,-0.3285680861506133,0.0,3212531.2170616454,19367804.018685885
one_step_202210,one_step_ex_ante,seasonal_moving_average_3,2008-01,2022-09,2022-10,2022-10,0.028741999994963408,,1.0,1853342.6666666665,1853342.6666666665,31.30744761012198,37.117759102684026,31.307447610121983,2.826466469800387,1.5717805977446282,,-1853342.6666666665,1513018.0,1513018.0,-0.22493100985359504,-0.22493100985359504,1.0,3965123.6214138092,3965123.6214138092
one_step_202211,one_step_ex_ante,naive_last,2008-01,2022-10,2022-11,2022-11,0.0018048998899757862,,1.0,2481729.0,2481729.0,72.18346841337548,53.04030317061554,72.18346841337546,3.754118936671511,2.100462432119484,,2481729.0,971403.0,971403.0,-1.554788280456206,-1.554788280456206,0.0,3647453.872327594,29967536.425775714
one_step_202211,one_step_ex_ante,seasonal_naive,2008-01,2022-10,2022-11,2022-11,0.0019039000617340207,,1.0,971403.0,971403.0,28.2541880145488,32.90233128589155,28.254188014548795,1.4694442452981433,0.8221669279555355,,-971403.0,971403.0,971403.0,0.0,0.0,1.0,4595959.327933874,4595959.327933874
one_step_202211,one_step_ex_ante,drift,2008-01,2022-10,2022-11,2022-11,0.001916700042784214,,1.0,2509011.057471264,2509011.057471264,72.97699322358999,53.46750461407273,72.97699322358999,3.795388587219268,2.1235531631337548,,2509011.057471264,971403.0,971403.0,-1.582873490684365,-1.582873490684365,1.0,7823348.310955498,7823348.310955498
one_step_202211,one_step_ex_ante,same_month_historical_mean,2008-01,2022-10,2022-11,2022-11,0.0019266000017523766,,1.0,1273825.214285714,1273825.214285714,37.050428197258476,45.474716855481944,37.050428197258476,1.9269192401586333,1.0781281951791246,,-1273825.214285714,971403.0,971403.0,-0.31132518047166213,-0.31132518047166213,1.0,3254855.8833926925,3254855.8833926925
one_step_202211,one_step_ex_ante,seasonal_moving_average_3,2008-01,2022-10,2022-11,2022-11,0.02971959998831153,,1.0,1193099.6666666665,1193099.6666666665,34.702448213661576,41.98785503915693,34.702448213661576,1.8048054610192332,1.0098044660023766,,-1193099.6666666665,971403.0,971403.0,-0.22822316450192814,-0.22822316450192814,1.0,3989786.615352009,3989786.615352009
one_step_202212,one_step_ex_ante,naive_last,2008-01,2022-11,2022-12,2022-12,0.0012771000619977713,,1.0,817873.0,817873.0,31.21400100449887,27.000095901538007,31.214001004498872,1.2336020114981563,0.692921317428161,,817873.0,443578.0,443578.0,-0.8438087551682003,-0.8438087551682003,1.0,3712169.644874437,3712169.644874437
one_step_202212,one_step_ex_ante,seasonal_naive,2008-01,2022-11,2022-12,2022-12,0.0017457000212743878,,1.0,443578.0,443578.0,16.929088180651032,18.494569139805613,16.929088180651032,0.6690509566354791,0.37580975547811063,,-443578.0,443578.0,443578.0,0.0,0.0,1.0,4588210.072874278,4588210.072874278
one_step_202212,one_step_ex_ante,drift,2008-01,2022-11,2022-12,2022-12,0.002158899907954037,,1.0,830817.8514285716,830817.8514285716,31.708039327679273,27.36895916057368,31.708039327679273,1.2531267968387052,0.7038885012156165,,830817.8514285716,443578.0,443578.0,-0.8729915627658982,-0.8729915627658982,1.0,6654751.591465698,6654751.591465698
one_step_202212,one_step_ex_ante,same_month_historical_mean,2008-01,2022-11,2022-12,2022-12,0.002064000000245869,,1.0,936793.4285714286,936793.4285714286,35.75258141598575,43.53502992523191,35.75258141598575,1.4129702995990439,0.7936735124936979,,-936793.4285714286,443578.0,443578.0,-1.111902367952037,-1.111902367952037,1.0,3265964.725224682,3265964.725224682
one_step_202212,one_step_ex_ante,seasonal_moving_average_3,2008-01,2022-11,2022-12,2022-12,0.02859640005044639,,1.0,773619.0,773619.0,29.525053697945054,34.63858395430291,29.52505369794505,1.1668534779032835,0.6554282836913022,,-773619.0,443578.0,443578.0,-0.7440427613632776,-0.7440427613632776,1.0,3991566.0174101368,3991566.0174101368
one_step_202301,one_step_ex_ante,naive_last,2008-01,2022-12,2023-01,2023-01,0.0037471000105142593,,1.0,457442.0,457442.0,14.863334214957236,16.0566078598549,14.863334214957236,0.6913745041932191,0.388586988067086,,-457442.0,919588.0,919588.0,0.5025576671291927,0.5025576671291927,1.0,3709679.6441971157,3709679.6441971157
one_step_202301,one_step_ex_ante,seasonal_naive,2008-01,2022-12,2023-01,2023-01,0.0017781000351533294,,1.0,919588.0,919588.0,29.879512121895445,35.12747052936368,29.879512121895445,1.3898585996957735,0.7811699213947024,,-919588.0,919588.0,919588.0,0.0,0.0,1.0,4574670.596734744,4574670.596734744
one_step_202301,one_step_ex_ante,drift,2008-01,2022-12,2023-01,2023-01,0.002480899915099144,,1.0,449217.7045454546,449217.7045454546,14.59610809224996,15.745201400100525,14.596108092249962,0.6789443639957189,0.3816006287042474,,-449217.7045454546,919588.0,919588.0,0.5115011238234355,0.5115011238234355,1.0,6495119.116607809,6495119.116607809
one_step_202301,one_step_ex_ante,same_month_historical_mean,2008-01,2022-12,2023-01,2023-01,0.0032680999720469117,,1.0,1476573.4666666666,1476573.4666666666,47.977240673144756,63.118497369188916,47.977240673144756,2.2316823737687606,1.2543169102788458,,-1476573.4666666666,919588.0,919588.0,-0.605690229392583,-0.605690229392583,1.0,3267633.7801107145,3267633.7801107145
one_step_202301,one_step_ex_ante,seasonal_moving_average_3,2008-01,2022-12,2023-01,2023-01,0.04511169996112585,,1.0,1238513.6666666667,1238513.6666666667,40.24213464758113,50.37890880528323,40.24213464758113,1.8718805274290349,1.0520903096128535,,-1238513.6666666667,919588.0,919588.0,-0.3468136455311148,-0.3468136455311148,1.0,3984572.686284007,3984572.686284007
one_step_202302,one_step_ex_ante,naive_last,2008-01,2023-01,2023-02,2023-02,0.0012375999940559268,,1.0,762737.0,762737.0,32.94878390888313,28.288436072515317,32.94878390888313,1.150044499125188,0.648704493800251,,762737.0,463523.0,463523.0,-0.6455213657143226,-0.6455213657143226,1.0,3701492.9343294986,3701492.9343294986
one_step_202302,one_step_ex_ante,seasonal_naive,2008-01,2023-01,2023-02,2023-02,0.0015913000097498298,,1.0,463523.0,463523.0,20.023309691016998,22.251003345645586,20.023309691017,0.6988936899193359,0.39422429104628953,,-463523.0,463523.0,463523.0,0.0,0.0,1.0,4566186.253839922,4566186.253839922
one_step_202302,one_step_ex_ante,drift,2008-01,2023-01,2023-02,2023-02,0.0015077999560162425,,1.0,773499.2485875706,773499.2485875706,33.41369252494023,28.63044765154039,33.41369252494023,1.1662716715140369,0.6578577393123376,,773499.2485875706,463523.0,463523.0,-0.6687397358654708,-0.6687397358654708,1.0,6552176.871653869,6552176.871653869
one_step_202302,one_step_ex_ante,same_month_historical_mean,2008-01,2023-01,2023-02,2023-02,0.002119299955666065,,1.0,878647.0,878647.0,37.95587487585948,46.84634490362651,37.95587487585948,1.3248120243581327,0.7472854435593252,,-878647.0,463523.0,463523.0,-0.8955844693790815,-0.8955844693790815,1.0,3285506.243210824,3285506.243210824
one_step_202302,one_step_ex_ante,seasonal_moving_average_3,2008-01,2023-01,2023-02,2023-02,0.027724800049327314,,1.0,771436.0,771436.0,33.324564120441465,39.98737299780893,33.324564120441465,1.1631607332896379,0.6561029553821178,,-771436.0,463523.0,463523.0,-0.6642885034831065,-0.6642885034831065,1.0,3987260.05501985,3987260.05501985
one_step_202303,one_step_ex_ante,naive_last,2008-01,2023-02,2023-03,2023-03,0.0012474999530240893,,1.0,474078.0,474078.0,16.99816600603443,18.577044431800548,16.99816600603443,0.7161231879602781,0.40424352747120984,,-474078.0,346799.0,346799.0,-0.3670108621997179,-0.3670108621997179,1.0,3698011.7864851234,3698011.7864851234
one_step_202303,one_step_ex_ante,seasonal_naive,2008-01,2023-02,2023-03,2023-03,0.0015131999971345067,,1.0,346799.0,346799.0,12.434550796971669,13.258892668992587,12.434550796971669,0.5238606420492756,0.2957134713770479,,-346799.0,346799.0,346799.0,0.0,0.0,1.0,4552961.558745798,4552961.558745798
one_step_202303,one_step_ex_ante,drift,2008-01,2023-02,2023-03,2023-03,0.001369000063277781,,1.0,467661.25280898856,467661.25280898856,16.768092191236935,18.30258975280396,16.768092191236935,0.7064303073483065,0.39877200481167824,,-467661.25280898856,346799.0,346799.0,-0.34850807761553115,-0.34850807761553115,1.0,6449304.416376128,6449304.416376128
one_step_202303,one_step_ex_ante,same_month_historical_mean,2008-01,2023-02,2023-03,2023-03,0.0020179999992251396,,1.0,1004570.0666666667,1004570.0666666667,36.01907019075569,43.93080370096199,36.01907019075569,1.5174631994541035,0.8565909984038951,,-1004570.0666666667,346799.0,346799.0,-1.8966925125697212,-1.8966925125697212,1.0,3285785.6061763265,3285785.6061763265
one_step_202303,one_step_ex_ante,seasonal_moving_average_3,2008-01,2023-02,2023-03,2023-03,0.02841129992157221,,1.0,1274436.6666666667,1274436.6666666667,45.695193668926144,59.22718125951734,45.695193668926144,1.9251128476470194,1.0867046639413427,,-1274436.6666666667,346799.0,346799.0,-2.6748568094679244,-2.6748568094679244,1.0,3980171.3988843784,3980171.3988843784
one_step_202304,one_step_ex_ante,naive_last,2008-01,2023-03,2023-04,2023-04,0.0011935000075027347,,1.0,752276.0,752276.0,21.243107347616153,23.76759523217508,21.243107347616153,1.1396465846678028,0.6432425626415337,,-752276.0,619831.0,619831.0,-0.21367921255955258,-0.21367921255955258,1.0,3690154.2092632614,3690154.2092632614
one_step_202304,one_step_ex_ante,seasonal_naive,2008-01,2023-03,2023-04,2023-04,0.0015983999473974109,,1.0,619831.0,619831.0,17.503065989583966,19.18176443291368,17.503065989583966,0.9390014864507559,0.5299938863457886,,-619831.0,619831.0,619831.0,0.0,0.0,1.0,4539325.3070849255,4539325.3070849255
one_step_202304,one_step_ex_ante,drift,2008-01,2023-03,2023-04,2023-04,0.0012209999840706587,,1.0,743246.6201117318,743246.6201117318,20.988131665487668,23.448871698571388,20.98813166548767,1.1259676929427802,0.6355218837173175,,-743246.6201117318,619831.0,619831.0,-0.1991117257957924,-0.1991117257957924,1.0,6489036.524745854,6489036.524745854
one_step_202304,one_step_ex_ante,same_month_historical_mean,2008-01,2023-03,2023-04,2023-04,0.0019910000264644623,,1.0,1250285.785714286,1250285.785714286,35.30613120866169,42.874858023273944,35.30613120866169,1.894097280184382,1.0690717673262746,,-1250285.785714286,619831.0,619831.0,-1.0171398102293785,-1.0171398102293785,1.0,3288964.3937507533,3288964.3937507533
one_step_202304,one_step_ex_ante,seasonal_moving_average_3,2008-01,2023-03,2023-04,2023-04,0.027978099999018013,,1.0,1085518.3333333335,1085518.3333333335,30.653353932340494,36.20190259935054,30.65335393234049,1.6444858817476817,0.9281853927650223,,-1085518.3333333335,619831.0,619831.0,-0.7513133956406399,-0.7513133956406399,1.0,3983517.065091816,3983517.065091816
one_step_202305,one_step_ex_ante,naive_last,2008-01,2023-04,2023-05,2023-05,0.001599100069142878,,1.0,1043187.0,1043187.0,22.754860007442538,25.676145487992525,22.754860007442538,1.580937745664884,0.8939278157780518,,-1043187.0,506033.0,506033.0,-1.0614999417034068,-1.0614999417034068,1.0,3686234.0538754165,3686234.0538754165
one_step_202305,one_step_ex_ante,seasonal_naive,2008-01,2023-04,2023-05,2023-05,0.0021043000742793083,,1.0,506033.0,506033.0,11.038011472675722,11.682785049734598,11.038011472675723,0.7668871163578901,0.4336298040539375,,-506033.0,506033.0,506033.0,0.0,0.0,1.0,4527466.553654021,4527466.553654021
one_step_202305,one_step_ex_ante,drift,2008-01,2023-04,2023-05,2023-05,0.0014362999936565757,,1.0,1030028.472222222,1030028.472222222,22.467835286575248,25.31128409642635,22.46783528657525,1.5609961501108087,0.882652010006657,,-1030028.472222222,506033.0,506033.0,-1.0354966419625242,-1.0354966419625242,1.0,6643783.948956044,6643783.948956044
one_step_202305,one_step_ex_ante,same_month_historical_mean,2008-01,2023-04,2023-05,2023-05,0.002085600048303604,,1.0,1359147.4285714286,1359147.4285714286,29.646850916104555,34.80634326460744,29.646850916104558,2.0597720943147664,1.164680629784701,,-1359147.4285714286,506033.0,506033.0,-1.685886945261334,-1.685886945261334,1.0,3298748.1561877267,3298748.1561877267
one_step_202305,one_step_ex_ante,seasonal_moving_average_3,2008-01,2023-04,2023-05,2023-05,0.028508499963209033,,1.0,1476517.6666666665,1476517.6666666665,32.20702789002902,38.38900698286771,32.20702789002902,2.2376453228178406,1.2652575355339346,,-1476517.6666666665,506033.0,506033.0,-1.9178288109010015,-1.9178288109010015,1.0,3982108.816862059,3982108.816862059
one_step_202306,one_step_ex_ante,naive_last,2008-01,2023-05,2023-06,2023-06,0.0012656999751925468,,1.0,1285308.0,1285308.0,21.897090957288587,24.589256935761085,21.897090957288587,1.9505921038175336,1.1040935046425626,,-1285308.0,930501.0,930501.0,-0.38130748919130664,-0.38130748919130664,1.0,3688210.9448404643,3688210.9448404643
one_step_202306,one_step_ex_ante,seasonal_naive,2008-01,2023-05,2023-06,2023-06,0.0017599000129848719,,1.0,930501.0,930501.0,15.852437729204198,17.217102994708778,15.852437729204196,1.4121346036859015,0.7993104455612268,,-930501.0,930501.0,930501.0,0.0,0.0,1.0,4514830.934440762,4514830.934440762
one_step_202306,one_step_ex_ante,drift,2008-01,2023-05,2023-06,2023-06,0.0013163000112399459,,1.0,1266458.7071823208,1266458.7071823208,21.57596584228947,24.185044289737657,21.575965842289467,1.9219862896992757,1.0879017577872523,,-1266458.7071823208,930501.0,930501.0,-0.36105034511765255,-0.36105034511765255,1.0,7023744.992719714,7023744.992719714
one_step_202306,one_step_ex_ante,same_month_historical_mean,2008-01,2023-05,2023-06,2023-06,0.0019953999435529113,,1.0,2058936.3571428573,2058936.3571428573,35.07697508116775,42.53738991075513,35.07697508116775,3.1246557249357307,1.7686486495017912,,-2058936.3571428573,930501.0,930501.0,-1.2127180488176341,-1.2127180488176341,0.0,3311795.2462712093,19433344.606561303
one_step_202306,one_step_ex_ante,seasonal_moving_average_3,2008-01,2023-05,2023-06,2023-06,0.02968430006876588,,1.0,1844230.3333333335,1844230.3333333335,31.419145726308912,37.2748683255572,31.41914572630891,2.7988164127359187,1.584213847652175,,-1844230.3333333335,930501.0,930501.0,-0.9819756597073335,-0.9819756597073335,1.0,3990761.8684945023,3990761.8684945023
one_step_202307,one_step_ex_ante,naive_last,2008-01,2023-06,2023-07,2023-07,0.0012789000757038593,,1.0,1056580.0,1056580.0,15.2545079324654,16.51407865139036,15.254507932465401,1.5995489608418354,0.9085906706854894,,-1056580.0,567223.0,567223.0,-0.8627241843155162,-0.8627241843155162,1.0,3696371.3091355506,3696371.3091355506
one_step_202307,one_step_ex_ante,seasonal_naive,2008-01,2023-06,2023-07,2023-07,0.0016006999649107456,,1.0,567223.0,567223.0,8.189354098105985,8.538998510327335,8.189354098105985,0.8587148727172466,0.4877752049047259,,-567223.0,567223.0,567223.0,0.0,0.0,1.0,4506841.740755759,4506841.740755759
one_step_202307,one_step_ex_ante,drift,2008-01,2023-06,2023-07,2023-07,0.0012747999280691147,,1.0,1030772.1428571427,1030772.1428571427,14.88190371744557,16.078280855622697,14.881903717445573,1.560478629135375,0.8863975776585685,,-1030772.1428571427,567223.0,567223.0,-0.8172255759324687,-0.8172255759324687,1.0,7707897.569194553,7707897.569194553
one_step_202307,one_step_ex_ante,same_month_historical_mean,2008-01,2023-06,2023-07,2023-07,0.0019127000123262405,,1.0,2289764.0666666664,2289764.0666666664,33.0587595056133,39.6052639931412,33.058759505613295,3.4664575644150384,1.9690494511009105,,-2289764.0666666664,567223.0,567223.0,-3.0367969328935294,-3.0367969328935294,0.0,3352875.0281632505,27885937.131564897
one_step_202307,one_step_ex_ante,seasonal_moving_average_3,2008-01,2023-06,2023-07,2023-07,0.02896649995818734,,1.0,3302446.6666666665,3302446.6666666665,47.67949315074163,62.60416819375068,47.67949315074162,4.999550563045155,2.839891188333799,,-3302446.6666666665,567223.0,567223.0,-4.822131096000455,-4.822131096000455,0.0,4011581.7600721763,55877813.22529531
one_step_202308,one_step_ex_ante,naive_last,2008-01,2023-07,2023-08,2023-08,0.0012504999758675694,,1.0,1561680.0,1561680.0,18.398624132395447,20.262648390735606,18.398624132395447,2.366194419217187,1.345982263668498,,-1561680.0,495604.0,495604.0,-2.1510641560600803,-2.1510641560600803,1.0,3698283.6576136313,3698283.6576136313
one_step_202308,one_step_ex_ante,seasonal_naive,2008-01,2023-07,2023-08,2023-08,0.0017604000167921185,,1.0,495604.0,495604.0,5.838860531294319,6.014448150924053,5.83886053129432,0.7509191504928759,0.42715165322163456,,-495604.0,495604.0,495604.0,0.0,0.0,1.0,4494805.040317908,4494805.040317908
one_step_202308,one_step_ex_ante,drift,2008-01,2023-07,2023-08,2023-08,0.0017170999199151993,,1.0,1530239.5081967209,1530239.5081967209,18.028214194875474,19.814296062557823,18.028214194875474,2.3185570567342433,1.3188843022882994,,-1530239.5081967209,495604.0,495604.0,-2.087625419077975,-2.087625419077975,1.0,8393826.605788093,8393826.605788093
one_step_202308,one_step_ex_ante,same_month_historical_mean,2008-01,2023-07,2023-08,2023-08,0.0022603999823331833,,1.0,2648055.0,2648055.0,31.197536388319264,36.96336619835976,31.197536388319264,4.012225912338102,2.2823081958011144,,-2648055.0,495604.0,495604.0,-4.343086415767427,-4.343086415767427,0.0,3404858.692161702,41229884.84892767
one_step_202308,one_step_ex_ante,seasonal_moving_average_3,2008-01,2023-07,2023-08,2023-08,0.02944239997304976,,1.0,3259894.0,3259894.0,38.405796589218745,47.53363150234927,38.40579658921874,4.93925963708288,2.8096405828590716,,-3259894.0,495604.0,495604.0,-5.577618421158828,-5.577618421158828,0.0,4109165.8598319124,52321608.663193665
one_step_202309,one_step_ex_ante,naive_last,2008-01,2023-08,2023-09,2023-09,0.0013103000819683075,,1.0,1474165.0,1474165.0,21.017881591893538,19.01916844059049,21.017881591893538,2.2368726525752978,1.2736209063112076,,1474165.0,365279.0,365279.0,-3.0357233785681625,-3.0357233785681625,1.0,3714581.048347231,3714581.048347231
one_step_202309,one_step_ex_ante,seasonal_naive,2008-01,2023-08,2023-09,2023-09,0.0015249999705702066,,1.0,365279.0,365279.0,5.207958925904006,5.3471988867583935,5.207958925904006,0.5542680810221733,0.3155867701623981,,-365279.0,365279.0,365279.0,0.0,0.0,1.0,4482380.976487592,4482380.976487592
one_step_202309,one_step_ex_ante,drift,2008-01,2023-08,2023-09,2023-09,0.0013939000200480223,,1.0,1513922.0108695645,1513922.0108695645,21.584716475983264,19.48213470609355,21.584716475983264,2.2971992580518,1.307969408830206,,1513922.0108695645,365279.0,365279.0,-3.144563500419035,-3.144563500419035,1.0,9580211.086730797,9580211.086730797
one_step_202309,one_step_ex_ante,same_month_historical_mean,2008-01,2023-08,2023-09,2023-09,0.001974700018763542,,1.0,2065143.0666666664,2065143.0666666664,29.443740996102807,34.52672000202587,29.443740996102807,3.133612621030991,1.784202843121568,,-2065143.0666666664,365279.0,365279.0,-4.65360468755846,-4.65360468755846,0.0,3475492.183959758,16571371.171431256
one_step_202309,one_step_ex_ante,seasonal_moving_average_3,2008-01,2023-08,2023-09,2023-09,0.02970719989389181,,1.0,2450907.666666667,2450907.666666667,34.94377300415088,42.34165973638748,34.94377300415088,3.7189651996579762,2.117488370504718,,-2450907.666666667,365279.0,365279.0,-5.709686750858021,-5.709686750858021,0.0,4199378.783341492,18248109.783178337
one_step_202310,one_step_ex_ante,naive_last,2008-01,2023-09,2023-10,2023-10,0.001548200030811131,,1.0,862464.0,862464.0,14.020620031514794,13.102120748412222,14.020620031514792,1.312108227764432,0.7471047113963453,,862464.0,231583.0,231583.0,-2.7242111899405397,-2.7242111899405397,1.0,3730079.0245796805,3730079.0245796805
one_step_202310,one_step_ex_ante,seasonal_naive,2008-01,2023-09,2023-10,2023-10,0.0017193000530824065,,1.0,231583.0,231583.0,3.7647220623217783,3.836947262374918,3.7647220623217783,0.3523184268681017,0.20060750405732858,,-231583.0,231583.0,231583.0,0.0,0.0,1.0,4469453.959512897,4469453.959512897
one_step_202310,one_step_ex_ante,drift,2008-01,2023-09,2023-10,2023-10,0.0013689000625163317,,1.0,894037.6486486485,894037.6486486485,14.533896099514443,13.54927716669323,14.533896099514445,1.360142747666057,0.7744552114304083,,894037.6486486485,231583.0,231583.0,-2.8605495595473265,-2.8605495595473265,1.0,8397998.673108838,8397998.673108838
one_step_202310,one_step_ex_ante,same_month_historical_mean,2008-01,2023-09,2023-10,2023-10,0.002028999966569245,,1.0,2107720.6,2107720.6,34.26409643207876,41.34782590187139,34.26409643207876,3.2065773656507233,1.825801413818005,,-2107720.6,231583.0,231583.0,-8.101361498901042,-8.101361498901042,0.0,3513665.314387207,17549183.02664307
one_step_202310,one_step_ex_ante,seasonal_moving_average_3,2008-01,2023-09,2023-10,2023-10,0.02945879998151213,,1.0,1924152.333333333,1924152.333333333,31.27992443559297,37.07907826730697,31.279924435592974,2.9273060765884678,1.6667864092618407,,-1924152.333333333,231583.0,231583.0,-7.308694219063286,-7.308694219063286,1.0,4240860.749117507,4240860.749117507
one_step_202311,one_step_ex_ante,naive_last,2008-01,2023-10,2023-11,2023-11,0.001281399978324771,,1.0,2630930.0,2630930.0,74.73241476201878,54.403784006888436,74.73241476201879,4.017690125935224,2.285413890130654,,2630930.0,82382.0,82382.0,-30.935738389454006,-30.935738389454006,0.0,3728848.8220690433,34389072.380688176
one_step_202311,one_step_ex_ante,seasonal_naive,2008-01,2023-10,2023-11,2023-11,0.0021918000420555472,,1.0,82382.0,82382.0,2.340087266831361,2.3677914600623806,2.3400872668313606,0.1258054558482345,0.07156289490664654,,-82382.0,82382.0,82382.0,0.0,0.0,1.0,4456375.851500206,4456375.851500206
one_step_202311,one_step_ex_ante,drift,2008-01,2023-10,2023-11,2023-11,0.0013352000387385488,,1.0,2657696.9946236555,2657696.9946236555,75.49273987296729,54.805611144437286,75.49273987296729,4.058565972119053,2.3086656153038647,,2657696.9946236555,82382.0,82382.0,-31.260651533389037,-31.260651533389037,1.0,7797459.351269204,7797459.351269204
one_step_202311,one_step_ex_ante,same_month_historical_mean,2008-01,2023-10,2023-11,2023-11,0.002062499988824129,,1.0,1271285.5333333332,1271285.5333333332,36.11127538855877,44.06804125686362,36.11127538855877,1.9413786510920577,1.1043295018119663,,-1271285.5333333332,82382.0,82382.0,-14.431593471065684,-14.431593471065684,1.0,3552961.230783727,3552961.230783727
one_step_202311,one_step_ex_ante,seasonal_moving_average_3,2008-01,2023-10,2023-11,2023-11,0.033607900026254356,,1.0,1131292.3333333335,1131292.3333333335,32.13472341406221,38.28632587706249,32.13472341406221,1.7275951991043295,0.9827213998085538,,-1131292.3333333335,82382.0,82382.0,-12.732275658922259,-12.732275658922259,1.0,4259358.271494572,4259358.271494572
one_step_202312,one_step_ex_ante,naive_last,2008-01,2023-11,2023-12,2023-12,0.0019217000808566809,,1.0,720186.0,720186.0,25.718347551549293,22.787999141873716,25.71834755154929,1.1053808509436616,0.6274116908098897,,720186.0,180069.0,180069.0,-2.9995001915932225,-2.9995001915932225,1.0,3796044.864897849,3796044.864897849
one_step_202312,one_step_ex_ante,seasonal_naive,2008-01,2023-11,2023-12,2023-12,0.0017109999898821115,,1.0,180069.0,180069.0,6.430390378679854,6.644008211061244,6.430390378679854,0.2763797469661646,0.15687252425407605,,-180069.0,180069.0,180069.0,0.0,0.0,1.0,4443542.447411813,4443542.447411813
one_step_202312,one_step_ex_ante,drift,2008-01,2023-11,2023-12,2023-12,0.0014307999517768621,,1.0,732740.7112299465,732740.7112299465,26.16668510160039,23.139292234703433,26.166685101600393,1.1246505082026337,0.6383491050340075,,732740.7112299465,180069.0,180069.0,-3.0692218606753325,-3.0692218606753325,1.0,6719766.42781486,6719766.42781486
one_step_202312,one_step_ex_ante,same_month_historical_mean,2008-01,2023-11,2023-12,2023-12,0.00217479991260916,,1.0,1054409.5333333334,1054409.5333333334,37.65370451513021,46.38689709878773,37.65370451513021,1.6183654044914912,0.9185805724003707,,-1054409.5333333334,180069.0,180069.0,-4.855586099402637,-4.855586099402637,1.0,3560973.006801944,3560973.006801944
one_step_202312,one_step_ex_ante,seasonal_moving_average_3,2008-01,2023-11,2023-12,2023-12,0.02949300000909716,,1.0,879727.0,879727.0,31.41566864182559,37.2699744854459,31.415668641825587,1.3502531010851564,0.7664006305608715,,-879727.0,180069.0,180069.0,-3.8854994474340394,-3.8854994474340394,1.0,4255862.710876353,4255862.710876353
one_step_202401,one_step_ex_ante,naive_last,2008-01,2023-12,2024-01,2024-01,0.0013830999378114939,,1.0,445612.0,445612.0,13.728487045013498,14.740296921656572,13.728487045013498,0.6868059078577406,0.38930097875261654,,-445612.0,168239.0,168239.0,-1.6486843121987174,-1.6486843121987174,1.0,3791672.6247565635,3791672.6247565635
one_step_202401,one_step_ex_ante,seasonal_naive,2008-01,2023-12,2024-01,2024-01,0.0018789999885484576,,1.0,168239.0,168239.0,5.183134502585267,5.321032641965024,5.183134502585267,0.2593007798983834,0.14697900272964248,,-168239.0,168239.0,168239.0,0.0,0.0,1.0,4430685.216595218,4430685.216595218
one_step_202401,one_step_ex_ante,drift,2008-01,2023-12,2024-01,2024-01,0.0013163000112399459,,1.0,436954.8457446811,436954.8457446811,13.461776027265257,14.433262781823085,13.461776027265257,0.6734629442755462,0.3817378102903488,,-436954.8457446811,168239.0,168239.0,-1.5972268364926152,-1.5972268364926152,1.0,6629315.2327927835,6629315.2327927835
one_step_202401,one_step_ex_ante,same_month_historical_mean,2008-01,2023-12,2024-01,2024-01,0.0021388999884948134,,1.0,1552526.625,1552526.625,47.830493026110226,62.864753888329666,47.830493026110226,2.392854003385095,1.3563372051291178,,-1552526.625,168239.0,168239.0,-8.228101837267221,-8.228101837267221,1.0,3563463.071446916,3563463.071446916
one_step_202401,one_step_ex_ante,seasonal_moving_average_3,2008-01,2023-12,2024-01,2024-01,0.030329199973493814,,1.0,1224009.0,1224009.0,37.70946854994912,46.47155716728328,37.70946854994912,1.8865214861158255,1.0693336393589297,,-1224009.0,168239.0,168239.0,-6.2754177093301795,-6.2754177093301795,1.0,4248252.119389876,4248252.119389876
one_step_202402,one_step_ex_ante,naive_last,2008-01,2024-01,2024-02,2024-02,0.0015110999811440706,,1.0,561270.0,561270.0,20.906846138172845,18.92820118856437,20.906846138172845,0.8687424755154585,0.49172001917689967,,561270.0,369706.0,369706.0,-0.5181522615267267,-0.5181522615267267,1.0,3783626.7998371944,3783626.7998371944
one_step_202402,one_step_ex_ante,seasonal_naive,2008-01,2024-01,2024-02,2024-02,0.0016875999281182885,,1.0,369706.0,369706.0,13.77124460305972,14.78960064325918,13.771244603059722,0.5722367232400059,0.3238937434921069,,-369706.0,369706.0,369706.0,0.0,0.0,1.0,4417945.018012686,4417945.018012686
one_step_202402,one_step_ex_ante,drift,2008-01,2024-01,2024-02,2024-02,0.0017529999604448676,,1.0,572239.0846560849,572239.0846560849,21.315435525065713,19.262493349815696,21.315435525065713,0.8857205961316784,0.5013298656277042,,572239.0846560849,369706.0,369706.0,-0.5478220116960095,-0.5478220116960095,1.0,6658202.659858787,6658202.659858787
one_step_202402,one_step_ex_ante,same_month_historical_mean,2008-01,2024-01,2024-02,2024-02,0.002146500046364963,,1.0,1193437.5625,1193437.5625,44.4545682019412,57.159593423040015,44.45456820194121,1.8472213060013623,1.0455523030251614,,-1193437.5625,369706.0,369706.0,-2.228071934185542,-2.228071934185542,1.0,3579876.7491967333,3579876.7491967333
one_step_202402,one_step_ex_ante,seasonal_moving_average_3,2008-01,2024-01,2024-02,2024-02,0.03074060007929802,,1.0,1053477.3333333333,1053477.3333333333,39.24116471226438,48.81991666837873,39.24116471226438,1.6305886765004787,0.9229352977160649,,-1053477.3333333333,369706.0,369706.0,-1.849500233518886,-1.849500233518886,1.0,4246488.3060467215,4246488.3060467215
one_step_202403,one_step_ex_ante,naive_last,2008-01,2024-02,2024-03,2024-03,0.001486400025896728,,1.0,394951.0,394951.0,12.824858243380415,13.70359132416883,12.824858243380415,0.612800724393521,0.34689373256532563,,-394951.0,290579.0,290579.0,-0.3591863142209175,-0.3591863142209175,1.0,3777111.202371737,3777111.202371737
one_step_202403,one_step_ex_ante,seasonal_naive,2008-01,2024-02,2024-03,2024-03,0.0020109000615775585,,1.0,290579.0,290579.0,9.43568818284607,9.902891147739764,9.43568818284607,0.4508585158501812,0.2552216196821878,,-290579.0,290579.0,290579.0,0.0,0.0,1.0,4405590.344074424,4405590.344074424
one_step_202403,one_step_ex_ante,drift,2008-01,2024-02,2024-03,2024-03,0.0017287000082433224,,1.0,386993.7000000002,386993.7000000002,12.566468608969947,13.408986658586038,12.566468608969947,0.6004542834319423,0.3399046693697849,,-386993.7000000002,290579.0,290579.0,-0.331802022857812,-0.331802022857812,1.0,6603427.9374600835,6603427.9374600835
one_step_202403,one_step_ex_ante,same_month_historical_mean,2008-01,2024-02,2024-03,2024-03,0.002590599935501814,,1.0,1232363.4375,1232363.4375,40.017334783966874,50.02708853478511,40.017334783966874,1.912118736795424,1.0824106096994575,,-1232363.4375,290579.0,290579.0,-3.2410615959859452,-3.2410615959859452,1.0,3585593.1684248624,3585593.1684248624
one_step_202403,one_step_ex_ante,seasonal_moving_average_3,2008-01,2024-02,2024-03,2024-03,0.030931900022551417,,1.0,988040.0,988040.0,32.08365832417081,38.213860549808665,32.08365832417081,1.533029737182016,0.8678162190343722,,-988040.0,290579.0,290579.0,-2.4002457163112267,-2.4002457163112267,1.0,4241480.216730513,4241480.216730513
one_step_202404,one_step_ex_ante,naive_last,2008-01,2024-03,2024-04,2024-04,0.0012622000649571419,,1.0,961400.0,961400.0,23.79129388112866,27.00353961520939,23.79129388112866,1.4963378466949564,0.8466566049652685,,-961400.0,499703.0,499703.0,-0.9239428220362895,-0.9239428220362895,1.0,3768757.1244969834,3768757.1244969834
one_step_202404,one_step_ex_ante,seasonal_naive,2008-01,2024-03,2024-04,2024-04,0.0018570999382063746,,1.0,499703.0,499703.0,12.365904853631822,13.180871892163864,12.365904853631822,0.7777454867973891,0.44006328840332803,,-499703.0,499703.0,499703.0,0.0,0.0,1.0,4393136.366940249,4393136.366940249
one_step_202404,one_step_ex_ante,drift,2008-01,2024-03,2024-04,2024-04,0.001340900082141161,,1.0,951416.5549738221,951416.5549738221,23.544238467602664,26.68571234301118,23.544238467602664,1.4807994582686317,0.8378646872705305,,-951416.5549738221,499703.0,499703.0,-0.9039640646020177,-0.9039640646020177,1.0,6622000.139429253,6622000.139429253
one_step_202404,one_step_ex_ante,same_month_historical_mean,2008-01,2024-03,2024-04,2024-04,0.002114800037816167,,1.0,1666636.4,1666636.4,41.243432895138646,51.958081038495465,41.243432895138646,2.593978699812184,1.4677228168665875,,-1666636.4,499703.0,499703.0,-2.3352539408408592,-2.3352539408408592,1.0,3592236.070153662,3592236.070153662
one_step_202404,one_step_ex_ante,seasonal_moving_average_3,2008-01,2024-03,2024-04,2024-04,0.03613340004812926,,1.0,1493549.6666666665,1493549.6666666665,36.96014046778491,45.33877859540469,36.96014046778491,2.3245838279092674,1.3152940400738593,,-1493549.6666666665,499703.0,499703.0,-1.9888747249199357,-1.9888747249199357,1.0,4235403.409384412,4235403.409384412
one_step_202405,one_step_ex_ante,naive_last,2008-01,2024-04,2024-05,2024-05,0.0026536000659689307,,1.0,1544660.0,1544660.0,27.65415707509658,32.0914698095113,27.654157075096578,2.4071383452742037,1.3633959524614627,,-1544660.0,1001176.0,1001176.0,-0.5428456135584552,-0.5428456135584552,1.0,3768502.2513285447,3768502.2513285447
one_step_202405,one_step_ex_ante,seasonal_naive,2008-01,2024-04,2024-05,2024-05,0.0024383000563830137,,1.0,1001176.0,1001176.0,17.924124638313216,19.68863211856884,17.924124638313216,1.5601939196769814,0.8836891653189423,,-1001176.0,1001176.0,1001176.0,0.0,0.0,1.0,4381586.317016095,4381586.317016095
one_step_202405,one_step_ex_ante,drift,2008-01,2024-04,2024-05,2024-05,0.003386800060980022,,1.0,1529721.2604166665,1529721.2604166665,27.38670776525398,31.731864227477146,27.38670776525398,2.3838583918338947,1.350210256526569,,-1529721.2604166665,1001176.0,1001176.0,-0.527924421297221,-0.527924421297221,1.0,6802649.514403118,6802649.514403118
one_step_202405,one_step_ex_ante,same_month_historical_mean,2008-01,2024-04,2024-05,2024-05,0.0029645999893546104,,1.0,2269713.6,2269713.6,40.634842884442484,50.995893481255365,40.634842884442484,3.537033806371859,2.003365359034827,,-2269713.6,1001176.0,1001176.0,-1.2670475520787554,-1.2670475520787554,0.0,3611835.5066475547,22163669.373696472
one_step_202405,one_step_ex_ante,seasonal_moving_average_3,2008-01,2024-04,2024-05,2024-05,0.04040350008290261,,1.0,2356153.3333333335,2356153.3333333335,42.18237953531029,53.45712273585854,42.18237953531029,3.6717381404401612,2.07966149058385,,-2356153.3333333335,1001176.0,1001176.0,-1.3533857516893466,-1.3533857516893466,0.0,4239518.537814203,13695281.114863489
one_step_202406,one_step_ex_ante,naive_last,2008-01,2024-05,2024-06,2024-06,0.0030078000854700804,,1.0,885642.0,885642.0,13.685739875721573,14.691027800655391,13.685739875721573,1.3758443985746476,0.7821917877191132,,-885642.0,601510.0,601510.0,-0.4723645492178019,-0.4723645492178019,1.0,3783377.731218593,3783377.731218593
one_step_202406,one_step_ex_ante,seasonal_naive,2008-01,2024-05,2024-06,2024-06,0.0023629999486729503,,1.0,601510.0,601510.0,9.29507565432227,9.748123375643646,9.29507565432227,0.9344454804386381,0.5312487237855972,,-601510.0,601510.0,601510.0,0.0,0.0,1.0,4375516.138758302,4375516.138758302
one_step_202406,one_step_ex_ante,drift,2008-01,2024-05,2024-06,2024-06,0.0015011000214144588,,1.0,862777.2435233165,862777.2435233165,13.332413012879012,14.2846578006056,13.332413012879012,1.3403240109651864,0.7619978213712444,,-862777.2435233165,601510.0,601510.0,-0.4343522859525468,-0.4343522859525468,1.0,7424718.965701908,7424718.965701908
one_step_202406,one_step_ex_ante,same_month_historical_mean,2008-01,2024-05,2024-06,2024-06,0.0019913000287488103,,1.0,2523183.933333333,2523183.933333333,38.990516450439344,48.43257128818452,38.990516450439344,3.9197649628746305,2.228455461188769,,-2523183.933333333,601510.0,601510.0,-3.1947497686378163,-3.1947497686378163,0.0,3655444.884303418,31473904.531568382
one_step_202406,one_step_ex_ante,seasonal_moving_average_3,2008-01,2024-05,2024-06,2024-06,0.03277729998808354,,1.0,2247902.666666667,2247902.666666667,34.736621752289146,42.03789384024685,34.736621752289146,3.492115654490581,1.9853292927148467,,-2247902.666666667,601510.0,601510.0,-2.7370994109269455,-2.7370994109269455,0.0,4272201.46568116,8744278.818724642
one_step_202407,one_step_ex_ante,naive_last,2008-01,2024-06,2024-07,2024-07,0.0012706998968496919,,1.0,924425.0,924425.0,12.499491258502744,13.332754500133662,12.499491258502744,1.436616973523801,0.8180773442105777,,-924425.0,469355.0,469355.0,-0.9695646152698916,-0.9695646152698916,1.0,3781367.5778480526,3781367.5778480526
one_step_202407,one_step_ex_ante,seasonal_naive,2008-01,2024-06,2024-07,2024-07,0.0017837000777944922,,1.0,469355.0,469355.0,6.34632200517571,6.55430051304817,6.346322005175709,0.7294083993923397,0.415359484968446,,-469355.0,469355.0,469355.0,0.0,0.0,1.0,4364796.126216151,4364796.126216151
one_step_202407,one_step_ex_ante,drift,2008-01,2024-06,2024-07,2024-07,0.0016130999429151416,,1.0,897112.9381443299,897112.9381443299,12.130194800253957,12.91340541643395,12.130194800253957,1.3941722412374742,0.7939073152435965,,-897112.9381443299,469355.0,469355.0,-0.9113739880140403,-0.9113739880140403,1.0,7909313.335879456,7909313.335879456
one_step_202407,one_step_ex_ante,same_month_historical_mean,2008-01,2024-06,2024-07,2024-07,0.0021071999799460173,,1.0,2616008.8125,2616008.8125,35.37201967061676,42.97206295047217,35.37201967061675,4.065448968737694,2.315058054208256,,-2616008.8125,469355.0,469355.0,-4.573625107860788,-4.573625107860788,0.0,3710275.040964583,34145126.72167292
one_step_202407,one_step_ex_ante,seasonal_moving_average_3,2008-01,2024-06,2024-07,2024-07,0.03069899999536574,,1.0,1722034.0,1722034.0,23.284256624219935,26.352215348133132,23.284256624219935,2.6761535802094114,1.5239278485115806,,-1722034.0,469355.0,469355.0,-2.6689371584408392,-2.6689371584408392,1.0,4299475.459318673,4299475.459318673
one_step_202408,one_step_ex_ante,naive_last,2008-01,2024-07,2024-08,2024-08,0.001537000061944127,,1.0,1265594.0,1265594.0,14.612064362199877,15.763770508506074,14.61206436219988,1.9697606916215045,1.1225665512487044,,-1265594.0,173269.0,173269.0,-6.304214833582464,-6.304214833582464,1.0,3780007.1938628964,3780007.1938628964
one_step_202408,one_step_ex_ante,seasonal_naive,2008-01,2024-07,2024-08,2024-08,0.0016311999643221498,,1.0,173269.0,173269.0,2.0004976161186057,2.020709741219492,2.0004976161186057,0.2696745285427763,0.15368750465655792,,-173269.0,173269.0,173269.0,0.0,0.0,1.0,4353312.847550683,4353312.847550683
one_step_202408,one_step_ex_ante,drift,2008-01,2024-07,2024-08,2024-08,0.0013520000502467155,,1.0,1233681.358974359,1233681.358974359,14.243613212277829,15.335799170722545,14.243613212277829,1.9200921044931398,1.0942604251313304,,-1233681.358974359,173269.0,173269.0,-6.120035084027489,-6.120035084027489,1.0,8497171.569909412,8497171.569909412
one_step_202408,one_step_ex_ante,same_month_historical_mean,2008-01,2024-07,2024-08,2024-08,0.0020239000441506505,,1.0,2655820.5625,2655820.5625,30.66308863166536,36.21548117760135,30.663088631665357,4.133498537455624,2.3556806760944022,,-2655820.5625,173269.0,173269.0,-14.32773065291541,-14.32773065291541,0.0,3768698.205698944,34627556.59172005
one_step_202408,one_step_ex_ante,seasonal_moving_average_3,2008-01,2024-07,2024-08,2024-08,0.0317443999228999,,1.0,1334793.333333333,1334793.333333333,15.411013403115042,16.6976521050743,15.411013403115042,2.07746199763782,1.1839455218891382,,-1334793.333333333,173269.0,173269.0,-6.703589986283369,-6.703589986283369,1.0,4308360.1581913065,4308360.1581913065
one_step_202409,one_step_ex_ante,naive_last,2008-01,2024-08,2024-09,2024-09,0.0014407000271603465,,1.0,1511712.0,1511712.0,21.144058331793616,19.122429507077342,21.144058331793616,2.3622962077263203,1.344481473948119,,1511712.0,135722.0,135722.0,-10.13829740204241,-10.13829740204241,1.0,3786092.748416434,3786092.748416434
one_step_202409,one_step_ex_ante,seasonal_naive,2008-01,2024-08,2024-09,2024-09,0.0016598999500274658,,1.0,135722.0,135722.0,1.8983205034475437,1.9165112666100137,1.8983205034475437,0.21208772961055522,0.12070798843112088,,-135722.0,135722.0,135722.0,0.0,0.0,1.0,4341284.320016152,4341284.320016152
one_step_202409,one_step_ex_ante,drift,2008-01,2024-08,2024-09,2024-09,0.0013569999719038606,,1.0,1549918.9336734693,1549918.9336734693,21.67845220726117,19.558465869287662,21.67845220726117,2.4220007642329087,1.3784618316487551,,1549918.9336734693,135722.0,135722.0,-10.4198061749272,-10.4198061749272,1.0,9420649.62092986,9420649.62092986
one_step_202409,one_step_ex_ante,same_month_historical_mean,2008-01,2024-08,2024-09,2024-09,0.0019806999480351806,,1.0,2071793.625,2071793.625,28.97782465075236,33.887797990612846,28.977824650752357,3.2375149655020707,1.8426050376370078,,-2071793.625,135722.0,135722.0,-14.26498006955394,-14.26498006955394,0.0,3827670.177478725,10146011.627904223
one_step_202409,one_step_ex_ante,seasonal_moving_average_3,2008-01,2024-08,2024-09,2024-09,0.0316825999179855,,1.0,1126741.0,1126741.0,15.75953450711741,17.10757130900347,15.759534507117408,1.7607163212237265,1.0020972251578195,,-1126741.0,135722.0,135722.0,-7.301830211756384,-7.301830211756384,1.0,4307538.657603577,4307538.657603577
one_step_202410,one_step_ex_ante,naive_last,2008-01,2024-09,2024-10,2024-10,0.001539899967610836,,1.0,425764.0,425764.0,6.332175211736068,6.137845641609751,6.332175211736068,0.6682025600208406,0.3796882578995979,,425764.0,572422.0,572422.0,0.25620608571997583,0.25620608571997583,1.0,3801149.3649017103,3801149.3649017103
one_step_202410,one_step_ex_ante,seasonal_naive,2008-01,2024-09,2024-10,2024-10,0.0017130000051110983,,1.0,572422.0,572422.0,8.513346358669084,8.891843057234924,8.513346358669084,0.8983705663518983,0.5104750800053637,,-572422.0,572422.0,572422.0,0.0,0.0,1.0,4329395.959927898,4329395.959927898
one_step_202410,one_step_ex_ante,drift,2008-01,2024-09,2024-10,2024-10,0.0015147000085562468,,1.0,456103.3248730963,456103.3248730963,6.783396829585929,6.560871843280777,6.7833968295859295,0.7158177049121581,0.4067442922447184,,456103.3248730963,572422.0,572422.0,0.203204410604246,0.203204410604246,1.0,8271232.7600461785,8271232.7600461785
one_step_202410,one_step_ex_ante,same_month_historical_mean,2008-01,2024-09,2024-10,2024-10,0.0022311999928206205,,1.0,2548410.0625,2548410.0625,37.90122938318238,46.76312995954352,37.90122938318238,3.999525858798232,2.2726237470627635,,-2548410.0625,572422.0,572422.0,-3.45197784588992,-3.45197784588992,0.0,3858988.4925513454,28615621.141524438
one_step_202410,one_step_ex_ante,seasonal_moving_average_3,2008-01,2024-09,2024-10,2024-10,0.03239499998744577,,1.0,1231150.0,1231150.0,18.31027872701511,20.155547158888872,18.31027872701511,1.9321914999146426,1.0979162134729334,,-1231150.0,572422.0,572422.0,-1.150773380478039,-1.150773380478039,1.0,4302804.568966713,4302804.568966713
one_step_202411,one_step_ex_ante,naive_last,2008-01,2024-10,2024-11,2024-11,0.001329100108705461,,1.0,2705572.0,2705572.0,67.33214757579611,50.37340116882544,67.33214757579611,4.248525559891938,2.4176403889302076,,2705572.0,497780.0,497780.0,-4.435276628229338,-4.435276628229338,0.0,3793617.915499893,36144139.60550202
one_step_202411,one_step_ex_ante,seasonal_naive,2008-01,2024-10,2024-11,2024-11,0.0018610999686643481,,1.0,497780.0,497780.0,12.3879890907652,13.205965898162471,12.387989090765203,0.78165765065687,0.44480539893289806,,-497780.0,497780.0,497780.0,0.0,0.0,1.0,4318818.111543931,4318818.111543931
one_step_202411,one_step_ex_ante,drift,2008-01,2024-10,2024-11,2024-11,0.0014987000031396747,,1.0,2733607.7727272725,2733607.7727272725,68.02985910839409,50.762895846527385,68.02985910839409,4.292549779917551,2.4426925466552,,2733607.7727272725,497780.0,497780.0,-4.49159824164746,-4.49159824164746,1.0,7967368.09481504,7967368.09481504
one_step_202411,one_step_ex_ante,same_month_historical_mean,2008-01,2024-10,2024-11,2024-11,0.0022569000720977783,,1.0,1689610.1875,1689610.1875,42.04844021534764,53.24219687691029,42.04844021534764,2.653173549936043,1.5097989744305238,,-1689610.1875,497780.0,497780.0,-2.394291027160593,-2.394291027160593,1.0,3910362.2643513563,3910362.2643513563
one_step_202411,one_step_ex_ante,seasonal_moving_average_3,2008-01,2024-10,2024-11,2024-11,0.031213400070555508,,1.0,876502.3333333335,876502.3333333335,21.81305264045076,24.48333389587279,21.81305264045076,1.3763605501799954,0.7832234522157366,,-876502.3333333335,497780.0,497780.0,-0.760822719541431,-0.760822719541431,1.0,4299831.81553808,4299831.81553808
one_step_202412,one_step_ex_ante,naive_last,2008-01,2024-11,2024-12,2024-12,0.0013569999719038606,,1.0,842419.0,842419.0,26.52596425247211,23.419800321792586,26.52596425247211,1.3244030208121802,0.7544046274756911,,842419.0,375547.0,375547.0,-1.2431786167909742,-1.2431786167909742,1.0,3859514.4695578087,3859514.4695578087
one_step_202412,one_step_ex_ante,seasonal_naive,2008-01,2024-11,2024-12,2024-12,0.0020862999372184277,,1.0,375547.0,375547.0,11.825168113638396,12.568278122102525,11.825168113638396,0.5904135367993265,0.33631054693046264,,-375547.0,375547.0,375547.0,0.0,0.0,1.0,4307851.593035266,4307851.593035266
one_step_202412,one_step_ex_ante,drift,2008-01,2024-11,2024-12,2024-12,0.0014540000120177865,,1.0,856718.0502512562,856718.0502512562,26.976210621332648,23.770077531462015,26.976210621332648,1.3468831706515225,0.767209739513828,,856718.0502512562,375547.0,375547.0,-1.2812538783461358,-1.2812538783461358,1.0,6862060.426389712,6862060.426389712
one_step_202412,one_step_ex_ante,same_month_historical_mean,2008-01,2024-11,2024-12,2024-12,0.0021625999361276627,,1.0,1364055.9375,1364055.9375,42.95119060289159,54.69788757746853,42.95119060289159,2.144490810608249,1.2215419065639452,,-1364055.9375,375547.0,375547.0,-2.632184353755988,-2.632184353755988,1.0,3927029.450462874,3927029.450462874
one_step_202412,one_step_ex_ante,seasonal_moving_average_3,2008-01,2024-11,2024-12,2024-12,0.0319893000414595,,1.0,643452.3333333335,643452.3333333335,20.26093142743667,22.544827441627735,20.26093142743667,1.0115989952925004,0.5762256286084451,,-643452.3333333335,375547.0,375547.0,-0.7133736478612092,-0.7133736478612092,1.0,4291624.730020384,4291624.730020384
one_step_202501,one_step_ex_ante,naive_last,2008-01,2024-12,2025-01,2025-01,0.0013936000177636743,,1.0,179990.0,179990.0,5.363520906080127,5.5113213422772755,5.363520906080127,0.28359449152659744,0.16157064429928833,,-179990.0,109925.0,109925.0,-0.6373891289515579,-0.6373891289515579,1.0,3857121.7770080753,3857121.7770080753
one_step_202501,one_step_ex_ante,seasonal_naive,2008-01,2024-12,2025-01,2025-01,0.002986599924042821,,1.0,109925.0,109925.0,3.275654400804811,3.330197277645144,3.2756544008048114,0.17319920262826394,0.09867577684648741,,-109925.0,109925.0,109925.0,0.0,0.0,1.0,4296444.167264491,4296444.167264491
one_step_202501,one_step_ex_ante,drift,2008-01,2024-12,2025-01,2025-01,0.0024379000533372164,,1.0,169974.54000000004,169974.54000000004,5.065070274967237,5.196677970553372,5.065070274967237,0.26781400768802327,0.15258012079712852,,-169974.54000000004,109925.0,109925.0,-0.5462773709347286,-0.5462773709347286,1.0,6768890.941078348,6768890.941078348
one_step_202501,one_step_ex_ante,same_month_historical_mean,2008-01,2024-12,2025-01,2025-01,0.0034813000820577145,,1.0,1571126.5294117648,1571126.5294117648,46.81798981386252,61.12726913163254,46.81798981386251,2.475486578323669,1.4103446059934643,,-1571126.5294117648,109925.0,109925.0,-13.292713481116806,-13.292713481116806,1.0,3934335.47830208,3934335.47830208
one_step_202501,one_step_ex_ante,seasonal_moving_average_3,2008-01,2024-12,2025-01,2025-01,0.031893299892544746,,1.0,528613.6666666665,528613.6666666665,15.752155410891369,17.09887618606369,15.752155410891367,0.8328902939737961,0.47451775492384324,,-528613.6666666665,109925.0,109925.0,-3.8088575543931453,-3.8088575543931453,1.0,4281377.919082744,4281377.919082744
one_step_202502,one_step_ex_ante,naive_last,2008-01,2025-01,2025-02,2025-02,0.0013161000097170472,,1.0,573060.0,573060.0,20.593238794030956,18.67077967267979,20.593238794030956,0.9069303889320359,0.5157831371370631,,573060.0,98135.0,98135.0,-4.839506801854588,-4.839506801854588,1.0,3847753.9052759223,3847753.9052759223
one_step_202502,one_step_ex_ante,seasonal_naive,2008-01,2025-01,2025-02,2025-02,0.00175290007609874,,1.0,98135.0,98135.0,3.526537341730758,3.5898357915791856,3.5265373417307577,0.15530941562462106,0.08832648965718369,,-98135.0,98135.0,98135.0,0.0,0.0,1.0,4284984.434526617,4284984.434526617
one_step_202502,one_step_ex_ante,drift,2008-01,2025-01,2025-02,2025-02,0.001348000019788742,,1.0,583921.1044776118,583921.1044776118,20.98353879416075,18.991042417604017,20.98353879416075,0.9241192796382656,0.5255586833979015,,583921.1044776118,98135.0,98135.0,-4.950181937918295,-4.950181937918295,1.0,6765591.951254327,6765591.951254327
one_step_202502,one_step_ex_ante,same_month_historical_mean,2008-01,2025-01,2025-02,2025-02,0.002868599956855178,,1.0,1221370.3529411764,1221370.3529411764,43.890642051560945,56.23063553442769,43.89064205156095,1.9329527261072124,1.099295418012428,,-1221370.3529411764,98135.0,98135.0,-11.445818035779043,-11.445818035779043,1.0,3947177.0569622507,3947177.0569622507
one_step_202502,one_step_ex_ante,seasonal_moving_average_3,2008-01,2025-01,2025-02,2025-02,0.03167399996891618,,1.0,499113.3333333335,499113.3333333335,17.935923042295933,19.702868728423226,17.935923042295936,0.7899016674016072,0.4492273773315245,,-499113.3333333335,98135.0,98135.0,-4.085986990710078,-4.085986990710078,1.0,4270564.558047323,4270564.558047323
one_step_202503,one_step_ex_ante,naive_last,2008-01,2025-02,2025-03,2025-03,0.0013921000063419342,,1.0,199818.0,199818.0,6.6995107584852835,6.931705951467859,6.699510758485283,0.3176611937937985,0.18032282970607885,,-199818.0,96998.0,96998.0,-1.0600218561207448,-1.0600218561207448,1.0,3841547.7297565937,3841547.7297565937
one_step_202503,one_step_ex_ante,seasonal_naive,2008-01,2025-02,2025-03,2025-03,0.0018618000904098153,,1.0,96998.0,96998.0,3.2521551839751943,3.200118769743408,3.2521551839751948,0.15420282695057935,0.08753442550636197,,96998.0,96998.0,96998.0,0.0,0.0,1.0,4273640.7547021955,4273640.7547021955
one_step_202503,one_step_ex_ante,drift,2008-01,2025-02,2025-03,2025-03,0.0013961000367999077,,1.0,191847.59405940585,191847.59405940585,6.4322784753651145,6.646023856355095,6.432278475365115,0.30499021987698255,0.17313005351417382,,-191847.59405940585,96998.0,96998.0,-0.9778510284686885,-0.9778510284686885,1.0,6755746.927617639,6755746.927617639
one_step_202503,one_step_ex_ante,same_month_historical_mean,2008-01,2025-02,2025-03,2025-03,0.0023892999161034822,,1.0,1062873.4705882352,1062873.4705882352,35.63609009756114,43.36242684749174,35.636090097561144,1.6897059099721572,0.9591746080733033,,-1062873.4705882352,96998.0,96998.0,-9.957684391309462,-9.957684391309462,1.0,3950980.594517121,3950980.594517121
one_step_202503,one_step_ex_ante,seasonal_moving_average_3,2008-01,2025-02,2025-03,2025-03,0.034719099989160895,,1.0,212321.0,212321.0,7.11871214681537,7.381444022951483,7.11871214681537,0.3375378711001666,0.19160597907107652,,-212321.0,96998.0,96998.0,-1.1889214210602281,-1.1889214210602281,1.0,4259709.83427598,4259709.83427598
one_step_202504,one_step_ex_ante,naive_last,2008-01,2025-03,2025-04,2025-04,0.0014057999942451715,,1.0,1259731.0,1259731.0,29.694479913877046,34.87201107616552,29.69447991387705,2.011663116270238,1.1398220398859853,,-1259731.0,201333.0,201333.0,-5.2569524121728675,-5.2569524121728675,1.0,3832390.641747756,3832390.641747756
one_step_202504,one_step_ex_ante,seasonal_naive,2008-01,2025-03,2025-04,2025-04,0.0015585999935865402,,1.0,201333.0,201333.0,4.745837583182924,4.861189666268716,4.745837583182924,0.3215084571134916,0.1821688842747897,,-201333.0,201333.0,201333.0,0.0,0.0,1.0,4263179.502436981,4263179.502436981
one_step_202504,one_step_ex_ante,drift,2008-01,2025-03,2025-04,2025-04,0.0014353999868035316,,1.0,1250815.5320197046,1250815.5320197046,29.484323789384042,34.582537447132864,29.484323789384046,1.997426014777738,1.131755201092752,,-1250815.5320197046,201333.0,201333.0,-5.212670213128025,-5.212670213128025,1.0,6743877.420017155,6743877.420017155
one_step_202504,one_step_ex_ante,same_month_historical_mean,2008-01,2025-03,2025-04,2025-04,0.001988000003620982,,1.0,1763804.625,1763804.625,41.57654372962636,52.487863487424086,41.57654372962636,2.816617760791279,1.5959148307280169,,-1763804.625,201333.0,201333.0,-7.760633502704474,-7.760633502704474,1.0,3951469.412039913,3951469.412039913
one_step_202504,one_step_ex_ante,seasonal_moving_average_3,2008-01,2025-03,2025-04,2025-04,0.04700819996651262,,1.0,741078.6666666665,741078.6666666665,17.46876561895842,19.14057687517923,17.468765618958425,1.1834277476604602,0.6705382320161892,,-741078.6666666665,201333.0,201333.0,-2.680860398775494,-2.680860398775494,1.0,4248608.175196743,4248608.175196743
one_step_202505,one_step_ex_ante,naive_last,2008-01,2025-04,2025-05,2025-05,0.001386399962939322,,1.0,1376417.0,1376417.0,24.49696763891588,27.91628988895786,24.496967638915883,2.2058760689762407,1.2485819016155804,,-1376417.0,33090.0,33090.0,-40.59616198247205,-40.59616198247205,1.0,3838321.583274074,3838321.583274074
one_step_202505,one_step_ex_ante,seasonal_naive,2008-01,2025-04,2025-05,2025-05,0.0015492999227717519,,1.0,33090.0,33090.0,0.5889237485236861,0.5906630259404421,0.5889237485236861,0.05303075966253236,0.030016757366742457,,-33090.0,33090.0,33090.0,0.0,0.0,1.0,4251887.365054961,4251887.365054961
one_step_202505,one_step_ex_ante,drift,2008-01,2025-04,2025-05,2025-05,0.001379900029860437,,1.0,1361370.083333333,1361370.083333333,24.22916810530884,27.569042990961275,24.22916810530884,2.1817615503478884,1.2349324713737873,,-1361370.083333333,33090.0,33090.0,-40.141434975319825,-40.141434975319825,1.0,6880306.447359486,6880306.447359486
one_step_202505,one_step_ex_ante,same_month_historical_mean,2008-01,2025-04,2025-05,2025-05,0.001960699912160635,,1.0,2160946.5,2160946.5,38.459737477761855,47.61628695814131,38.459737477761855,3.463180250380492,1.960248013690279,,-2160946.5,33090.0,33090.0,-64.30512239347235,-64.30512239347235,0.0,3969649.375661852,11014521.862424815
one_step_202505,one_step_ex_ante,seasonal_moving_average_3,2008-01,2025-04,2025-05,2025-05,0.033633099985308945,,1.0,869218.333333333,869218.333333333,15.47003079940095,16.76695754778322,15.470030799400948,1.3930283629273774,0.7884894472768488,,-869218.333333333,33090.0,33090.0,-25.268308653168116,-25.268308653168116,1.0,4239403.943510259,4239403.943510259
one_step_202506,one_step_ex_ante,naive_last,2008-01,2025-05,2025-06,2025-06,0.0014273000415414572,,1.0,932413.0,932413.0,14.232842329507076,15.323313881727984,14.232842329507076,1.501751134837239,0.8480357891878474,,-932413.0,79861.0,79861.0,-10.675448591928475,-10.675448591928475,1.0,3847000.153408684,3847000.153408684
one_step_202506,one_step_ex_ante,seasonal_naive,2008-01,2025-05,2025-06,2025-06,0.0021081999875605106,,1.0,79861.0,79861.0,1.2190402978902746,1.2265161610217707,1.2190402978902746,0.12862470533898257,0.07263410759001716,,-79861.0,79861.0,79861.0,0.0,0.0,1.0,4240986.693185762,4240986.693185762
one_step_202506,one_step_ex_ante,drift,2008-01,2025-05,2025-06,2025-06,0.0013861999614164233,,1.0,910725.2536585368,910725.2536585368,13.901789165125638,14.940271701441286,13.901789165125638,1.466820693412297,0.8283106404775777,,-910725.2536585368,79861.0,79861.0,-10.403879912078947,-10.403879912078947,1.0,7342719.600835558,7342719.600835558
one_step_202506,one_step_ex_ante,same_month_historical_mean,2008-01,2025-05,2025-06,2025-06,0.0025061999913305044,,1.0,2445345.9375,2445345.9375,37.32704624403367,45.892135579009405,37.32704624403367,3.9384918879404913,2.2240583002865777,,-2445345.9375,79861.0,79861.0,-29.6200265148195,-29.6200265148195,0.0,4001334.2755017285,21788486.265467167
one_step_202506,one_step_ex_ante,seasonal_moving_average_3,2008-01,2025-05,2025-06,2025-06,0.03386099997442216,,1.0,791034.666666667,791034.666666667,12.074769107510146,12.850609841121337,12.074769107510146,1.2740461666260168,0.7194512601407452,,-791034.666666667,79861.0,79861.0,-8.905143520199685,-8.905143520199685,1.0,4231475.897075184,4231475.897075184
one_step_202507,one_step_ex_ante,naive_last,2008-01,2025-06,2025-07,2025-07,0.002018700004555285,,1.0,852516.0,852516.0,11.51480221993116,12.218256240330382,11.51480221993116,1.3793284096132092,0.7773853149427513,,-852516.0,7952.0,7952.0,-106.20774647887323,-106.20774647887323,1.0,3845658.018937614,3845658.018937614
one_step_202507,one_step_ex_ante,seasonal_naive,2008-01,2025-06,2025-07,2025-07,0.0021118000149726868,,1.0,7952.0,7952.0,0.1074064384162791,0.10746415012439056,0.1074064384162791,0.01286593977502386,0.0072512046981226845,,-7952.0,7952.0,7952.0,0.0,0.0,1.0,4230032.661518563,4230032.661518563
one_step_202507,one_step_ex_ante,drift,2008-01,2025-06,2025-07,2025-07,0.0016541999066248536,,1.0,826407.257281553,826407.257281553,11.162155455983052,11.82194753698454,11.162155455983052,1.3370857648172922,0.753577488249834,,-826407.257281553,7952.0,7952.0,-102.92445388349509,-102.92445388349509,1.0,7798297.275883368,7798297.275883368
one_step_202507,one_step_ex_ante,same_month_historical_mean,2008-01,2025-06,2025-07,2025-07,0.0023454000474885106,,1.0,2470077.9411764704,2470077.9411764704,33.36296205638582,40.0426729472652,33.36296205638582,3.9964630320411714,2.252394463253022,,-2470077.9411764704,7952.0,7952.0,-309.6234835483489,-309.6234835483489,0.0,4043853.6706311475,21969897.905067004
one_step_202507,one_step_ex_ante,seasonal_moving_average_3,2008-01,2025-06,2025-07,2025-07,0.03653660009149462,,1.0,509929.666666667,509929.666666667,6.88754141592896,7.1331921994359435,6.887541415928961,0.8250407923580645,0.4649904922843901,,-509929.666666667,7952.0,7952.0,-63.12596411804162,-63.12596411804162,1.0,4222809.66522388,4222809.66522388
one_step_202508,one_step_ex_ante,naive_last,2008-01,2025-07,2025-08,2025-08,0.0015907000051811337,,1.0,1508352.0,1508352.0,16.92494562110322,18.48962511962435,16.92494562110322,2.4529846210237274,1.3790006726279687,,-1508352.0,250710.0,250710.0,-5.016321646523872,-5.016321646523872,1.0,3842914.2542016283,3842914.2542016283
one_step_202508,one_step_ex_ante,seasonal_naive,2008-01,2025-07,2025-08,2025-08,0.002049800008535385,,1.0,250710.0,250710.0,2.8131716712456964,2.853305867423876,2.813171671245696,0.4077216553807458,0.22920993152431132,,-250710.0,250710.0,250710.0,0.0,0.0,1.0,4219388.808974221,4219388.808974221
one_step_202508,one_step_ex_ante,drift,2008-01,2025-07,2025-08,2025-08,0.0014933000784367323,,1.0,1478250.951690821,1478250.951690821,16.58718718953615,18.08727202354953,16.58718718953615,2.4040322487796435,1.3514809916349613,,-1478250.951690821,250710.0,250710.0,-4.896258432814092,-4.896258432814092,1.0,8294361.6482590735,8294361.6482590735
one_step_202508,one_step_ex_ante,same_month_historical_mean,2008-01,2025-07,2025-08,2025-08,0.0022308999905362725,,1.0,2750305.823529412,2750305.823529412,30.860685373599004,36.491439547056025,30.860685373599008,4.47273440697506,2.514448603893308,,-2750305.823529412,250710.0,250710.0,-9.970068300145236,-9.970068300145236,0.0,4086746.5474347672,32364048.539915893
one_step_202508,one_step_ex_ante,seasonal_moving_average_3,2008-01,2025-07,2025-08,2025-08,0.032935500028543174,,1.0,531424.0,531424.0,5.963012812492812,6.146264069468846,5.963012812492812,0.864237856443929,0.48585081827759413,,-531424.0,250710.0,250710.0,-1.119676119819712,-1.119676119819712,1.0,4212369.82943388,4212369.82943388
one_step_202509,one_step_ex_ante,naive_last,2008-01,2025-08,2025-09,2025-09,0.00138819997664541,,1.0,1587927.0,1587927.0,21.680913283555963,19.5604691106839,21.680913283555963,2.5903030451325595,1.4553096725673944,,1587927.0,174495.0,174495.0,-8.100128943522737,-8.100128943522737,1.0,3854617.86037933,3854617.86037933
one_step_202509,one_step_ex_ante,seasonal_naive,2008-01,2025-08,2025-09,2025-09,0.0016352999955415726,,1.0,174495.0,174495.0,2.382484184357403,2.4112075030636686,2.382484184357403,0.2846446529723381,0.15992187381072775,,-174495.0,174495.0,174495.0,0.0,0.0,1.0,4208459.742833152,4208459.742833152
one_step_202509,one_step_ex_ante,drift,2008-01,2025-08,2025-09,2025-09,0.00148760003503412,,1.0,1625135.024038462,1625135.024038462,22.188936601145727,19.973034607908836,22.188936601145727,2.650998567011206,1.4894102308929937,,1625135.024038462,174495.0,174495.0,-8.31336155212735,-8.31336155212735,1.0,9352475.739219505,9352475.739219505
one_step_202509,one_step_ex_ante,same_month_historical_mean,2008-01,2025-08,2025-09,2025-09,0.0025034999707713723,,1.0,2124418.4117647056,2124418.4117647056,29.005950124571388,33.92626836513036,29.005950124571385,3.465453689703489,1.9469954621474652,,-2124418.4117647056,174495.0,174495.0,-11.17466639023872,-11.17466639023872,0.0,4141129.714885362,6295271.887766354
one_step_202509,one_step_ex_ante,seasonal_moving_average_3,2008-01,2025-08,2025-09,2025-09,0.03235370002221316,,1.0,386736.0,386736.0,5.280336992588009,5.423527250442102,5.280336992588009,0.6308624001370249,0.35443735230273427,,-386736.0,174495.0,174495.0,-1.2163156537436604,-1.2163156537436604,1.0,4202093.681321651,4202093.681321651
one_step_202510,one_step_ex_ante,naive_last,2008-01,2025-09,2025-10,2025-10,0.0013735999818891287,,1.0,244811.0,244811.0,3.4581405108749257,3.3993631340497643,3.4581405108749252,0.40081789675271995,0.22492805438070748,,244811.0,355448.0,355448.0,0.31126071886745743,0.31126071886745743,1.0,3870506.265904296,3870506.265904296
one_step_202510,one_step_ex_ante,seasonal_naive,2008-01,2025-09,2025-10,2025-10,0.0018862000433728099,,1.0,355448.0,355448.0,5.020971804001742,5.150268570376219,5.020971804001742,0.5819588162499266,0.32657939011528775,,-355448.0,355448.0,355448.0,0.0,0.0,1.0,4197610.649678294,4197610.649678294
one_step_202510,one_step_ex_ante,drift,2008-01,2025-09,2025-10,2025-10,0.001514500007033348,,1.0,274243.25837320555,274243.25837320555,3.873893418248041,3.800283943467676,3.873893418248041,0.44900599245851286,0.2519698973204259,,274243.25837320555,355448.0,355448.0,0.22845744420223058,0.22845744420223058,1.0,8194233.762526194,8194233.762526194
one_step_202510,one_step_ex_ante,same_month_historical_mean,2008-01,2025-09,2025-10,2025-10,0.002722199889831245,,1.0,2753951.5882352944,2753951.5882352944,38.90164883222083,48.295526987369236,38.90164883222082,4.508919465854407,2.530282432572164,,-2753951.5882352944,355448.0,355448.0,-6.747832561261547,-6.747832561261547,0.0,4168966.2257363442,30947705.240421236
one_step_202510,one_step_ex_ante,seasonal_moving_average_3,2008-01,2025-09,2025-10,2025-10,0.033815499977208674,,1.0,814257.0,814257.0,11.501995898727934,12.20383839454172,11.501995898727934,1.3331458886903753,0.7481250547396634,,-814257.0,355448.0,355448.0,-1.290790776709955,-1.290790776709955,1.0,4191477.720744977,4191477.720744977
one_step_202511,one_step_ex_ante,naive_last,2008-01,2025-10,2025-11,2025-11,0.0014498999807983637,,1.0,2824157.0,2824157.0,66.37095163227272,49.8334756290531,66.37095163227272,4.633746735799555,2.6007195962610763,,2824157.0,236863.0,236863.0,-10.923166556194932,-10.923166556194932,0.0,3861948.124126058,39589265.6416049
one_step_202511,one_step_ex_ante,seasonal_naive,2008-01,2025-10,2025-11,2025-11,0.0021795000648126006,,1.0,236863.0,236863.0,5.566554096133825,5.7259223795129355,5.566554096133825,0.38863390140197235,0.21812322959707528,,-236863.0,236863.0,236863.0,0.0,0.0,1.0,4187033.7685039123,4187033.7685039123
one_step_202511,one_step_ex_ante,drift,2008-01,2025-10,2025-11,2025-11,0.0018747999565675855,,1.0,2852283.3380952384,2852283.3380952384,67.03195306573129,50.20519252183354,67.03195306573127,4.679895135955356,2.6266206770633658,,2852283.3380952384,236863.0,236863.0,-11.041911729967275,-11.041911729967275,1.0,8012541.954545967,8012541.954545967
one_step_202511,one_step_ex_ante,same_month_historical_mean,2008-01,2025-10,2025-11,2025-11,0.0025748000480234623,,1.0,1827084.3529411764,1827084.3529411764,42.93859272595012,54.677458289964726,42.93859272595012,2.9977958578335473,1.6825318424988789,,-1827084.3529411764,236863.0,236863.0,-6.713675639256348,-6.713675639256348,1.0,4221567.282640073,4221567.282640073
one_step_202511,one_step_ex_ante,seasonal_moving_average_3,2008-01,2025-10,2025-11,2025-11,0.042747800005599856,,1.0,596177.0,596177.0,14.010848133185746,15.066306816882344,14.010848133185746,0.978179763982233,0.5490095652402256,,-596177.0,236863.0,236863.0,-1.516969725115362,-1.516969725115362,1.0,4183276.063663613,4183276.063663613
one_step_202512,one_step_ex_ante,naive_last,2008-01,2025-11,2025-12,2025-12,0.001830299966968596,,1.0,845487.0,845487.0,24.797081671492712,22.061746964962772,24.797081671492712,1.3915546542917252,0.780483993651685,,845487.0,233795.0,233795.0,-2.616360486751214,-2.616360486751214,1.0,3928877.8577590804,3928877.8577590804
one_step_202512,one_step_ex_ante,seasonal_naive,2008-01,2025-11,2025-12,2025-12,0.0018211000133305788,,1.0,233795.0,233795.0,6.856916439148844,7.100348935858759,6.856916439148844,0.38479423149041186,0.2158202968180418,,-233795.0,233795.0,233795.0,0.0,0.0,1.0,4176345.633167878,4176345.633167878
one_step_202512,one_step_ex_ante,drift,2008-01,2025-11,2025-12,2025-12,0.0018711000448092818,,1.0,860095.4075829387,860095.4075829387,25.225528088675453,22.40023882083535,25.225528088675453,1.4155980725392308,0.7939692728945634,,860095.4075829387,233795.0,233795.0,-2.6788443190955267,-2.6788443190955267,1.0,6936046.026576642,6936046.026576642
one_step_202512,one_step_ex_ante,same_month_historical_mean,2008-01,2025-11,2025-12,2025-12,0.0030090000946074724,,1.0,1517612.3529411764,1517612.3529411764,44.50968194844933,57.250743977117274,44.50968194844933,2.4977800168966646,1.4009347867426227,,-1517612.3529411764,233795.0,233795.0,-5.491209619286881,-5.491209619286881,1.0,4238722.120172563,4238722.120172563
one_step_202512,one_step_ex_ante,seasonal_moving_average_3,2008-01,2025-11,2025-12,2025-12,0.03740899998228997,,1.0,544182.6666666665,544182.6666666665,15.960200487463469,17.344292408204108,15.960200487463467,0.895649398021356,0.5023446380086548,,-544182.6666666665,233795.0,233795.0,-1.3276060936575482,-1.3276060936575482,1.0,4173520.065739588,4173520.065739588
fixed_12m_2015,fixed_origin_12m_ex_ante,naive_last,2008-01,2014-12,2015-01,2015-12,0.0008688999805599451,,12.0,1761308.25,2394719.848500568,38.71674230508601,54.684696566694534,50.785566784343835,9.75956403335181,10.328840380604637,-1.0852293603244454,-1727581.5833333333,106125.25,131039.15777195507,-15.596505073015141,-17.274841575737636,0.9166666666666666,8444930.93678729,8806028.463454187
fixed_12m_2015,fixed_origin_12m_ex_ante,seasonal_naive,2008-01,2014-12,2015-01,2015-12,0.003978399909101427,,12.0,106125.25,131039.15777195507,3.2486456881374437,3.3039552659221,3.060015741923758,0.5880493507768836,0.5651945237280521,0.9937562344134834,-16871.75,106125.25,131039.15777195507,0.0,0.0,1.0,1741160.5843517252,1741160.5843517252
fixed_12m_2015,fixed_origin_12m_ex_ante,drift,2008-01,2014-12,2015-01,2015-12,0.0012009999481961131,,12.0,1732803.7319277113,2357610.975937487,38.17496910358917,53.40620788204479,49.963667434121774,9.601617989911466,10.168783402896679,-1.0211041460932955,-1683114.5351405626,106125.25,131039.15777195507,-15.327911895875026,-16.99165238867295,1.0,14005646.194873855,14005646.194873855
fixed_12m_2015,fixed_origin_12m_ex_ante,same_month_historical_mean,2008-01,2014-12,2015-01,2015-12,0.001527199987322092,,12.0,501202.40476190485,561455.592518233,15.19030585557402,16.590765555861996,14.451671477442664,2.777206637704514,2.421654958741723,0.885376087653299,-501202.40476190485,106125.25,131039.15777195507,-3.722744160903318,-3.28463981350768,0.8333333333333334,1374287.815350769,3007335.097514873
fixed_12m_2015,fixed_origin_12m_ex_ante,seasonal_moving_average_3,2008-01,2014-12,2015-01,2015-12,0.017657299991697073,,12.0,216563.36111111115,283556.34210092603,6.845154122846457,7.200719942134945,6.244388532643453,1.1999966445633694,1.2230274862015422,0.9707636512280611,-216563.36111111115,106125.25,131039.15777195507,-1.0406393493641821,-1.1639054075301192,0.9166666666666666,933895.6126456318,1892429.5915695794
fixed_12m_2015,fixed_origin_12m_ex_ante,ets_holt_winters,2008-01,2014-12,2015-01,2015-12,0.10035829991102219,,12.0,169182.6471247261,188481.94059321954,5.918048558314129,5.705602440875958,4.878212899022562,0.9374559381901082,0.8129551689451029,0.9870823387139902,140730.7247357144,106125.25,131039.15777195507,-0.5941790207771109,-0.4383634922412356,1.0,1736779.9490272114,1736779.9490272114
fixed_12m_2015,fixed_origin_12m_ex_ante,theta,2008-01,2014-12,2015-01,2015-12,0.06688269996084273,,12.0,138533.94236254145,164850.12852578537,4.596412920831794,4.634576102365997,3.9944880640576623,0.7676287675822174,0.7110270812392244,0.9901184975262337,13209.11640559719,106125.25,131039.15777195507,-0.3053815407977032,-0.2580218869589417,1.0,8777064.847126387,8777064.847126387
fixed_12m_2015,fixed_origin_12m_ex_ante,sarima_111_111_12,2008-01,2014-12,2015-01,2015-12,0.0983710999134928,,12.0,291026.79779890087,328023.5043649067,9.796022941274641,9.205732731222595,8.39146746496521,1.6126051010887517,1.4148220384915253,0.960875001714766,291026.79779890087,106125.25,131039.15777195507,-1.7422955215549631,-1.5032479599400332,0.9166666666666666,937993.1480462454,1068131.3100488307
fixed_12m_2015,fixed_origin_12m_ex_ante,dynamic_harmonic_arima_k2,2008-01,2014-12,2015-01,2015-12,0.059123899904079735,,12.0,288842.48907029774,376273.0393845134,10.332210664928446,9.64413220323589,8.328485101251136,1.6005016541734196,1.6229306178595695,0.9485185694415973,103206.64873805636,106125.25,131039.15777195507,-1.7217131556373033,-1.8714549588248586,0.8333333333333334,1378435.5194993105,1869663.2748017951
fixed_12m_2016,fixed_origin_12m_ex_ante,naive_last,2008-01,2015-12,2016-01,2016-12,0.0012710000155493617,,12.0,950496.9166666666,1322754.0593142211,28.77748051495513,37.186776564348946,36.36487600688008,5.596119206795435,6.004619760195028,-0.8618916225543709,-899970.4166666666,854350.1666666666,1119935.3130836026,-0.1125378723517152,-0.18109862584132852,1.0,8631514.52134602,8631514.52134602
fixed_12m_2016,fixed_origin_12m_ex_ante,seasonal_naive,2008-01,2015-12,2016-01,2016-12,0.0037087000673636794,,12.0,854350.1666666666,1119935.3130836026,27.35829874172714,22.817967137203876,32.686416265552324,5.030048275989198,5.083927479737582,-0.33469511026647925,854350.1666666666,854350.1666666666,1119935.3130836026,0.0,0.0,0.5833333333333334,1732550.012061516,12890926.87222231
fixed_12m_2016,fixed_origin_12m_ex_ante,drift,2008-01,2015-12,2016-01,2016-12,0.000942499958910048,,12.0,927714.9798245613,1292927.3571588679,28.14657936542349,36.016699592002375,35.49326633205325,5.461988909164163,5.869221948423172,-0.7788709444722244,-862949.7692982455,854350.1666666666,1119935.3130836026,-0.08587206513242096,-0.1544661035814232,1.0,14294536.704334252,14294536.704334252
fixed_12m_2016,fixed_origin_12m_ex_ante,same_month_historical_mean,2008-01,2015-12,2016-01,2016-12,0.0014452999457716942,,12.0,557539.3541666666,692255.371261025,19.243497828073398,17.77732690899689,21.330789324734965,3.2825531926376468,3.142481591423082,0.4900485157110479,415798.0625,854350.1666666666,1119935.3130836026,0.3474111951754365,0.3818791467919822,0.6666666666666666,1478332.4674731025,6045915.184319085
fixed_12m_2016,fixed_origin_12m_ex_ante,seasonal_moving_average_3,2008-01,2015-12,2016-01,2016-12,0.01675099995918572,,12.0,789997.1666666666,1035580.8887125996,25.198625033587223,21.184563534911742,30.224347399639903,4.651165343282956,4.701001991910614,-0.14120652481130214,772255.8333333334,854350.1666666666,1119935.3130836026,0.07532391577926378,0.07532080057261836,0.4166666666666667,906514.7073851306,20144462.01011416
fixed_12m_2016,fixed_origin_12m_ex_ante,ets_holt_winters,2008-01,2015-12,2016-01,2016-12,0.042292899917811155,,12.0,913254.091349422,1175447.156537032,29.709073042066198,24.6095079018291,34.94001002250945,5.376849384433402,5.335922557566433,-0.470287995536524,913254.091349422,854350.1666666666,1119935.3130836026,-0.06894588071841201,-0.04956700874141062,0.5833333333333334,1707525.7183480738,14349746.670207193
fixed_12m_2016,fixed_origin_12m_ex_ante,theta,2008-01,2015-12,2016-01,2016-12,0.016997999977320433,,12.0,863193.9203338762,1115897.5235896318,27.950846093748176,23.345850523589785,33.02476771089031,5.082116514075439,5.065598002377615,-0.32508830039312553,831648.6701484235,854350.1666666666,1119935.3130836026,-0.010351439037829646,0.0036053774238560266,1.0,8953122.958880765,8953122.958880765
fixed_12m_2016,fixed_origin_12m_ex_ante,sarima_111_111_12,2008-01,2015-12,2016-01,2016-12,0.18504469993058592,,12.0,798826.5634456145,1081396.9377375115,24.955491587261573,20.83395463349737,30.562149567592208,4.703149054153231,4.9089831743321435,-0.2444185110682202,788718.5897321734,854350.1666666666,1119935.3130836026,0.06498928119565195,0.03441125116412347,0.4166666666666667,859037.1292301094,21318278.81330628
fixed_12m_2016,fixed_origin_12m_ex_ante,dynamic_harmonic_arima_k2,2008-01,2015-12,2016-01,2016-12,0.026828399975784123,,12.0,1009690.613022358,1171168.1849363449,36.946102862139,30.364810301132007,38.62955608171142,5.944626366880701,5.316498238097612,-0.4596029223388127,1009690.613022358,854350.1666666666,1119935.3130836026,-0.18182292509143871,-0.04574627771284301,0.3333333333333333,1276779.40604353,19761499.847567443
fixed_12m_2017,fixed_origin_12m_ex_ante,naive_last,2008-01,2016-12,2017-01,2017-12,0.001007299986667931,,12.0,1631933.9166666667,2219027.150154939,39.75822466909928,55.16370569884209,50.70696801351888,6.389419900689014,4.971307953706491,-1.0521229415137752,-1588891.25,648383.3333333334,858957.2348826997,-1.5169276148369022,-1.583396541805684,1.0,8401750.879213521,8401750.879213521
fixed_12m_2017,fixed_origin_12m_ex_ante,seasonal_naive,2008-01,2016-12,2017-01,2017-12,0.0034203999675810337,,12.0,648383.3333333334,858957.2348826997,16.69823280493938,18.61538201739872,20.14637517368759,2.5385791244151656,1.924330188284513,0.6925169163763738,-604584.8333333334,648383.3333333334,858957.2348826997,0.0,0.0,1.0,4287026.15411191,4287026.15411191
fixed_12m_2017,fixed_origin_12m_ex_ante,drift,2008-01,2016-12,2017-01,2017-12,0.0013599999947473407,,12.0,1606322.6082554515,2194938.833360642,38.96626021772942,53.836351136555265,49.91118101312093,6.289145372428979,4.917342664970602,-1.007811734542249,-1561145.6658878503,648383.3333333334,858957.2348826997,-1.4774273576672003,-1.5553528676667887,1.0,14011653.139882013,14011653.139882013
fixed_12m_2017,fixed_origin_12m_ex_ante,same_month_historical_mean,2008-01,2016-12,2017-01,2017-12,0.0016729000490158796,,12.0,291645.38888888893,358161.1871877848,9.185941514476731,9.761083094984663,9.061919269308136,1.1418629349386054,0.802391966430547,0.9465392329668922,-234986.5555555556,648383.3333333334,858957.2348826997,0.550196043150057,0.5830279172900898,1.0,1635368.9372019311,1635368.9372019311
fixed_12m_2017,fixed_origin_12m_ex_ante,seasonal_moving_average_3,2008-01,2016-12,2017-01,2017-12,0.018205099971964955,,12.0,241025.86111111112,277548.38238793146,7.917151214163572,7.968780117854351,7.4890842729438285,0.9436751193391602,0.6217943213570659,0.9678962662667215,-40641.97222222221,648383.3333333334,858957.2348826997,0.6282664147580734,0.676877531131298,1.0,1837858.84185548,1837858.84185548
fixed_12m_2017,fixed_origin_12m_ex_ante,ets_holt_winters,2008-01,2016-12,2017-01,2017-12,0.058365599950775504,,12.0,224431.35439662993,282924.2301661585,6.622161647245886,6.922626650292862,6.9734646681438655,0.8787035721700226,0.6338378850493577,0.9666405847483366,-113575.44926682388,648383.3333333334,858957.2348826997,0.6538600811300467,0.6706189567111627,1.0,2337219.0022322484,2337219.0022322484
fixed_12m_2017,fixed_origin_12m_ex_ante,theta,2008-01,2016-12,2017-01,2017-12,0.019853899953886867,,12.0,196310.87112692036,250025.50706797367,6.429996763936143,6.644200501821306,6.0997133286322995,0.7686050114467613,0.5601345579884993,0.9739476576131935,-64363.816320375285,648383.3333333334,858957.2348826997,0.6972302324341253,0.7089197262514269,1.0,7702719.316150737,7702719.316150737
fixed_12m_2017,fixed_origin_12m_ex_ante,sarima_111_111_12,2008-01,2016-12,2017-01,2017-12,0.07826270000077784,,12.0,650739.9081612924,858309.5605506658,16.70280438394955,18.86638748902075,20.21959796978393,2.547805690484691,1.9228791972238464,0.6929804407782699,-637936.695014676,648383.3333333334,858957.2348826997,-0.0036345394873800174,0.0007540239557122241,0.8333333333333334,2310210.4680082463,4471421.701988093
fixed_12m_2017,fixed_origin_12m_ex_ante,dynamic_harmonic_arima_k2,2008-01,2016-12,2017-01,2017-12,0.019678100012242794,,12.0,503671.006148508,594240.11564328,17.482508534289575,20.055981041544456,15.64991654213282,1.971995015986096,1.3312818696709663,0.8528358328873412,-482302.73380152445,648383.3333333334,858957.2348826997,0.22318946176617538,0.3081842826267943,0.9166666666666666,1834940.0626297507,2854957.2879043366
fixed_12m_2018,fixed_origin_12m_ex_ante,naive_last,2008-01,2017-12,2018-01,2018-12,0.0013834999408572912,,12.0,1800150.0,2447333.4580601533,36.74965114479448,50.65806976987358,47.34259864750836,6.019050751570976,4.8080943876783575,-1.0738445433765516,-1761066.5,584027.25,623652.0213705583,-2.0823048068390646,-2.92419710703705,0.9166666666666666,8476503.065530293,8786365.717406787
fixed_12m_2018,fixed_origin_12m_ex_ante,seasonal_naive,2008-01,2017-12,2018-01,2018-12,0.0037206000415608287,,12.0,584027.25,623652.0213705583,16.31720761127306,17.925356477232516,15.35947987443159,1.9527759675862735,1.2252428347842832,0.8653288490574155,-584027.25,584027.25,623652.0213705583,0.0,0.0,1.0,4838518.405715483,4838518.405715483
fixed_12m_2018,fixed_origin_12m_ex_ante,drift,2008-01,2017-12,2018-01,2018-12,0.0010246000019833446,,12.0,1755686.030812325,2406756.107730438,35.54000612078617,48.781726543684265,46.17322951297664,5.870379314659106,4.7283750794064865,-1.0056450147184481,-1713622.6722689075,584027.25,623652.0213705583,-2.006171425755091,-2.8591330185080954,1.0,14064175.187051453,14064175.187051453
fixed_12m_2018,fixed_origin_12m_ex_ante,same_month_historical_mean,2008-01,2017-12,2018-01,2018-12,0.001741299987770617,,12.0,795515.1500000003,847255.9547200039,22.18645357000094,25.087586627499388,20.921453470245492,2.659915041243007,1.664540885264272,0.7514469121785832,-795515.1500000003,584027.25,623652.0213705583,-0.36211991820587186,-0.35853957926416435,0.6666666666666666,1607368.2242407643,6658973.729302339
fixed_12m_2018,fixed_origin_12m_ex_ante,seasonal_moving_average_3,2008-01,2017-12,2018-01,2018-12,0.0201560000423342,,12.0,702300.4166666666,774060.4709055179,18.29841779511424,20.165756981020944,18.469975699929392,2.348238674980479,1.5207391512697614,0.7925374637987534,-702300.4166666666,584027.25,623652.0213705583,-0.20251309620684066,-0.2411736743904349,0.5833333333333334,1771070.6072180215,4810403.324845621
fixed_12m_2018,fixed_origin_12m_ex_ante,ets_holt_winters,2008-01,2017-12,2018-01,2018-12,0.05121569999027997,,12.0,331624.57776073297,431959.2397411427,7.403477075160948,7.784233612441298,8.72147836934467,1.1088326883927158,0.8486382554306379,0.9353936152541532,-331624.57776073297,584027.25,623652.0213705583,0.43217619081860825,0.3073713786866996,1.0,2326596.2614238616,2326596.2614238616
fixed_12m_2018,fixed_origin_12m_ex_ante,theta,2008-01,2017-12,2018-01,2018-12,0.03115940000861883,,12.0,153827.9663296597,191885.76128125188,4.300034707162215,4.307252380581102,4.045560464798772,0.5143451025465506,0.37698371215137433,0.9872510211074186,73525.64911855372,584027.25,623652.0213705583,0.7366082381778252,0.69231918649192,1.0,7661000.164430649,7661000.164430649
fixed_12m_2018,fixed_origin_12m_ex_ante,sarima_111_111_12,2008-01,2017-12,2018-01,2018-12,0.11365529999602586,,12.0,240994.24201007638,294300.4909908614,5.7694061855066305,5.8803232224692605,6.337968322552868,0.805797613251689,0.5781903297091956,0.9700103169122273,-180192.13566677077,584027.25,623652.0213705583,0.5873578809720328,0.5281014397354202,1.0,2634551.2649830473,2634551.2649830473
fixed_12m_2018,fixed_origin_12m_ex_ante,dynamic_harmonic_arima_k2,2008-01,2017-12,2018-01,2018-12,0.02250429999548942,,12.0,403062.107376025,531474.1774104068,9.767828872464207,10.455183658917361,10.600231969292597,1.3476939590208843,1.0441478668086512,0.9021965353021585,-376482.4837108659,584027.25,623652.0213705583,0.3098573613199983,0.14780332749916925,0.9166666666666666,1875101.630620013,2828729.6213842183
fixed_12m_2019,fixed_origin_12m_ex_ante,naive_last,2008-01,2018-12,2019-01,2019-12,0.0012148000532761216,,12.0,2180109.8333333335,2936547.989730686,39.2508249210852,54.930215965197135,50.44600233837065,6.655389538183502,5.629853076318143,-1.1343062650604598,-2140789.1666666665,519280.6666666667,612548.1612431249,-3.1983265953800197,-3.7939871107786223,0.9166666666666666,8607908.004414236,11914159.15735544
fixed_12m_2019,fixed_origin_12m_ex_ante,seasonal_naive,2008-01,2018-12,2019-01,2019-12,0.004055699915625155,,12.0,519280.6666666667,612548.1612431249,11.092609941013647,11.78820708260117,12.015740365192917,1.585248166616508,1.174357157460893,0.9071326580975414,-519280.6666666667,519280.6666666667,612548.1612431249,0.0,0.0,1.0,4865567.495271011,4865567.495271011
fixed_12m_2019,fixed_origin_12m_ex_ante,drift,2008-01,2018-12,2019-01,2019-12,0.001133600017055869,,12.0,2132652.625954198,2893449.5982663464,38.09377329635896,53.088595762238974,49.34788041909103,6.5105132587074435,5.547226259859364,-1.0721174945617458,-2090766.7048346058,519280.6666666667,612548.1612431249,-3.106936311809923,-3.723627922405786,1.0,14291201.139149306,14291201.139149306
fixed_12m_2019,fixed_origin_12m_ex_ante,same_month_historical_mean,2008-01,2018-12,2019-01,2019-12,0.0018669998971745372,,12.0,1242476.2575757576,1366305.2443005033,29.09972564801629,34.10580300973095,28.74990940213487,3.7930031596012492,2.6194354084164826,0.5379616708641508,-1242476.2575757576,519280.6666666667,612548.1612431249,-1.392687302516733,-1.2305270519916012,0.4166666666666667,1807073.256437578,18318403.74951432
fixed_12m_2019,fixed_origin_12m_ex_ante,seasonal_moving_average_3,2008-01,2018-12,2019-01,2019-12,0.021735600079409778,,12.0,1110160.4444444443,1275827.4354027256,24.284403583660648,27.78225162446694,25.688227042572258,3.3890724653829905,2.4459743335275297,0.5971286275605572,-1110160.4444444443,519280.6666666667,612548.1612431249,-1.1378813341361527,-1.0828197946321811,0.5,1866312.6334689993,16536189.632112341
fixed_12m_2019,fixed_origin_12m_ex_ante,ets_holt_winters,2008-01,2018-12,2019-01,2019-12,0.05347729998175055,,12.0,643412.2176733006,842528.3417295913,12.0632673498492,13.140113648046496,14.888045428269432,1.9641941322263645,1.6152675839656812,0.8243081677488084,-638944.8099976755,519280.6666666667,612548.1612431249,-0.23904520036043575,-0.37544832396482475,0.8333333333333334,2299474.734551909,3303161.7923087273
fixed_12m_2019,fixed_origin_12m_ex_ante,theta,2008-01,2018-12,2019-01,2019-12,0.02178850001655519,,12.0,171020.02348168535,186852.02675206464,4.337465057021586,4.44094638131212,3.9572669103897455,0.5220860241521037,0.35822655080221133,0.9913587183627678,-136780.44728812668,519280.6666666667,612548.1612431249,0.6706597521153903,0.6949594520488623,1.0,7690347.0859034,7690347.0859034
fixed_12m_2019,fixed_origin_12m_ex_ante,sarima_111_111_12,2008-01,2018-12,2019-01,2019-12,0.15261629992164671,,12.0,446412.2422424564,589327.5417446252,8.265421392469168,8.765829288502692,10.329623155549077,1.3627971037563857,1.1298393506432254,0.9140400785421847,-443629.8993760107,519280.6666666667,612548.1612431249,0.14032570265317712,0.03790823476047178,1.0,2566657.6407819763,2566657.6407819763
fixed_12m_2019,fixed_origin_12m_ex_ante,dynamic_harmonic_arima_k2,2008-01,2018-12,2019-01,2019-12,0.023632399970665574,,12.0,552814.1045544966,739205.4975298408,11.18716121174458,11.622251991483493,12.791677366273552,1.6876182803996085,1.4171804305099487,0.8647575871823111,-412682.4911212977,519280.6666666667,612548.1612431249,-0.06457671167133094,-0.20677122926901537,0.9166666666666666,1897256.6472098387,4745360.145313736
fixed_12m_2020,fixed_origin_12m_ex_ante,naive_last,2008-01,2019-12,2020-01,2020-12,0.0011668999213725328,,9.0,721401.6666666666,943175.9241854087,68.44955753187985,40.88665603819553,41.02430099430908,2.09102676210662,1.7778485801302824,-0.8526511195283781,639855.0,2676848.0,3405552.3567821486,0.7305033133496311,0.7230475924684945,1.0,9136124.990243876,9136124.990243876
fixed_12m_2020,fixed_origin_12m_ex_ante,seasonal_naive,2008-01,2019-12,2020-01,2020-12,0.0035029000137001276,,9.0,2676848.0,3405552.3567821486,195.4900644619965,78.4072911476747,152.22562289803545,7.759007311356708,6.419328851394938,-23.153682523018947,2585714.4444444445,2676848.0,3405552.3567821486,0.0,0.0,0.6666666666666666,4995424.718642243,38618499.92106913
fixed_12m_2020,fixed_origin_12m_ex_ante,drift,2008-01,2019-12,2020-01,2020-12,0.0011172000085934997,,9.0,762349.9953379954,990486.3201455225,72.07295936786377,42.342147258628145,43.35292960475932,2.209717992071368,1.867026768553331,-1.0431732507576026,699849.0629370628,2676848.0,3405552.3567821486,0.7152060948780075,0.7091554566257154,1.0,15271590.02532406,15271590.02532406
fixed_12m_2020,fixed_origin_12m_ex_ante,same_month_historical_mean,2008-01,2019-12,2020-01,2020-12,0.0016976000042632222,,9.0,1786588.3888888888,2194267.305952203,128.9999756210695,66.97059998790294,101.59879468726228,5.17853549091091,4.1361053800039045,-9.027375885756083,1424296.574074074,2676848.0,3405552.3567821486,0.3325775729929795,0.3556794680949992,0.5555555555555556,2279913.765693127,35197781.40397643
fixed_12m_2020,fixed_origin_12m_ex_ante,seasonal_moving_average_3,2008-01,2019-12,2020-01,2020-12,0.02352950000204146,,9.0,2273201.037037037,2839397.952009293,165.61086104597427,74.10770259946129,129.27123386737802,6.5890119523237844,5.352150630609414,-15.790389082918765,2071723.7037037036,2676848.0,3405552.3567821486,0.15079188768393392,0.1662445164424975,0.2222222222222222,2205801.4883936024,54791828.7059746
fixed_12m_2020,fixed_origin_12m_ex_ante,ets_holt_winters,2008-01,2019-12,2020-01,2020-12,0.049349799985066056,,9.0,2257936.8689519707,2836905.6627315804,171.6925922952826,73.29550159726519,128.40319896410017,6.544767829469665,5.3474527658314495,-15.760926399670833,2249987.949693615,2676848.0,3405552.3567821486,0.15649417936619092,0.16697634758664326,0.4444444444444444,2514308.657704653,48728822.117560655
fixed_12m_2020,fixed_origin_12m_ex_ante,theta,2008-01,2019-12,2020-01,2020-12,0.023277300060726702,,9.0,2885579.3710078127,3679490.1171852527,209.5393202070965,80.78256916353486,164.09565174166988,8.36402793029328,6.935690482229983,-27.19574097568022,2826204.9252544832,2676848.0,3405552.3567821486,-0.07797654966132272,-0.08043856963689255,0.7777777777777778,8168180.821565772,24935644.32645928
fixed_12m_2020,fixed_origin_12m_ex_ante,sarima_111_111_12,2008-01,2019-12,2020-01,2020-12,0.16998740006238222,,9.0,2729575.1200599647,3437674.66476424,200.95910870056238,79.67750782733526,155.2240817925067,7.911840087088482,6.479878106493653,-23.611482661955087,2703955.797325338,2676848.0,3405552.3567821486,-0.019697465100732225,-0.009432334205087045,0.3333333333333333,2583412.4943439015,65178981.927021995
fixed_12m_2020,fixed_origin_12m_ex_ante,dynamic_harmonic_arima_k2,2008-01,2019-12,2020-01,2020-12,0.023905099951662123,,9.0,2657614.8374796766,3142494.3008423652,201.12754237784367,82.70516466832785,151.1318812492921,7.703258815881544,5.923475024710066,-19.5663502702455,2642125.719755163,2676848.0,3405552.3567821486,0.007185003601371198,0.07724387364531449,0.2222222222222222,2140389.032918205,69364925.06324969
fixed_12m_2021,fixed_origin_12m_ex_ante,naive_last,2008-01,2020-12,2021-01,2021-12,0.0011111999629065394,,9.0,1928117.4444444445,2488433.8054082445,53.985504638143546,81.1252954387479,68.61287971774273,3.904334630112888,2.4837611414017378,-1.2217846900816167,-1845323.2222222222,1726986.3333333333,1960546.2331689605,-0.11646363797384485,-0.2692553551190804,1.0,9034156.665632172,9034156.665632172
fixed_12m_2021,fixed_origin_12m_ex_ante,seasonal_naive,2008-01,2020-12,2021-01,2021-12,0.0035998999373987317,,9.0,1726986.3333333333,1960546.2331689605,79.88325923723889,74.19267263026282,61.45554354305815,3.4970548948629117,1.9568648116270608,-0.37912604724772514,-1051665.2222222222,1726986.3333333333,1960546.2331689605,0.0,0.0,1.0,9879627.931083858,9879627.931083858
fixed_12m_2021,fixed_origin_12m_ex_ante,drift,2008-01,2020-12,2021-01,2021-12,0.0011506000300869346,,9.0,1936780.7777777778,2497708.9055881393,54.236783679050895,81.74150476911454,68.9211681208519,3.9218774164421153,2.4930188252345817,-1.2383780028077584,-1854898.485380117,1726986.3333333333,1960546.2331689605,-0.12148008377084896,-0.27398623063885985,1.0,15902124.865987143,15902124.865987143
fixed_12m_2021,fixed_origin_12m_ex_ante,same_month_historical_mean,2008-01,2020-12,2021-01,2021-12,0.002382699982263148,,9.0,572450.2307692308,608977.0604800597,39.25738136195643,30.275151804803166,20.3708850523265,1.1591810791652328,0.6078335519868423,0.866938733861111,263070.07692307694,1726986.3333333333,1960546.2331689605,0.6685264847091643,0.6893839838218302,1.0,2988957.3517546053,2988957.351754605
fixed_12m_2021,fixed_origin_12m_ex_ante,seasonal_moving_average_3,2008-01,2020-12,2021-01,2021-12,0.02530160010792315,,9.0,657778.0740740742,785329.4493306773,54.48070884004188,34.202705761235734,23.407312665239115,1.3319653950210222,0.7838547946128536,0.7787141971270357,504107.0370370372,1726986.3333333333,1960546.2331689605,0.6191179620950055,0.5994333436037887,1.0,3641761.0473090494,3641761.0473090503
fixed_12m_2021,fixed_origin_12m_ex_ante,ets_holt_winters,2008-01,2020-12,2021-01,2021-12,0.05133429996203631,model-internal seasonal fill for missing training targets,9.0,531466.4547100036,741877.5419446322,19.246293603445285,24.10257900662285,18.912459941743624,1.076191126140386,0.740484479175614,0.8025240402139113,-502197.74008721166,1726986.3333333333,1960546.2331689605,0.6922578688366361,0.6215965074460466,1.0,5329862.739056057,5329862.739056057
fixed_12m_2021,fixed_origin_12m_ex_ante,theta,2008-01,2020-12,2021-01,2021-12,0.025803999975323677,model-internal seasonal fill for missing training targets,9.0,1012560.3661541494,1264584.4910419693,30.38328602592723,37.87876916123389,36.032391496725545,2.05038054815926,1.2622099137389138,0.42621989297941987,-964597.8766096487,1726986.3333333333,1960546.2331689605,0.41368362527816793,0.35498359097712395,1.0,10085746.388409143,10085746.388409143
fixed_12m_2021,fixed_origin_12m_ex_ante,sarima_111_111_12,2008-01,2020-12,2021-01,2021-12,0.11675400007516146,,9.0,741693.0453173914,887559.1720290903,29.932978685657762,30.72817030707169,26.39346262463359,1.5018887205706297,0.8858925551442964,0.7173529758910304,-569821.4196738478,1726986.3333333333,1960546.2331689605,0.5705275536918601,0.5472898537085403,1.0,5815415.0678411275,5815415.067841127
fixed_12m_2021,fixed_origin_12m_ex_ante,dynamic_harmonic_arima_k2,2008-01,2020-12,2021-01,2021-12,0.03844150004442781,,9.0,493661.30919433717,605342.7104208079,20.299588413917117,22.086870777738593,17.567147751631897,0.9996377298425775,0.6042060263392635,0.8685222030112799,-228963.50963507412,1726986.3333333333,1960546.2331689605,0.7141486879971427,0.6912377274356074,1.0,3921559.485588459,3921559.485588459
fixed_12m_2022,fixed_origin_12m_ex_ante,naive_last,2008-01,2021-12,2022-01,2022-12,0.0012541000032797456,,12.0,2161419.3333333335,2873654.23317594,40.00075432247015,55.483142801539124,50.49158029554932,3.8064618211866073,2.651978588685301,-1.1557824330769,-2104118.0,1834296.75,2007741.7750660607,-0.17833678401999764,-0.4312867664873825,0.9166666666666666,8859066.606419435,11111298.714262202
fixed_12m_2022,fixed_origin_12m_ex_ante,seasonal_naive,2008-01,2021-12,2022-01,2022-12,0.00452630000654608,,12.0,1834296.75,2007741.7750660607,46.10558617824956,63.4733195587042,42.8498719383884,3.2303683232229536,1.852863207275856,-0.05232918926666508,-1834296.75,1834296.75,2007741.7750660607,0.0,0.0,1.0,10377990.41986162,10377990.41986162
fixed_12m_2022,fixed_origin_12m_ex_ante,drift,2008-01,2021-12,2022-01,2022-12,0.0012165999505668879,,12.0,2124691.357723577,2837950.415185298,39.16322663377893,54.062461877129216,49.63360077209745,3.7417804172720754,2.6190289875285697,-1.1025460300400423,-2064329.3597560972,1834296.75,2007741.7750660607,-0.15831386482235055,-0.4135036937665555,1.0,15441981.530429728,15441981.530429728
fixed_12m_2022,fixed_origin_12m_ex_ante,same_month_historical_mean,2008-01,2021-12,2022-01,2022-12,0.0020782999927178025,,12.0,1229421.232142857,1366723.1656290034,28.577928925663006,33.5144542210081,28.719749056774535,2.165125901363571,1.2612932099010812,0.5123625883770135,-1229421.232142857,1834296.75,2007741.7750660607,0.32975881239343796,0.31927343316645684,0.6666666666666666,3082172.5083484924,9145047.69078712
fixed_12m_2022,fixed_origin_12m_ex_ante,seasonal_moving_average_3,2008-01,2021-12,2022-01,2022-12,0.028710799990221858,,12.0,1277647.611111111,1512034.3485340094,27.70824515388953,32.751498320224954,29.846335669786782,2.250057070195873,1.3953949892006423,0.4031582156083825,-1277647.611111111,1834296.75,2007741.7750660607,0.30346733094789,0.24689799888023,0.75,3815351.260953276,9342583.845075788
fixed_12m_2022,fixed_origin_12m_ex_ante,ets_holt_winters,2008-01,2021-12,2022-01,2022-12,0.05221610004082322,model-internal seasonal fill for missing training targets,12.0,727040.4179744837,943441.2138079639,14.204005695996777,15.7202745226267,16.983941559204638,1.2803862493500837,0.8706635160963038,0.7676377385315978,-719379.524973716,1834296.75,2007741.7750660607,0.6036407860535742,0.5300983296136667,1.0,4254164.674105317,4254164.674105317
fixed_12m_2022,fixed_origin_12m_ex_ante,theta,2008-01,2021-12,2022-01,2022-12,0.020898499991744757,model-internal seasonal fill for missing training targets,12.0,418888.8212780391,530272.0944872329,9.341281578842047,10.038320335428722,9.785402688080017,0.737702435120587,0.4893665440059751,0.9265936800895962,-418888.8212780391,1834296.75,2007741.7750660607,0.7716351940992977,0.735886307157311,1.0,8625742.532293795,8625742.532293795
fixed_12m_2022,fixed_origin_12m_ex_ante,sarima_111_111_12,2008-01,2021-12,2022-01,2022-12,0.11809060000814497,,12.0,756655.992375465,926824.9369116188,17.090215448954073,18.250990692965136,17.675772676750835,1.3325420487969195,0.8553290301153401,0.7757505809522183,-504824.479528449,1834296.75,2007741.7750660607,0.5874953208222906,0.5383744321995175,1.0,5588856.874183984,5588856.874183984
fixed_12m_2022,fixed_origin_12m_ex_ante,dynamic_harmonic_arima_k2,2008-01,2021-12,2022-01,2022-12,0.03819170000497252,,12.0,607887.8536316714,795728.4947956814,12.548910768787536,13.417029199619419,14.200492194634762,1.0705474272054085,0.734345456820215,0.834702712619698,-559239.5765550473,1834296.75,2007741.7750660607,0.6685989583573806,0.6036699018380989,1.0,4013129.574823603,4013129.574823603
fixed_12m_2023,fixed_origin_12m_ex_ante,naive_last,2008-01,2022-12,2023-01,2023-12,0.0012715000193566084,,12.0,2187123.75,2903840.7506862786,36.80578424816925,49.93292666523979,45.98224002306761,3.3056028923130456,2.466749295289123,-1.1795824646706752,-2136241.25,475701.25,538554.6639915797,-3.5976834200036265,-4.391914590738147,0.9166666666666666,9042036.412237274,11113818.86262741
fixed_12m_2023,fixed_origin_12m_ex_ante,seasonal_naive,2008-01,2022-12,2023-01,2023-12,0.0036844999995082617,,12.0,475701.25,538554.6639915797,11.541855088707107,12.622367625238937,10.001175771043266,0.7189714015390903,0.4574904245564891,0.9250300369616596,-475701.25,475701.25,538554.6639915797,0.0,0.0,1.0,11150380.107449742,11150380.107449742
fixed_12m_2023,fixed_origin_12m_ex_ante,drift,2008-01,2022-12,2023-01,2023-12,0.0012632999569177628,,12.0,2136407.2613636362,2857521.7788755354,35.705729074592725,48.243097528770676,44.91597308064862,3.228950361095127,2.4274023403827067,-1.1106042692742708,-2082783.3295454544,475701.25,538554.6639915797,-3.491069261145806,-4.305908517617467,1.0,15831314.07210687,15831314.07210687
fixed_12m_2023,fixed_origin_12m_ex_ante,same_month_historical_mean,2008-01,2022-12,2023-01,2023-12,0.0023244000039994717,,12.0,1622044.8253968256,1715168.3377530659,35.30927134762475,43.08436263528862,34.10198187897306,2.4515467249135563,1.4569980421463145,0.2396015621447931,-1622044.8253968256,475701.25,538554.6639915797,-2.4097972738075115,-2.1847618309362233,0.5833333333333334,3267633.780110715,13269415.914108725
fixed_12m_2023,fixed_origin_12m_ex_ante,seasonal_moving_average_3,2008-01,2022-12,2023-01,2023-12,0.029967600014060736,,12.0,1719922.722222222,1910693.0205235307,35.7833999351016,43.881173252723976,36.15977350817486,2.5994786646767034,1.6230919897299367,0.056353032750629306,-1719922.722222222,475701.25,538554.6639915797,-2.6155522446540176,-2.5478163096056754,0.75,3984572.686284006,14105870.365975082
fixed_12m_2023,fixed_origin_12m_ex_ante,ets_holt_winters,2008-01,2022-12,2023-01,2023-12,0.06853980000596493,model-internal seasonal fill for missing training targets,12.0,697578.2255316976,888075.6425221554,12.435922170617598,13.48468894125188,14.665932552405465,1.0543146449450707,0.7544008619746909,0.7961420599022574,-673012.9980338827,475701.25,538554.6639915797,-0.46642083772472254,-0.6489981461492653,1.0,4202985.729305122,4202985.729305122
fixed_12m_2023,fixed_origin_12m_ex_ante,theta,2008-01,2022-12,2023-01,2023-12,0.025891499943099916,model-internal seasonal fill for missing training targets,12.0,186948.73871861587,272360.8364531869,4.368980950936153,4.513277223418302,3.930423130272875,0.2825529609024329,0.23136458196837215,0.9808258097306204,15569.953475958318,475701.25,538554.6639915797,0.6070038943168304,0.49427448193551393,1.0,8753595.501066308,8753595.501066308
fixed_12m_2023,fixed_origin_12m_ex_ante,sarima_111_111_12,2008-01,2022-12,2023-01,2023-12,0.1234427000163123,,12.0,711329.2798600174,832507.0730612177,14.834635260835089,16.19700614372856,14.95503566360118,1.075097888216078,0.7071965758837275,0.820855459217384,-633977.414024012,475701.25,538554.6639915797,-0.49532775005324736,-0.5458172191676238,1.0,5941902.931456673,5941902.931456673
fixed_12m_2023,fixed_origin_12m_ex_ante,dynamic_harmonic_arima_k2,2008-01,2022-12,2023-01,2023-12,0.034202000009827316,,12.0,631026.8216871087,770026.805948467,12.353014733341256,13.139320701736848,13.266751264444967,0.9537293383129395,0.6541209535950641,0.8467362660494648,-496266.13314182713,475701.25,538554.6639915797,-0.326519158163046,-0.4298025018320264,1.0,3999480.8764542094,3999480.8764542094
fixed_12m_2024,fixed_origin_12m_ex_ante,naive_last,2008-01,2023-12,2024-01,2024-12,0.0018248000415042043,,12.0,2405032.5833333335,3088528.3886214728,37.96081595939688,51.73916203929874,46.37515057056972,3.706791080185671,2.6982377597452065,-1.4794838535728538,-2385756.25,429584.0,487212.98743003554,-4.59851526903547,-5.3391749980084215,0.9166666666666666,9241887.50097646,10904484.667611383
fixed_12m_2024,fixed_origin_12m_ex_ante,seasonal_naive,2008-01,2023-12,2024-01,2024-12,0.0038511999882757664,,12.0,429584.0,487212.98743003554,9.24556801021441,9.815730034809826,8.283473089206986,0.6621025221967982,0.42564493969529343,0.9382984885747137,-429584.0,429584.0,487212.98743003554,0.0,0.0,1.0,10799427.687046556,10799427.687046556
fixed_12m_2024,fixed_origin_12m_ex_ante,drift,2008-01,2023-12,2024-01,2024-12,0.0012776999501511455,,12.0,2351646.798758866,3038013.1332731703,36.916062569440726,50.07987717643269,45.34573674261336,3.624509471428804,2.65410600757284,-1.3990394153367194,-2329484.747340426,429584.0,487212.98743003554,-4.4742420545431525,-5.2354929192223825,1.0,16158405.973647058,16158405.973647058
fixed_12m_2024,fixed_origin_12m_ex_ante,same_month_historical_mean,2008-01,2023-12,2024-01,2024-12,0.0021389999892562628,,12.0,1948630.0621527778,2021718.0087143334,39.25708178304124,49.10137818222491,37.57454812251451,3.0033541262706662,1.7662378920547044,-0.062427365833726656,-1948630.0621527778,429584.0,487212.98743003554,-3.53608621865055,-3.1495568896439874,0.5,3563463.0714469166,16878601.009755537
fixed_12m_2024,fixed_origin_12m_ex_ante,seasonal_moving_average_3,2008-01,2023-12,2024-01,2024-12,0.03428219992201775,,12.0,1358150.4166666667,1447241.2920902336,28.14604172259363,33.47335640129842,26.18859740482324,2.0932688749991444,1.264356551219288,0.45557259329554733,-1358150.4166666667,429584.0,487212.98743003554,-2.1615479549207297,-1.9704489195252815,0.8333333333333334,4248252.119389876,5434265.054756961
fixed_12m_2024,fixed_origin_12m_ex_ante,ets_holt_winters,2008-01,2023-12,2024-01,2024-12,0.05832949990872294,model-internal seasonal fill for missing training targets,12.0,913464.7971291175,1069706.084031786,15.889590142028359,17.519035743264656,17.613926647540328,1.4078907643608125,0.9345296479699895,0.7025684590300911,-913464.7971291175,429584.0,487212.98743003554,-1.126393899980254,-1.1955615134036166,1.0,4235742.397886195,4235742.397886195
fixed_12m_2024,fixed_origin_12m_ex_ante,theta,2008-01,2023-12,2024-01,2024-12,0.03023629996459931,model-internal seasonal fill for missing training targets,12.0,389044.72454907646,441813.03535985795,8.385472070393398,8.701960023118973,7.501772659829554,0.5996207805023048,0.38598208102846665,0.9492617902036924,-139506.13585853518,429584.0,487212.98743003554,0.09436868098188833,0.0931829676989,1.0,8957109.371736554,8957109.371736554
fixed_12m_2024,fixed_origin_12m_ex_ante,sarima_111_111_12,2008-01,2023-12,2024-01,2024-12,0.11467000003904104,,12.0,474922.51629421953,609452.0161425342,9.0851309176891,9.678787988330077,9.157715099216063,0.7319811629074936,0.532436887666948,0.9034533685801593,-427665.8579634943,429584.0,487212.98743003554,-0.1055405142980641,-0.25089443809223644,1.0,5688617.99018854,5688617.99018854
fixed_12m_2024,fixed_origin_12m_ex_ante,dynamic_harmonic_arima_k2,2008-01,2023-12,2024-01,2024-12,0.03655729989986867,,12.0,757907.2290890458,957282.36755059,12.983674896453005,14.347823582634314,14.614380741076353,1.1681354239707338,0.8363126725269218,0.761801946304405,-742203.7445380547,429584.0,487212.98743003554,-0.7642817914285582,-0.9648129098530178,1.0,4008529.545736317,4008529.545736317
fixed_12m_2025,fixed_origin_12m_ex_ante,naive_last,2008-01,2024-12,2025-01,2025-12,0.0012950999662280083,,12.0,2248313.6666666665,2932073.0800772742,34.29795893817728,45.40113838178008,42.2105861696759,3.5424710877861725,2.632018093675671,-1.164413565506925,-2150593.3333333335,156550.41666666666,184753.21537368887,-13.361594906859079,-14.870214080695439,0.9166666666666666,9401414.380537055,10339357.951305615
fixed_12m_2025,fixed_origin_12m_ex_ante,seasonal_naive,2008-01,2024-12,2025-01,2025-12,0.004235300002619624,,12.0,156550.41666666666,184753.21537368887,3.279637765784286,3.3455865082132097,2.939129424233807,0.24666279133763153,0.1658464139357303,0.9914064090666596,-140384.08333333334,156550.41666666666,184753.21537368887,0.0,0.0,1.0,10472226.264690833,10472226.264690833
fixed_12m_2025,fixed_origin_12m_ex_ante,drift,2008-01,2024-12,2025-01,2025-12,0.001501200022175908,,12.0,2191559.393333333,2874920.9720028522,33.30382480927549,43.820608965591354,41.14506262616351,3.453048346034252,2.5807146716819664,-1.0808582080884825,-2085492.8433333335,156550.41666666666,184753.21537368887,-12.999064582496054,-14.560871112245207,1.0,16498610.184691548,16498610.184691548
fixed_12m_2025,fixed_origin_12m_ex_ante,same_month_historical_mean,2008-01,2024-12,2025-01,2025-12,0.0019814000697806478,,12.0,1972409.8238357846,2046430.8766240613,38.60729753963191,48.1167273043358,37.030675952955995,3.107753547823629,1.8370084740824881,-0.054350056505471755,-1972409.8238357846,156550.41666666666,184753.21537368887,-11.599198812964628,-10.076564337377688,0.5,3934335.47830208,13607801.369300887
fixed_12m_2025,fixed_origin_12m_ex_ante,seasonal_moving_average_3,2008-01,2024-12,2025-01,2025-12,0.031808100058697164,,12.0,585340.5,613098.7820555358,12.118690988854926,13.021562861708103,10.989376607082779,0.9222698009190751,0.5503570489239507,0.9053650465693462,-585340.5,156550.41666666666,184753.21537368887,-2.738990367852742,-2.3184742187867147,1.0,4281377.919082745,4281377.919082745
fixed_12m_2025,fixed_origin_12m_ex_ante,ets_holt_winters,2008-01,2024-12,2025-01,2025-12,0.06149499991443008,model-internal seasonal fill for missing training targets,12.0,659202.3021772424,789200.2475079098,11.22553830648666,11.878487480921294,12.376082568832501,1.0386473787383603,0.7084370935663693,0.8431931280030786,-565415.3030129097,156550.41666666666,184753.21537368887,-3.2107987714963544,-3.2716455348917384,1.0,4274234.397970597,4274234.397970597
fixed_12m_2025,fixed_origin_12m_ex_ante,theta,2008-01,2024-12,2025-01,2025-12,0.0231340000173077,model-internal seasonal fill for missing training targets,12.0,524469.3648917519,763639.7641508629,8.4458648013607,8.040149900317486,9.846561735729853,0.8263604803475408,0.6854923534997028,0.8531859106478463,400103.8577612233,156550.41666666666,184753.21537368887,-2.350162689176822,-3.1332962060026732,1.0,9074670.245674442,9074670.245674442
fixed_12m_2025,fixed_origin_12m_ex_ante,sarima_111_111_12,2008-01,2024-12,2025-01,2025-12,0.1429557999363169,,12.0,212886.4748349085,249370.2451480877,4.991901387745157,4.853619943335103,3.9968012575843637,0.3354265880532011,0.22385083158868832,0.9843440318033645,45170.85564125896,156550.41666666666,184753.21537368887,-0.3598588835965528,-0.3497477954237602,1.0,5493847.620896398,5493847.620896398
fixed_12m_2025,fixed_origin_12m_ex_ante,dynamic_harmonic_arima_k2,2008-01,2024-12,2025-01,2025-12,0.03448140004184097,,12.0,624962.1086678212,762128.5061814293,11.386720732939676,11.892811951164683,11.733245824109693,0.9846981022892431,0.6841357507783081,0.8537664315335234,-449352.87171092094,156550.41666666666,184753.21537368887,-2.9920820523813436,-3.125116332291804,1.0,4004718.860938374,4004718.860938374
