run_id,fold_id,protocol,model,date,horizon,actual,forecast,lower_95,upper_95,seasonal_naive_forecast,error,absolute_error,year,month,regime,full_evaluable,comparable_to_seasonal_naive,forecast_origin,target_available_through,target_publication_delay_months
ablation_20260811T165312Z_69334f2b,one_step_201501,one_step_ex_ante_snapshot_vintage_sensitivity,ridge_recursive_b0,2015-01-01,1,1762004.0,1766097.0211394285,,,1575399.0,4093.021139428485,4093.021139428485,2015,1,pre_pandemic,True,True,2014-12-31,2014-09-01,3
ablation_20260811T165312Z_69334f2b,one_step_201502,one_step_ex_ante_snapshot_vintage_sensitivity,ridge_recursive_b0,2015-02-01,1,1564925.0,1684427.649570319,,,1523245.0,119502.6495703191,119502.6495703191,2015,2,pre_pandemic,True,True,2015-01-31,2014-10-01,3
ablation_20260811T165312Z_69334f2b,one_step_201503,one_step_ex_ante_snapshot_vintage_sensitivity,ridge_recursive_b0,2015-03-01,1,2017645.0,2216339.621955049,,,1967114.0,198694.62195504922,198694.62195504922,2015,3,pre_pandemic,True,True,2015-02-28,2014-11-01,3
ablation_20260811T165312Z_69334f2b,one_step_201504,one_step_ex_ante_snapshot_vintage_sensitivity,ridge_recursive_b0,2015-04-01,1,2626663.0,2797273.357478893,,,2573139.0,170610.3574788929,170610.3574788929,2015,4,pre_pandemic,True,True,2015-03-31,2014-12-01,3
ablation_20260811T165312Z_69334f2b,one_step_201505,one_step_ex_ante_snapshot_vintage_sensitivity,ridge_recursive_b0,2015-05-01,1,3775013.0,3826006.6646253327,,,3863883.0,50993.66462533269,50993.66462533269,2015,5,pre_pandemic,True,True,2015-04-30,2015-01-01,3
ablation_20260811T165312Z_69334f2b,one_step_201506,one_step_ex_ante_snapshot_vintage_sensitivity,ridge_recursive_b0,2015-06-01,1,4349675.0,4392556.795829626,,,4530079.0,42881.7958296258,42881.7958296258,2015,6,pre_pandemic,True,True,2015-05-31,2015-02-01,3
ablation_20260811T165312Z_69334f2b,one_step_201507,one_step_ex_ante_snapshot_vintage_sensitivity,ridge_recursive_b0,2015-07-01,1,5244965.0,5219171.351293448,,,4952404.0,-25793.64870655164,25793.64870655164,2015,7,pre_pandemic,True,True,2015-06-30,2015-03-01,3
ablation_20260811T165312Z_69334f2b,one_step_201508,one_step_ex_ante_snapshot_vintage_sensitivity,ridge_recursive_b0,2015-08-01,1,6748708.0,6138922.418134222,,,6635627.0,-609785.5818657782,609785.5818657782,2015,8,pre_pandemic,True,True,2015-07-31,2015-04-01,3
ablation_20260811T165312Z_69334f2b,one_step_201509,one_step_ex_ante_snapshot_vintage_sensitivity,ridge_recursive_b0,2015-09-01,1,5415322.0,5271309.631654896,,,5495982.0,-144012.36834510416,144012.36834510416,2015,9,pre_pandemic,True,True,2015-08-31,2015-05-01,3
ablation_20260811T165312Z_69334f2b,one_step_201510,one_step_ex_ante_snapshot_vintage_sensitivity,ridge_recursive_b0,2015-10-01,1,4161806.0,4246579.544337253,,,4293279.0,84773.54433725309,84773.54433725309,2015,10,pre_pandemic,True,True,2015-09-30,2015-06-01,3
ablation_20260811T165312Z_69334f2b,one_step_201511,one_step_ex_ante_snapshot_vintage_sensitivity,ridge_recursive_b0,2015-11-01,1,2236998.0,2552219.3262150986,,,2264373.0,315221.3262150986,315221.3262150986,2015,11,pre_pandemic,True,True,2015-10-31,2015-07-01,3
ablation_20260811T165312Z_69334f2b,one_step_201512,one_step_ex_ante_snapshot_vintage_sensitivity,ridge_recursive_b0,2015-12-01,1,1713807.0,2067505.8023077126,,,1740546.0,353698.8023077126,353698.8023077126,2015,12,pre_pandemic,True,True,2015-11-30,2015-08-01,3
ablation_20260811T165312Z_69334f2b,one_step_201601,one_step_ex_ante_snapshot_vintage_sensitivity,ridge_recursive_b0,2016-01-01,1,1691287.0,1912883.2175255788,,,1762004.0,221596.2175255788,221596.2175255788,2016,1,pre_pandemic,True,True,2015-12-31,2015-09-01,3
ablation_20260811T165312Z_69334f2b,one_step_201602,one_step_ex_ante_snapshot_vintage_sensitivity,ridge_recursive_b0,2016-02-01,1,1517504.0,1834956.679804305,,,1564925.0,317452.6798043051,317452.6798043051,2016,2,pre_pandemic,True,True,2016-01-31,2015-10-01,3
ablation_20260811T165312Z_69334f2b,one_step_201603,one_step_ex_ante_snapshot_vintage_sensitivity,ridge_recursive_b0,2016-03-01,1,1898762.0,2385855.680304464,,,2017645.0,487093.68030446395,487093.68030446395,2016,3,pre_pandemic,True,True,2016-02-29,2015-11-01,3
ablation_20260811T165312Z_69334f2b,one_step_201604,one_step_ex_ante_snapshot_vintage_sensitivity,ridge_recursive_b0,2016-04-01,1,2049238.0,2887748.8260145136,,,2626663.0,838510.8260145136,838510.8260145136,2016,4,pre_pandemic,True,True,2016-03-31,2015-12-01,3
ablation_20260811T165312Z_69334f2b,one_step_201605,one_step_ex_ante_snapshot_vintage_sensitivity,ridge_recursive_b0,2016-05-01,1,2749648.0,3981440.4918892123,,,3775013.0,1231792.4918892123,1231792.4918892123,2016,5,pre_pandemic,True,True,2016-04-30,2016-01-01,3
ablation_20260811T165312Z_69334f2b,one_step_201606,one_step_ex_ante_snapshot_vintage_sensitivity,ridge_recursive_b0,2016-06-01,1,2696149.0,4614727.726883072,,,4349675.0,1918578.7268830724,1918578.7268830724,2016,6,pre_pandemic,True,True,2016-05-31,2016-02-01,3
ablation_20260811T165312Z_69334f2b,one_step_201607,one_step_ex_ante_snapshot_vintage_sensitivity,ridge_recursive_b0,2016-07-01,1,3482544.0,5433711.253692079,,,5244965.0,1951167.2536920793,1951167.2536920793,2016,7,pre_pandemic,True,True,2016-06-30,2016-03-01,3
ablation_20260811T165312Z_69334f2b,one_step_201608,one_step_ex_ante_snapshot_vintage_sensitivity,ridge_recursive_b0,2016-08-01,1,4565837.0,6107537.042086581,,,6748708.0,1541700.0420865808,1541700.0420865808,2016,8,pre_pandemic,True,True,2016-07-31,2016-04-01,3
ablation_20260811T165312Z_69334f2b,one_step_201609,one_step_ex_ante_snapshot_vintage_sensitivity,ridge_recursive_b0,2016-09-01,1,4014930.0,4805695.354104202,,,5415322.0,790765.3541042022,790765.3541042022,2016,9,pre_pandemic,True,True,2016-08-31,2016-05-01,3
ablation_20260811T165312Z_69334f2b,one_step_201610,one_step_ex_ante_snapshot_vintage_sensitivity,ridge_recursive_b0,2016-10-01,1,3190334.0,3600126.8202937795,,,4161806.0,409792.8202937795,409792.8202937795,2016,10,pre_pandemic,True,True,2016-09-30,2016-06-01,3
ablation_20260811T165312Z_69334f2b,one_step_201611,one_step_ex_ante_snapshot_vintage_sensitivity,ridge_recursive_b0,2016-11-01,1,1879625.0,1357826.5329252933,,,2236998.0,-521798.4670747067,521798.4670747067,2016,11,pre_pandemic,True,True,2016-10-31,2016-07-01,3
ablation_20260811T165312Z_69334f2b,one_step_201612,one_step_ex_ante_snapshot_vintage_sensitivity,ridge_recursive_b0,2016-12-01,1,1629471.0,1241736.550812278,,,1713807.0,-387734.44918772206,387734.44918772206,2016,12,pre_pandemic,True,True,2016-11-30,2016-08-01,3
ablation_20260811T165312Z_69334f2b,one_step_201701,one_step_ex_ante_snapshot_vintage_sensitivity,ridge_recursive_b0,2017-01-01,1,1568344.0,917386.5098482831,,,1691287.0,-650957.4901517169,650957.4901517169,2017,1,pre_pandemic,True,True,2016-12-31,2016-09-01,3
ablation_20260811T165312Z_69334f2b,one_step_201702,one_step_ex_ante_snapshot_vintage_sensitivity,ridge_recursive_b0,2017-02-01,1,1432342.0,499569.5323075624,,,1517504.0,-932772.4676924376,932772.4676924376,2017,2,pre_pandemic,True,True,2017-01-31,2016-10-01,3
ablation_20260811T165312Z_69334f2b,one_step_201703,one_step_ex_ante_snapshot_vintage_sensitivity,ridge_recursive_b0,2017-03-01,1,1844076.0,629333.3172454014,,,1898762.0,-1214742.6827545986,1214742.6827545986,2017,3,pre_pandemic,True,True,2017-02-28,2016-11-01,3
ablation_20260811T165312Z_69334f2b,one_step_201704,one_step_ex_ante_snapshot_vintage_sensitivity,ridge_recursive_b0,2017-04-01,1,2278538.0,787688.6276555224,,,2049238.0,-1490849.3723444776,1490849.3723444776,2017,4,pre_pandemic,True,True,2017-03-31,2016-12-01,3
ablation_20260811T165312Z_69334f2b,one_step_201705,one_step_ex_ante_snapshot_vintage_sensitivity,ridge_recursive_b0,2017-05-01,1,3095282.0,1961700.6537429437,,,2749648.0,-1133581.3462570563,1133581.3462570563,2017,5,pre_pandemic,True,True,2017-04-30,2017-01-01,3
ablation_20260811T165312Z_69334f2b,one_step_201706,one_step_ex_ante_snapshot_vintage_sensitivity,ridge_recursive_b0,2017-06-01,1,3489572.0,2856698.6092450237,,,2696149.0,-632873.3907549763,632873.3907549763,2017,6,pre_pandemic,True,True,2017-05-31,2017-02-01,3
ablation_20260811T165312Z_69334f2b,one_step_201707,one_step_ex_ante_snapshot_vintage_sensitivity,ridge_recursive_b0,2017-07-01,1,5032488.0,3990775.0004113684,,,3482544.0,-1041712.9995886316,1041712.9995886316,2017,7,pre_pandemic,True,True,2017-06-30,2017-03-01,3
ablation_20260811T165312Z_69334f2b,one_step_201708,one_step_ex_ante_snapshot_vintage_sensitivity,ridge_recursive_b0,2017-08-01,1,6323888.0,5395161.233078681,,,4565837.0,-928726.7669213191,928726.7669213191,2017,8,pre_pandemic,True,True,2017-07-31,2017-04-01,3
ablation_20260811T165312Z_69334f2b,one_step_201709,one_step_ex_ante_snapshot_vintage_sensitivity,ridge_recursive_b0,2017-09-01,1,5306888.0,4500863.787067275,,,4014930.0,-806024.2129327254,806024.2129327254,2017,9,pre_pandemic,True,True,2017-08-31,2017-05-01,3
ablation_20260811T165312Z_69334f2b,one_step_201710,one_step_ex_ante_snapshot_vintage_sensitivity,ridge_recursive_b0,2017-10-01,1,3913759.0,3959773.1583310356,,,3190334.0,46014.15833103564,46014.15833103564,2017,10,pre_pandemic,True,True,2017-09-30,2017-06-01,3
ablation_20260811T165312Z_69334f2b,one_step_201711,one_step_ex_ante_snapshot_vintage_sensitivity,ridge_recursive_b0,2017-11-01,1,2293847.0,3203763.1307049515,,,1879625.0,909916.1307049515,909916.1307049515,2017,11,pre_pandemic,True,True,2017-10-31,2017-07-01,3
ablation_20260811T165312Z_69334f2b,one_step_201712,one_step_ex_ante_snapshot_vintage_sensitivity,ridge_recursive_b0,2017-12-01,1,2041323.0,3265137.3933761455,,,1629471.0,1223814.3933761455,1223814.3933761455,2017,12,pre_pandemic,True,True,2017-11-30,2017-08-01,3
ablation_20260811T165312Z_69334f2b,one_step_201801,one_step_ex_ante_snapshot_vintage_sensitivity,ridge_recursive_b0,2018-01-01,1,2045341.0,3179474.159139957,,,1568344.0,1134133.1591399568,1134133.1591399568,2018,1,pre_pandemic,True,True,2017-12-31,2017-09-01,3
ablation_20260811T165312Z_69334f2b,one_step_201802,one_step_ex_ante_snapshot_vintage_sensitivity,ridge_recursive_b0,2018-02-01,1,1806822.0,3045630.2255823673,,,1432342.0,1238808.2255823673,1238808.2255823673,2018,2,pre_pandemic,True,True,2018-01-31,2017-10-01,3
ablation_20260811T165312Z_69334f2b,one_step_201803,one_step_ex_ante_snapshot_vintage_sensitivity,ridge_recursive_b0,2018-03-01,1,2270019.0,3358966.957899278,,,1844076.0,1088947.957899278,1088947.957899278,2018,3,pre_pandemic,True,True,2018-02-28,2017-11-01,3
ablation_20260811T165312Z_69334f2b,one_step_201804,one_step_ex_ante_snapshot_vintage_sensitivity,ridge_recursive_b0,2018-04-01,1,2870569.0,3640279.0738091352,,,2278538.0,769710.0738091352,769710.0738091352,2018,4,pre_pandemic,True,True,2018-03-31,2017-12-01,3
ablation_20260811T165312Z_69334f2b,one_step_201805,one_step_ex_ante_snapshot_vintage_sensitivity,ridge_recursive_b0,2018-05-01,1,3790524.0,4608749.575894733,,,3095282.0,818225.575894733,818225.575894733,2018,5,pre_pandemic,True,True,2018-04-30,2018-01-01,3
ablation_20260811T165312Z_69334f2b,one_step_201806,one_step_ex_ante_snapshot_vintage_sensitivity,ridge_recursive_b0,2018-06-01,1,4406894.0,4916470.770659957,,,3489572.0,509576.7706599571,509576.7706599571,2018,6,pre_pandemic,True,True,2018-05-31,2018-02-01,3
ablation_20260811T165312Z_69334f2b,one_step_201807,one_step_ex_ante_snapshot_vintage_sensitivity,ridge_recursive_b0,2018-07-01,1,5712975.0,5664413.683504712,,,5032488.0,-48561.31649528816,48561.31649528816,2018,7,pre_pandemic,True,True,2018-06-30,2018-03-01,3
ablation_20260811T165312Z_69334f2b,one_step_201808,one_step_ex_ante_snapshot_vintage_sensitivity,ridge_recursive_b0,2018-08-01,1,7052433.0,6832918.991204324,,,6323888.0,-219514.00879567582,219514.00879567582,2018,8,pre_pandemic,True,True,2018-07-31,2018-04-01,3
ablation_20260811T165312Z_69334f2b,one_step_201809,one_step_ex_ante_snapshot_vintage_sensitivity,ridge_recursive_b0,2018-09-01,1,6021357.0,5902409.1407543495,,,5306888.0,-118947.85924565047,118947.85924565047,2018,9,pre_pandemic,True,True,2018-08-31,2018-05-01,3
ablation_20260811T165312Z_69334f2b,one_step_201810,one_step_ex_ante_snapshot_vintage_sensitivity,ridge_recursive_b0,2018-10-01,1,4791439.0,4947821.972796364,,,3913759.0,156382.97279636376,156382.97279636376,2018,10,pre_pandemic,True,True,2018-09-30,2018-06-01,3
ablation_20260811T165312Z_69334f2b,one_step_201811,one_step_ex_ante_snapshot_vintage_sensitivity,ridge_recursive_b0,2018-11-01,1,2679420.0,3216878.393375152,,,2293847.0,537458.3933751518,537458.3933751518,2018,11,pre_pandemic,True,True,2018-10-31,2018-07-01,3
ablation_20260811T165312Z_69334f2b,one_step_201812,one_step_ex_ante_snapshot_vintage_sensitivity,ridge_recursive_b0,2018-12-01,1,2180881.0,2354409.8088267962,,,2041323.0,173528.80882679624,173528.80882679624,2018,12,pre_pandemic,True,True,2018-11-30,2018-08-01,3
ablation_20260811T165312Z_69334f2b,one_step_201901,one_step_ex_ante_snapshot_vintage_sensitivity,ridge_recursive_b0,2019-01-01,1,2226288.0,2032135.6866545547,,,2045341.0,-194152.31334544532,194152.31334544532,2019,1,pre_pandemic,True,True,2018-12-31,2018-09-01,3
ablation_20260811T165312Z_69334f2b,one_step_201902,one_step_ex_ante_snapshot_vintage_sensitivity,ridge_recursive_b0,2019-02-01,1,1944957.0,1943935.7772839013,,,1806822.0,-1021.2227160986513,1021.2227160986513,2019,2,pre_pandemic,True,True,2019-01-31,2018-10-01,3
ablation_20260811T165312Z_69334f2b,one_step_201903,one_step_ex_ante_snapshot_vintage_sensitivity,ridge_recursive_b0,2019-03-01,1,2473147.0,2467385.503003764,,,2270019.0,-5761.496996236034,5761.496996236034,2019,3,pre_pandemic,True,True,2019-02-28,2018-11-01,3
ablation_20260811T165312Z_69334f2b,one_step_201904,one_step_ex_ante_snapshot_vintage_sensitivity,ridge_recursive_b0,2019-04-01,1,3266256.0,2828131.502258501,,,2870569.0,-438124.497741499,438124.497741499,2019,4,pre_pandemic,True,True,2019-03-31,2018-12-01,3
ablation_20260811T165312Z_69334f2b,one_step_201905,one_step_ex_ante_snapshot_vintage_sensitivity,ridge_recursive_b0,2019-05-01,1,4219837.0,3872431.3745904723,,,3790524.0,-347405.6254095277,347405.6254095277,2019,5,pre_pandemic,True,True,2019-04-30,2019-01-01,3
ablation_20260811T165312Z_69334f2b,one_step_201906,one_step_ex_ante_snapshot_vintage_sensitivity,ridge_recursive_b0,2019-06-01,1,5276253.0,4427757.493431886,,,4406894.0,-848495.5065681143,848495.5065681143,2019,6,pre_pandemic,True,True,2019-05-31,2019-02-01,3
ablation_20260811T165312Z_69334f2b,one_step_201907,one_step_ex_ante_snapshot_vintage_sensitivity,ridge_recursive_b0,2019-07-01,1,6703045.0,5520578.335675765,,,5712975.0,-1182466.6643242352,1182466.6643242352,2019,7,pre_pandemic,True,True,2019-06-30,2019-03-01,3
ablation_20260811T165312Z_69334f2b,one_step_201908,one_step_ex_ante_snapshot_vintage_sensitivity,ridge_recursive_b0,2019-08-01,1,8167150.0,6927409.416793237,,,7052433.0,-1239740.5832067626,1239740.5832067626,2019,8,pre_pandemic,True,True,2019-07-31,2019-04-01,3
ablation_20260811T165312Z_69334f2b,one_step_201909,one_step_ex_ante_snapshot_vintage_sensitivity,ridge_recursive_b0,2019-09-01,1,6741769.0,6065685.426358417,,,6021357.0,-676083.5736415833,676083.5736415833,2019,9,pre_pandemic,True,True,2019-08-31,2019-05-01,3
ablation_20260811T165312Z_69334f2b,one_step_201910,one_step_ex_ante_snapshot_vintage_sensitivity,ridge_recursive_b0,2019-10-01,1,5437494.0,5094802.375274081,,,4791439.0,-342691.6247259192,342691.6247259192,2019,10,pre_pandemic,True,True,2019-09-30,2019-06-01,3
ablation_20260811T165312Z_69334f2b,one_step_201911,one_step_ex_ante_snapshot_vintage_sensitivity,ridge_recursive_b0,2019-11-01,1,3005517.0,3416788.764555216,,,2679420.0,411271.76455521584,411271.76455521584,2019,11,pre_pandemic,True,True,2019-10-31,2019-07-01,3
ablation_20260811T165312Z_69334f2b,one_step_201912,one_step_ex_ante_snapshot_vintage_sensitivity,ridge_recursive_b0,2019-12-01,1,2398329.0,2633244.5070240544,,,2180881.0,234915.50702405442,234915.50702405442,2019,12,pre_pandemic,True,True,2019-11-30,2019-08-01,3
ablation_20260811T165312Z_69334f2b,one_step_202001,one_step_ex_ante_snapshot_vintage_sensitivity,ridge_recursive_b0,2020-01-01,1,2529423.0,2457449.6462589223,,,2226288.0,-71973.3537410777,71973.3537410777,2020,1,pre_pandemic,True,True,2019-12-31,2019-09-01,3
ablation_20260811T165312Z_69334f2b,one_step_202002,one_step_ex_ante_snapshot_vintage_sensitivity,ridge_recursive_b0,2020-02-01,1,2051923.0,2404399.178562666,,,1944957.0,352476.1785626658,352476.1785626658,2020,2,pre_pandemic,True,True,2020-01-31,2019-10-01,3
ablation_20260811T165312Z_69334f2b,one_step_202003,one_step_ex_ante_snapshot_vintage_sensitivity,ridge_recursive_b0,2020-03-01,1,1058068.0,2861746.466025442,,,2473147.0,1803678.466025442,1803678.466025442,2020,3,pandemic_shock,True,True,2020-02-29,2019-11-01,3
ablation_20260811T165312Z_69334f2b,one_step_202004,one_step_ex_ante_snapshot_vintage_sensitivity,ridge_recursive_b0,2020-04-01,1,,3446151.395565885,,,3266256.0,,,2020,4,pandemic_shock,False,False,2020-03-31,2019-12-01,3
ablation_20260811T165312Z_69334f2b,one_step_202005,one_step_ex_ante_snapshot_vintage_sensitivity,ridge_recursive_b0,2020-05-01,1,,4429665.662222161,,,4219837.0,,,2020,5,pandemic_shock,False,False,2020-04-30,2020-01-01,3
ablation_20260811T165312Z_69334f2b,one_step_202006,one_step_ex_ante_snapshot_vintage_sensitivity,ridge_recursive_b0,2020-06-01,1,,4881563.601072409,,,5276253.0,,,2020,6,pandemic_shock,False,False,2020-05-31,2020-02-01,3
ablation_20260811T165312Z_69334f2b,one_step_202007,one_step_ex_ante_snapshot_vintage_sensitivity,ridge_recursive_b0,2020-07-01,1,777043.0,4713321.309452858,,,6703045.0,3936278.309452858,3936278.309452858,2020,7,pandemic_shock,True,True,2020-06-30,2020-03-01,3
ablation_20260811T165312Z_69334f2b,one_step_202008,one_step_ex_ante_snapshot_vintage_sensitivity,ridge_recursive_b0,2020-08-01,1,2192917.0,5706245.698450746,,,8167150.0,3513328.698450746,3513328.698450746,2020,8,pandemic_shock,True,True,2020-07-31,2020-04-01,3
ablation_20260811T165312Z_69334f2b,one_step_202009,one_step_ex_ante_snapshot_vintage_sensitivity,ridge_recursive_b0,2020-09-01,1,2634195.0,4542482.887715453,,,6741769.0,1908287.8877154533,1908287.8877154533,2020,9,pandemic_shock,True,True,2020-08-31,2020-05-01,3
ablation_20260811T165312Z_69334f2b,one_step_202010,one_step_ex_ante_snapshot_vintage_sensitivity,ridge_recursive_b0,2020-10-01,1,2355124.0,3809843.044459328,,,5437494.0,1454719.044459328,1454719.044459328,2020,10,pandemic_shock,True,True,2020-09-30,2020-06-01,3
ablation_20260811T165312Z_69334f2b,one_step_202011,one_step_ex_ante_snapshot_vintage_sensitivity,ridge_recursive_b0,2020-11-01,1,1262757.0,1149265.757037774,,,3005517.0,-113491.24296222604,113491.24296222604,2020,11,pandemic_shock,True,True,2020-10-31,2020-07-01,3
ablation_20260811T165312Z_69334f2b,one_step_202012,one_step_ex_ante_snapshot_vintage_sensitivity,ridge_recursive_b0,2020-12-01,1,964816.0,641419.9901012147,,,2398329.0,-323396.00989878527,323396.00989878527,2020,12,pandemic_shock,True,True,2020-11-30,2020-08-01,3
ablation_20260811T165312Z_69334f2b,one_step_202101,one_step_ex_ante_snapshot_vintage_sensitivity,ridge_recursive_b0,2021-01-01,1,829932.0,1278079.746855191,,,2529423.0,448147.74685519096,448147.74685519096,2021,1,recovery,True,True,2020-12-31,2020-09-01,3
ablation_20260811T165312Z_69334f2b,one_step_202102,one_step_ex_ante_snapshot_vintage_sensitivity,ridge_recursive_b0,2021-02-01,1,727126.0,1110230.8012277628,,,2051923.0,383104.80122776283,383104.80122776283,2021,2,recovery,True,True,2021-01-31,2020-10-01,3
ablation_20260811T165312Z_69334f2b,one_step_202103,one_step_ex_ante_snapshot_vintage_sensitivity,ridge_recursive_b0,2021-03-01,1,1043411.0,735127.0591825927,,,1058068.0,-308283.94081740733,308283.94081740733,2021,3,recovery,True,True,2021-02-28,2020-11-01,3
ablation_20260811T165312Z_69334f2b,one_step_202104,one_step_ex_ante_snapshot_vintage_sensitivity,ridge_recursive_b0,2021-04-01,1,1179562.0,1569824.9845004273,,,3266256.0,390262.98450042726,390262.98450042726,2021,4,recovery,True,True,2021-03-31,2020-12-01,3
ablation_20260811T165312Z_69334f2b,one_step_202105,one_step_ex_ante_snapshot_vintage_sensitivity,ridge_recursive_b0,2021-05-01,1,1025559.0,2550643.8398098694,,,4219837.0,1525084.8398098694,1525084.8398098694,2021,5,recovery,True,True,2021-04-30,2021-01-01,3
ablation_20260811T165312Z_69334f2b,one_step_202106,one_step_ex_ante_snapshot_vintage_sensitivity,ridge_recursive_b0,2021-06-01,1,1861089.0,2550423.928180639,,,5276253.0,689334.9281806392,689334.9281806392,2021,6,recovery,True,True,2021-05-31,2021-02-01,3
ablation_20260811T165312Z_69334f2b,one_step_202107,one_step_ex_ante_snapshot_vintage_sensitivity,ridge_recursive_b0,2021-07-01,1,3735532.0,4286270.752270599,,,777043.0,550738.7522705989,550738.7522705989,2021,7,recovery,True,True,2021-06-30,2021-03-01,3
ablation_20260811T165312Z_69334f2b,one_step_202108,one_step_ex_ante_snapshot_vintage_sensitivity,ridge_recursive_b0,2021-08-01,1,5499057.0,5359627.992517435,,,2192917.0,-139429.007482565,139429.007482565,2021,8,recovery,True,True,2021-07-31,2021-04-01,3
ablation_20260811T165312Z_69334f2b,one_step_202109,one_step_ex_ante_snapshot_vintage_sensitivity,ridge_recursive_b0,2021-09-01,1,4406083.0,4308260.5171484165,,,2634195.0,-97822.48285158351,97822.48285158351,2021,9,recovery,True,True,2021-08-31,2021-05-01,3
ablation_20260811T165312Z_69334f2b,one_step_202110,one_step_ex_ante_snapshot_vintage_sensitivity,ridge_recursive_b0,2021-10-01,1,4406796.0,1763174.948324347,,,2355124.0,-2643621.051675653,2643621.051675653,2021,10,recovery,True,True,2021-09-30,2021-06-01,3
ablation_20260811T165312Z_69334f2b,one_step_202111,one_step_ex_ante_snapshot_vintage_sensitivity,ridge_recursive_b0,2021-11-01,1,2466682.0,12283120.29484686,,,1262757.0,9816438.29484686,9816438.29484686,2021,11,recovery,True,True,2021-10-31,2021-07-01,3
ablation_20260811T165312Z_69334f2b,one_step_202112,one_step_ex_ante_snapshot_vintage_sensitivity,ridge_recursive_b0,2021-12-01,1,2176634.0,1901609.4212370343,,,964816.0,-275024.57876296574,275024.57876296574,2021,12,recovery,True,True,2021-11-30,2021-08-01,3
ablation_20260811T165312Z_69334f2b,one_step_202201,one_step_ex_ante_snapshot_vintage_sensitivity,ridge_recursive_b0,2022-01-01,1,2158066.0,0.0,,,829932.0,-2158066.0,2158066.0,2022,1,recovery,True,True,2021-12-31,2021-09-01,3
ablation_20260811T165312Z_69334f2b,one_step_202202,one_step_ex_ante_snapshot_vintage_sensitivity,ridge_recursive_b0,2022-02-01,1,1851394.0,985838.286520977,,,727126.0,-865555.713479023,865555.713479023,2022,2,recovery,True,True,2022-01-31,2021-10-01,3
ablation_20260811T165312Z_69334f2b,one_step_202203,one_step_ex_ante_snapshot_vintage_sensitivity,ridge_recursive_b0,2022-03-01,1,2442196.0,0.0,,,1043411.0,-2442196.0,2442196.0,2022,3,recovery,True,True,2022-02-28,2021-11-01,3
ablation_20260811T165312Z_69334f2b,one_step_202204,one_step_ex_ante_snapshot_vintage_sensitivity,ridge_recursive_b0,2022-04-01,1,2921440.0,3788524.494654664,,,1179562.0,867084.4946546638,867084.4946546638,2022,4,recovery,True,True,2022-03-31,2021-12-01,3
ablation_20260811T165312Z_69334f2b,one_step_202205,one_step_ex_ante_snapshot_vintage_sensitivity,ridge_recursive_b0,2022-05-01,1,4078425.0,4960361.952603664,,,1025559.0,881936.9526036642,881936.9526036642,2022,5,recovery,True,True,2022-04-30,2022-01-01,3
ablation_20260811T165312Z_69334f2b,one_step_202206,one_step_ex_ante_snapshot_vintage_sensitivity,ridge_recursive_b0,2022-06-01,1,4939265.0,5511887.6471331315,,,1861089.0,572622.6471331315,572622.6471331315,2022,6,recovery,True,True,2022-05-31,2022-02-01,3
ablation_20260811T165312Z_69334f2b,one_step_202207,one_step_ex_ante_snapshot_vintage_sensitivity,ridge_recursive_b0,2022-07-01,1,6359123.0,6156588.732709231,,,3735532.0,-202534.26729076914,202534.26729076914,2022,7,recovery,True,True,2022-06-30,2022-03-01,3
ablation_20260811T165312Z_69334f2b,one_step_202208,one_step_ex_ante_snapshot_vintage_sensitivity,ridge_recursive_b0,2022-08-01,1,7992422.0,7385063.611395178,,,5499057.0,-607358.3886048216,607358.3886048216,2022,8,recovery,True,True,2022-07-31,2022-04-01,3
ablation_20260811T165312Z_69334f2b,one_step_202209,one_step_ex_ante_snapshot_vintage_sensitivity,ridge_recursive_b0,2022-09-01,1,6648582.0,7520906.484315388,,,4406083.0,872324.4843153879,872324.4843153879,2022,9,recovery,True,True,2022-08-31,2022-05-01,3
ablation_20260811T165312Z_69334f2b,one_step_202210,one_step_ex_ante_snapshot_vintage_sensitivity,ridge_recursive_b0,2022-10-01,1,5919814.0,4913768.426930115,,,4406796.0,-1006045.5730698854,1006045.5730698854,2022,10,recovery,True,True,2022-09-30,2022-06-01,3
ablation_20260811T165312Z_69334f2b,one_step_202211,one_step_ex_ante_snapshot_vintage_sensitivity,ridge_recursive_b0,2022-11-01,1,3438085.0,2280677.0227452554,,,2466682.0,-1157407.9772547446,1157407.9772547446,2022,11,recovery,True,True,2022-10-31,2022-07-01,3
ablation_20260811T165312Z_69334f2b,one_step_202212,one_step_ex_ante_snapshot_vintage_sensitivity,ridge_recursive_b0,2022-12-01,1,2620212.0,1009814.9413674672,,,2176634.0,-1610397.0586325328,1610397.0586325328,2022,12,recovery,True,True,2022-11-30,2022-08-01,3
ablation_20260811T165312Z_69334f2b,one_step_202301,one_step_ex_ante_snapshot_vintage_sensitivity,ridge_recursive_b0,2023-01-01,1,3077654.0,338782.68398519,,,2158066.0,-2738871.31601481,2738871.31601481,2023,1,normalization,True,True,2022-12-31,2022-09-01,3
ablation_20260811T165312Z_69334f2b,one_step_202302,one_step_ex_ante_snapshot_vintage_sensitivity,ridge_recursive_b0,2023-02-01,1,2314917.0,1261685.5954967486,,,1851394.0,-1053231.4045032514,1053231.4045032514,2023,2,normalization,True,True,2023-01-31,2022-10-01,3
ablation_20260811T165312Z_69334f2b,one_step_202303,one_step_ex_ante_snapshot_vintage_sensitivity,ridge_recursive_b0,2023-03-01,1,2788995.0,1688582.3175075597,,,2442196.0,-1100412.6824924403,1100412.6824924403,2023,3,normalization,True,True,2023-02-28,2022-11-01,3
ablation_20260811T165312Z_69334f2b,one_step_202304,one_step_ex_ante_snapshot_vintage_sensitivity,ridge_recursive_b0,2023-04-01,1,3541271.0,2564255.5552579653,,,2921440.0,-977015.4447420347,977015.4447420347,2023,4,normalization,True,True,2023-03-31,2022-12-01,3
ablation_20260811T165312Z_69334f2b,one_step_202305,one_step_ex_ante_snapshot_vintage_sensitivity,ridge_recursive_b0,2023-05-01,1,4584458.0,4125484.985199767,,,4078425.0,-458973.01480023284,458973.01480023284,2023,5,normalization,True,True,2023-04-30,2023-01-01,3
ablation_20260811T165312Z_69334f2b,one_step_202306,one_step_ex_ante_snapshot_vintage_sensitivity,ridge_recursive_b0,2023-06-01,1,5869766.0,5086405.8631258635,,,4939265.0,-783360.1368741365,783360.1368741365,2023,6,normalization,True,True,2023-05-31,2023-02-01,3
ablation_20260811T165312Z_69334f2b,one_step_202307,one_step_ex_ante_snapshot_vintage_sensitivity,ridge_recursive_b0,2023-07-01,1,6926346.0,5725622.0499724345,,,6359123.0,-1200723.9500275655,1200723.9500275655,2023,7,normalization,True,True,2023-06-30,2023-03-01,3
ablation_20260811T165312Z_69334f2b,one_step_202308,one_step_ex_ante_snapshot_vintage_sensitivity,ridge_recursive_b0,2023-08-01,1,8488026.0,7576544.790923325,,,7992422.0,-911481.2090766747,911481.2090766747,2023,8,normalization,True,True,2023-07-31,2023-04-01,3
ablation_20260811T165312Z_69334f2b,one_step_202309,one_step_ex_ante_snapshot_vintage_sensitivity,ridge_recursive_b0,2023-09-01,1,7013861.0,6644457.826984527,,,6648582.0,-369403.1730154734,369403.1730154734,2023,9,normalization,True,True,2023-08-31,2023-05-01,3
ablation_20260811T165312Z_69334f2b,one_step_202310,one_step_ex_ante_snapshot_vintage_sensitivity,ridge_recursive_b0,2023-10-01,1,6151397.0,6137303.410351884,,,5919814.0,-14093.58964811638,14093.58964811638,2023,10,normalization,True,True,2023-09-30,2023-06-01,3
ablation_20260811T165312Z_69334f2b,one_step_202311,one_step_ex_ante_snapshot_vintage_sensitivity,ridge_recursive_b0,2023-11-01,1,3520467.0,4072806.9422998894,,,3438085.0,552339.9422998894,552339.9422998894,2023,11,normalization,True,True,2023-10-31,2023-07-01,3
ablation_20260811T165312Z_69334f2b,one_step_202312,one_step_ex_ante_snapshot_vintage_sensitivity,ridge_recursive_b0,2023-12-01,1,2800281.0,3759670.940047796,,,2620212.0,959389.9400477959,959389.9400477959,2023,12,normalization,True,True,2023-11-30,2023-08-01,3
ablation_20260811T165312Z_69334f2b,one_step_202401,one_step_ex_ante_snapshot_vintage_sensitivity,ridge_recursive_b0,2024-01-01,1,3245893.0,3570168.280682212,,,3077654.0,324275.2806822122,324275.2806822122,2024,1,normalization,True,True,2023-12-31,2023-09-01,3
ablation_20260811T165312Z_69334f2b,one_step_202402,one_step_ex_ante_snapshot_vintage_sensitivity,ridge_recursive_b0,2024-02-01,1,2684623.0,3324003.187267982,,,2314917.0,639380.1872679819,639380.1872679819,2024,2,normalization,True,True,2024-01-31,2023-10-01,3
ablation_20260811T165312Z_69334f2b,one_step_202403,one_step_ex_ante_snapshot_vintage_sensitivity,ridge_recursive_b0,2024-03-01,1,3079574.0,3069702.3613376645,,,2788995.0,-9871.638662335463,9871.638662335463,2024,3,normalization,True,True,2024-02-29,2023-11-01,3
ablation_20260811T165312Z_69334f2b,one_step_202404,one_step_ex_ante_snapshot_vintage_sensitivity,ridge_recursive_b0,2024-04-01,1,4040974.0,3418465.173264105,,,3541271.0,-622508.8267358951,622508.8267358951,2024,4,normalization,True,True,2024-03-31,2023-12-01,3
ablation_20260811T165312Z_69334f2b,one_step_202405,one_step_ex_ante_snapshot_vintage_sensitivity,ridge_recursive_b0,2024-05-01,1,5585634.0,4295514.090375985,,,4584458.0,-1290119.909624015,1290119.909624015,2024,5,normalization,True,True,2024-04-30,2024-01-01,3
ablation_20260811T165312Z_69334f2b,one_step_202406,one_step_ex_ante_snapshot_vintage_sensitivity,ridge_recursive_b0,2024-06-01,1,6471276.0,5346905.243397342,,,5869766.0,-1124370.756602658,1124370.756602658,2024,6,normalization,True,True,2024-05-31,2024-02-01,3
ablation_20260811T165312Z_69334f2b,one_step_202407,one_step_ex_ante_snapshot_vintage_sensitivity,ridge_recursive_b0,2024-07-01,1,7395701.0,5998076.223837974,,,6926346.0,-1397624.7761620265,1397624.7761620265,2024,7,normalization,True,True,2024-06-30,2024-03-01,3
ablation_20260811T165312Z_69334f2b,one_step_202408,one_step_ex_ante_snapshot_vintage_sensitivity,ridge_recursive_b0,2024-08-01,1,8661295.0,7853379.741903959,,,8488026.0,-807915.2580960412,807915.2580960412,2024,8,normalization,True,True,2024-07-31,2024-04-01,3
ablation_20260811T165312Z_69334f2b,one_step_202409,one_step_ex_ante_snapshot_vintage_sensitivity,ridge_recursive_b0,2024-09-01,1,7149583.0,6850124.237255919,,,7013861.0,-299458.7627440812,299458.7627440812,2024,9,normalization,True,True,2024-08-31,2024-05-01,3
ablation_20260811T165312Z_69334f2b,one_step_202410,one_step_ex_ante_snapshot_vintage_sensitivity,ridge_recursive_b0,2024-10-01,1,6723819.0,5833749.307985084,,,6151397.0,-890069.6920149159,890069.6920149159,2024,10,normalization,True,True,2024-09-30,2024-06-01,3
ablation_20260811T165312Z_69334f2b,one_step_202411,one_step_ex_ante_snapshot_vintage_sensitivity,ridge_recursive_b0,2024-11-01,1,4018247.0,4067733.7819863893,,,3520467.0,49486.78198638931,49486.78198638931,2024,11,normalization,True,True,2024-10-31,2024-07-01,3
ablation_20260811T165312Z_69334f2b,one_step_202412,one_step_ex_ante_snapshot_vintage_sensitivity,ridge_recursive_b0,2024-12-01,1,3175828.0,3899043.5866898196,,,2800281.0,723215.5866898196,723215.5866898196,2024,12,normalization,True,True,2024-11-30,2024-08-01,3
ablation_20260811T165312Z_69334f2b,one_step_202501,one_step_ex_ante_snapshot_vintage_sensitivity,ridge_recursive_b0,2025-01-01,1,3355818.0,3879195.7267564945,,,3245893.0,523377.7267564945,523377.7267564945,2025,1,normalization,True,True,2024-12-31,2024-09-01,3
ablation_20260811T165312Z_69334f2b,one_step_202502,one_step_ex_ante_snapshot_vintage_sensitivity,ridge_recursive_b0,2025-02-01,1,2782758.0,4200363.825935302,,,2684623.0,1417605.8259353023,1417605.8259353023,2025,2,normalization,True,True,2025-01-31,2024-10-01,3
ablation_20260811T165312Z_69334f2b,one_step_202503,one_step_ex_ante_snapshot_vintage_sensitivity,ridge_recursive_b0,2025-03-01,1,2982576.0,3859261.300729717,,,3079574.0,876685.3007297171,876685.3007297171,2025,3,normalization,True,True,2025-02-28,2024-11-01,3
ablation_20260811T165312Z_69334f2b,one_step_202504,one_step_ex_ante_snapshot_vintage_sensitivity,ridge_recursive_b0,2025-04-01,1,4242307.0,4468387.691272907,,,4040974.0,226080.69127290696,226080.69127290696,2025,4,normalization,True,True,2025-03-31,2024-12-01,3
ablation_20260811T165312Z_69334f2b,one_step_202505,one_step_ex_ante_snapshot_vintage_sensitivity,ridge_recursive_b0,2025-05-01,1,5618724.0,5396378.836747702,,,5585634.0,-222345.1632522978,222345.1632522978,2025,5,normalization,True,True,2025-04-30,2025-01-01,3
ablation_20260811T165312Z_69334f2b,one_step_202506,one_step_ex_ante_snapshot_vintage_sensitivity,ridge_recursive_b0,2025-06-01,1,6551137.0,6105118.24542135,,,6471276.0,-446018.75457865,446018.75457865,2025,6,normalization,True,True,2025-05-31,2025-02-01,3
ablation_20260811T165312Z_69334f2b,one_step_202507,one_step_ex_ante_snapshot_vintage_sensitivity,ridge_recursive_b0,2025-07-01,1,7403653.0,6836197.050356481,,,7395701.0,-567455.9496435188,567455.9496435188,2025,7,normalization,True,True,2025-06-30,2025-03-01,3
ablation_20260811T165312Z_69334f2b,one_step_202508,one_step_ex_ante_snapshot_vintage_sensitivity,ridge_recursive_b0,2025-08-01,1,8912005.0,8246413.7649062835,,,8661295.0,-665591.2350937165,665591.2350937165,2025,8,normalization,True,True,2025-07-31,2025-04-01,3
ablation_20260811T165312Z_69334f2b,one_step_202509,one_step_ex_ante_snapshot_vintage_sensitivity,ridge_recursive_b0,2025-09-01,1,7324078.0,7198509.191642459,,,7149583.0,-125568.80835754145,125568.80835754145,2025,9,normalization,True,True,2025-08-31,2025-05-01,3
ablation_20260811T165312Z_69334f2b,one_step_202510,one_step_ex_ante_snapshot_vintage_sensitivity,ridge_recursive_b0,2025-10-01,1,7079267.0,6307481.6060093995,,,6723819.0,-771785.3939906005,771785.3939906005,2025,10,normalization,True,True,2025-09-30,2025-06-01,3
ablation_20260811T165312Z_69334f2b,one_step_202511,one_step_ex_ante_snapshot_vintage_sensitivity,ridge_recursive_b0,2025-11-01,1,4255110.0,4357601.522674117,,,4018247.0,102491.52267411724,102491.52267411724,2025,11,normalization,True,True,2025-10-31,2025-07-01,3
ablation_20260811T165312Z_69334f2b,one_step_202512,one_step_ex_ante_snapshot_vintage_sensitivity,ridge_recursive_b0,2025-12-01,1,3409623.0,4231433.566361164,,,3175828.0,821810.5663611637,821810.5663611637,2025,12,normalization,True,True,2025-11-30,2025-08-01,3
ablation_20260811T165312Z_69334f2b,one_step_201501,one_step_ex_ante_snapshot_vintage_sensitivity,ridge_recursive_b1,2015-01-01,1,1762004.0,1788815.008618665,,,1575399.0,26811.008618664928,26811.008618664928,2015,1,pre_pandemic,True,True,2014-12-31,2014-09-01,3
ablation_20260811T165312Z_69334f2b,one_step_201502,one_step_ex_ante_snapshot_vintage_sensitivity,ridge_recursive_b1,2015-02-01,1,1564925.0,1710923.4004179107,,,1523245.0,145998.40041791066,145998.40041791066,2015,2,pre_pandemic,True,True,2015-01-31,2014-10-01,3
ablation_20260811T165312Z_69334f2b,one_step_201503,one_step_ex_ante_snapshot_vintage_sensitivity,ridge_recursive_b1,2015-03-01,1,2017645.0,2245899.739101107,,,1967114.0,228254.73910110723,228254.73910110723,2015,3,pre_pandemic,True,True,2015-02-28,2014-11-01,3
ablation_20260811T165312Z_69334f2b,one_step_201504,one_step_ex_ante_snapshot_vintage_sensitivity,ridge_recursive_b1,2015-04-01,1,2626663.0,2809328.9105399083,,,2573139.0,182665.91053990833,182665.91053990833,2015,4,pre_pandemic,True,True,2015-03-31,2014-12-01,3
ablation_20260811T165312Z_69334f2b,one_step_201505,one_step_ex_ante_snapshot_vintage_sensitivity,ridge_recursive_b1,2015-05-01,1,3775013.0,3840798.4430089584,,,3863883.0,65785.44300895836,65785.44300895836,2015,5,pre_pandemic,True,True,2015-04-30,2015-01-01,3
ablation_20260811T165312Z_69334f2b,one_step_201506,one_step_ex_ante_snapshot_vintage_sensitivity,ridge_recursive_b1,2015-06-01,1,4349675.0,4388973.579912342,,,4530079.0,39298.57991234213,39298.57991234213,2015,6,pre_pandemic,True,True,2015-05-31,2015-02-01,3
ablation_20260811T165312Z_69334f2b,one_step_201507,one_step_ex_ante_snapshot_vintage_sensitivity,ridge_recursive_b1,2015-07-01,1,5244965.0,5203524.020360513,,,4952404.0,-41440.97963948734,41440.97963948734,2015,7,pre_pandemic,True,True,2015-06-30,2015-03-01,3
ablation_20260811T165312Z_69334f2b,one_step_201508,one_step_ex_ante_snapshot_vintage_sensitivity,ridge_recursive_b1,2015-08-01,1,6748708.0,6117322.616841534,,,6635627.0,-631385.3831584658,631385.3831584658,2015,8,pre_pandemic,True,True,2015-07-31,2015-04-01,3
ablation_20260811T165312Z_69334f2b,one_step_201509,one_step_ex_ante_snapshot_vintage_sensitivity,ridge_recursive_b1,2015-09-01,1,5415322.0,5246607.242099976,,,5495982.0,-168714.75790002383,168714.75790002383,2015,9,pre_pandemic,True,True,2015-08-31,2015-05-01,3
ablation_20260811T165312Z_69334f2b,one_step_201510,one_step_ex_ante_snapshot_vintage_sensitivity,ridge_recursive_b1,2015-10-01,1,4161806.0,4218816.455718728,,,4293279.0,57010.45571872778,57010.45571872778,2015,10,pre_pandemic,True,True,2015-09-30,2015-06-01,3
ablation_20260811T165312Z_69334f2b,one_step_201511,one_step_ex_ante_snapshot_vintage_sensitivity,ridge_recursive_b1,2015-11-01,1,2236998.0,2538416.6203510007,,,2264373.0,301418.6203510007,301418.6203510007,2015,11,pre_pandemic,True,True,2015-10-31,2015-07-01,3
ablation_20260811T165312Z_69334f2b,one_step_201512,one_step_ex_ante_snapshot_vintage_sensitivity,ridge_recursive_b1,2015-12-01,1,1713807.0,2112138.2193956994,,,1740546.0,398331.21939569945,398331.21939569945,2015,12,pre_pandemic,True,True,2015-11-30,2015-08-01,3
ablation_20260811T165312Z_69334f2b,one_step_201601,one_step_ex_ante_snapshot_vintage_sensitivity,ridge_recursive_b1,2016-01-01,1,1691287.0,1919053.6614485048,,,1762004.0,227766.66144850478,227766.66144850478,2016,1,pre_pandemic,True,True,2015-12-31,2015-09-01,3
ablation_20260811T165312Z_69334f2b,one_step_201602,one_step_ex_ante_snapshot_vintage_sensitivity,ridge_recursive_b1,2016-02-01,1,1517504.0,1829664.2910190306,,,1564925.0,312160.2910190306,312160.2910190306,2016,2,pre_pandemic,True,True,2016-01-31,2015-10-01,3
ablation_20260811T165312Z_69334f2b,one_step_201603,one_step_ex_ante_snapshot_vintage_sensitivity,ridge_recursive_b1,2016-03-01,1,1898762.0,2388880.2157125385,,,2017645.0,490118.21571253845,490118.21571253845,2016,3,pre_pandemic,True,True,2016-02-29,2015-11-01,3
ablation_20260811T165312Z_69334f2b,one_step_201604,one_step_ex_ante_snapshot_vintage_sensitivity,ridge_recursive_b1,2016-04-01,1,2049238.0,2896505.802893196,,,2626663.0,847267.8028931962,847267.8028931962,2016,4,pre_pandemic,True,True,2016-03-31,2015-12-01,3
ablation_20260811T165312Z_69334f2b,one_step_201605,one_step_ex_ante_snapshot_vintage_sensitivity,ridge_recursive_b1,2016-05-01,1,2749648.0,3990946.909029623,,,3775013.0,1241298.909029623,1241298.909029623,2016,5,pre_pandemic,True,True,2016-04-30,2016-01-01,3
ablation_20260811T165312Z_69334f2b,one_step_201606,one_step_ex_ante_snapshot_vintage_sensitivity,ridge_recursive_b1,2016-06-01,1,2696149.0,4615527.258142344,,,4349675.0,1919378.2581423437,1919378.2581423437,2016,6,pre_pandemic,True,True,2016-05-31,2016-02-01,3
ablation_20260811T165312Z_69334f2b,one_step_201607,one_step_ex_ante_snapshot_vintage_sensitivity,ridge_recursive_b1,2016-07-01,1,3482544.0,5428464.638356527,,,5244965.0,1945920.6383565273,1945920.6383565273,2016,7,pre_pandemic,True,True,2016-06-30,2016-03-01,3
ablation_20260811T165312Z_69334f2b,one_step_201608,one_step_ex_ante_snapshot_vintage_sensitivity,ridge_recursive_b1,2016-08-01,1,4565837.0,6109434.971666304,,,6748708.0,1543597.9716663044,1543597.9716663044,2016,8,pre_pandemic,True,True,2016-07-31,2016-04-01,3
ablation_20260811T165312Z_69334f2b,one_step_201609,one_step_ex_ante_snapshot_vintage_sensitivity,ridge_recursive_b1,2016-09-01,1,4014930.0,4859854.941649284,,,5415322.0,844924.9416492842,844924.9416492842,2016,9,pre_pandemic,True,True,2016-08-31,2016-05-01,3
ablation_20260811T165312Z_69334f2b,one_step_201610,one_step_ex_ante_snapshot_vintage_sensitivity,ridge_recursive_b1,2016-10-01,1,3190334.0,3627249.7387437844,,,4161806.0,436915.7387437844,436915.7387437844,2016,10,pre_pandemic,True,True,2016-09-30,2016-06-01,3
ablation_20260811T165312Z_69334f2b,one_step_201611,one_step_ex_ante_snapshot_vintage_sensitivity,ridge_recursive_b1,2016-11-01,1,1879625.0,1335861.8067422458,,,2236998.0,-543763.1932577542,543763.1932577542,2016,11,pre_pandemic,True,True,2016-10-31,2016-07-01,3
ablation_20260811T165312Z_69334f2b,one_step_201612,one_step_ex_ante_snapshot_vintage_sensitivity,ridge_recursive_b1,2016-12-01,1,1629471.0,1339619.5933466947,,,1713807.0,-289851.4066533053,289851.4066533053,2016,12,pre_pandemic,True,True,2016-11-30,2016-08-01,3
ablation_20260811T165312Z_69334f2b,one_step_201701,one_step_ex_ante_snapshot_vintage_sensitivity,ridge_recursive_b1,2017-01-01,1,1568344.0,1071296.6305536078,,,1691287.0,-497047.3694463922,497047.3694463922,2017,1,pre_pandemic,True,True,2016-12-31,2016-09-01,3
ablation_20260811T165312Z_69334f2b,one_step_201702,one_step_ex_ante_snapshot_vintage_sensitivity,ridge_recursive_b1,2017-02-01,1,1432342.0,643505.6835370241,,,1517504.0,-788836.3164629759,788836.3164629759,2017,2,pre_pandemic,True,True,2017-01-31,2016-10-01,3
ablation_20260811T165312Z_69334f2b,one_step_201703,one_step_ex_ante_snapshot_vintage_sensitivity,ridge_recursive_b1,2017-03-01,1,1844076.0,764189.2865689076,,,1898762.0,-1079886.7134310924,1079886.7134310924,2017,3,pre_pandemic,True,True,2017-02-28,2016-11-01,3
ablation_20260811T165312Z_69334f2b,one_step_201704,one_step_ex_ante_snapshot_vintage_sensitivity,ridge_recursive_b1,2017-04-01,1,2278538.0,828101.2792608789,,,2049238.0,-1450436.720739121,1450436.720739121,2017,4,pre_pandemic,True,True,2017-03-31,2016-12-01,3
ablation_20260811T165312Z_69334f2b,one_step_201705,one_step_ex_ante_snapshot_vintage_sensitivity,ridge_recursive_b1,2017-05-01,1,3095282.0,1967181.3607906573,,,2749648.0,-1128100.6392093427,1128100.6392093427,2017,5,pre_pandemic,True,True,2017-04-30,2017-01-01,3
ablation_20260811T165312Z_69334f2b,one_step_201706,one_step_ex_ante_snapshot_vintage_sensitivity,ridge_recursive_b1,2017-06-01,1,3489572.0,2846641.259185335,,,2696149.0,-642930.7408146649,642930.7408146649,2017,6,pre_pandemic,True,True,2017-05-31,2017-02-01,3
ablation_20260811T165312Z_69334f2b,one_step_201707,one_step_ex_ante_snapshot_vintage_sensitivity,ridge_recursive_b1,2017-07-01,1,5032488.0,3989723.1927392026,,,3482544.0,-1042764.8072607974,1042764.8072607974,2017,7,pre_pandemic,True,True,2017-06-30,2017-03-01,3
ablation_20260811T165312Z_69334f2b,one_step_201708,one_step_ex_ante_snapshot_vintage_sensitivity,ridge_recursive_b1,2017-08-01,1,6323888.0,5411747.27555833,,,4565837.0,-912140.7244416699,912140.7244416699,2017,8,pre_pandemic,True,True,2017-07-31,2017-04-01,3
ablation_20260811T165312Z_69334f2b,one_step_201709,one_step_ex_ante_snapshot_vintage_sensitivity,ridge_recursive_b1,2017-09-01,1,5306888.0,4498828.942301132,,,4014930.0,-808059.0576988682,808059.0576988682,2017,9,pre_pandemic,True,True,2017-08-31,2017-05-01,3
ablation_20260811T165312Z_69334f2b,one_step_201710,one_step_ex_ante_snapshot_vintage_sensitivity,ridge_recursive_b1,2017-10-01,1,3913759.0,3964263.6652478934,,,3190334.0,50504.66524789343,50504.66524789343,2017,10,pre_pandemic,True,True,2017-09-30,2017-06-01,3
ablation_20260811T165312Z_69334f2b,one_step_201711,one_step_ex_ante_snapshot_vintage_sensitivity,ridge_recursive_b1,2017-11-01,1,2293847.0,3182888.640201249,,,1879625.0,889041.6402012492,889041.6402012492,2017,11,pre_pandemic,True,True,2017-10-31,2017-07-01,3
ablation_20260811T165312Z_69334f2b,one_step_201712,one_step_ex_ante_snapshot_vintage_sensitivity,ridge_recursive_b1,2017-12-01,1,2041323.0,3165624.2564434134,,,1629471.0,1124301.2564434134,1124301.2564434134,2017,12,pre_pandemic,True,True,2017-11-30,2017-08-01,3
ablation_20260811T165312Z_69334f2b,one_step_201801,one_step_ex_ante_snapshot_vintage_sensitivity,ridge_recursive_b1,2018-01-01,1,2045341.0,3027678.470010515,,,1568344.0,982337.4700105148,982337.4700105148,2018,1,pre_pandemic,True,True,2017-12-31,2017-09-01,3
ablation_20260811T165312Z_69334f2b,one_step_201802,one_step_ex_ante_snapshot_vintage_sensitivity,ridge_recursive_b1,2018-02-01,1,1806822.0,2900708.0168512263,,,1432342.0,1093886.0168512263,1093886.0168512263,2018,2,pre_pandemic,True,True,2018-01-31,2017-10-01,3
ablation_20260811T165312Z_69334f2b,one_step_201803,one_step_ex_ante_snapshot_vintage_sensitivity,ridge_recursive_b1,2018-03-01,1,2270019.0,3182166.032940789,,,1844076.0,912147.0329407891,912147.0329407891,2018,3,pre_pandemic,True,True,2018-02-28,2017-11-01,3
ablation_20260811T165312Z_69334f2b,one_step_201804,one_step_ex_ante_snapshot_vintage_sensitivity,ridge_recursive_b1,2018-04-01,1,2870569.0,3482396.9314984577,,,2278538.0,611827.9314984577,611827.9314984577,2018,4,pre_pandemic,True,True,2018-03-31,2017-12-01,3
ablation_20260811T165312Z_69334f2b,one_step_201805,one_step_ex_ante_snapshot_vintage_sensitivity,ridge_recursive_b1,2018-05-01,1,3790524.0,4477726.416285521,,,3095282.0,687202.4162855214,687202.4162855214,2018,5,pre_pandemic,True,True,2018-04-30,2018-01-01,3
ablation_20260811T165312Z_69334f2b,one_step_201806,one_step_ex_ante_snapshot_vintage_sensitivity,ridge_recursive_b1,2018-06-01,1,4406894.0,4776215.293190646,,,3489572.0,369321.293190646,369321.293190646,2018,6,pre_pandemic,True,True,2018-05-31,2018-02-01,3
ablation_20260811T165312Z_69334f2b,one_step_201807,one_step_ex_ante_snapshot_vintage_sensitivity,ridge_recursive_b1,2018-07-01,1,5712975.0,5533074.485497948,,,5032488.0,-179900.51450205222,179900.51450205222,2018,7,pre_pandemic,True,True,2018-06-30,2018-03-01,3
ablation_20260811T165312Z_69334f2b,one_step_201808,one_step_ex_ante_snapshot_vintage_sensitivity,ridge_recursive_b1,2018-08-01,1,7052433.0,6730507.28831757,,,6323888.0,-321925.71168242954,321925.71168242954,2018,8,pre_pandemic,True,True,2018-07-31,2018-04-01,3
ablation_20260811T165312Z_69334f2b,one_step_201809,one_step_ex_ante_snapshot_vintage_sensitivity,ridge_recursive_b1,2018-09-01,1,6021357.0,5848184.397540944,,,5306888.0,-173172.6024590563,173172.6024590563,2018,9,pre_pandemic,True,True,2018-08-31,2018-05-01,3
ablation_20260811T165312Z_69334f2b,one_step_201810,one_step_ex_ante_snapshot_vintage_sensitivity,ridge_recursive_b1,2018-10-01,1,4791439.0,4801796.498722977,,,3913759.0,10357.498722977005,10357.498722977005,2018,10,pre_pandemic,True,True,2018-09-30,2018-06-01,3
ablation_20260811T165312Z_69334f2b,one_step_201811,one_step_ex_ante_snapshot_vintage_sensitivity,ridge_recursive_b1,2018-11-01,1,2679420.0,3023180.5798570993,,,2293847.0,343760.57985709934,343760.57985709934,2018,11,pre_pandemic,True,True,2018-10-31,2018-07-01,3
ablation_20260811T165312Z_69334f2b,one_step_201812,one_step_ex_ante_snapshot_vintage_sensitivity,ridge_recursive_b1,2018-12-01,1,2180881.0,2128923.525928019,,,2041323.0,-51957.47407198092,51957.47407198092,2018,12,pre_pandemic,True,True,2018-11-30,2018-08-01,3
ablation_20260811T165312Z_69334f2b,one_step_201901,one_step_ex_ante_snapshot_vintage_sensitivity,ridge_recursive_b1,2019-01-01,1,2226288.0,1835486.122004263,,,2045341.0,-390801.8779957369,390801.8779957369,2019,1,pre_pandemic,True,True,2018-12-31,2018-09-01,3
ablation_20260811T165312Z_69334f2b,one_step_201902,one_step_ex_ante_snapshot_vintage_sensitivity,ridge_recursive_b1,2019-02-01,1,1944957.0,1818736.194909619,,,1806822.0,-126220.80509038107,126220.80509038107,2019,2,pre_pandemic,True,True,2019-01-31,2018-10-01,3
ablation_20260811T165312Z_69334f2b,one_step_201903,one_step_ex_ante_snapshot_vintage_sensitivity,ridge_recursive_b1,2019-03-01,1,2473147.0,2395357.9657656443,,,2270019.0,-77789.03423435567,77789.03423435567,2019,3,pre_pandemic,True,True,2019-02-28,2018-11-01,3
ablation_20260811T165312Z_69334f2b,one_step_201904,one_step_ex_ante_snapshot_vintage_sensitivity,ridge_recursive_b1,2019-04-01,1,3266256.0,2876712.5714856344,,,2870569.0,-389543.4285143656,389543.4285143656,2019,4,pre_pandemic,True,True,2019-03-31,2018-12-01,3
ablation_20260811T165312Z_69334f2b,one_step_201905,one_step_ex_ante_snapshot_vintage_sensitivity,ridge_recursive_b1,2019-05-01,1,4219837.0,3925184.5815555695,,,3790524.0,-294652.41844443046,294652.41844443046,2019,5,pre_pandemic,True,True,2019-04-30,2019-01-01,3
ablation_20260811T165312Z_69334f2b,one_step_201906,one_step_ex_ante_snapshot_vintage_sensitivity,ridge_recursive_b1,2019-06-01,1,5276253.0,4478827.4884683285,,,4406894.0,-797425.5115316715,797425.5115316715,2019,6,pre_pandemic,True,True,2019-05-31,2019-02-01,3
ablation_20260811T165312Z_69334f2b,one_step_201907,one_step_ex_ante_snapshot_vintage_sensitivity,ridge_recursive_b1,2019-07-01,1,6703045.0,5597648.004703004,,,5712975.0,-1105396.995296996,1105396.995296996,2019,7,pre_pandemic,True,True,2019-06-30,2019-03-01,3
ablation_20260811T165312Z_69334f2b,one_step_201908,one_step_ex_ante_snapshot_vintage_sensitivity,ridge_recursive_b1,2019-08-01,1,8167150.0,7047513.274784315,,,7052433.0,-1119636.7252156846,1119636.7252156846,2019,8,pre_pandemic,True,True,2019-07-31,2019-04-01,3
ablation_20260811T165312Z_69334f2b,one_step_201909,one_step_ex_ante_snapshot_vintage_sensitivity,ridge_recursive_b1,2019-09-01,1,6741769.0,6185904.122977216,,,6021357.0,-555864.8770227842,555864.8770227842,2019,9,pre_pandemic,True,True,2019-08-31,2019-05-01,3
ablation_20260811T165312Z_69334f2b,one_step_201910,one_step_ex_ante_snapshot_vintage_sensitivity,ridge_recursive_b1,2019-10-01,1,5437494.0,5260319.995719413,,,4791439.0,-177174.00428058673,177174.00428058673,2019,10,pre_pandemic,True,True,2019-09-30,2019-06-01,3
ablation_20260811T165312Z_69334f2b,one_step_201911,one_step_ex_ante_snapshot_vintage_sensitivity,ridge_recursive_b1,2019-11-01,1,3005517.0,3577624.934468041,,,2679420.0,572107.9344680412,572107.9344680412,2019,11,pre_pandemic,True,True,2019-10-31,2019-07-01,3
ablation_20260811T165312Z_69334f2b,one_step_201912,one_step_ex_ante_snapshot_vintage_sensitivity,ridge_recursive_b1,2019-12-01,1,2398329.0,2679524.052676052,,,2180881.0,281195.05267605186,281195.05267605186,2019,12,pre_pandemic,True,True,2019-11-30,2019-08-01,3
ablation_20260811T165312Z_69334f2b,one_step_202001,one_step_ex_ante_snapshot_vintage_sensitivity,ridge_recursive_b1,2020-01-01,1,2529423.0,2447883.7912900834,,,2226288.0,-81539.20870991657,81539.20870991657,2020,1,pre_pandemic,True,True,2019-12-31,2019-09-01,3
ablation_20260811T165312Z_69334f2b,one_step_202002,one_step_ex_ante_snapshot_vintage_sensitivity,ridge_recursive_b1,2020-02-01,1,2051923.0,2429724.9357744213,,,1944957.0,377801.9357744213,377801.9357744213,2020,2,pre_pandemic,True,True,2020-01-31,2019-10-01,3
ablation_20260811T165312Z_69334f2b,one_step_202003,one_step_ex_ante_snapshot_vintage_sensitivity,ridge_recursive_b1,2020-03-01,1,1058068.0,2906135.702542098,,,2473147.0,1848067.7025420978,1848067.7025420978,2020,3,pandemic_shock,True,True,2020-02-29,2019-11-01,3
ablation_20260811T165312Z_69334f2b,one_step_202004,one_step_ex_ante_snapshot_vintage_sensitivity,ridge_recursive_b1,2020-04-01,1,,3489017.692752787,,,3266256.0,,,2020,4,pandemic_shock,False,False,2020-03-31,2019-12-01,3
ablation_20260811T165312Z_69334f2b,one_step_202005,one_step_ex_ante_snapshot_vintage_sensitivity,ridge_recursive_b1,2020-05-01,1,,4429221.713222533,,,4219837.0,,,2020,5,pandemic_shock,False,False,2020-04-30,2020-01-01,3
ablation_20260811T165312Z_69334f2b,one_step_202006,one_step_ex_ante_snapshot_vintage_sensitivity,ridge_recursive_b1,2020-06-01,1,,4841128.935808402,,,5276253.0,,,2020,6,pandemic_shock,False,False,2020-05-31,2020-02-01,3
ablation_20260811T165312Z_69334f2b,one_step_202007,one_step_ex_ante_snapshot_vintage_sensitivity,ridge_recursive_b1,2020-07-01,1,777043.0,4539503.085073976,,,6703045.0,3762460.085073976,3762460.085073976,2020,7,pandemic_shock,True,True,2020-06-30,2020-03-01,3
ablation_20260811T165312Z_69334f2b,one_step_202008,one_step_ex_ante_snapshot_vintage_sensitivity,ridge_recursive_b1,2020-08-01,1,2192917.0,5487737.654022625,,,8167150.0,3294820.6540226247,3294820.6540226247,2020,8,pandemic_shock,True,True,2020-07-31,2020-04-01,3
ablation_20260811T165312Z_69334f2b,one_step_202009,one_step_ex_ante_snapshot_vintage_sensitivity,ridge_recursive_b1,2020-09-01,1,2634195.0,4375057.404378391,,,6741769.0,1740862.4043783909,1740862.4043783909,2020,9,pandemic_shock,True,True,2020-08-31,2020-05-01,3
ablation_20260811T165312Z_69334f2b,one_step_202010,one_step_ex_ante_snapshot_vintage_sensitivity,ridge_recursive_b1,2020-10-01,1,2355124.0,3590460.7550837607,,,5437494.0,1235336.7550837607,1235336.7550837607,2020,10,pandemic_shock,True,True,2020-09-30,2020-06-01,3
ablation_20260811T165312Z_69334f2b,one_step_202011,one_step_ex_ante_snapshot_vintage_sensitivity,ridge_recursive_b1,2020-11-01,1,1262757.0,0.0,,,3005517.0,-1262757.0,1262757.0,2020,11,pandemic_shock,True,True,2020-10-31,2020-07-01,3
ablation_20260811T165312Z_69334f2b,one_step_202012,one_step_ex_ante_snapshot_vintage_sensitivity,ridge_recursive_b1,2020-12-01,1,964816.0,0.0,,,2398329.0,-964816.0,964816.0,2020,12,pandemic_shock,True,True,2020-11-30,2020-08-01,3
ablation_20260811T165312Z_69334f2b,one_step_202101,one_step_ex_ante_snapshot_vintage_sensitivity,ridge_recursive_b1,2021-01-01,1,829932.0,22880.765892032534,,,2529423.0,-807051.2341079675,807051.2341079675,2021,1,recovery,True,True,2020-12-31,2020-09-01,3
ablation_20260811T165312Z_69334f2b,one_step_202102,one_step_ex_ante_snapshot_vintage_sensitivity,ridge_recursive_b1,2021-02-01,1,727126.0,0.0,,,2051923.0,-727126.0,727126.0,2021,2,recovery,True,True,2021-01-31,2020-10-01,3
ablation_20260811T165312Z_69334f2b,one_step_202103,one_step_ex_ante_snapshot_vintage_sensitivity,ridge_recursive_b1,2021-03-01,1,1043411.0,291312.2592814043,,,1058068.0,-752098.7407185957,752098.7407185957,2021,3,recovery,True,True,2021-02-28,2020-11-01,3
ablation_20260811T165312Z_69334f2b,one_step_202104,one_step_ex_ante_snapshot_vintage_sensitivity,ridge_recursive_b1,2021-04-01,1,1179562.0,1101836.8022931893,,,3266256.0,-77725.19770681066,77725.19770681066,2021,4,recovery,True,True,2021-03-31,2020-12-01,3
ablation_20260811T165312Z_69334f2b,one_step_202105,one_step_ex_ante_snapshot_vintage_sensitivity,ridge_recursive_b1,2021-05-01,1,1025559.0,1973331.7893962222,,,4219837.0,947772.7893962222,947772.7893962222,2021,5,recovery,True,True,2021-04-30,2021-01-01,3
ablation_20260811T165312Z_69334f2b,one_step_202106,one_step_ex_ante_snapshot_vintage_sensitivity,ridge_recursive_b1,2021-06-01,1,1861089.0,2008028.5173007094,,,5276253.0,146939.51730070938,146939.51730070938,2021,6,recovery,True,True,2021-05-31,2021-02-01,3
ablation_20260811T165312Z_69334f2b,one_step_202107,one_step_ex_ante_snapshot_vintage_sensitivity,ridge_recursive_b1,2021-07-01,1,3735532.0,3830191.0608640937,,,777043.0,94659.06086409371,94659.06086409371,2021,7,recovery,True,True,2021-06-30,2021-03-01,3
ablation_20260811T165312Z_69334f2b,one_step_202108,one_step_ex_ante_snapshot_vintage_sensitivity,ridge_recursive_b1,2021-08-01,1,5499057.0,5010749.7160527315,,,2192917.0,-488307.2839472685,488307.2839472685,2021,8,recovery,True,True,2021-07-31,2021-04-01,3
ablation_20260811T165312Z_69334f2b,one_step_202109,one_step_ex_ante_snapshot_vintage_sensitivity,ridge_recursive_b1,2021-09-01,1,4406083.0,4058896.271423961,,,2634195.0,-347186.72857603896,347186.72857603896,2021,9,recovery,True,True,2021-08-31,2021-05-01,3
ablation_20260811T165312Z_69334f2b,one_step_202110,one_step_ex_ante_snapshot_vintage_sensitivity,ridge_recursive_b1,2021-10-01,1,4406796.0,1223202.1776123573,,,2355124.0,-3183593.8223876427,3183593.8223876427,2021,10,recovery,True,True,2021-09-30,2021-06-01,3
ablation_20260811T165312Z_69334f2b,one_step_202111,one_step_ex_ante_snapshot_vintage_sensitivity,ridge_recursive_b1,2021-11-01,1,2466682.0,10513018.612980364,,,1262757.0,8046336.612980364,8046336.612980364,2021,11,recovery,True,True,2021-10-31,2021-07-01,3
ablation_20260811T165312Z_69334f2b,one_step_202112,one_step_ex_ante_snapshot_vintage_sensitivity,ridge_recursive_b1,2021-12-01,1,2176634.0,1331483.9998852133,,,964816.0,-845150.0001147867,845150.0001147867,2021,12,recovery,True,True,2021-11-30,2021-08-01,3
ablation_20260811T165312Z_69334f2b,one_step_202201,one_step_ex_ante_snapshot_vintage_sensitivity,ridge_recursive_b1,2022-01-01,1,2158066.0,0.0,,,829932.0,-2158066.0,2158066.0,2022,1,recovery,True,True,2021-12-31,2021-09-01,3
ablation_20260811T165312Z_69334f2b,one_step_202202,one_step_ex_ante_snapshot_vintage_sensitivity,ridge_recursive_b1,2022-02-01,1,1851394.0,561596.1129769827,,,727126.0,-1289797.8870230173,1289797.8870230173,2022,2,recovery,True,True,2022-01-31,2021-10-01,3
ablation_20260811T165312Z_69334f2b,one_step_202203,one_step_ex_ante_snapshot_vintage_sensitivity,ridge_recursive_b1,2022-03-01,1,2442196.0,0.0,,,1043411.0,-2442196.0,2442196.0,2022,3,recovery,True,True,2022-02-28,2021-11-01,3
ablation_20260811T165312Z_69334f2b,one_step_202204,one_step_ex_ante_snapshot_vintage_sensitivity,ridge_recursive_b1,2022-04-01,1,2921440.0,3419860.8060517446,,,1179562.0,498420.8060517446,498420.8060517446,2022,4,recovery,True,True,2022-03-31,2021-12-01,3
ablation_20260811T165312Z_69334f2b,one_step_202205,one_step_ex_ante_snapshot_vintage_sensitivity,ridge_recursive_b1,2022-05-01,1,4078425.0,4618684.184657714,,,1025559.0,540259.1846577143,540259.1846577143,2022,5,recovery,True,True,2022-04-30,2022-01-01,3
ablation_20260811T165312Z_69334f2b,one_step_202206,one_step_ex_ante_snapshot_vintage_sensitivity,ridge_recursive_b1,2022-06-01,1,4939265.0,5287412.87962966,,,1861089.0,348147.8796296604,348147.8796296604,2022,6,recovery,True,True,2022-05-31,2022-02-01,3
ablation_20260811T165312Z_69334f2b,one_step_202207,one_step_ex_ante_snapshot_vintage_sensitivity,ridge_recursive_b1,2022-07-01,1,6359123.0,5875717.352636225,,,3735532.0,-483405.6473637754,483405.6473637754,2022,7,recovery,True,True,2022-06-30,2022-03-01,3
ablation_20260811T165312Z_69334f2b,one_step_202208,one_step_ex_ante_snapshot_vintage_sensitivity,ridge_recursive_b1,2022-08-01,1,7992422.0,7179443.500176368,,,5499057.0,-812978.4998236317,812978.4998236317,2022,8,recovery,True,True,2022-07-31,2022-04-01,3
ablation_20260811T165312Z_69334f2b,one_step_202209,one_step_ex_ante_snapshot_vintage_sensitivity,ridge_recursive_b1,2022-09-01,1,6648582.0,7376269.849689572,,,4406083.0,727687.8496895721,727687.8496895721,2022,9,recovery,True,True,2022-08-31,2022-05-01,3
ablation_20260811T165312Z_69334f2b,one_step_202210,one_step_ex_ante_snapshot_vintage_sensitivity,ridge_recursive_b1,2022-10-01,1,5919814.0,4559793.962024042,,,4406796.0,-1360020.0379759576,1360020.0379759576,2022,10,recovery,True,True,2022-09-30,2022-06-01,3
ablation_20260811T165312Z_69334f2b,one_step_202211,one_step_ex_ante_snapshot_vintage_sensitivity,ridge_recursive_b1,2022-11-01,1,3438085.0,2001795.9952957802,,,2466682.0,-1436289.0047042198,1436289.0047042198,2022,11,recovery,True,True,2022-10-31,2022-07-01,3
ablation_20260811T165312Z_69334f2b,one_step_202212,one_step_ex_ante_snapshot_vintage_sensitivity,ridge_recursive_b1,2022-12-01,1,2620212.0,513857.46328475466,,,2176634.0,-2106354.5367152453,2106354.5367152453,2022,12,recovery,True,True,2022-11-30,2022-08-01,3
ablation_20260811T165312Z_69334f2b,one_step_202301,one_step_ex_ante_snapshot_vintage_sensitivity,ridge_recursive_b1,2023-01-01,1,3077654.0,0.0,,,2158066.0,-3077654.0,3077654.0,2023,1,normalization,True,True,2022-12-31,2022-09-01,3
ablation_20260811T165312Z_69334f2b,one_step_202302,one_step_ex_ante_snapshot_vintage_sensitivity,ridge_recursive_b1,2023-02-01,1,2314917.0,895225.7863030685,,,1851394.0,-1419691.2136969315,1419691.2136969315,2023,2,normalization,True,True,2023-01-31,2022-10-01,3
ablation_20260811T165312Z_69334f2b,one_step_202303,one_step_ex_ante_snapshot_vintage_sensitivity,ridge_recursive_b1,2023-03-01,1,2788995.0,1460951.9120668042,,,2442196.0,-1328043.0879331958,1328043.0879331958,2023,3,normalization,True,True,2023-02-28,2022-11-01,3
ablation_20260811T165312Z_69334f2b,one_step_202304,one_step_ex_ante_snapshot_vintage_sensitivity,ridge_recursive_b1,2023-04-01,1,3541271.0,2450260.628061217,,,2921440.0,-1091010.3719387832,1091010.3719387832,2023,4,normalization,True,True,2023-03-31,2022-12-01,3
ablation_20260811T165312Z_69334f2b,one_step_202305,one_step_ex_ante_snapshot_vintage_sensitivity,ridge_recursive_b1,2023-05-01,1,4584458.0,4044705.915688455,,,4078425.0,-539752.0843115449,539752.0843115449,2023,5,normalization,True,True,2023-04-30,2023-01-01,3
ablation_20260811T165312Z_69334f2b,one_step_202306,one_step_ex_ante_snapshot_vintage_sensitivity,ridge_recursive_b1,2023-06-01,1,5869766.0,5100660.474217804,,,4939265.0,-769105.5257821959,769105.5257821959,2023,6,normalization,True,True,2023-05-31,2023-02-01,3
ablation_20260811T165312Z_69334f2b,one_step_202307,one_step_ex_ante_snapshot_vintage_sensitivity,ridge_recursive_b1,2023-07-01,1,6926346.0,5689524.201911492,,,6359123.0,-1236821.7980885077,1236821.7980885077,2023,7,normalization,True,True,2023-06-30,2023-03-01,3
ablation_20260811T165312Z_69334f2b,one_step_202308,one_step_ex_ante_snapshot_vintage_sensitivity,ridge_recursive_b1,2023-08-01,1,8488026.0,7623040.3736621905,,,7992422.0,-864985.6263378095,864985.6263378095,2023,8,normalization,True,True,2023-07-31,2023-04-01,3
ablation_20260811T165312Z_69334f2b,one_step_202309,one_step_ex_ante_snapshot_vintage_sensitivity,ridge_recursive_b1,2023-09-01,1,7013861.0,6676392.968278691,,,6648582.0,-337468.0317213088,337468.0317213088,2023,9,normalization,True,True,2023-08-31,2023-05-01,3
ablation_20260811T165312Z_69334f2b,one_step_202310,one_step_ex_ante_snapshot_vintage_sensitivity,ridge_recursive_b1,2023-10-01,1,6151397.0,6161701.04244912,,,5919814.0,10304.042449120432,10304.042449120432,2023,10,normalization,True,True,2023-09-30,2023-06-01,3
ablation_20260811T165312Z_69334f2b,one_step_202311,one_step_ex_ante_snapshot_vintage_sensitivity,ridge_recursive_b1,2023-11-01,1,3520467.0,4145831.292189811,,,3438085.0,625364.2921898109,625364.2921898109,2023,11,normalization,True,True,2023-10-31,2023-07-01,3
ablation_20260811T165312Z_69334f2b,one_step_202312,one_step_ex_ante_snapshot_vintage_sensitivity,ridge_recursive_b1,2023-12-01,1,2800281.0,3786397.6601900253,,,2620212.0,986116.6601900253,986116.6601900253,2023,12,normalization,True,True,2023-11-30,2023-08-01,3
ablation_20260811T165312Z_69334f2b,one_step_202401,one_step_ex_ante_snapshot_vintage_sensitivity,ridge_recursive_b1,2024-01-01,1,3245893.0,3580047.965509181,,,3077654.0,334154.9655091809,334154.9655091809,2024,1,normalization,True,True,2023-12-31,2023-09-01,3
ablation_20260811T165312Z_69334f2b,one_step_202402,one_step_ex_ante_snapshot_vintage_sensitivity,ridge_recursive_b1,2024-02-01,1,2684623.0,3335284.824890646,,,2314917.0,650661.8248906462,650661.8248906462,2024,2,normalization,True,True,2024-01-31,2023-10-01,3
ablation_20260811T165312Z_69334f2b,one_step_202403,one_step_ex_ante_snapshot_vintage_sensitivity,ridge_recursive_b1,2024-03-01,1,3079574.0,3117101.10309621,,,2788995.0,37527.10309620993,37527.10309620993,2024,3,normalization,True,True,2024-02-29,2023-11-01,3
ablation_20260811T165312Z_69334f2b,one_step_202404,one_step_ex_ante_snapshot_vintage_sensitivity,ridge_recursive_b1,2024-04-01,1,4040974.0,3493756.966544094,,,3541271.0,-547217.033455906,547217.033455906,2024,4,normalization,True,True,2024-03-31,2023-12-01,3
ablation_20260811T165312Z_69334f2b,one_step_202405,one_step_ex_ante_snapshot_vintage_sensitivity,ridge_recursive_b1,2024-05-01,1,5585634.0,4330172.392798393,,,4584458.0,-1255461.607201607,1255461.607201607,2024,5,normalization,True,True,2024-04-30,2024-01-01,3
ablation_20260811T165312Z_69334f2b,one_step_202406,one_step_ex_ante_snapshot_vintage_sensitivity,ridge_recursive_b1,2024-06-01,1,6471276.0,5451881.73712804,,,5869766.0,-1019394.2628719602,1019394.2628719602,2024,6,normalization,True,True,2024-05-31,2024-02-01,3
ablation_20260811T165312Z_69334f2b,one_step_202407,one_step_ex_ante_snapshot_vintage_sensitivity,ridge_recursive_b1,2024-07-01,1,7395701.0,6096701.896082118,,,6926346.0,-1298999.1039178818,1298999.1039178818,2024,7,normalization,True,True,2024-06-30,2024-03-01,3
ablation_20260811T165312Z_69334f2b,one_step_202408,one_step_ex_ante_snapshot_vintage_sensitivity,ridge_recursive_b1,2024-08-01,1,8661295.0,8014301.789275834,,,8488026.0,-646993.2107241657,646993.2107241657,2024,8,normalization,True,True,2024-07-31,2024-04-01,3
ablation_20260811T165312Z_69334f2b,one_step_202409,one_step_ex_ante_snapshot_vintage_sensitivity,ridge_recursive_b1,2024-09-01,1,7149583.0,7019904.39812328,,,7013861.0,-129678.60187671985,129678.60187671985,2024,9,normalization,True,True,2024-08-31,2024-05-01,3
ablation_20260811T165312Z_69334f2b,one_step_202410,one_step_ex_ante_snapshot_vintage_sensitivity,ridge_recursive_b1,2024-10-01,1,6723819.0,5894436.292736301,,,6151397.0,-829382.7072636988,829382.7072636988,2024,10,normalization,True,True,2024-09-30,2024-06-01,3
ablation_20260811T165312Z_69334f2b,one_step_202411,one_step_ex_ante_snapshot_vintage_sensitivity,ridge_recursive_b1,2024-11-01,1,4018247.0,4162189.2230974706,,,3520467.0,143942.2230974706,143942.2230974706,2024,11,normalization,True,True,2024-10-31,2024-07-01,3
ablation_20260811T165312Z_69334f2b,one_step_202412,one_step_ex_ante_snapshot_vintage_sensitivity,ridge_recursive_b1,2024-12-01,1,3175828.0,3993737.526101013,,,2800281.0,817909.5261010132,817909.5261010132,2024,12,normalization,True,True,2024-11-30,2024-08-01,3
ablation_20260811T165312Z_69334f2b,one_step_202501,one_step_ex_ante_snapshot_vintage_sensitivity,ridge_recursive_b1,2025-01-01,1,3355818.0,3945920.22598836,,,3245893.0,590102.2259883601,590102.2259883601,2025,1,normalization,True,True,2024-12-31,2024-09-01,3
ablation_20260811T165312Z_69334f2b,one_step_202502,one_step_ex_ante_snapshot_vintage_sensitivity,ridge_recursive_b1,2025-02-01,1,2782758.0,4248438.343239463,,,2684623.0,1465680.343239463,1465680.343239463,2025,2,normalization,True,True,2025-01-31,2024-10-01,3
ablation_20260811T165312Z_69334f2b,one_step_202503,one_step_ex_ante_snapshot_vintage_sensitivity,ridge_recursive_b1,2025-03-01,1,2982576.0,3992375.715888712,,,3079574.0,1009799.7158887121,1009799.7158887121,2025,3,normalization,True,True,2025-02-28,2024-11-01,3
ablation_20260811T165312Z_69334f2b,one_step_202504,one_step_ex_ante_snapshot_vintage_sensitivity,ridge_recursive_b1,2025-04-01,1,4242307.0,4589972.478070805,,,4040974.0,347665.47807080485,347665.47807080485,2025,4,normalization,True,True,2025-03-31,2024-12-01,3
ablation_20260811T165312Z_69334f2b,one_step_202505,one_step_ex_ante_snapshot_vintage_sensitivity,ridge_recursive_b1,2025-05-01,1,5618724.0,5493002.3164162915,,,5585634.0,-125721.68358370848,125721.68358370848,2025,5,normalization,True,True,2025-04-30,2025-01-01,3
ablation_20260811T165312Z_69334f2b,one_step_202506,one_step_ex_ante_snapshot_vintage_sensitivity,ridge_recursive_b1,2025-06-01,1,6551137.0,6236176.372751316,,,6471276.0,-314960.62724868394,314960.62724868394,2025,6,normalization,True,True,2025-05-31,2025-02-01,3
ablation_20260811T165312Z_69334f2b,one_step_202507,one_step_ex_ante_snapshot_vintage_sensitivity,ridge_recursive_b1,2025-07-01,1,7403653.0,6910908.460763985,,,7395701.0,-492744.5392360147,492744.5392360147,2025,7,normalization,True,True,2025-06-30,2025-03-01,3
ablation_20260811T165312Z_69334f2b,one_step_202508,one_step_ex_ante_snapshot_vintage_sensitivity,ridge_recursive_b1,2025-08-01,1,8912005.0,8347062.066812623,,,8661295.0,-564942.9331873767,564942.9331873767,2025,8,normalization,True,True,2025-07-31,2025-04-01,3
ablation_20260811T165312Z_69334f2b,one_step_202509,one_step_ex_ante_snapshot_vintage_sensitivity,ridge_recursive_b1,2025-09-01,1,7324078.0,7257144.913423745,,,7149583.0,-66933.08657625504,66933.08657625504,2025,9,normalization,True,True,2025-08-31,2025-05-01,3
ablation_20260811T165312Z_69334f2b,one_step_202510,one_step_ex_ante_snapshot_vintage_sensitivity,ridge_recursive_b1,2025-10-01,1,7079267.0,6315701.614392615,,,6723819.0,-763565.3856073851,763565.3856073851,2025,10,normalization,True,True,2025-09-30,2025-06-01,3
ablation_20260811T165312Z_69334f2b,one_step_202511,one_step_ex_ante_snapshot_vintage_sensitivity,ridge_recursive_b1,2025-11-01,1,4255110.0,4391237.601439373,,,4018247.0,136127.60143937264,136127.60143937264,2025,11,normalization,True,True,2025-10-31,2025-07-01,3
ablation_20260811T165312Z_69334f2b,one_step_202512,one_step_ex_ante_snapshot_vintage_sensitivity,ridge_recursive_b1,2025-12-01,1,3409623.0,4278872.56612918,,,3175828.0,869249.5661291797,869249.5661291797,2025,12,normalization,True,True,2025-11-30,2025-08-01,3
ablation_20260811T165312Z_69334f2b,one_step_201501,one_step_ex_ante_snapshot_vintage_sensitivity,ridge_recursive_b2,2015-01-01,1,1762004.0,1766442.8114449873,,,1575399.0,4438.81144498731,4438.81144498731,2015,1,pre_pandemic,True,True,2014-12-31,2014-09-01,3
ablation_20260811T165312Z_69334f2b,one_step_201502,one_step_ex_ante_snapshot_vintage_sensitivity,ridge_recursive_b2,2015-02-01,1,1564925.0,1684785.781962727,,,1523245.0,119860.78196272696,119860.78196272696,2015,2,pre_pandemic,True,True,2015-01-31,2014-10-01,3
ablation_20260811T165312Z_69334f2b,one_step_201503,one_step_ex_ante_snapshot_vintage_sensitivity,ridge_recursive_b2,2015-03-01,1,2017645.0,2215566.0070205904,,,1967114.0,197921.00702059036,197921.00702059036,2015,3,pre_pandemic,True,True,2015-02-28,2014-11-01,3
ablation_20260811T165312Z_69334f2b,one_step_201504,one_step_ex_ante_snapshot_vintage_sensitivity,ridge_recursive_b2,2015-04-01,1,2626663.0,2803980.6857046946,,,2573139.0,177317.6857046946,177317.6857046946,2015,4,pre_pandemic,True,True,2015-03-31,2014-12-01,3
ablation_20260811T165312Z_69334f2b,one_step_201505,one_step_ex_ante_snapshot_vintage_sensitivity,ridge_recursive_b2,2015-05-01,1,3775013.0,3824804.2075885753,,,3863883.0,49791.207588575315,49791.207588575315,2015,5,pre_pandemic,True,True,2015-04-30,2015-01-01,3
ablation_20260811T165312Z_69334f2b,one_step_201506,one_step_ex_ante_snapshot_vintage_sensitivity,ridge_recursive_b2,2015-06-01,1,4349675.0,4373981.876576306,,,4530079.0,24306.8765763063,24306.8765763063,2015,6,pre_pandemic,True,True,2015-05-31,2015-02-01,3
ablation_20260811T165312Z_69334f2b,one_step_201507,one_step_ex_ante_snapshot_vintage_sensitivity,ridge_recursive_b2,2015-07-01,1,5244965.0,5226418.580269022,,,4952404.0,-18546.419730978087,18546.419730978087,2015,7,pre_pandemic,True,True,2015-06-30,2015-03-01,3
ablation_20260811T165312Z_69334f2b,one_step_201508,one_step_ex_ante_snapshot_vintage_sensitivity,ridge_recursive_b2,2015-08-01,1,6748708.0,6142266.912131341,,,6635627.0,-606441.0878686588,606441.0878686588,2015,8,pre_pandemic,True,True,2015-07-31,2015-04-01,3
ablation_20260811T165312Z_69334f2b,one_step_201509,one_step_ex_ante_snapshot_vintage_sensitivity,ridge_recursive_b2,2015-09-01,1,5415322.0,5275370.854473136,,,5495982.0,-139951.14552686363,139951.14552686363,2015,9,pre_pandemic,True,True,2015-08-31,2015-05-01,3
ablation_20260811T165312Z_69334f2b,one_step_201510,one_step_ex_ante_snapshot_vintage_sensitivity,ridge_recursive_b2,2015-10-01,1,4161806.0,4245836.493069587,,,4293279.0,84030.49306958728,84030.49306958728,2015,10,pre_pandemic,True,True,2015-09-30,2015-06-01,3
ablation_20260811T165312Z_69334f2b,one_step_201511,one_step_ex_ante_snapshot_vintage_sensitivity,ridge_recursive_b2,2015-11-01,1,2236998.0,2555222.4086504197,,,2264373.0,318224.4086504197,318224.4086504197,2015,11,pre_pandemic,True,True,2015-10-31,2015-07-01,3
ablation_20260811T165312Z_69334f2b,one_step_201512,one_step_ex_ante_snapshot_vintage_sensitivity,ridge_recursive_b2,2015-12-01,1,1713807.0,2083462.6111780764,,,1740546.0,369655.61117807636,369655.61117807636,2015,12,pre_pandemic,True,True,2015-11-30,2015-08-01,3
ablation_20260811T165312Z_69334f2b,one_step_201601,one_step_ex_ante_snapshot_vintage_sensitivity,ridge_recursive_b2,2016-01-01,1,1691287.0,1919934.0220807225,,,1762004.0,228647.0220807225,228647.0220807225,2016,1,pre_pandemic,True,True,2015-12-31,2015-09-01,3
ablation_20260811T165312Z_69334f2b,one_step_201602,one_step_ex_ante_snapshot_vintage_sensitivity,ridge_recursive_b2,2016-02-01,1,1517504.0,1828475.381259248,,,1564925.0,310971.3812592479,310971.3812592479,2016,2,pre_pandemic,True,True,2016-01-31,2015-10-01,3
ablation_20260811T165312Z_69334f2b,one_step_201603,one_step_ex_ante_snapshot_vintage_sensitivity,ridge_recursive_b2,2016-03-01,1,1898762.0,2391258.138659167,,,2017645.0,492496.1386591671,492496.1386591671,2016,3,pre_pandemic,True,True,2016-02-29,2015-11-01,3
ablation_20260811T165312Z_69334f2b,one_step_201604,one_step_ex_ante_snapshot_vintage_sensitivity,ridge_recursive_b2,2016-04-01,1,2049238.0,2886896.059468298,,,2626663.0,837658.0594682982,837658.0594682982,2016,4,pre_pandemic,True,True,2016-03-31,2015-12-01,3
ablation_20260811T165312Z_69334f2b,one_step_201605,one_step_ex_ante_snapshot_vintage_sensitivity,ridge_recursive_b2,2016-05-01,1,2749648.0,3982897.306240014,,,3775013.0,1233249.3062400138,1233249.3062400138,2016,5,pre_pandemic,True,True,2016-04-30,2016-01-01,3
ablation_20260811T165312Z_69334f2b,one_step_201606,one_step_ex_ante_snapshot_vintage_sensitivity,ridge_recursive_b2,2016-06-01,1,2696149.0,4615805.245395612,,,4349675.0,1919656.245395612,1919656.245395612,2016,6,pre_pandemic,True,True,2016-05-31,2016-02-01,3
ablation_20260811T165312Z_69334f2b,one_step_201607,one_step_ex_ante_snapshot_vintage_sensitivity,ridge_recursive_b2,2016-07-01,1,3482544.0,5433469.798281415,,,5244965.0,1950925.7982814154,1950925.7982814154,2016,7,pre_pandemic,True,True,2016-06-30,2016-03-01,3
ablation_20260811T165312Z_69334f2b,one_step_201608,one_step_ex_ante_snapshot_vintage_sensitivity,ridge_recursive_b2,2016-08-01,1,4565837.0,6116090.165918428,,,6748708.0,1550253.1659184285,1550253.1659184285,2016,8,pre_pandemic,True,True,2016-07-31,2016-04-01,3
ablation_20260811T165312Z_69334f2b,one_step_201609,one_step_ex_ante_snapshot_vintage_sensitivity,ridge_recursive_b2,2016-09-01,1,4014930.0,4779978.761354649,,,5415322.0,765048.7613546494,765048.7613546494,2016,9,pre_pandemic,True,True,2016-08-31,2016-05-01,3
ablation_20260811T165312Z_69334f2b,one_step_201610,one_step_ex_ante_snapshot_vintage_sensitivity,ridge_recursive_b2,2016-10-01,1,3190334.0,3558942.805087893,,,4161806.0,368608.8050878928,368608.8050878928,2016,10,pre_pandemic,True,True,2016-09-30,2016-06-01,3
ablation_20260811T165312Z_69334f2b,one_step_201611,one_step_ex_ante_snapshot_vintage_sensitivity,ridge_recursive_b2,2016-11-01,1,1879625.0,1241832.1044925768,,,2236998.0,-637792.8955074232,637792.8955074232,2016,11,pre_pandemic,True,True,2016-10-31,2016-07-01,3
ablation_20260811T165312Z_69334f2b,one_step_201612,one_step_ex_ante_snapshot_vintage_sensitivity,ridge_recursive_b2,2016-12-01,1,1629471.0,1131862.8099284465,,,1713807.0,-497608.19007155346,497608.19007155346,2016,12,pre_pandemic,True,True,2016-11-30,2016-08-01,3
ablation_20260811T165312Z_69334f2b,one_step_201701,one_step_ex_ante_snapshot_vintage_sensitivity,ridge_recursive_b2,2017-01-01,1,1568344.0,846272.2582413359,,,1691287.0,-722071.7417586641,722071.7417586641,2017,1,pre_pandemic,True,True,2016-12-31,2016-09-01,3
ablation_20260811T165312Z_69334f2b,one_step_201702,one_step_ex_ante_snapshot_vintage_sensitivity,ridge_recursive_b2,2017-02-01,1,1432342.0,453927.99102128437,,,1517504.0,-978414.0089787156,978414.0089787156,2017,2,pre_pandemic,True,True,2017-01-31,2016-10-01,3
ablation_20260811T165312Z_69334f2b,one_step_201703,one_step_ex_ante_snapshot_vintage_sensitivity,ridge_recursive_b2,2017-03-01,1,1844076.0,609181.5904946374,,,1898762.0,-1234894.4095053626,1234894.4095053626,2017,3,pre_pandemic,True,True,2017-02-28,2016-11-01,3
ablation_20260811T165312Z_69334f2b,one_step_201704,one_step_ex_ante_snapshot_vintage_sensitivity,ridge_recursive_b2,2017-04-01,1,2278538.0,757354.0146941389,,,2049238.0,-1521183.985305861,1521183.985305861,2017,4,pre_pandemic,True,True,2017-03-31,2016-12-01,3
ablation_20260811T165312Z_69334f2b,one_step_201705,one_step_ex_ante_snapshot_vintage_sensitivity,ridge_recursive_b2,2017-05-01,1,3095282.0,1943891.6497015737,,,2749648.0,-1151390.3502984263,1151390.3502984263,2017,5,pre_pandemic,True,True,2017-04-30,2017-01-01,3
ablation_20260811T165312Z_69334f2b,one_step_201706,one_step_ex_ante_snapshot_vintage_sensitivity,ridge_recursive_b2,2017-06-01,1,3489572.0,2824170.076611385,,,2696149.0,-665401.9233886148,665401.9233886148,2017,6,pre_pandemic,True,True,2017-05-31,2017-02-01,3
ablation_20260811T165312Z_69334f2b,one_step_201707,one_step_ex_ante_snapshot_vintage_sensitivity,ridge_recursive_b2,2017-07-01,1,5032488.0,3986248.3134696903,,,3482544.0,-1046239.6865303097,1046239.6865303097,2017,7,pre_pandemic,True,True,2017-06-30,2017-03-01,3
ablation_20260811T165312Z_69334f2b,one_step_201708,one_step_ex_ante_snapshot_vintage_sensitivity,ridge_recursive_b2,2017-08-01,1,6323888.0,5393658.40083305,,,4565837.0,-930229.5991669502,930229.5991669502,2017,8,pre_pandemic,True,True,2017-07-31,2017-04-01,3
ablation_20260811T165312Z_69334f2b,one_step_201709,one_step_ex_ante_snapshot_vintage_sensitivity,ridge_recursive_b2,2017-09-01,1,5306888.0,4500554.255558155,,,4014930.0,-806333.7444418455,806333.7444418455,2017,9,pre_pandemic,True,True,2017-08-31,2017-05-01,3
ablation_20260811T165312Z_69334f2b,one_step_201710,one_step_ex_ante_snapshot_vintage_sensitivity,ridge_recursive_b2,2017-10-01,1,3913759.0,3957189.112270727,,,3190334.0,43430.11227072682,43430.11227072682,2017,10,pre_pandemic,True,True,2017-09-30,2017-06-01,3
ablation_20260811T165312Z_69334f2b,one_step_201711,one_step_ex_ante_snapshot_vintage_sensitivity,ridge_recursive_b2,2017-11-01,1,2293847.0,3203218.2050763946,,,1879625.0,909371.2050763946,909371.2050763946,2017,11,pre_pandemic,True,True,2017-10-31,2017-07-01,3
ablation_20260811T165312Z_69334f2b,one_step_201712,one_step_ex_ante_snapshot_vintage_sensitivity,ridge_recursive_b2,2017-12-01,1,2041323.0,3264637.5265741684,,,1629471.0,1223314.5265741684,1223314.5265741684,2017,12,pre_pandemic,True,True,2017-11-30,2017-08-01,3
ablation_20260811T165312Z_69334f2b,one_step_201801,one_step_ex_ante_snapshot_vintage_sensitivity,ridge_recursive_b2,2018-01-01,1,2045341.0,3180764.7702150475,,,1568344.0,1135423.7702150475,1135423.7702150475,2018,1,pre_pandemic,True,True,2017-12-31,2017-09-01,3
ablation_20260811T165312Z_69334f2b,one_step_201802,one_step_ex_ante_snapshot_vintage_sensitivity,ridge_recursive_b2,2018-02-01,1,1806822.0,3054456.632864033,,,1432342.0,1247634.6328640329,1247634.6328640329,2018,2,pre_pandemic,True,True,2018-01-31,2017-10-01,3
ablation_20260811T165312Z_69334f2b,one_step_201803,one_step_ex_ante_snapshot_vintage_sensitivity,ridge_recursive_b2,2018-03-01,1,2270019.0,3366587.054165856,,,1844076.0,1096568.054165856,1096568.054165856,2018,3,pre_pandemic,True,True,2018-02-28,2017-11-01,3
ablation_20260811T165312Z_69334f2b,one_step_201804,one_step_ex_ante_snapshot_vintage_sensitivity,ridge_recursive_b2,2018-04-01,1,2870569.0,3644096.126758906,,,2278538.0,773527.1267589061,773527.1267589061,2018,4,pre_pandemic,True,True,2018-03-31,2017-12-01,3
ablation_20260811T165312Z_69334f2b,one_step_201805,one_step_ex_ante_snapshot_vintage_sensitivity,ridge_recursive_b2,2018-05-01,1,3790524.0,4608591.988927876,,,3095282.0,818067.9889278756,818067.9889278756,2018,5,pre_pandemic,True,True,2018-04-30,2018-01-01,3
ablation_20260811T165312Z_69334f2b,one_step_201806,one_step_ex_ante_snapshot_vintage_sensitivity,ridge_recursive_b2,2018-06-01,1,4406894.0,4916425.134166529,,,3489572.0,509531.1341665294,509531.1341665294,2018,6,pre_pandemic,True,True,2018-05-31,2018-02-01,3
ablation_20260811T165312Z_69334f2b,one_step_201807,one_step_ex_ante_snapshot_vintage_sensitivity,ridge_recursive_b2,2018-07-01,1,5712975.0,5662023.382215884,,,5032488.0,-50951.61778411642,50951.61778411642,2018,7,pre_pandemic,True,True,2018-06-30,2018-03-01,3
ablation_20260811T165312Z_69334f2b,one_step_201808,one_step_ex_ante_snapshot_vintage_sensitivity,ridge_recursive_b2,2018-08-01,1,7052433.0,6826729.609354113,,,6323888.0,-225703.39064588677,225703.39064588677,2018,8,pre_pandemic,True,True,2018-07-31,2018-04-01,3
ablation_20260811T165312Z_69334f2b,one_step_201809,one_step_ex_ante_snapshot_vintage_sensitivity,ridge_recursive_b2,2018-09-01,1,6021357.0,5890335.634144364,,,5306888.0,-131021.36585563608,131021.36585563608,2018,9,pre_pandemic,True,True,2018-08-31,2018-05-01,3
ablation_20260811T165312Z_69334f2b,one_step_201810,one_step_ex_ante_snapshot_vintage_sensitivity,ridge_recursive_b2,2018-10-01,1,4791439.0,4932289.991952546,,,3913759.0,140850.99195254594,140850.99195254594,2018,10,pre_pandemic,True,True,2018-09-30,2018-06-01,3
ablation_20260811T165312Z_69334f2b,one_step_201811,one_step_ex_ante_snapshot_vintage_sensitivity,ridge_recursive_b2,2018-11-01,1,2679420.0,3212473.696113755,,,2293847.0,533053.696113755,533053.696113755,2018,11,pre_pandemic,True,True,2018-10-31,2018-07-01,3
ablation_20260811T165312Z_69334f2b,one_step_201812,one_step_ex_ante_snapshot_vintage_sensitivity,ridge_recursive_b2,2018-12-01,1,2180881.0,2356732.9776351633,,,2041323.0,175851.97763516335,175851.97763516335,2018,12,pre_pandemic,True,True,2018-11-30,2018-08-01,3
ablation_20260811T165312Z_69334f2b,one_step_201901,one_step_ex_ante_snapshot_vintage_sensitivity,ridge_recursive_b2,2019-01-01,1,2226288.0,2033115.6806809227,,,2045341.0,-193172.3193190773,193172.3193190773,2019,1,pre_pandemic,True,True,2018-12-31,2018-09-01,3
ablation_20260811T165312Z_69334f2b,one_step_201902,one_step_ex_ante_snapshot_vintage_sensitivity,ridge_recursive_b2,2019-02-01,1,1944957.0,1944133.2041650168,,,1806822.0,-823.7958349832334,823.7958349832334,2019,2,pre_pandemic,True,True,2019-01-31,2018-10-01,3
ablation_20260811T165312Z_69334f2b,one_step_201903,one_step_ex_ante_snapshot_vintage_sensitivity,ridge_recursive_b2,2019-03-01,1,2473147.0,2470851.0762509676,,,2270019.0,-2295.9237490324304,2295.9237490324304,2019,3,pre_pandemic,True,True,2019-02-28,2018-11-01,3
ablation_20260811T165312Z_69334f2b,one_step_201904,one_step_ex_ante_snapshot_vintage_sensitivity,ridge_recursive_b2,2019-04-01,1,3266256.0,2826396.8470953465,,,2870569.0,-439859.15290465346,439859.15290465346,2019,4,pre_pandemic,True,True,2019-03-31,2018-12-01,3
ablation_20260811T165312Z_69334f2b,one_step_201905,one_step_ex_ante_snapshot_vintage_sensitivity,ridge_recursive_b2,2019-05-01,1,4219837.0,3867455.5405683527,,,3790524.0,-352381.4594316473,352381.4594316473,2019,5,pre_pandemic,True,True,2019-04-30,2019-01-01,3
ablation_20260811T165312Z_69334f2b,one_step_201906,one_step_ex_ante_snapshot_vintage_sensitivity,ridge_recursive_b2,2019-06-01,1,5276253.0,4434900.128441,,,4406894.0,-841352.8715589996,841352.8715589996,2019,6,pre_pandemic,True,True,2019-05-31,2019-02-01,3
ablation_20260811T165312Z_69334f2b,one_step_201907,one_step_ex_ante_snapshot_vintage_sensitivity,ridge_recursive_b2,2019-07-01,1,6703045.0,5516214.70538722,,,5712975.0,-1186830.2946127802,1186830.2946127802,2019,7,pre_pandemic,True,True,2019-06-30,2019-03-01,3
ablation_20260811T165312Z_69334f2b,one_step_201908,one_step_ex_ante_snapshot_vintage_sensitivity,ridge_recursive_b2,2019-08-01,1,8167150.0,6927619.463269442,,,7052433.0,-1239530.5367305577,1239530.5367305577,2019,8,pre_pandemic,True,True,2019-07-31,2019-04-01,3
ablation_20260811T165312Z_69334f2b,one_step_201909,one_step_ex_ante_snapshot_vintage_sensitivity,ridge_recursive_b2,2019-09-01,1,6741769.0,6065763.38785699,,,6021357.0,-676005.6121430099,676005.6121430099,2019,9,pre_pandemic,True,True,2019-08-31,2019-05-01,3
ablation_20260811T165312Z_69334f2b,one_step_201910,one_step_ex_ante_snapshot_vintage_sensitivity,ridge_recursive_b2,2019-10-01,1,5437494.0,5089204.808086488,,,4791439.0,-348289.1919135116,348289.1919135116,2019,10,pre_pandemic,True,True,2019-09-30,2019-06-01,3
ablation_20260811T165312Z_69334f2b,one_step_201911,one_step_ex_ante_snapshot_vintage_sensitivity,ridge_recursive_b2,2019-11-01,1,3005517.0,3418488.407987847,,,2679420.0,412971.407987847,412971.407987847,2019,11,pre_pandemic,True,True,2019-10-31,2019-07-01,3
ablation_20260811T165312Z_69334f2b,one_step_201912,one_step_ex_ante_snapshot_vintage_sensitivity,ridge_recursive_b2,2019-12-01,1,2398329.0,2642001.7505472535,,,2180881.0,243672.75054725353,243672.75054725353,2019,12,pre_pandemic,True,True,2019-11-30,2019-08-01,3
ablation_20260811T165312Z_69334f2b,one_step_202001,one_step_ex_ante_snapshot_vintage_sensitivity,ridge_recursive_b2,2020-01-01,1,2529423.0,2465412.7537826616,,,2226288.0,-64010.24621733837,64010.24621733837,2020,1,pre_pandemic,True,True,2019-12-31,2019-09-01,3
ablation_20260811T165312Z_69334f2b,one_step_202002,one_step_ex_ante_snapshot_vintage_sensitivity,ridge_recursive_b2,2020-02-01,1,2051923.0,2411658.1509465813,,,1944957.0,359735.15094658127,359735.15094658127,2020,2,pre_pandemic,True,True,2020-01-31,2019-10-01,3
ablation_20260811T165312Z_69334f2b,one_step_202003,one_step_ex_ante_snapshot_vintage_sensitivity,ridge_recursive_b2,2020-03-01,1,1058068.0,2866052.310494991,,,2473147.0,1807984.310494991,1807984.310494991,2020,3,pandemic_shock,True,True,2020-02-29,2019-11-01,3
ablation_20260811T165312Z_69334f2b,one_step_202004,one_step_ex_ante_snapshot_vintage_sensitivity,ridge_recursive_b2,2020-04-01,1,,3445303.7508116937,,,3266256.0,,,2020,4,pandemic_shock,False,False,2020-03-31,2019-12-01,3
ablation_20260811T165312Z_69334f2b,one_step_202005,one_step_ex_ante_snapshot_vintage_sensitivity,ridge_recursive_b2,2020-05-01,1,,4431036.802923436,,,4219837.0,,,2020,5,pandemic_shock,False,False,2020-04-30,2020-01-01,3
ablation_20260811T165312Z_69334f2b,one_step_202006,one_step_ex_ante_snapshot_vintage_sensitivity,ridge_recursive_b2,2020-06-01,1,,4881977.235266723,,,5276253.0,,,2020,6,pandemic_shock,False,False,2020-05-31,2020-02-01,3
ablation_20260811T165312Z_69334f2b,one_step_202007,one_step_ex_ante_snapshot_vintage_sensitivity,ridge_recursive_b2,2020-07-01,1,777043.0,4663675.857253986,,,6703045.0,3886632.8572539864,3886632.8572539864,2020,7,pandemic_shock,True,True,2020-06-30,2020-03-01,3
ablation_20260811T165312Z_69334f2b,one_step_202008,one_step_ex_ante_snapshot_vintage_sensitivity,ridge_recursive_b2,2020-08-01,1,2192917.0,5663582.382808679,,,8167150.0,3470665.382808679,3470665.382808679,2020,8,pandemic_shock,True,True,2020-07-31,2020-04-01,3
ablation_20260811T165312Z_69334f2b,one_step_202009,one_step_ex_ante_snapshot_vintage_sensitivity,ridge_recursive_b2,2020-09-01,1,2634195.0,4551019.33631726,,,6741769.0,1916824.3363172598,1916824.3363172598,2020,9,pandemic_shock,True,True,2020-08-31,2020-05-01,3
ablation_20260811T165312Z_69334f2b,one_step_202010,one_step_ex_ante_snapshot_vintage_sensitivity,ridge_recursive_b2,2020-10-01,1,2355124.0,3867206.6516730636,,,5437494.0,1512082.6516730636,1512082.6516730636,2020,10,pandemic_shock,True,True,2020-09-30,2020-06-01,3
ablation_20260811T165312Z_69334f2b,one_step_202011,one_step_ex_ante_snapshot_vintage_sensitivity,ridge_recursive_b2,2020-11-01,1,1262757.0,1186365.5929022809,,,3005517.0,-76391.40709771914,76391.40709771914,2020,11,pandemic_shock,True,True,2020-10-31,2020-07-01,3
ablation_20260811T165312Z_69334f2b,one_step_202012,one_step_ex_ante_snapshot_vintage_sensitivity,ridge_recursive_b2,2020-12-01,1,964816.0,646922.513290195,,,2398329.0,-317893.486709805,317893.486709805,2020,12,pandemic_shock,True,True,2020-11-30,2020-08-01,3
ablation_20260811T165312Z_69334f2b,one_step_202101,one_step_ex_ante_snapshot_vintage_sensitivity,ridge_recursive_b2,2021-01-01,1,829932.0,1215352.5605975194,,,2529423.0,385420.5605975194,385420.5605975194,2021,1,recovery,True,True,2020-12-31,2020-09-01,3
ablation_20260811T165312Z_69334f2b,one_step_202102,one_step_ex_ante_snapshot_vintage_sensitivity,ridge_recursive_b2,2021-02-01,1,727126.0,1119065.2677691649,,,2051923.0,391939.2677691649,391939.2677691649,2021,2,recovery,True,True,2021-01-31,2020-10-01,3
ablation_20260811T165312Z_69334f2b,one_step_202103,one_step_ex_ante_snapshot_vintage_sensitivity,ridge_recursive_b2,2021-03-01,1,1043411.0,702273.9972610208,,,1058068.0,-341137.0027389792,341137.0027389792,2021,3,recovery,True,True,2021-02-28,2020-11-01,3
ablation_20260811T165312Z_69334f2b,one_step_202104,one_step_ex_ante_snapshot_vintage_sensitivity,ridge_recursive_b2,2021-04-01,1,1179562.0,1596429.41066697,,,3266256.0,416867.41066697007,416867.41066697007,2021,4,recovery,True,True,2021-03-31,2020-12-01,3
ablation_20260811T165312Z_69334f2b,one_step_202105,one_step_ex_ante_snapshot_vintage_sensitivity,ridge_recursive_b2,2021-05-01,1,1025559.0,2535513.1251111636,,,4219837.0,1509954.1251111636,1509954.1251111636,2021,5,recovery,True,True,2021-04-30,2021-01-01,3
ablation_20260811T165312Z_69334f2b,one_step_202106,one_step_ex_ante_snapshot_vintage_sensitivity,ridge_recursive_b2,2021-06-01,1,1861089.0,2784507.684036729,,,5276253.0,923418.6840367289,923418.6840367289,2021,6,recovery,True,True,2021-05-31,2021-02-01,3
ablation_20260811T165312Z_69334f2b,one_step_202107,one_step_ex_ante_snapshot_vintage_sensitivity,ridge_recursive_b2,2021-07-01,1,3735532.0,4374077.793444803,,,777043.0,638545.793444803,638545.793444803,2021,7,recovery,True,True,2021-06-30,2021-03-01,3
ablation_20260811T165312Z_69334f2b,one_step_202108,one_step_ex_ante_snapshot_vintage_sensitivity,ridge_recursive_b2,2021-08-01,1,5499057.0,5432122.159302989,,,2192917.0,-66934.84069701098,66934.84069701098,2021,8,recovery,True,True,2021-07-31,2021-04-01,3
ablation_20260811T165312Z_69334f2b,one_step_202109,one_step_ex_ante_snapshot_vintage_sensitivity,ridge_recursive_b2,2021-09-01,1,4406083.0,4241754.812689349,,,2634195.0,-164328.18731065094,164328.18731065094,2021,9,recovery,True,True,2021-08-31,2021-05-01,3
ablation_20260811T165312Z_69334f2b,one_step_202110,one_step_ex_ante_snapshot_vintage_sensitivity,ridge_recursive_b2,2021-10-01,1,4406796.0,1611307.1161460388,,,2355124.0,-2795488.8838539612,2795488.8838539612,2021,10,recovery,True,True,2021-09-30,2021-06-01,3
ablation_20260811T165312Z_69334f2b,one_step_202111,one_step_ex_ante_snapshot_vintage_sensitivity,ridge_recursive_b2,2021-11-01,1,2466682.0,11922372.874188824,,,1262757.0,9455690.874188824,9455690.874188824,2021,11,recovery,True,True,2021-10-31,2021-07-01,3
ablation_20260811T165312Z_69334f2b,one_step_202112,one_step_ex_ante_snapshot_vintage_sensitivity,ridge_recursive_b2,2021-12-01,1,2176634.0,1539531.0396955302,,,964816.0,-637102.9603044698,637102.9603044698,2021,12,recovery,True,True,2021-11-30,2021-08-01,3
ablation_20260811T165312Z_69334f2b,one_step_202201,one_step_ex_ante_snapshot_vintage_sensitivity,ridge_recursive_b2,2022-01-01,1,2158066.0,0.0,,,829932.0,-2158066.0,2158066.0,2022,1,recovery,True,True,2021-12-31,2021-09-01,3
ablation_20260811T165312Z_69334f2b,one_step_202202,one_step_ex_ante_snapshot_vintage_sensitivity,ridge_recursive_b2,2022-02-01,1,1851394.0,807808.4578945627,,,727126.0,-1043585.5421054373,1043585.5421054373,2022,2,recovery,True,True,2022-01-31,2021-10-01,3
ablation_20260811T165312Z_69334f2b,one_step_202203,one_step_ex_ante_snapshot_vintage_sensitivity,ridge_recursive_b2,2022-03-01,1,2442196.0,0.0,,,1043411.0,-2442196.0,2442196.0,2022,3,recovery,True,True,2022-02-28,2021-11-01,3
ablation_20260811T165312Z_69334f2b,one_step_202204,one_step_ex_ante_snapshot_vintage_sensitivity,ridge_recursive_b2,2022-04-01,1,2921440.0,3759923.8770439797,,,1179562.0,838483.8770439797,838483.8770439797,2022,4,recovery,True,True,2022-03-31,2021-12-01,3
ablation_20260811T165312Z_69334f2b,one_step_202205,one_step_ex_ante_snapshot_vintage_sensitivity,ridge_recursive_b2,2022-05-01,1,4078425.0,4973075.901380349,,,1025559.0,894650.901380349,894650.901380349,2022,5,recovery,True,True,2022-04-30,2022-01-01,3
ablation_20260811T165312Z_69334f2b,one_step_202206,one_step_ex_ante_snapshot_vintage_sensitivity,ridge_recursive_b2,2022-06-01,1,4939265.0,5617841.23562286,,,1861089.0,678576.2356228596,678576.2356228596,2022,6,recovery,True,True,2022-05-31,2022-02-01,3
ablation_20260811T165312Z_69334f2b,one_step_202207,one_step_ex_ante_snapshot_vintage_sensitivity,ridge_recursive_b2,2022-07-01,1,6359123.0,6236707.443511553,,,3735532.0,-122415.55648844689,122415.55648844689,2022,7,recovery,True,True,2022-06-30,2022-03-01,3
ablation_20260811T165312Z_69334f2b,one_step_202208,one_step_ex_ante_snapshot_vintage_sensitivity,ridge_recursive_b2,2022-08-01,1,7992422.0,7423704.743062059,,,5499057.0,-568717.2569379406,568717.2569379406,2022,8,recovery,True,True,2022-07-31,2022-04-01,3
ablation_20260811T165312Z_69334f2b,one_step_202209,one_step_ex_ante_snapshot_vintage_sensitivity,ridge_recursive_b2,2022-09-01,1,6648582.0,7568287.175355518,,,4406083.0,919705.1753555182,919705.1753555182,2022,9,recovery,True,True,2022-08-31,2022-05-01,3
ablation_20260811T165312Z_69334f2b,one_step_202210,one_step_ex_ante_snapshot_vintage_sensitivity,ridge_recursive_b2,2022-10-01,1,5919814.0,4948190.0634233635,,,4406796.0,-971623.9365766365,971623.9365766365,2022,10,recovery,True,True,2022-09-30,2022-06-01,3
ablation_20260811T165312Z_69334f2b,one_step_202211,one_step_ex_ante_snapshot_vintage_sensitivity,ridge_recursive_b2,2022-11-01,1,3438085.0,2384357.216523677,,,2466682.0,-1053727.783476323,1053727.783476323,2022,11,recovery,True,True,2022-10-31,2022-07-01,3
ablation_20260811T165312Z_69334f2b,one_step_202212,one_step_ex_ante_snapshot_vintage_sensitivity,ridge_recursive_b2,2022-12-01,1,2620212.0,1157880.0670765284,,,2176634.0,-1462331.9329234716,1462331.9329234716,2022,12,recovery,True,True,2022-11-30,2022-08-01,3
ablation_20260811T165312Z_69334f2b,one_step_202301,one_step_ex_ante_snapshot_vintage_sensitivity,ridge_recursive_b2,2023-01-01,1,3077654.0,384444.96714026714,,,2158066.0,-2693209.032859733,2693209.032859733,2023,1,normalization,True,True,2022-12-31,2022-09-01,3
ablation_20260811T165312Z_69334f2b,one_step_202302,one_step_ex_ante_snapshot_vintage_sensitivity,ridge_recursive_b2,2023-02-01,1,2314917.0,1278342.355171667,,,1851394.0,-1036574.644828333,1036574.644828333,2023,2,normalization,True,True,2023-01-31,2022-10-01,3
ablation_20260811T165312Z_69334f2b,one_step_202303,one_step_ex_ante_snapshot_vintage_sensitivity,ridge_recursive_b2,2023-03-01,1,2788995.0,1671540.7326772797,,,2442196.0,-1117454.2673227203,1117454.2673227203,2023,3,normalization,True,True,2023-02-28,2022-11-01,3
ablation_20260811T165312Z_69334f2b,one_step_202304,one_step_ex_ante_snapshot_vintage_sensitivity,ridge_recursive_b2,2023-04-01,1,3541271.0,2601543.8355536577,,,2921440.0,-939727.1644463423,939727.1644463423,2023,4,normalization,True,True,2023-03-31,2022-12-01,3
ablation_20260811T165312Z_69334f2b,one_step_202305,one_step_ex_ante_snapshot_vintage_sensitivity,ridge_recursive_b2,2023-05-01,1,4584458.0,4162313.24339215,,,4078425.0,-422144.7566078501,422144.7566078501,2023,5,normalization,True,True,2023-04-30,2023-01-01,3
ablation_20260811T165312Z_69334f2b,one_step_202306,one_step_ex_ante_snapshot_vintage_sensitivity,ridge_recursive_b2,2023-06-01,1,5869766.0,5117992.516362606,,,4939265.0,-751773.4836373944,751773.4836373944,2023,6,normalization,True,True,2023-05-31,2023-02-01,3
ablation_20260811T165312Z_69334f2b,one_step_202307,one_step_ex_ante_snapshot_vintage_sensitivity,ridge_recursive_b2,2023-07-01,1,6926346.0,5769408.920958549,,,6359123.0,-1156937.0790414512,1156937.0790414512,2023,7,normalization,True,True,2023-06-30,2023-03-01,3
ablation_20260811T165312Z_69334f2b,one_step_202308,one_step_ex_ante_snapshot_vintage_sensitivity,ridge_recursive_b2,2023-08-01,1,8488026.0,7579897.239993542,,,7992422.0,-908128.7600064576,908128.7600064576,2023,8,normalization,True,True,2023-07-31,2023-04-01,3
ablation_20260811T165312Z_69334f2b,one_step_202309,one_step_ex_ante_snapshot_vintage_sensitivity,ridge_recursive_b2,2023-09-01,1,7013861.0,6662781.806461309,,,6648582.0,-351079.1935386909,351079.1935386909,2023,9,normalization,True,True,2023-08-31,2023-05-01,3
ablation_20260811T165312Z_69334f2b,one_step_202310,one_step_ex_ante_snapshot_vintage_sensitivity,ridge_recursive_b2,2023-10-01,1,6151397.0,6121009.9974824535,,,5919814.0,-30387.002517546527,30387.002517546527,2023,10,normalization,True,True,2023-09-30,2023-06-01,3
ablation_20260811T165312Z_69334f2b,one_step_202311,one_step_ex_ante_snapshot_vintage_sensitivity,ridge_recursive_b2,2023-11-01,1,3520467.0,4070924.7056144215,,,3438085.0,550457.7056144215,550457.7056144215,2023,11,normalization,True,True,2023-10-31,2023-07-01,3
ablation_20260811T165312Z_69334f2b,one_step_202312,one_step_ex_ante_snapshot_vintage_sensitivity,ridge_recursive_b2,2023-12-01,1,2800281.0,3740223.73028501,,,2620212.0,939942.7302850098,939942.7302850098,2023,12,normalization,True,True,2023-11-30,2023-08-01,3
ablation_20260811T165312Z_69334f2b,one_step_202401,one_step_ex_ante_snapshot_vintage_sensitivity,ridge_recursive_b2,2024-01-01,1,3245893.0,3475144.9153673076,,,3077654.0,229251.9153673076,229251.9153673076,2024,1,normalization,True,True,2023-12-31,2023-09-01,3
ablation_20260811T165312Z_69334f2b,one_step_202402,one_step_ex_ante_snapshot_vintage_sensitivity,ridge_recursive_b2,2024-02-01,1,2684623.0,3328466.9734267616,,,2314917.0,643843.9734267616,643843.9734267616,2024,2,normalization,True,True,2024-01-31,2023-10-01,3
ablation_20260811T165312Z_69334f2b,one_step_202403,one_step_ex_ante_snapshot_vintage_sensitivity,ridge_recursive_b2,2024-03-01,1,3079574.0,3126025.6116751325,,,2788995.0,46451.61167513253,46451.61167513253,2024,3,normalization,True,True,2024-02-29,2023-11-01,3
ablation_20260811T165312Z_69334f2b,one_step_202404,one_step_ex_ante_snapshot_vintage_sensitivity,ridge_recursive_b2,2024-04-01,1,4040974.0,3506450.3680223376,,,3541271.0,-534523.6319776624,534523.6319776624,2024,4,normalization,True,True,2024-03-31,2023-12-01,3
ablation_20260811T165312Z_69334f2b,one_step_202405,one_step_ex_ante_snapshot_vintage_sensitivity,ridge_recursive_b2,2024-05-01,1,5585634.0,4466637.374848032,,,4584458.0,-1118996.6251519676,1118996.6251519676,2024,5,normalization,True,True,2024-04-30,2024-01-01,3
ablation_20260811T165312Z_69334f2b,one_step_202406,one_step_ex_ante_snapshot_vintage_sensitivity,ridge_recursive_b2,2024-06-01,1,6471276.0,5387706.016836893,,,5869766.0,-1083569.9831631072,1083569.9831631072,2024,6,normalization,True,True,2024-05-31,2024-02-01,3
ablation_20260811T165312Z_69334f2b,one_step_202407,one_step_ex_ante_snapshot_vintage_sensitivity,ridge_recursive_b2,2024-07-01,1,7395701.0,6047680.376921445,,,6926346.0,-1348020.6230785549,1348020.6230785549,2024,7,normalization,True,True,2024-06-30,2024-03-01,3
ablation_20260811T165312Z_69334f2b,one_step_202408,one_step_ex_ante_snapshot_vintage_sensitivity,ridge_recursive_b2,2024-08-01,1,8661295.0,7918235.389318935,,,8488026.0,-743059.6106810654,743059.6106810654,2024,8,normalization,True,True,2024-07-31,2024-04-01,3
ablation_20260811T165312Z_69334f2b,one_step_202409,one_step_ex_ante_snapshot_vintage_sensitivity,ridge_recursive_b2,2024-09-01,1,7149583.0,6895788.307422703,,,7013861.0,-253794.69257729687,253794.69257729687,2024,9,normalization,True,True,2024-08-31,2024-05-01,3
ablation_20260811T165312Z_69334f2b,one_step_202410,one_step_ex_ante_snapshot_vintage_sensitivity,ridge_recursive_b2,2024-10-01,1,6723819.0,5994813.269894529,,,6151397.0,-729005.7301054709,729005.7301054709,2024,10,normalization,True,True,2024-09-30,2024-06-01,3
ablation_20260811T165312Z_69334f2b,one_step_202411,one_step_ex_ante_snapshot_vintage_sensitivity,ridge_recursive_b2,2024-11-01,1,4018247.0,4186612.8321865248,,,3520467.0,168365.83218652476,168365.83218652476,2024,11,normalization,True,True,2024-10-31,2024-07-01,3
ablation_20260811T165312Z_69334f2b,one_step_202412,one_step_ex_ante_snapshot_vintage_sensitivity,ridge_recursive_b2,2024-12-01,1,3175828.0,4066499.4554151567,,,2800281.0,890671.4554151567,890671.4554151567,2024,12,normalization,True,True,2024-11-30,2024-08-01,3
ablation_20260811T165312Z_69334f2b,one_step_202501,one_step_ex_ante_snapshot_vintage_sensitivity,ridge_recursive_b2,2025-01-01,1,3355818.0,4252502.513036829,,,3245893.0,896684.5130368294,896684.5130368294,2025,1,normalization,True,True,2024-12-31,2024-09-01,3
ablation_20260811T165312Z_69334f2b,one_step_202502,one_step_ex_ante_snapshot_vintage_sensitivity,ridge_recursive_b2,2025-02-01,1,2782758.0,4549688.022290008,,,2684623.0,1766930.0222900081,1766930.0222900081,2025,2,normalization,True,True,2025-01-31,2024-10-01,3
ablation_20260811T165312Z_69334f2b,one_step_202503,one_step_ex_ante_snapshot_vintage_sensitivity,ridge_recursive_b2,2025-03-01,1,2982576.0,4040138.180261769,,,3079574.0,1057562.1802617689,1057562.1802617689,2025,3,normalization,True,True,2025-02-28,2024-11-01,3
ablation_20260811T165312Z_69334f2b,one_step_202504,one_step_ex_ante_snapshot_vintage_sensitivity,ridge_recursive_b2,2025-04-01,1,4242307.0,4596436.840239065,,,4040974.0,354129.84023906477,354129.84023906477,2025,4,normalization,True,True,2025-03-31,2024-12-01,3
ablation_20260811T165312Z_69334f2b,one_step_202505,one_step_ex_ante_snapshot_vintage_sensitivity,ridge_recursive_b2,2025-05-01,1,5618724.0,5398057.544212826,,,5585634.0,-220666.4557871744,220666.4557871744,2025,5,normalization,True,True,2025-04-30,2025-01-01,3
ablation_20260811T165312Z_69334f2b,one_step_202506,one_step_ex_ante_snapshot_vintage_sensitivity,ridge_recursive_b2,2025-06-01,1,6551137.0,6264882.3089272855,,,6471276.0,-286254.6910727145,286254.6910727145,2025,6,normalization,True,True,2025-05-31,2025-02-01,3
ablation_20260811T165312Z_69334f2b,one_step_202507,one_step_ex_ante_snapshot_vintage_sensitivity,ridge_recursive_b2,2025-07-01,1,7403653.0,6844036.466221381,,,7395701.0,-559616.533778619,559616.533778619,2025,7,normalization,True,True,2025-06-30,2025-03-01,3
ablation_20260811T165312Z_69334f2b,one_step_202508,one_step_ex_ante_snapshot_vintage_sensitivity,ridge_recursive_b2,2025-08-01,1,8912005.0,8308603.734301273,,,8661295.0,-603401.2656987272,603401.2656987272,2025,8,normalization,True,True,2025-07-31,2025-04-01,3
ablation_20260811T165312Z_69334f2b,one_step_202509,one_step_ex_ante_snapshot_vintage_sensitivity,ridge_recursive_b2,2025-09-01,1,7324078.0,7239677.533412671,,,7149583.0,-84400.46658732928,84400.46658732928,2025,9,normalization,True,True,2025-08-31,2025-05-01,3
ablation_20260811T165312Z_69334f2b,one_step_202510,one_step_ex_ante_snapshot_vintage_sensitivity,ridge_recursive_b2,2025-10-01,1,7079267.0,6326145.881563799,,,6723819.0,-753121.1184362005,753121.1184362005,2025,10,normalization,True,True,2025-09-30,2025-06-01,3
ablation_20260811T165312Z_69334f2b,one_step_202511,one_step_ex_ante_snapshot_vintage_sensitivity,ridge_recursive_b2,2025-11-01,1,4255110.0,4328489.782637288,,,4018247.0,73379.78263728786,73379.78263728786,2025,11,normalization,True,True,2025-10-31,2025-07-01,3
ablation_20260811T165312Z_69334f2b,one_step_202512,one_step_ex_ante_snapshot_vintage_sensitivity,ridge_recursive_b2,2025-12-01,1,3409623.0,4218375.0375656,,,3175828.0,808752.0375656001,808752.0375656001,2025,12,normalization,True,True,2025-11-30,2025-08-01,3
ablation_20260811T165312Z_69334f2b,one_step_201501,one_step_ex_ante_snapshot_vintage_sensitivity,ridge_recursive_b5,2015-01-01,1,1762004.0,1789537.5928772932,,,1575399.0,27533.59287729324,27533.59287729324,2015,1,pre_pandemic,True,True,2014-12-31,2014-09-01,3
ablation_20260811T165312Z_69334f2b,one_step_201502,one_step_ex_ante_snapshot_vintage_sensitivity,ridge_recursive_b5,2015-02-01,1,1564925.0,1711270.499755197,,,1523245.0,146345.49975519697,146345.49975519697,2015,2,pre_pandemic,True,True,2015-01-31,2014-10-01,3
ablation_20260811T165312Z_69334f2b,one_step_201503,one_step_ex_ante_snapshot_vintage_sensitivity,ridge_recursive_b5,2015-03-01,1,2017645.0,2245514.1193203893,,,1967114.0,227869.11932038935,227869.11932038935,2015,3,pre_pandemic,True,True,2015-02-28,2014-11-01,3
ablation_20260811T165312Z_69334f2b,one_step_201504,one_step_ex_ante_snapshot_vintage_sensitivity,ridge_recursive_b5,2015-04-01,1,2626663.0,2816368.9377292646,,,2573139.0,189705.9377292646,189705.9377292646,2015,4,pre_pandemic,True,True,2015-03-31,2014-12-01,3
ablation_20260811T165312Z_69334f2b,one_step_201505,one_step_ex_ante_snapshot_vintage_sensitivity,ridge_recursive_b5,2015-05-01,1,3775013.0,3839703.87576148,,,3863883.0,64690.87576148007,64690.87576148007,2015,5,pre_pandemic,True,True,2015-04-30,2015-01-01,3
ablation_20260811T165312Z_69334f2b,one_step_201506,one_step_ex_ante_snapshot_vintage_sensitivity,ridge_recursive_b5,2015-06-01,1,4349675.0,4370137.922206561,,,4530079.0,20462.92220656108,20462.92220656108,2015,6,pre_pandemic,True,True,2015-05-31,2015-02-01,3
ablation_20260811T165312Z_69334f2b,one_step_201507,one_step_ex_ante_snapshot_vintage_sensitivity,ridge_recursive_b5,2015-07-01,1,5244965.0,5210617.027099064,,,4952404.0,-34347.97290093638,34347.97290093638,2015,7,pre_pandemic,True,True,2015-06-30,2015-03-01,3
ablation_20260811T165312Z_69334f2b,one_step_201508,one_step_ex_ante_snapshot_vintage_sensitivity,ridge_recursive_b5,2015-08-01,1,6748708.0,6120372.440704326,,,6635627.0,-628335.5592956739,628335.5592956739,2015,8,pre_pandemic,True,True,2015-07-31,2015-04-01,3
ablation_20260811T165312Z_69334f2b,one_step_201509,one_step_ex_ante_snapshot_vintage_sensitivity,ridge_recursive_b5,2015-09-01,1,5415322.0,5250401.1033246275,,,5495982.0,-164920.8966753725,164920.8966753725,2015,9,pre_pandemic,True,True,2015-08-31,2015-05-01,3
ablation_20260811T165312Z_69334f2b,one_step_201510,one_step_ex_ante_snapshot_vintage_sensitivity,ridge_recursive_b5,2015-10-01,1,4161806.0,4217975.084853558,,,4293279.0,56169.08485355787,56169.08485355787,2015,10,pre_pandemic,True,True,2015-09-30,2015-06-01,3
ablation_20260811T165312Z_69334f2b,one_step_201511,one_step_ex_ante_snapshot_vintage_sensitivity,ridge_recursive_b5,2015-11-01,1,2236998.0,2540991.929719135,,,2264373.0,303993.92971913517,303993.92971913517,2015,11,pre_pandemic,True,True,2015-10-31,2015-07-01,3
ablation_20260811T165312Z_69334f2b,one_step_201512,one_step_ex_ante_snapshot_vintage_sensitivity,ridge_recursive_b5,2015-12-01,1,1713807.0,2125955.101060832,,,1740546.0,412148.1010608319,412148.1010608319,2015,12,pre_pandemic,True,True,2015-11-30,2015-08-01,3
ablation_20260811T165312Z_69334f2b,one_step_201601,one_step_ex_ante_snapshot_vintage_sensitivity,ridge_recursive_b5,2016-01-01,1,1691287.0,1925098.5482271947,,,1762004.0,233811.5482271947,233811.5482271947,2016,1,pre_pandemic,True,True,2015-12-31,2015-09-01,3
ablation_20260811T165312Z_69334f2b,one_step_201602,one_step_ex_ante_snapshot_vintage_sensitivity,ridge_recursive_b5,2016-02-01,1,1517504.0,1823679.7235736453,,,1564925.0,306175.72357364534,306175.72357364534,2016,2,pre_pandemic,True,True,2016-01-31,2015-10-01,3
ablation_20260811T165312Z_69334f2b,one_step_201603,one_step_ex_ante_snapshot_vintage_sensitivity,ridge_recursive_b5,2016-03-01,1,1898762.0,2394798.1274383618,,,2017645.0,496036.12743836176,496036.12743836176,2016,3,pre_pandemic,True,True,2016-02-29,2015-11-01,3
ablation_20260811T165312Z_69334f2b,one_step_201604,one_step_ex_ante_snapshot_vintage_sensitivity,ridge_recursive_b5,2016-04-01,1,2049238.0,2895585.810241712,,,2626663.0,846347.8102417118,846347.8102417118,2016,4,pre_pandemic,True,True,2016-03-31,2015-12-01,3
ablation_20260811T165312Z_69334f2b,one_step_201605,one_step_ex_ante_snapshot_vintage_sensitivity,ridge_recursive_b5,2016-05-01,1,2749648.0,3993392.7715033395,,,3775013.0,1243744.7715033395,1243744.7715033395,2016,5,pre_pandemic,True,True,2016-04-30,2016-01-01,3
ablation_20260811T165312Z_69334f2b,one_step_201606,one_step_ex_ante_snapshot_vintage_sensitivity,ridge_recursive_b5,2016-06-01,1,2696149.0,4616864.089388675,,,4349675.0,1920715.089388675,1920715.089388675,2016,6,pre_pandemic,True,True,2016-05-31,2016-02-01,3
ablation_20260811T165312Z_69334f2b,one_step_201607,one_step_ex_ante_snapshot_vintage_sensitivity,ridge_recursive_b5,2016-07-01,1,3482544.0,5428616.552298632,,,5244965.0,1946072.5522986325,1946072.5522986325,2016,7,pre_pandemic,True,True,2016-06-30,2016-03-01,3
ablation_20260811T165312Z_69334f2b,one_step_201608,one_step_ex_ante_snapshot_vintage_sensitivity,ridge_recursive_b5,2016-08-01,1,4565837.0,6117095.238526169,,,6748708.0,1551258.2385261692,1551258.2385261692,2016,8,pre_pandemic,True,True,2016-07-31,2016-04-01,3
ablation_20260811T165312Z_69334f2b,one_step_201609,one_step_ex_ante_snapshot_vintage_sensitivity,ridge_recursive_b5,2016-09-01,1,4014930.0,4837377.976784523,,,5415322.0,822447.9767845226,822447.9767845226,2016,9,pre_pandemic,True,True,2016-08-31,2016-05-01,3
ablation_20260811T165312Z_69334f2b,one_step_201610,one_step_ex_ante_snapshot_vintage_sensitivity,ridge_recursive_b5,2016-10-01,1,3190334.0,3588751.8598225517,,,4161806.0,398417.8598225517,398417.8598225517,2016,10,pre_pandemic,True,True,2016-09-30,2016-06-01,3
ablation_20260811T165312Z_69334f2b,one_step_201611,one_step_ex_ante_snapshot_vintage_sensitivity,ridge_recursive_b5,2016-11-01,1,1879625.0,1228000.74736062,,,2236998.0,-651624.25263938,651624.25263938,2016,11,pre_pandemic,True,True,2016-10-31,2016-07-01,3
ablation_20260811T165312Z_69334f2b,one_step_201612,one_step_ex_ante_snapshot_vintage_sensitivity,ridge_recursive_b5,2016-12-01,1,1629471.0,1224102.0989978625,,,1713807.0,-405368.90100213746,405368.90100213746,2016,12,pre_pandemic,True,True,2016-11-30,2016-08-01,3
ablation_20260811T165312Z_69334f2b,one_step_201701,one_step_ex_ante_snapshot_vintage_sensitivity,ridge_recursive_b5,2017-01-01,1,1568344.0,981664.9234451232,,,1691287.0,-586679.0765548768,586679.0765548768,2017,1,pre_pandemic,True,True,2016-12-31,2016-09-01,3
ablation_20260811T165312Z_69334f2b,one_step_201702,one_step_ex_ante_snapshot_vintage_sensitivity,ridge_recursive_b5,2017-02-01,1,1432342.0,581838.4058910036,,,1517504.0,-850503.5941089964,850503.5941089964,2017,2,pre_pandemic,True,True,2017-01-31,2016-10-01,3
ablation_20260811T165312Z_69334f2b,one_step_201703,one_step_ex_ante_snapshot_vintage_sensitivity,ridge_recursive_b5,2017-03-01,1,1844076.0,741967.6452095206,,,1898762.0,-1102108.3547904794,1102108.3547904794,2017,3,pre_pandemic,True,True,2017-02-28,2016-11-01,3
ablation_20260811T165312Z_69334f2b,one_step_201704,one_step_ex_ante_snapshot_vintage_sensitivity,ridge_recursive_b5,2017-04-01,1,2278538.0,797480.4159595151,,,2049238.0,-1481057.5840404849,1481057.5840404849,2017,4,pre_pandemic,True,True,2017-03-31,2016-12-01,3
ablation_20260811T165312Z_69334f2b,one_step_201705,one_step_ex_ante_snapshot_vintage_sensitivity,ridge_recursive_b5,2017-05-01,1,3095282.0,1951418.8747157631,,,2749648.0,-1143863.1252842369,1143863.1252842369,2017,5,pre_pandemic,True,True,2017-04-30,2017-01-01,3
ablation_20260811T165312Z_69334f2b,one_step_201706,one_step_ex_ante_snapshot_vintage_sensitivity,ridge_recursive_b5,2017-06-01,1,3489572.0,2821956.9663765635,,,2696149.0,-667615.0336234365,667615.0336234365,2017,6,pre_pandemic,True,True,2017-05-31,2017-02-01,3
ablation_20260811T165312Z_69334f2b,one_step_201707,one_step_ex_ante_snapshot_vintage_sensitivity,ridge_recursive_b5,2017-07-01,1,5032488.0,3987037.5204226673,,,3482544.0,-1045450.4795773327,1045450.4795773327,2017,7,pre_pandemic,True,True,2017-06-30,2017-03-01,3
ablation_20260811T165312Z_69334f2b,one_step_201708,one_step_ex_ante_snapshot_vintage_sensitivity,ridge_recursive_b5,2017-08-01,1,6323888.0,5412873.278958445,,,4565837.0,-911014.7210415546,911014.7210415546,2017,8,pre_pandemic,True,True,2017-07-31,2017-04-01,3
ablation_20260811T165312Z_69334f2b,one_step_201709,one_step_ex_ante_snapshot_vintage_sensitivity,ridge_recursive_b5,2017-09-01,1,5306888.0,4499056.243727729,,,4014930.0,-807831.7562722713,807831.7562722713,2017,9,pre_pandemic,True,True,2017-08-31,2017-05-01,3
ablation_20260811T165312Z_69334f2b,one_step_201710,one_step_ex_ante_snapshot_vintage_sensitivity,ridge_recursive_b5,2017-10-01,1,3913759.0,3960171.9601269076,,,3190334.0,46412.960126907565,46412.960126907565,2017,10,pre_pandemic,True,True,2017-09-30,2017-06-01,3
ablation_20260811T165312Z_69334f2b,one_step_201711,one_step_ex_ante_snapshot_vintage_sensitivity,ridge_recursive_b5,2017-11-01,1,2293847.0,3180904.40953907,,,1879625.0,887057.40953907,887057.40953907,2017,11,pre_pandemic,True,True,2017-10-31,2017-07-01,3
ablation_20260811T165312Z_69334f2b,one_step_201712,one_step_ex_ante_snapshot_vintage_sensitivity,ridge_recursive_b5,2017-12-01,1,2041323.0,3163574.6123383767,,,1629471.0,1122251.6123383767,1122251.6123383767,2017,12,pre_pandemic,True,True,2017-11-30,2017-08-01,3
ablation_20260811T165312Z_69334f2b,one_step_201801,one_step_ex_ante_snapshot_vintage_sensitivity,ridge_recursive_b5,2018-01-01,1,2045341.0,3029676.725050195,,,1568344.0,984335.7250501951,984335.7250501951,2018,1,pre_pandemic,True,True,2017-12-31,2017-09-01,3
ablation_20260811T165312Z_69334f2b,one_step_201802,one_step_ex_ante_snapshot_vintage_sensitivity,ridge_recursive_b5,2018-02-01,1,1806822.0,2909410.293973919,,,1432342.0,1102588.293973919,1102588.293973919,2018,2,pre_pandemic,True,True,2018-01-31,2017-10-01,3
ablation_20260811T165312Z_69334f2b,one_step_201803,one_step_ex_ante_snapshot_vintage_sensitivity,ridge_recursive_b5,2018-03-01,1,2270019.0,3188536.406893652,,,1844076.0,918517.4068936519,918517.4068936519,2018,3,pre_pandemic,True,True,2018-02-28,2017-11-01,3
ablation_20260811T165312Z_69334f2b,one_step_201804,one_step_ex_ante_snapshot_vintage_sensitivity,ridge_recursive_b5,2018-04-01,1,2870569.0,3485612.1442574426,,,2278538.0,615043.1442574426,615043.1442574426,2018,4,pre_pandemic,True,True,2018-03-31,2017-12-01,3
ablation_20260811T165312Z_69334f2b,one_step_201805,one_step_ex_ante_snapshot_vintage_sensitivity,ridge_recursive_b5,2018-05-01,1,3790524.0,4475246.748595704,,,3095282.0,684722.7485957043,684722.7485957043,2018,5,pre_pandemic,True,True,2018-04-30,2018-01-01,3
ablation_20260811T165312Z_69334f2b,one_step_201806,one_step_ex_ante_snapshot_vintage_sensitivity,ridge_recursive_b5,2018-06-01,1,4406894.0,4747994.672829812,,,3489572.0,341100.6728298124,341100.6728298124,2018,6,pre_pandemic,True,True,2018-05-31,2018-02-01,3
ablation_20260811T165312Z_69334f2b,one_step_201807,one_step_ex_ante_snapshot_vintage_sensitivity,ridge_recursive_b5,2018-07-01,1,5712975.0,5511755.668848496,,,5032488.0,-201219.33115150407,201219.33115150407,2018,7,pre_pandemic,True,True,2018-06-30,2018-03-01,3
ablation_20260811T165312Z_69334f2b,one_step_201808,one_step_ex_ante_snapshot_vintage_sensitivity,ridge_recursive_b5,2018-08-01,1,7052433.0,6702536.807998142,,,6323888.0,-349896.1920018578,349896.1920018578,2018,8,pre_pandemic,True,True,2018-07-31,2018-04-01,3
ablation_20260811T165312Z_69334f2b,one_step_201809,one_step_ex_ante_snapshot_vintage_sensitivity,ridge_recursive_b5,2018-09-01,1,6021357.0,5809606.817346489,,,5306888.0,-211750.18265351094,211750.18265351094,2018,9,pre_pandemic,True,True,2018-08-31,2018-05-01,3
ablation_20260811T165312Z_69334f2b,one_step_201810,one_step_ex_ante_snapshot_vintage_sensitivity,ridge_recursive_b5,2018-10-01,1,4791439.0,4778518.934485912,,,3913759.0,-12920.065514087677,12920.065514087677,2018,10,pre_pandemic,True,True,2018-09-30,2018-06-01,3
ablation_20260811T165312Z_69334f2b,one_step_201811,one_step_ex_ante_snapshot_vintage_sensitivity,ridge_recursive_b5,2018-11-01,1,2679420.0,3015565.494972049,,,2293847.0,336145.4949720488,336145.4949720488,2018,11,pre_pandemic,True,True,2018-10-31,2018-07-01,3
ablation_20260811T165312Z_69334f2b,one_step_201812,one_step_ex_ante_snapshot_vintage_sensitivity,ridge_recursive_b5,2018-12-01,1,2180881.0,2132937.0396318827,,,2041323.0,-47943.96036811732,47943.96036811732,2018,12,pre_pandemic,True,True,2018-11-30,2018-08-01,3
ablation_20260811T165312Z_69334f2b,one_step_201901,one_step_ex_ante_snapshot_vintage_sensitivity,ridge_recursive_b5,2019-01-01,1,2226288.0,1838033.2844531946,,,2045341.0,-388254.7155468054,388254.7155468054,2019,1,pre_pandemic,True,True,2018-12-31,2018-09-01,3
ablation_20260811T165312Z_69334f2b,one_step_201902,one_step_ex_ante_snapshot_vintage_sensitivity,ridge_recursive_b5,2019-02-01,1,1944957.0,1818928.0043600677,,,1806822.0,-126028.99563993234,126028.99563993234,2019,2,pre_pandemic,True,True,2019-01-31,2018-10-01,3
ablation_20260811T165312Z_69334f2b,one_step_201903,one_step_ex_ante_snapshot_vintage_sensitivity,ridge_recursive_b5,2019-03-01,1,2473147.0,2398588.8001268688,,,2270019.0,-74558.19987313123,74558.19987313123,2019,3,pre_pandemic,True,True,2019-02-28,2018-11-01,3
ablation_20260811T165312Z_69334f2b,one_step_201904,one_step_ex_ante_snapshot_vintage_sensitivity,ridge_recursive_b5,2019-04-01,1,3266256.0,2873608.401109157,,,2870569.0,-392647.59889084287,392647.59889084287,2019,4,pre_pandemic,True,True,2019-03-31,2018-12-01,3
ablation_20260811T165312Z_69334f2b,one_step_201905,one_step_ex_ante_snapshot_vintage_sensitivity,ridge_recursive_b5,2019-05-01,1,4219837.0,3917515.266053778,,,3790524.0,-302321.7339462219,302321.7339462219,2019,5,pre_pandemic,True,True,2019-04-30,2019-01-01,3
ablation_20260811T165312Z_69334f2b,one_step_201906,one_step_ex_ante_snapshot_vintage_sensitivity,ridge_recursive_b5,2019-06-01,1,5276253.0,4490083.0232004095,,,4406894.0,-786169.9767995905,786169.9767995905,2019,6,pre_pandemic,True,True,2019-05-31,2019-02-01,3
ablation_20260811T165312Z_69334f2b,one_step_201907,one_step_ex_ante_snapshot_vintage_sensitivity,ridge_recursive_b5,2019-07-01,1,6703045.0,5591473.476006942,,,5712975.0,-1111571.5239930581,1111571.5239930581,2019,7,pre_pandemic,True,True,2019-06-30,2019-03-01,3
ablation_20260811T165312Z_69334f2b,one_step_201908,one_step_ex_ante_snapshot_vintage_sensitivity,ridge_recursive_b5,2019-08-01,1,8167150.0,7048601.400489913,,,7052433.0,-1118548.5995100867,1118548.5995100867,2019,8,pre_pandemic,True,True,2019-07-31,2019-04-01,3
ablation_20260811T165312Z_69334f2b,one_step_201909,one_step_ex_ante_snapshot_vintage_sensitivity,ridge_recursive_b5,2019-09-01,1,6741769.0,6186753.53047953,,,6021357.0,-555015.4695204701,555015.4695204701,2019,9,pre_pandemic,True,True,2019-08-31,2019-05-01,3
ablation_20260811T165312Z_69334f2b,one_step_201910,one_step_ex_ante_snapshot_vintage_sensitivity,ridge_recursive_b5,2019-10-01,1,5437494.0,5254957.682334349,,,4791439.0,-182536.31766565144,182536.31766565144,2019,10,pre_pandemic,True,True,2019-09-30,2019-06-01,3
ablation_20260811T165312Z_69334f2b,one_step_201911,one_step_ex_ante_snapshot_vintage_sensitivity,ridge_recursive_b5,2019-11-01,1,3005517.0,3582139.8807919314,,,2679420.0,576622.8807919314,576622.8807919314,2019,11,pre_pandemic,True,True,2019-10-31,2019-07-01,3
ablation_20260811T165312Z_69334f2b,one_step_201912,one_step_ex_ante_snapshot_vintage_sensitivity,ridge_recursive_b5,2019-12-01,1,2398329.0,2696416.46194492,,,2180881.0,298087.46194492,298087.46194492,2019,12,pre_pandemic,True,True,2019-11-30,2019-08-01,3
ablation_20260811T165312Z_69334f2b,one_step_202001,one_step_ex_ante_snapshot_vintage_sensitivity,ridge_recursive_b5,2020-01-01,1,2529423.0,2463682.017763301,,,2226288.0,-65740.9822366992,65740.9822366992,2020,1,pre_pandemic,True,True,2019-12-31,2019-09-01,3
ablation_20260811T165312Z_69334f2b,one_step_202002,one_step_ex_ante_snapshot_vintage_sensitivity,ridge_recursive_b5,2020-02-01,1,2051923.0,2446254.5986024663,,,1944957.0,394331.5986024663,394331.5986024663,2020,2,pre_pandemic,True,True,2020-01-31,2019-10-01,3
ablation_20260811T165312Z_69334f2b,one_step_202003,one_step_ex_ante_snapshot_vintage_sensitivity,ridge_recursive_b5,2020-03-01,1,1058068.0,2920524.138560874,,,2473147.0,1862456.138560874,1862456.138560874,2020,3,pandemic_shock,True,True,2020-02-29,2019-11-01,3
ablation_20260811T165312Z_69334f2b,one_step_202004,one_step_ex_ante_snapshot_vintage_sensitivity,ridge_recursive_b5,2020-04-01,1,,3495958.1900262376,,,3266256.0,,,2020,4,pandemic_shock,False,False,2020-03-31,2019-12-01,3
ablation_20260811T165312Z_69334f2b,one_step_202005,one_step_ex_ante_snapshot_vintage_sensitivity,ridge_recursive_b5,2020-05-01,1,,4434059.233912237,,,4219837.0,,,2020,5,pandemic_shock,False,False,2020-04-30,2020-01-01,3
ablation_20260811T165312Z_69334f2b,one_step_202006,one_step_ex_ante_snapshot_vintage_sensitivity,ridge_recursive_b5,2020-06-01,1,,4839726.724590497,,,5276253.0,,,2020,6,pandemic_shock,False,False,2020-05-31,2020-02-01,3
ablation_20260811T165312Z_69334f2b,one_step_202007,one_step_ex_ante_snapshot_vintage_sensitivity,ridge_recursive_b5,2020-07-01,1,777043.0,4498935.808298747,,,6703045.0,3721892.808298747,3721892.808298747,2020,7,pandemic_shock,True,True,2020-06-30,2020-03-01,3
ablation_20260811T165312Z_69334f2b,one_step_202008,one_step_ex_ante_snapshot_vintage_sensitivity,ridge_recursive_b5,2020-08-01,1,2192917.0,5454086.093301166,,,8167150.0,3261169.093301166,3261169.093301166,2020,8,pandemic_shock,True,True,2020-07-31,2020-04-01,3
ablation_20260811T165312Z_69334f2b,one_step_202009,one_step_ex_ante_snapshot_vintage_sensitivity,ridge_recursive_b5,2020-09-01,1,2634195.0,4385487.173253287,,,6741769.0,1751292.1732532866,1751292.1732532866,2020,9,pandemic_shock,True,True,2020-08-31,2020-05-01,3
ablation_20260811T165312Z_69334f2b,one_step_202010,one_step_ex_ante_snapshot_vintage_sensitivity,ridge_recursive_b5,2020-10-01,1,2355124.0,3644691.5518060904,,,5437494.0,1289567.5518060904,1289567.5518060904,2020,10,pandemic_shock,True,True,2020-09-30,2020-06-01,3
ablation_20260811T165312Z_69334f2b,one_step_202011,one_step_ex_ante_snapshot_vintage_sensitivity,ridge_recursive_b5,2020-11-01,1,1262757.0,35739.10559219681,,,3005517.0,-1227017.8944078032,1227017.8944078032,2020,11,pandemic_shock,True,True,2020-10-31,2020-07-01,3
ablation_20260811T165312Z_69334f2b,one_step_202012,one_step_ex_ante_snapshot_vintage_sensitivity,ridge_recursive_b5,2020-12-01,1,964816.0,0.0,,,2398329.0,-964816.0,964816.0,2020,12,pandemic_shock,True,True,2020-11-30,2020-08-01,3
ablation_20260811T165312Z_69334f2b,one_step_202101,one_step_ex_ante_snapshot_vintage_sensitivity,ridge_recursive_b5,2021-01-01,1,829932.0,9892.765446339734,,,2529423.0,-820039.2345536603,820039.2345536603,2021,1,recovery,True,True,2020-12-31,2020-09-01,3
ablation_20260811T165312Z_69334f2b,one_step_202102,one_step_ex_ante_snapshot_vintage_sensitivity,ridge_recursive_b5,2021-02-01,1,727126.0,0.0,,,2051923.0,-727126.0,727126.0,2021,2,recovery,True,True,2021-01-31,2020-10-01,3
ablation_20260811T165312Z_69334f2b,one_step_202103,one_step_ex_ante_snapshot_vintage_sensitivity,ridge_recursive_b5,2021-03-01,1,1043411.0,266253.7539928481,,,1058068.0,-777157.2460071519,777157.2460071519,2021,3,recovery,True,True,2021-02-28,2020-11-01,3
ablation_20260811T165312Z_69334f2b,one_step_202104,one_step_ex_ante_snapshot_vintage_sensitivity,ridge_recursive_b5,2021-04-01,1,1179562.0,1134220.7233095558,,,3266256.0,-45341.27669044421,45341.27669044421,2021,4,recovery,True,True,2021-03-31,2020-12-01,3
ablation_20260811T165312Z_69334f2b,one_step_202105,one_step_ex_ante_snapshot_vintage_sensitivity,ridge_recursive_b5,2021-05-01,1,1025559.0,1969251.9402126553,,,4219837.0,943692.9402126553,943692.9402126553,2021,5,recovery,True,True,2021-04-30,2021-01-01,3
ablation_20260811T165312Z_69334f2b,one_step_202106,one_step_ex_ante_snapshot_vintage_sensitivity,ridge_recursive_b5,2021-06-01,1,1861089.0,2233838.4564174702,,,5276253.0,372749.45641747024,372749.45641747024,2021,6,recovery,True,True,2021-05-31,2021-02-01,3
ablation_20260811T165312Z_69334f2b,one_step_202107,one_step_ex_ante_snapshot_vintage_sensitivity,ridge_recursive_b5,2021-07-01,1,3735532.0,3919732.1555507462,,,777043.0,184200.15555074625,184200.15555074625,2021,7,recovery,True,True,2021-06-30,2021-03-01,3
ablation_20260811T165312Z_69334f2b,one_step_202108,one_step_ex_ante_snapshot_vintage_sensitivity,ridge_recursive_b5,2021-08-01,1,5499057.0,5083528.995872023,,,2192917.0,-415528.0041279774,415528.0041279774,2021,8,recovery,True,True,2021-07-31,2021-04-01,3
ablation_20260811T165312Z_69334f2b,one_step_202109,one_step_ex_ante_snapshot_vintage_sensitivity,ridge_recursive_b5,2021-09-01,1,4406083.0,4003352.717012368,,,2634195.0,-402730.28298763186,402730.28298763186,2021,9,recovery,True,True,2021-08-31,2021-05-01,3
ablation_20260811T165312Z_69334f2b,one_step_202110,one_step_ex_ante_snapshot_vintage_sensitivity,ridge_recursive_b5,2021-10-01,1,4406796.0,1073965.482168629,,,2355124.0,-3332830.517831371,3332830.517831371,2021,10,recovery,True,True,2021-09-30,2021-06-01,3
ablation_20260811T165312Z_69334f2b,one_step_202111,one_step_ex_ante_snapshot_vintage_sensitivity,ridge_recursive_b5,2021-11-01,1,2466682.0,10124303.208647668,,,1262757.0,7657621.208647668,7657621.208647668,2021,11,recovery,True,True,2021-10-31,2021-07-01,3
ablation_20260811T165312Z_69334f2b,one_step_202112,one_step_ex_ante_snapshot_vintage_sensitivity,ridge_recursive_b5,2021-12-01,1,2176634.0,940490.2825914279,,,964816.0,-1236143.717408572,1236143.717408572,2021,12,recovery,True,True,2021-11-30,2021-08-01,3
ablation_20260811T165312Z_69334f2b,one_step_202201,one_step_ex_ante_snapshot_vintage_sensitivity,ridge_recursive_b5,2022-01-01,1,2158066.0,0.0,,,829932.0,-2158066.0,2158066.0,2022,1,recovery,True,True,2021-12-31,2021-09-01,3
ablation_20260811T165312Z_69334f2b,one_step_202202,one_step_ex_ante_snapshot_vintage_sensitivity,ridge_recursive_b5,2022-02-01,1,1851394.0,384553.9692921438,,,727126.0,-1466840.0307078562,1466840.0307078562,2022,2,recovery,True,True,2022-01-31,2021-10-01,3
ablation_20260811T165312Z_69334f2b,one_step_202203,one_step_ex_ante_snapshot_vintage_sensitivity,ridge_recursive_b5,2022-03-01,1,2442196.0,0.0,,,1043411.0,-2442196.0,2442196.0,2022,3,recovery,True,True,2022-02-28,2021-11-01,3
ablation_20260811T165312Z_69334f2b,one_step_202204,one_step_ex_ante_snapshot_vintage_sensitivity,ridge_recursive_b5,2022-04-01,1,2921440.0,3394958.3462659055,,,1179562.0,473518.34626590554,473518.34626590554,2022,4,recovery,True,True,2022-03-31,2021-12-01,3
ablation_20260811T165312Z_69334f2b,one_step_202205,one_step_ex_ante_snapshot_vintage_sensitivity,ridge_recursive_b5,2022-05-01,1,4078425.0,4632598.1220142525,,,1025559.0,554173.1220142525,554173.1220142525,2022,5,recovery,True,True,2022-04-30,2022-01-01,3
ablation_20260811T165312Z_69334f2b,one_step_202206,one_step_ex_ante_snapshot_vintage_sensitivity,ridge_recursive_b5,2022-06-01,1,4939265.0,5406802.278510719,,,1861089.0,467537.2785107186,467537.2785107186,2022,6,recovery,True,True,2022-05-31,2022-02-01,3
ablation_20260811T165312Z_69334f2b,one_step_202207,one_step_ex_ante_snapshot_vintage_sensitivity,ridge_recursive_b5,2022-07-01,1,6359123.0,5966843.330135408,,,3735532.0,-392279.66986459214,392279.66986459214,2022,7,recovery,True,True,2022-06-30,2022-03-01,3
ablation_20260811T165312Z_69334f2b,one_step_202208,one_step_ex_ante_snapshot_vintage_sensitivity,ridge_recursive_b5,2022-08-01,1,7992422.0,7238221.330467731,,,5499057.0,-754200.6695322692,754200.6695322692,2022,8,recovery,True,True,2022-07-31,2022-04-01,3
ablation_20260811T165312Z_69334f2b,one_step_202209,one_step_ex_ante_snapshot_vintage_sensitivity,ridge_recursive_b5,2022-09-01,1,6648582.0,7455644.127860896,,,4406083.0,807062.1278608963,807062.1278608963,2022,9,recovery,True,True,2022-08-31,2022-05-01,3
ablation_20260811T165312Z_69334f2b,one_step_202210,one_step_ex_ante_snapshot_vintage_sensitivity,ridge_recursive_b5,2022-10-01,1,5919814.0,4632224.75885894,,,4406796.0,-1287589.2411410604,1287589.2411410604,2022,10,recovery,True,True,2022-09-30,2022-06-01,3
ablation_20260811T165312Z_69334f2b,one_step_202211,one_step_ex_ante_snapshot_vintage_sensitivity,ridge_recursive_b5,2022-11-01,1,3438085.0,2156695.2012002193,,,2466682.0,-1281389.7987997807,1281389.7987997807,2022,11,recovery,True,True,2022-10-31,2022-07-01,3
ablation_20260811T165312Z_69334f2b,one_step_202212,one_step_ex_ante_snapshot_vintage_sensitivity,ridge_recursive_b5,2022-12-01,1,2620212.0,698391.5575532233,,,2176634.0,-1921820.4424467767,1921820.4424467767,2022,12,recovery,True,True,2022-11-30,2022-08-01,3
ablation_20260811T165312Z_69334f2b,one_step_202301,one_step_ex_ante_snapshot_vintage_sensitivity,ridge_recursive_b5,2023-01-01,1,3077654.0,0.0,,,2158066.0,-3077654.0,3077654.0,2023,1,normalization,True,True,2022-12-31,2022-09-01,3
ablation_20260811T165312Z_69334f2b,one_step_202302,one_step_ex_ante_snapshot_vintage_sensitivity,ridge_recursive_b5,2023-02-01,1,2314917.0,905174.4807461039,,,1851394.0,-1409742.519253896,1409742.519253896,2023,2,normalization,True,True,2023-01-31,2022-10-01,3
ablation_20260811T165312Z_69334f2b,one_step_202303,one_step_ex_ante_snapshot_vintage_sensitivity,ridge_recursive_b5,2023-03-01,1,2788995.0,1426835.351916147,,,2442196.0,-1362159.648083853,1362159.648083853,2023,3,normalization,True,True,2023-02-28,2022-11-01,3
ablation_20260811T165312Z_69334f2b,one_step_202304,one_step_ex_ante_snapshot_vintage_sensitivity,ridge_recursive_b5,2023-04-01,1,3541271.0,2490447.193734209,,,2921440.0,-1050823.806265791,1050823.806265791,2023,4,normalization,True,True,2023-03-31,2022-12-01,3
ablation_20260811T165312Z_69334f2b,one_step_202305,one_step_ex_ante_snapshot_vintage_sensitivity,ridge_recursive_b5,2023-05-01,1,4584458.0,4083818.266106628,,,4078425.0,-500639.7338933721,500639.7338933721,2023,5,normalization,True,True,2023-04-30,2023-01-01,3
ablation_20260811T165312Z_69334f2b,one_step_202306,one_step_ex_ante_snapshot_vintage_sensitivity,ridge_recursive_b5,2023-06-01,1,5869766.0,5139377.602857733,,,4939265.0,-730388.3971422669,730388.3971422669,2023,6,normalization,True,True,2023-05-31,2023-02-01,3
ablation_20260811T165312Z_69334f2b,one_step_202307,one_step_ex_ante_snapshot_vintage_sensitivity,ridge_recursive_b5,2023-07-01,1,6926346.0,5740824.660471632,,,6359123.0,-1185521.3395283679,1185521.3395283679,2023,7,normalization,True,True,2023-06-30,2023-03-01,3
ablation_20260811T165312Z_69334f2b,one_step_202308,one_step_ex_ante_snapshot_vintage_sensitivity,ridge_recursive_b5,2023-08-01,1,8488026.0,7630069.285931895,,,7992422.0,-857956.7140681054,857956.7140681054,2023,8,normalization,True,True,2023-07-31,2023-04-01,3
ablation_20260811T165312Z_69334f2b,one_step_202309,one_step_ex_ante_snapshot_vintage_sensitivity,ridge_recursive_b5,2023-09-01,1,7013861.0,6700583.54793402,,,6648582.0,-313277.45206598006,313277.45206598006,2023,9,normalization,True,True,2023-08-31,2023-05-01,3
ablation_20260811T165312Z_69334f2b,one_step_202310,one_step_ex_ante_snapshot_vintage_sensitivity,ridge_recursive_b5,2023-10-01,1,6151397.0,6144526.684003349,,,5919814.0,-6870.315996650606,6870.315996650606,2023,10,normalization,True,True,2023-09-30,2023-06-01,3
ablation_20260811T165312Z_69334f2b,one_step_202311,one_step_ex_ante_snapshot_vintage_sensitivity,ridge_recursive_b5,2023-11-01,1,3520467.0,4150982.534042633,,,3438085.0,630515.5340426331,630515.5340426331,2023,11,normalization,True,True,2023-10-31,2023-07-01,3
ablation_20260811T165312Z_69334f2b,one_step_202312,one_step_ex_ante_snapshot_vintage_sensitivity,ridge_recursive_b5,2023-12-01,1,2800281.0,3766412.79085737,,,2620212.0,966131.79085737,966131.79085737,2023,12,normalization,True,True,2023-11-30,2023-08-01,3
ablation_20260811T165312Z_69334f2b,one_step_202401,one_step_ex_ante_snapshot_vintage_sensitivity,ridge_recursive_b5,2024-01-01,1,3245893.0,3470922.7835017815,,,3077654.0,225029.78350178152,225029.78350178152,2024,1,normalization,True,True,2023-12-31,2023-09-01,3
ablation_20260811T165312Z_69334f2b,one_step_202402,one_step_ex_ante_snapshot_vintage_sensitivity,ridge_recursive_b5,2024-02-01,1,2684623.0,3341425.3384402487,,,2314917.0,656802.3384402487,656802.3384402487,2024,2,normalization,True,True,2024-01-31,2023-10-01,3
ablation_20260811T165312Z_69334f2b,one_step_202403,one_step_ex_ante_snapshot_vintage_sensitivity,ridge_recursive_b5,2024-03-01,1,3079574.0,3185522.7204027325,,,2788995.0,105948.72040273249,105948.72040273249,2024,3,normalization,True,True,2024-02-29,2023-11-01,3
ablation_20260811T165312Z_69334f2b,one_step_202404,one_step_ex_ante_snapshot_vintage_sensitivity,ridge_recursive_b5,2024-04-01,1,4040974.0,3601198.1626191773,,,3541271.0,-439775.83738082275,439775.83738082275,2024,4,normalization,True,True,2024-03-31,2023-12-01,3
ablation_20260811T165312Z_69334f2b,one_step_202405,one_step_ex_ante_snapshot_vintage_sensitivity,ridge_recursive_b5,2024-05-01,1,5585634.0,4528458.6823614845,,,4584458.0,-1057175.3176385155,1057175.3176385155,2024,5,normalization,True,True,2024-04-30,2024-01-01,3
ablation_20260811T165312Z_69334f2b,one_step_202406,one_step_ex_ante_snapshot_vintage_sensitivity,ridge_recursive_b5,2024-06-01,1,6471276.0,5508460.648663457,,,5869766.0,-962815.3513365434,962815.3513365434,2024,6,normalization,True,True,2024-05-31,2024-02-01,3
ablation_20260811T165312Z_69334f2b,one_step_202407,one_step_ex_ante_snapshot_vintage_sensitivity,ridge_recursive_b5,2024-07-01,1,7395701.0,6161328.909880032,,,6926346.0,-1234372.0901199682,1234372.0901199682,2024,7,normalization,True,True,2024-06-30,2024-03-01,3
ablation_20260811T165312Z_69334f2b,one_step_202408,one_step_ex_ante_snapshot_vintage_sensitivity,ridge_recursive_b5,2024-08-01,1,8661295.0,8098768.141554436,,,8488026.0,-562526.8584455643,562526.8584455643,2024,8,normalization,True,True,2024-07-31,2024-04-01,3
ablation_20260811T165312Z_69334f2b,one_step_202409,one_step_ex_ante_snapshot_vintage_sensitivity,ridge_recursive_b5,2024-09-01,1,7149583.0,7084730.331395114,,,7013861.0,-64852.66860488616,64852.66860488616,2024,9,normalization,True,True,2024-08-31,2024-05-01,3
ablation_20260811T165312Z_69334f2b,one_step_202410,one_step_ex_ante_snapshot_vintage_sensitivity,ridge_recursive_b5,2024-10-01,1,6723819.0,6072845.074146334,,,6151397.0,-650973.9258536659,650973.9258536659,2024,10,normalization,True,True,2024-09-30,2024-06-01,3
ablation_20260811T165312Z_69334f2b,one_step_202411,one_step_ex_ante_snapshot_vintage_sensitivity,ridge_recursive_b5,2024-11-01,1,4018247.0,4298924.904689876,,,3520467.0,280677.90468987636,280677.90468987636,2024,11,normalization,True,True,2024-10-31,2024-07-01,3
ablation_20260811T165312Z_69334f2b,one_step_202412,one_step_ex_ante_snapshot_vintage_sensitivity,ridge_recursive_b5,2024-12-01,1,3175828.0,4178694.1434602076,,,2800281.0,1002866.1434602076,1002866.1434602076,2024,12,normalization,True,True,2024-11-30,2024-08-01,3
ablation_20260811T165312Z_69334f2b,one_step_202501,one_step_ex_ante_snapshot_vintage_sensitivity,ridge_recursive_b5,2025-01-01,1,3355818.0,4341494.737897911,,,3245893.0,985676.7378979111,985676.7378979111,2025,1,normalization,True,True,2024-12-31,2024-09-01,3
ablation_20260811T165312Z_69334f2b,one_step_202502,one_step_ex_ante_snapshot_vintage_sensitivity,ridge_recursive_b5,2025-02-01,1,2782758.0,4615275.012785465,,,2684623.0,1832517.0127854655,1832517.0127854655,2025,2,normalization,True,True,2025-01-31,2024-10-01,3
ablation_20260811T165312Z_69334f2b,one_step_202503,one_step_ex_ante_snapshot_vintage_sensitivity,ridge_recursive_b5,2025-03-01,1,2982576.0,4186633.1631354094,,,3079574.0,1204057.1631354094,1204057.1631354094,2025,3,normalization,True,True,2025-02-28,2024-11-01,3
ablation_20260811T165312Z_69334f2b,one_step_202504,one_step_ex_ante_snapshot_vintage_sensitivity,ridge_recursive_b5,2025-04-01,1,4242307.0,4725754.940644081,,,4040974.0,483447.94064408075,483447.94064408075,2025,4,normalization,True,True,2025-03-31,2024-12-01,3
ablation_20260811T165312Z_69334f2b,one_step_202505,one_step_ex_ante_snapshot_vintage_sensitivity,ridge_recursive_b5,2025-05-01,1,5618724.0,5496030.396856363,,,5585634.0,-122693.60314363707,122693.60314363707,2025,5,normalization,True,True,2025-04-30,2025-01-01,3
ablation_20260811T165312Z_69334f2b,one_step_202506,one_step_ex_ante_snapshot_vintage_sensitivity,ridge_recursive_b5,2025-06-01,1,6551137.0,6398822.158795735,,,6471276.0,-152314.84120426513,152314.84120426513,2025,6,normalization,True,True,2025-05-31,2025-02-01,3
ablation_20260811T165312Z_69334f2b,one_step_202507,one_step_ex_ante_snapshot_vintage_sensitivity,ridge_recursive_b5,2025-07-01,1,7403653.0,6918873.045780316,,,7395701.0,-484779.954219684,484779.954219684,2025,7,normalization,True,True,2025-06-30,2025-03-01,3
ablation_20260811T165312Z_69334f2b,one_step_202508,one_step_ex_ante_snapshot_vintage_sensitivity,ridge_recursive_b5,2025-08-01,1,8912005.0,8409140.692306634,,,8661295.0,-502864.30769336596,502864.30769336596,2025,8,normalization,True,True,2025-07-31,2025-04-01,3
ablation_20260811T165312Z_69334f2b,one_step_202509,one_step_ex_ante_snapshot_vintage_sensitivity,ridge_recursive_b5,2025-09-01,1,7324078.0,7298655.103457228,,,7149583.0,-25422.89654277172,25422.89654277172,2025,9,normalization,True,True,2025-08-31,2025-05-01,3
ablation_20260811T165312Z_69334f2b,one_step_202510,one_step_ex_ante_snapshot_vintage_sensitivity,ridge_recursive_b5,2025-10-01,1,7079267.0,6333813.8634833265,,,6723819.0,-745453.1365166735,745453.1365166735,2025,10,normalization,True,True,2025-09-30,2025-06-01,3
ablation_20260811T165312Z_69334f2b,one_step_202511,one_step_ex_ante_snapshot_vintage_sensitivity,ridge_recursive_b5,2025-11-01,1,4255110.0,4362075.390963633,,,4018247.0,106965.39096363261,106965.39096363261,2025,11,normalization,True,True,2025-10-31,2025-07-01,3
ablation_20260811T165312Z_69334f2b,one_step_202512,one_step_ex_ante_snapshot_vintage_sensitivity,ridge_recursive_b5,2025-12-01,1,3409623.0,4265177.932321842,,,3175828.0,855554.9323218418,855554.9323218418,2025,12,normalization,True,True,2025-11-30,2025-08-01,3
